mH	mA	mHc	m12sq	sba	tb	SNR	log10_SNR	status	chain	step	accepted	th_stability	th_bfb_val	th_unitarity	th_unitarimax	th_flavor	th_flbsgamma	th_flbsmumu	th_b2sgam_chisq	th_bs2mumu_chisq	th_ewpo	th_chisq_stu	th_MW2L	th_GammaZtot	th_s2w	th_collider_hb	th_collider_hs	th_obsratio_h	th_obsratio_H	th_obsratio_A	th_obsratio_Hp	th_expratio_h	th_expratio_H	th_expratio_A	th_expratio_Hp	th_channel_h	th_channel_H	th_channel_A	th_channel_Hp	th_process_h	th_process_H	th_process_A	th_process_Hp	th_delta_chisqhs	th_passed	th_message	yuktype	L1	L2	L3	L4	L5	m12sq_calgw	tbeta	Dm11sq	Dm22sq	Dm12sq	DL1	DL2	DL3	DL4	DL5	DT1	DT2	DT3	status_nlo_stability	status_ewsr	status_tracing	status_coex_pairs	runtime	status_crit_0	T_crit_0	omega_CB_crit_false_0	omega_1_crit_false_0	omega_2_crit_false_0	omega_CP_crit_false_0	omega_CB_crit_true_0	omega_1_crit_true_0	omega_2_crit_true_0	omega_CP_crit_true_0	status_bounce_sol_0	status_nucl_approx_0	T_nucl_approx_0	omega_CB_nucl_approx_false_0	omega_1_nucl_approx_false_0	omega_2_nucl_approx_false_0	omega_CP_nucl_approx_false_0	omega_CB_nucl_approx_true_0	omega_1_nucl_approx_true_0	omega_2_nucl_approx_true_0	omega_CP_nucl_approx_true_0	status_nucl_0	T_nucl_0	omega_CB_nucl_false_0	omega_1_nucl_false_0	omega_2_nucl_false_0	omega_CP_nucl_false_0	omega_CB_nucl_true_0	omega_1_nucl_true_0	omega_2_nucl_true_0	omega_CP_nucl_true_0	status_perc_0	T_perc_0	omega_CB_perc_false_0	omega_1_perc_false_0	omega_2_perc_false_0	omega_CP_perc_false_0	omega_CB_perc_true_0	omega_1_perc_true_0	omega_2_perc_true_0	omega_CP_perc_true_0	status_compl_0	T_compl_0	omega_CB_compl_false_0	omega_1_compl_false_0	omega_2_compl_false_0	omega_CP_compl_false_0	omega_CB_compl_true_0	omega_1_compl_true_0	omega_2_compl_true_0	omega_CP_compl_true_0	status_gw_0	T_star_0	T_reh_0	v_wall_0	alpha_PT_0	beta/H_0	kappa_col_0	kappa_sw_0	eps_turb_0	cs_f_0	cs_t_0	fb_col_0	h2Omegab_col_0	f_1_sw_0	f_2_sw_0	h2Omega_2_sw_0	f_1_turb_0	f_2_turb_0	h2Omega_2_turb_0	SNR(LISA-3yrs)_col_0	SNR(LISA-3yrs)_sw_0	SNR(LISA-3yrs)_turb_0	SNR(LISA-3yrs)_0	transition_history	status_crit_1	T_crit_1	omega_CB_crit_false_1	omega_1_crit_false_1	omega_2_crit_false_1	omega_CP_crit_false_1	omega_CB_crit_true_1	omega_1_crit_true_1	omega_2_crit_true_1	omega_CP_crit_true_1	status_bounce_sol_1	status_nucl_approx_1	T_nucl_approx_1	omega_CB_nucl_approx_false_1	omega_1_nucl_approx_false_1	omega_2_nucl_approx_false_1	omega_CP_nucl_approx_false_1	omega_CB_nucl_approx_true_1	omega_1_nucl_approx_true_1	omega_2_nucl_approx_true_1	omega_CP_nucl_approx_true_1	status_nucl_1	T_nucl_1	omega_CB_nucl_false_1	omega_1_nucl_false_1	omega_2_nucl_false_1	omega_CP_nucl_false_1	omega_CB_nucl_true_1	omega_1_nucl_true_1	omega_2_nucl_true_1	omega_CP_nucl_true_1	status_perc_1	T_perc_1	omega_CB_perc_false_1	omega_1_perc_false_1	omega_2_perc_false_1	omega_CP_perc_false_1	omega_CB_perc_true_1	omega_1_perc_true_1	omega_2_perc_true_1	omega_CP_perc_true_1	status_compl_1	T_compl_1	omega_CB_compl_false_1	omega_1_compl_false_1	omega_2_compl_false_1	omega_CP_compl_false_1	omega_CB_compl_true_1	omega_1_compl_true_1	omega_2_compl_true_1	omega_CP_compl_true_1	status_gw_1	T_star_1	T_reh_1	v_wall_1	alpha_PT_1	beta/H_1	kappa_col_1	kappa_sw_1	eps_turb_1	cs_f_1	cs_t_1	fb_col_1	h2Omegab_col_1	f_1_sw_1	f_2_sw_1	h2Omega_2_sw_1	f_1_turb_1	f_2_turb_1	h2Omega_2_turb_1	SNR(LISA-3yrs)_col_1	SNR(LISA-3yrs)_sw_1	SNR(LISA-3yrs)_turb_1	SNR(LISA-3yrs)_1	status_crit_2	T_crit_2	omega_CB_crit_false_2	omega_1_crit_false_2	omega_2_crit_false_2	omega_CP_crit_false_2	omega_CB_crit_true_2	omega_1_crit_true_2	omega_2_crit_true_2	omega_CP_crit_true_2	status_bounce_sol_2	status_nucl_approx_2	T_nucl_approx_2	omega_CB_nucl_approx_false_2	omega_1_nucl_approx_false_2	omega_2_nucl_approx_false_2	omega_CP_nucl_approx_false_2	omega_CB_nucl_approx_true_2	omega_1_nucl_approx_true_2	omega_2_nucl_approx_true_2	omega_CP_nucl_approx_true_2	status_nucl_2	T_nucl_2	omega_CB_nucl_false_2	omega_1_nucl_false_2	omega_2_nucl_false_2	omega_CP_nucl_false_2	omega_CB_nucl_true_2	omega_1_nucl_true_2	omega_2_nucl_true_2	omega_CP_nucl_true_2	status_perc_2	T_perc_2	omega_CB_perc_false_2	omega_1_perc_false_2	omega_2_perc_false_2	omega_CP_perc_false_2	omega_CB_perc_true_2	omega_1_perc_true_2	omega_2_perc_true_2	omega_CP_perc_true_2	status_compl_2	T_compl_2	omega_CB_compl_false_2	omega_1_compl_false_2	omega_2_compl_false_2	omega_CP_compl_false_2	omega_CB_compl_true_2	omega_1_compl_true_2	omega_2_compl_true_2	omega_CP_compl_true_2	status_gw_2	T_star_2	T_reh_2	v_wall_2	alpha_PT_2	beta/H_2	kappa_col_2	kappa_sw_2	eps_turb_2	cs_f_2	cs_t_2	fb_col_2	h2Omegab_col_2	f_1_sw_2	f_2_sw_2	h2Omega_2_sw_2	f_1_turb_2	f_2_turb_2	h2Omega_2_turb_2	SNR(LISA-3yrs)_col_2	SNR(LISA-3yrs)_sw_2	SNR(LISA-3yrs)_turb_2	SNR(LISA-3yrs)_2	multistep_status	SNR_total	source
1.770686337088840e+02	4.680775344343457e+02	4.725571224482318e+02	2.782868628731317e+03	9.985879498040423e-01	1.102708536079379e+01	1.987334481347909e+00	2.982709678539631e-01	success	144	44	1	true	2.560218388486711e-01	true	1.271448951059241e+01	true	3.318986200000000e-04	3.456571670000000e-09	8.101307421174563e-01	5.135177953496008e-04	true	1.930301171837293e+00	8.037337078726148e+01	2.495142048335616e+00	2.314140169865383e-01	true	true	7.696229490132444e-01	5.684027109288843e-03	3.303125052469390e-03	1.847518255399924e-04	3.871704720514903e+00	1.260500725894536e-02	5.344335030375408e-03	1.416511601528267e-04	CMS:2012qwq	CMS:2013cul	ATLAS:2020gxx	ATLAS:2021upq	LHC8 [vbfH;HW;Htt;H;HZ]>[bb;tautau;WW;ZZ;gamgam]	LHC8 [H>WW]	LHC13 [ggH]->X1->Z(X2->[bb])	LHC13 [Hpmtb>tb]	5.040870378701243e+00	true	all checks passed	1	1.305684478856346e+00	2.564792281446168e-01	6.761295642622510e+00	-3.248473017726268e+00	-3.109215441732577e+00	2.782868628731317e+03	1.102708536079379e+01	15565.130681297711	11644.026159547875	74.233613478231376	-1.0337823192864626	-0.57768721737100637	-0.601543119723838	0	-0.013933982810126899	0	0	0	success	non_bfb	success	success	601.85199999999998	success	114.53306687407519	0	0	0	0	7.4232087951693216e-09	22.84962412546551	233.22848907628148	3.3037163965554602e-09	success	not_met	nan	nan	nan	nan	nan	nan	nan	nan	nan	success	61.018253799221938	0	0	0	0	4.4610437356220013e-10	22.457271944080652	245.88248567625155	3.3510549554110552e-09	success	50.014462836573372	0	0	0	0	4.7373089015413457e-11	22.380533846969993	246.1186195953606	1.542073801138989e-09	success	46.183996138514154	0	0	0	0	-7.5673823811511805e-10	22.357328985573876	246.09833592647388	-1.2578414776128999e-09	success	50.014462836573372	50.014462836573372	0.94999999999999996	0.20023786813395361	1.664904119222568	0	0.23757453986252372	0.10000000000000001	0.58176677663077347	0.57767747738005171	1.5101088737087803e-06	0	1.3314798462158038e-05	8.493347682837993e-05	2.8286820835396962e-11	1.405789370265024e-06	0.00014646278308373841	6.2097262780599496e-15	0	1.9842314136339099	0.0035407209360145946	1.9873344813479095	0-(0)->1	nan	nan	nan	nan	nan	nan	nan	nan	nan	nan	nan	nan	nan	nan	nan	nan	nan	nan	nan	nan	nan	nan	nan	nan	nan	nan	nan	nan	nan	nan	nan	nan	nan	nan	nan	nan	nan	nan	nan	nan	nan	nan	nan	nan	nan	nan	nan	nan	nan	nan	nan	nan	nan	nan	nan	nan	nan	nan	nan	nan	nan	nan	nan	nan	nan	nan	nan	nan	nan	nan	nan	nan	nan	nan	nan	nan	nan	nan	nan	nan	nan	nan	nan	nan	nan	nan	nan	nan	nan	nan	nan	nan	nan	nan	nan	nan	nan	nan	nan	nan	nan	nan	nan	nan	nan	nan	nan	nan	nan	nan	nan	nan	nan	nan	nan	nan	nan	nan	nan	nan	nan	nan	nan	nan	nan	nan	nan	nan	nan	nan	nan	nan	nan	nan	nan	nan	nan	nan	nan	nan	nan	nan	nan	nan	nan	nan	nan	nan	single_step	1.987334481347909e+00	typeI_mH125-220/async_mcmc_20260903_212216.md
1.808864164621613e+02	4.771176896826277e+02	4.745070315514508e+02	5.346811930135999e+03	9.982248510843618e-01	5.764464146728649e+00	2.424405312879420e+00	3.846052270586815e-01	success	142	87	1	true	2.533713122860052e-01	true	1.214621919300996e+01	true	3.304772630000000e-04	3.474817060000000e-09	9.503927589229078e-01	7.323263579590999e-03	true	5.095571552513394e-01	8.035758282728895e+01	2.494227248494738e+00	2.314989976747244e-01	true	true	7.763782089457167e-01	6.773286188088913e-02	6.773286188088913e-02	2.439578866666193e-03	3.905688077952973e+00	1.101993863285801e-01	1.101993863285801e-01	1.878492698199469e-03	CMS:2012qwq	ATLAS:2020gxx	ATLAS:2020gxx	ATLAS:2021upq	LHC8 [vbfH;HW;Htt;H;HZ]>[bb;tautau;WW;ZZ;gamgam]	LHC13 [ggH]->X1->Z(X2->[bb])	LHC13 [ggH]->X1->Z(X2->[bb])	LHC13 [Hpmtb>tb]	5.835199168465920e+00	true	all checks passed	1	9.526086096592241e-01	2.538239663512227e-01	6.730012850083301e+00	-3.154926026462568e+00	-3.237032141087416e+00	5.346811930135999e+03	5.764464146728649e+00	16055.624643212048	11766.507320227411	322.7103444363438	-1.310361020818207	-0.5943210280537693	-0.59927795104249659	0	0.0066003753135880135	0	0	0	success	non_bfb	success	success	591.64099999999996	success	111.45013247362266	0	0	0	0	-3.8937353248032788e-10	42.623537291362176	229.85911066242645	8.0513160684131036e-10	success	not_met	nan	nan	nan	nan	nan	nan	nan	nan	nan	success	60.792978772906466	0	0	0	0	8.3300558097410067e-10	42.443697434925504	242.9529744493401	-1.090898560882245e-11	success	51.331682266685384	0	0	0	0	-1.5348053820271675e-11	42.346521836087533	243.30304948191548	-4.6026145670759603e-10	success	48.585800908419991	0	0	0	0	5.1135669485277068e-10	42.31974267219703	243.33370018841404	8.660510791626074e-10	success	51.331689739999142	51.331689739999142	0.94999999999999996	0.18008072579805162	21.983077199176169	0	0.2178034276833056	0.10000000000000001	0.58157356131700244	0.57675795218930159	2.0475399235855892e-05	0	1.963021865614631e-05	0.00012491028163041587	1.2074839071223377e-11	1.8979357895760955e-06	0.00021593240521760942	2.1161875855312456e-15	0	2.4219689028591267	0.002849024695303726	2.4244053128794198	0-(0)->1	nan	nan	nan	nan	nan	nan	nan	nan	nan	nan	nan	nan	nan	nan	nan	nan	nan	nan	nan	nan	nan	nan	nan	nan	nan	nan	nan	nan	nan	nan	nan	nan	nan	nan	nan	nan	nan	nan	nan	nan	nan	nan	nan	nan	nan	nan	nan	nan	nan	nan	nan	nan	nan	nan	nan	nan	nan	nan	nan	nan	nan	nan	nan	nan	nan	nan	nan	nan	nan	nan	nan	nan	nan	nan	nan	nan	nan	nan	nan	nan	nan	nan	nan	nan	nan	nan	nan	nan	nan	nan	nan	nan	nan	nan	nan	nan	nan	nan	nan	nan	nan	nan	nan	nan	nan	nan	nan	nan	nan	nan	nan	nan	nan	nan	nan	nan	nan	nan	nan	nan	nan	nan	nan	nan	nan	nan	nan	nan	nan	nan	nan	nan	nan	nan	nan	nan	nan	nan	nan	nan	nan	nan	nan	nan	nan	nan	nan	nan	single_step	2.424405312879420e+00	typeI_mH125-220/async_mcmc_20260903_212216.md
1.809624379048604e+02	4.665611026909511e+02	4.732693168565889e+02	3.443327738128714e+03	9.974870572858979e-01	9.377122522557237e+00	2.155225975111000e+00	3.334928125935515e-01	success	155	195	1	true	2.548973480973688e-01	true	1.161361487190232e+01	true	3.316937470000000e-04	3.459196040000000e-09	8.296575980609711e-01	1.005554716784796e-03	true	3.681852184287709e+00	8.037811363755641e+01	2.495409123590797e+00	2.313890439674241e-01	true	true	7.715572109107340e-01	2.035310065533232e-02	7.471814592878411e-03	3.586186245805635e-04	3.881435317723348e+00	1.738012466340156e-02	8.223658043946478e-03	2.753841657598729e-04	CMS:2012qwq	CMS:2013yea	ATLAS:2022enb	ATLAS:2021upq	LHC8 [vbfH;HW;Htt;H;HZ]>[bb;tautau;WW;ZZ;gamgam]	LHC8 [vbfH>WW]	LHC13 [H]->X1->Z(X2->[bb])	LHC13 [Hpmtb>tb]	5.505944682301845e+00	true	all checks passed	1	6.429677339735593e-01	2.553527284630008e-01	6.768115323037945e+00	-3.265792827845849e+00	-3.057431940354736e+00	3.443327738128714e+03	9.377122522557237e+00	13900.285895914443	11564.943849766029	90.531078857002058	-0.84618961996104081	-0.57511920679182993	-0.53588337965056521	0	-0.019357351863066839	0	0	0	success	ew_sym_res	success	success	569.82899999999995	success	108.48523001115294	1.1328211692199657e-08	6.1102652798416667e-08	2.4193775292510218e-09	1.1073960850818017e-08	2.9181882697592224e-09	26.543994174840975	231.68412413327496	-2.8892774763531932e-09	success	success	56.16014862065559	-1.1362116277182026e-10	2.1172594862754524e-11	-4.2008544872686124e-12	-1.5410111403149126e-10	5.6729150360206373e-10	26.273489521323814	245.24337682005313	-1.3065864549328465e-09	success	62.723418864605712	-1.1362116277182026e-10	2.1172594862754524e-11	-4.2008544872686124e-12	-1.5410111403149126e-10	1.5741549458413283e-11	26.316095270029457	244.8217932424881	-3.3113249982165887e-10	success	55.487231727309833	-1.1362116277182026e-10	2.1172594862754524e-11	-4.2008544872686124e-12	-1.5410111403149126e-10	-1.8107693699312595e-09	26.269339659795971	245.27353365294212	-2.2030965979129031e-09	success	53.910415742682275	-1.1362116277182026e-10	2.1172594862754524e-11	-4.2008544872686124e-12	-1.5410111403149126e-10	8.8297624241324586e-10	26.25980386710108	245.33557758913483	1.6095813411608548e-09	success	55.487229544959376	55.487229544959376	0.94999999999999996	0.1323904560288901	71.26208214762157	0	0.16868017264295629	0.10000000000000001	0.58076976256420243	0.57517535501401063	7.187219444366365e-05	0	3.9849877250204625e-05	0.00025250062858799926	1.8345850329624633e-12	2.9678060157925074e-06	0.00043834864975225083	2.1123894994765178e-16	0	2.1542696125198226	0.0011580763883390541	2.1552259751109997	0-(0)->1	nan	nan	nan	nan	nan	nan	nan	nan	nan	nan	nan	nan	nan	nan	nan	nan	nan	nan	nan	nan	nan	nan	nan	nan	nan	nan	nan	nan	nan	nan	nan	nan	nan	nan	nan	nan	nan	nan	nan	nan	nan	nan	nan	nan	nan	nan	nan	nan	nan	nan	nan	nan	nan	nan	nan	nan	nan	nan	nan	nan	nan	nan	nan	nan	nan	nan	nan	nan	nan	nan	nan	nan	nan	nan	nan	nan	nan	nan	nan	nan	nan	nan	nan	nan	nan	nan	nan	nan	nan	nan	nan	nan	nan	nan	nan	nan	nan	nan	nan	nan	nan	nan	nan	nan	nan	nan	nan	nan	nan	nan	nan	nan	nan	nan	nan	nan	nan	nan	nan	nan	nan	nan	nan	nan	nan	nan	nan	nan	nan	nan	nan	nan	nan	nan	nan	nan	nan	nan	nan	nan	nan	nan	nan	nan	nan	nan	nan	nan	single_step	2.155225975111000e+00	typeI_mH125-220/async_mcmc_20260903_212216.md
1.632416066989618e+02	4.611855055581794e+02	4.645849773252049e+02	4.146160805150779e+03	9.982960320511026e-01	5.657909752055015e+00	1.641947574921423e+00	2.153592865923077e-01	success	132	318	1	true	2.558571891814318e-01	true	1.307017021197425e+01	true	3.303566080000000e-04	3.476394410000000e-09	9.628145852234511e-01	8.283767886422084e-03	true	1.346442964136263e+00	8.037125264635505e+01	2.494992421506858e+00	2.314243489906336e-01	true	true	7.764640262773798e-01	2.942840166870606e-01	2.942840166870606e-01	2.544988694660237e-03	3.906119795027584e+00	4.426626202439031e-01	4.426626202439031e-01	1.919515149646987e-03	CMS:2012qwq	ATLAS:2020gxx	ATLAS:2020gxx	ATLAS:2021upq	LHC8 [vbfH;HW;Htt;H;HZ]>[bb;tautau;WW;ZZ;gamgam]	LHC13 [ggH]->X1->Z(X2->[bb])	LHC13 [ggH]->X1->Z(X2->[bb])	LHC13 [Hpmtb>tb]	6.017210565635423e+00	true	all checks passed	1	1.658430166146883e+00	2.563142843267077e-01	6.610793398745307e+00	-3.218899468744745e+00	-3.114889599642106e+00	4.146160805150779e+03	5.657909752055015e+00	16814.358269200347	11279.969448782651	258.65123872082216	-1.2101943190006177	-0.54348172074399081	-0.59086233699226809	0	-0.0097259720507328964	1.3678800314664841e-09	0	0	success	non_bfb	success	success	543.44500000000005	success	117.09622204633396	0	0	0	0	1.9721044597067292e-09	44.409758705832253	230.08476403820794	1.462638627636809e-09	success	not_met	nan	nan	nan	nan	nan	nan	nan	nan	nan	success	63.398968289041377	0	0	0	0	5.9077190331940229e-10	43.44887449942658	243.11656731011922	-5.215826402729925e-10	success	52.997281100930962	0	0	0	0	9.6002374376964638e-10	43.262773257163438	243.41156015289249	6.9689002256021886e-10	success	49.854332251880308	0	0	0	0	-1.9439017751179193e-10	43.211844525466603	243.4180618477703	-5.2658879369163296e-10	success	52.99728382292767	52.99728382292767	0.94999999999999996	0.15879724484543656	16.393652087093407	0	0.19794452926521772	0.10000000000000001	0.58119822230594964	0.57712325863620573	1.5775785628530944e-05	0	1.8256407933890643e-05	0.00011628231003200985	9.9072130904245668e-12	1.5945975891690316e-06	0.00020082048727279705	1.7371105211505846e-15	0	1.6402279523865086	0.002000488213522712	1.6419475749214225	0-(0)->1	nan	nan	nan	nan	nan	nan	nan	nan	nan	nan	nan	nan	nan	nan	nan	nan	nan	nan	nan	nan	nan	nan	nan	nan	nan	nan	nan	nan	nan	nan	nan	nan	nan	nan	nan	nan	nan	nan	nan	nan	nan	nan	nan	nan	nan	nan	nan	nan	nan	nan	nan	nan	nan	nan	nan	nan	nan	nan	nan	nan	nan	nan	nan	nan	nan	nan	nan	nan	nan	nan	nan	nan	nan	nan	nan	nan	nan	nan	nan	nan	nan	nan	nan	nan	nan	nan	nan	nan	nan	nan	nan	nan	nan	nan	nan	nan	nan	nan	nan	nan	nan	nan	nan	nan	nan	nan	nan	nan	nan	nan	nan	nan	nan	nan	nan	nan	nan	nan	nan	nan	nan	nan	nan	nan	nan	nan	nan	nan	nan	nan	nan	nan	nan	nan	nan	nan	nan	nan	nan	nan	nan	nan	nan	nan	nan	nan	nan	nan	single_step	1.641947574921423e+00	typeI_mH125-220/async_mcmc_20260903_212216.md
1.721017459587035e+02	4.728809245386896e+02	4.669719706763012e+02	4.419542677219309e+03	9.975165441866681e-01	6.267613483637089e+00	2.139563536241526e+00	3.303251877722234e-01	success	41	235	1	true	2.541863021523316e-01	true	1.244131517762750e+01	true	3.307504070000000e-04	3.471318500000000e-09	9.225696528134357e-01	5.404024283590977e-03	true	2.133658545906909e+00	8.035035856758326e+01	2.493821167390433e+00	2.315372410739072e-01	true	true	7.764907787947827e-01	3.488105937961042e-02	3.098785754432644e-02	1.758631045966010e-03	3.906254377615133e+00	8.442950533492256e-02	6.391104683910522e-02	1.332708595725970e-03	CMS:2012qwq	CMS:2013cul	ATLAS:2020gxx	ATLAS:2021upq	LHC8 [vbfH;HW;Htt;H;HZ]>[bb;tautau;WW;ZZ;gamgam]	LHC8 [H>WW]	LHC13 [ggH]->X1->Z(X2->[bb])	LHC13 [Hpmtb>tb]	6.115574882513897e+00	true	all checks passed	1	1.205910659522708e+00	2.546404122169391e-01	6.607685753725461e+00	-3.042239227525133e+00	-3.225779031717661e+00	4.419542677219309e+03	6.267613483637089e+00	16844.42629487926	11545.091072631612	372.711980514782	-1.8187031142507823	-0.56801862254070712	-0.589653646220067	0	0.015150361155424339	0	0	0	success	non_bfb	success	success	621.67499999999995	success	113.14649969379812	0	0	0	0	-1.9215712677376164e-09	39.692110367447967	230.54357234412399	-8.7900179021286188e-10	success	not_met	nan	nan	nan	nan	nan	nan	nan	nan	nan	success	61.900253911491134	0	0	0	0	6.0198046899251681e-10	39.193077643223447	243.59106912906498	3.7510481436270368e-10	success	52.403223583988577	0	0	0	0	3.1480070679273275e-10	39.077800345768125	243.92957256736941	2.3627209336255987e-10	success	49.712303918893667	0	0	0	0	1.9223538702773873e-10	39.047815872415583	243.95671138586701	4.1621487699346253e-10	success	52.403188177689728	52.403188177689728	0.94999999999999996	0.16637724996740744	24.715354401707732	0	0.20474435454270778	0.10000000000000001	0.58129840414018497	0.57670305020179435	2.3511358833078982e-05	0	2.0866659082662798e-05	0.00013275842555936779	9.067335498322249e-12	1.8911788607553016e-06	0.00022953324990929077	1.5070793435618685e-15	0	2.1375954607294383	0.0023102842340537422	2.1395635362415257	0-(0)->1	nan	nan	nan	nan	nan	nan	nan	nan	nan	nan	nan	nan	nan	nan	nan	nan	nan	nan	nan	nan	nan	nan	nan	nan	nan	nan	nan	nan	nan	nan	nan	nan	nan	nan	nan	nan	nan	nan	nan	nan	nan	nan	nan	nan	nan	nan	nan	nan	nan	nan	nan	nan	nan	nan	nan	nan	nan	nan	nan	nan	nan	nan	nan	nan	nan	nan	nan	nan	nan	nan	nan	nan	nan	nan	nan	nan	nan	nan	nan	nan	nan	nan	nan	nan	nan	nan	nan	nan	nan	nan	nan	nan	nan	nan	nan	nan	nan	nan	nan	nan	nan	nan	nan	nan	nan	nan	nan	nan	nan	nan	nan	nan	nan	nan	nan	nan	nan	nan	nan	nan	nan	nan	nan	nan	nan	nan	nan	nan	nan	nan	nan	nan	nan	nan	nan	nan	nan	nan	nan	nan	nan	nan	nan	nan	nan	nan	nan	nan	single_step	2.139563536241526e+00	typeI_mH125-220/async_mcmc_20260903_212216.md
1.788550267681359e+02	4.771433588490705e+02	4.701986781352113e+02	6.110150752438282e+03	9.985311185032244e-01	4.575609765237282e+00	1.769341137243694e+00	2.478115749895399e-01	success	153	242	1	true	2.542312483019724e-01	true	1.261972129786428e+01	true	3.292988510000000e-04	3.490026660000000e-09	1.075166958227704e+00	1.905033901017353e-02	true	2.912385697936094e+00	8.034816615392918e+01	2.493675006333462e+00	2.315494517690926e-01	true	true	7.788597490161117e-01	2.729604554789438e-01	2.729604554789438e-01	6.158949982056254e-03	3.918171840835841e+00	4.569175644924131e-01	4.569175644924131e-01	4.698401004048429e-03	CMS:2012qwq	ATLAS:2020gxx	ATLAS:2020gxx	ATLAS:2021upq	LHC8 [vbfH;HW;Htt;H;HZ]>[bb;tautau;WW;ZZ;gamgam]	LHC13 [ggH]->X1->Z(X2->[bb])	LHC13 [ggH]->X1->Z(X2->[bb])	LHC13 [Hpmtb>tb]	6.097258722552908e+00	true	all checks passed	1	1.308989492814747e+00	2.546854386639789e-01	6.617587549672779e+00	-3.060591734430874e+00	-3.278021438101730e+00	6.110150752438282e+03	4.575609765237282e+00	17056.85487185216	11632.928373374874	464.69761871709409	-1.2199920290365489	-0.57997165230345815	-0.62267911408884713	0	0.019554783578442425	0	0	0	success	non_bfb	success	success	461.322	success	114.69640688288932	0	0	0	0	3.2571932456837858e-10	53.444113837148905	227.77485139113909	1.1270457553646214e-10	success	not_met	nan	nan	nan	nan	nan	nan	nan	nan	nan	success	63.356383179799693	0	0	0	0	4.6798011168449339e-10	53.132738115882098	240.95042909023022	-5.0958775087544371e-11	success	54.011075084415566	0	0	0	0	5.5970969574214697e-10	52.989506669299253	241.32641264748679	1.5841839882872762e-10	success	51.513455660631294	0	0	0	0	4.0016597380291578e-10	52.952653908928312	241.36327852115318	-2.7499403183954966e-10	success	54.011074246951836	54.011074246951836	0.94999999999999996	0.14583522569205562	32.049419678657117	0	0.18438644770546275	0.10000000000000001	0.58129587863548615	0.57667638147448375	3.144481869204066e-05	0	2.385587433973827e-05	0.00015176564981517746	5.2921450276926686e-12	1.9381002481175349e-06	0.00026241461773712094	7.9087227359217325e-16	0	1.7679853752111712	0.001602671724451981	1.769341137243694	0-(0)->1	nan	nan	nan	nan	nan	nan	nan	nan	nan	nan	nan	nan	nan	nan	nan	nan	nan	nan	nan	nan	nan	nan	nan	nan	nan	nan	nan	nan	nan	nan	nan	nan	nan	nan	nan	nan	nan	nan	nan	nan	nan	nan	nan	nan	nan	nan	nan	nan	nan	nan	nan	nan	nan	nan	nan	nan	nan	nan	nan	nan	nan	nan	nan	nan	nan	nan	nan	nan	nan	nan	nan	nan	nan	nan	nan	nan	nan	nan	nan	nan	nan	nan	nan	nan	nan	nan	nan	nan	nan	nan	nan	nan	nan	nan	nan	nan	nan	nan	nan	nan	nan	nan	nan	nan	nan	nan	nan	nan	nan	nan	nan	nan	nan	nan	nan	nan	nan	nan	nan	nan	nan	nan	nan	nan	nan	nan	nan	nan	nan	nan	nan	nan	nan	nan	nan	nan	nan	nan	nan	nan	nan	nan	nan	nan	nan	nan	nan	nan	single_step	1.769341137243694e+00	typeI_mH125-220/async_mcmc_20260903_115445.md
1.664270898910916e+02	4.630535264972661e+02	4.682315856415199e+02	4.298937624790669e+03	9.979161855324148e-01	6.112318749412859e+00	2.232762605506043e+00	3.488425499413528e-01	success	151	440	1	true	2.546640093853065e-01	true	1.174106045466280e+01	true	3.306687940000000e-04	3.472366520000000e-09	9.308396493474682e-01	5.948409237935793e-03	true	2.552983996462934e+00	8.037524827769415e+01	2.495224657732388e+00	2.314031498088445e-01	true	true	7.762011313009747e-01	8.842462303937654e-02	8.842462303937654e-02	1.861299855768622e-03	3.904797262061991e+00	1.525873096280188e-01	1.525873096280188e-01	1.414123909814462e-03	CMS:2012qwq	ATLAS:2020gxx	ATLAS:2020gxx	ATLAS:2021upq	LHC8 [vbfH;HW;Htt;H;HZ]>[bb;tautau;WW;ZZ;gamgam]	LHC13 [ggH]->X1->Z(X2->[bb])	LHC13 [ggH]->X1->Z(X2->[bb])	LHC13 [Hpmtb>tb]	6.016093300973608e+00	true	all checks passed	1	8.284057949753287e-01	2.551189728856049e-01	6.678460651539235e+00	-3.256713375015839e+00	-3.097342319730702e+00	4.298937624790669e+03	6.112318749412859e+00	15328.050777277444	11372.913811189837	292.20151793226341	-1.3954586493119427	-0.55645286907423341	-0.5295026406347717	0	-0.013655594835664571	0	0	0	success	ew_sym_res	success	success	560.76199999999994	success	109.24922903319623	-7.2688660286003329e-09	9.0850283029019869e-09	-5.3463852428822447e-09	-7.268866028603721e-09	-6.1530227477515304e-11	40.449314748119953	229.78447671231501	6.3361612802521233e-10	success	success	55.388626117497303	-7.2688660286003329e-09	9.0850283029019869e-09	-5.3463852428822447e-09	-7.268866028603721e-09	2.1163125108477986e-10	40.053076197889105	243.45366541878479	-2.8471541333476918e-10	success	62.499419760471895	-7.2688660286003329e-09	9.0850283029019869e-09	-5.3463852428822447e-09	-7.268866028603721e-09	4.3283098282078336e-10	40.133551031183408	243.02646563661997	5.8492848140069659e-11	success	54.962480696383629	-7.2688660286003329e-09	9.0850283029019869e-09	-5.3463852428822447e-09	-7.268866028603721e-09	2.3780895819620286e-11	40.048472357262575	243.47096127363022	6.9618679525397396e-11	success	53.260861647704147	-7.2688660286003329e-09	9.0850283029019869e-09	-5.3463852428822447e-09	-7.268866028603721e-09	-3.8677166806766917e-10	40.030246990244287	243.53131859344737	1.2744977829240173e-11	success	54.9624814452362	54.9624814452362	0.94999999999999996	0.13801659297520613	63.129640968036043	0	0.17473797711889885	0.10000000000000001	0.58075852715592657	0.57536380967001821	6.3054555901044282e-05	0	3.6237775202136761e-05	0.00022972878308758293	2.3776447546573983e-12	2.7976462433434103e-06	0.00039861552722350433	2.8942930299043579e-16	0	2.2316585196658898	0.0013319892324589332	2.2327626055060432	0-(0)->1	nan	nan	nan	nan	nan	nan	nan	nan	nan	nan	nan	nan	nan	nan	nan	nan	nan	nan	nan	nan	nan	nan	nan	nan	nan	nan	nan	nan	nan	nan	nan	nan	nan	nan	nan	nan	nan	nan	nan	nan	nan	nan	nan	nan	nan	nan	nan	nan	nan	nan	nan	nan	nan	nan	nan	nan	nan	nan	nan	nan	nan	nan	nan	nan	nan	nan	nan	nan	nan	nan	nan	nan	nan	nan	nan	nan	nan	nan	nan	nan	nan	nan	nan	nan	nan	nan	nan	nan	nan	nan	nan	nan	nan	nan	nan	nan	nan	nan	nan	nan	nan	nan	nan	nan	nan	nan	nan	nan	nan	nan	nan	nan	nan	nan	nan	nan	nan	nan	nan	nan	nan	nan	nan	nan	nan	nan	nan	nan	nan	nan	nan	nan	nan	nan	nan	nan	nan	nan	nan	nan	nan	nan	nan	nan	nan	nan	nan	nan	single_step	2.232762605506043e+00	typeI_mH125-220/async_mcmc_20260903_212216.md
1.725312885726833e+02	4.673734343753025e+02	4.685853027028862e+02	3.297778622089770e+03	9.976741374078965e-01	8.649366930656761e+00	1.641487283899978e+00	2.152375227318459e-01	success	123	315	1	true	2.553269620176783e-01	true	1.300975146394168e+01	true	3.315541600000000e-04	3.460990620000000e-09	8.430951061097003e-01	1.436310677579087e-03	true	4.326176907091422e-01	8.036611910271561e+01	2.494725380870777e+00	2.314526746255982e-01	true	true	7.722761527933718e-01	9.899846359081480e-03	5.271810350853168e-03	4.863584259272284e-04	3.885052063669338e+00	2.379580839569628e-02	1.053510326176601e-02	3.697794875632975e-04	CMS:2012qwq	CMS:2013cul	ATLAS:2020gxx	ATLAS:2021upq	LHC8 [vbfH;HW;Htt;H;HZ]>[bb;tautau;WW;ZZ;gamgam]	LHC8 [H>WW]	LHC13 [ggH]->X1->Z(X2->[bb])	LHC13 [Hpmtb>tb]	5.601774529924768e+00	true	all checks passed	1	1.518686937899453e+00	2.557831098991184e-01	6.683124742331082e+00	-3.169434088706436e+00	-3.131947845419032e+00	3.297778622089770e+03	8.649366930656761e+00	16387.563960261476	11529.840512279838	144.55247463152332	-1.5175773551470302	-0.56544977597929191	-0.60755040347115419	0	-0.0045257108027611289	0	0	0	success	non_bfb	success	success	566.72299999999996	success	116.70074783609061	0	0	0	0	4.9176026009923012e-10	29.252331141724412	232.52812837031513	-9.8274588793747336e-10	success	not_met	nan	nan	nan	nan	nan	nan	nan	nan	nan	success	63.400561346071264	0	0	0	0	2.9637180592418363e-09	28.618013185334135	245.27591144131705	7.7880849962302118e-10	success	53.102407497792655	0	0	0	0	2.4219971079008942e-09	28.509185956295259	245.55816919225691	7.9780487097973635e-10	success	50.032344343757487	0	0	0	0	-1.6606661101443571e-09	28.480392777516382	245.56327856634184	9.3849978568619739e-10	success	53.102414731935539	53.102414731935539	0.94999999999999996	0.15680844230295363	17.946501554212595	0	0.19601732008334763	0.10000000000000001	0.58133392654633975	0.57714996108400274	1.7305132573435165e-05	0	1.8763637672332716e-05	0.00011952161679090059	9.1992529222755163e-12	1.622051066801177e-06	0.00020640001439565988	1.5841350598021671e-15	0	1.6398265588976286	0.0019356655005978009	1.6414872838999779	0-(0)->1	nan	nan	nan	nan	nan	nan	nan	nan	nan	nan	nan	nan	nan	nan	nan	nan	nan	nan	nan	nan	nan	nan	nan	nan	nan	nan	nan	nan	nan	nan	nan	nan	nan	nan	nan	nan	nan	nan	nan	nan	nan	nan	nan	nan	nan	nan	nan	nan	nan	nan	nan	nan	nan	nan	nan	nan	nan	nan	nan	nan	nan	nan	nan	nan	nan	nan	nan	nan	nan	nan	nan	nan	nan	nan	nan	nan	nan	nan	nan	nan	nan	nan	nan	nan	nan	nan	nan	nan	nan	nan	nan	nan	nan	nan	nan	nan	nan	nan	nan	nan	nan	nan	nan	nan	nan	nan	nan	nan	nan	nan	nan	nan	nan	nan	nan	nan	nan	nan	nan	nan	nan	nan	nan	nan	nan	nan	nan	nan	nan	nan	nan	nan	nan	nan	nan	nan	nan	nan	nan	nan	nan	nan	nan	nan	nan	nan	nan	nan	single_step	1.641487283899978e+00	typeI_mH125-220/async_mcmc_20260903_212216.md
1.909450264428597e+02	4.623642311504114e+02	4.666794624207814e+02	2.789660131010875e+03	9.951589811634414e-01	1.300388929110331e+01	3.753565388082663e+00	5.744439857908243e-01	success	66	17	1	true	2.558629299510766e-01	true	1.142528960137349e+01	true	3.320446600000000e-04	3.454703490000000e-09	7.963533366083126e-01	2.630537239013346e-04	true	1.534325281452568e+00	8.037204734890193e+01	2.495077908684037e+00	2.314230045097557e-01	true	true	7.679863217417554e-01	5.632380586706394e-02	8.825449800526505e-03	0.000000000000000e+00	3.863471419336876e+00	3.580126754397327e-02	8.984763312463879e-03	0.000000000000000e+00	CMS:2012qwq	CMS:2018amk	ATLAS:2022enb		LHC8 [vbfH;HW;Htt;H;HZ]>[bb;tautau;WW;ZZ;gamgam]	LHC13 [vbfH>ZZ]	LHC13 [H]->X1->Z(X2->[bb])		5.787964732136686e+00	true	all checks passed	1	4.884489477695339e-01	2.563200353523784e-01	6.692402990003789e+00	-3.062129064708033e+00	-2.929633909772531e+00	2.789660131010875e+03	1.300388929110331e+01	12159.117941215745	11493.119061879295	12.127101426316411	1.0259164470508892	-0.55541006798083659	-0.49611290967653138	0	-0.013041253771832587	0	-1.3969838619232178e-09	0	success	ew_sym_res	success	success	580.52599999999995	success	106.54534668421834	-7.7077396250467196e-09	4.8383594256239988e-08	-4.2755256020422749e-09	-3.2191350951175224e-09	-3.4917243748418135e-09	19.46720281038742	232.71652034629082	1.0546846752726935e-10	success	not_met	nan	nan	nan	nan	nan	nan	nan	nan	nan	success	57.830206284272542	-9.7882690976128819e-11	2.2314789596952664e-11	9.901450782125102e-11	-5.6597129980731889e-11	-2.1755030723116365e-09	18.983482448089958	245.80210879334834	2.5131472266306961e-09	success	48.720426486016677	-9.7882690976128819e-11	2.2314789596952664e-11	9.901450782125102e-11	-5.6597129980731889e-11	-1.2321079911900572e-09	18.941502445129633	246.11879483357782	1.399934041553379e-09	success	45.954699374466188	-9.7882690976128819e-11	2.2314789596952664e-11	9.901450782125102e-11	-5.6597129980731889e-11	-1.7751867768232961e-09	18.931585840875226	246.14440979373754	1.6549297552092441e-09	success	48.720440520837244	48.720440520837244	0.94999999999999996	0.22841959660991215	17.674266209720098	0	0.25961086635892416	0.10000000000000001	0.58129842348943661	0.57636467769712285	1.5608184471240909e-05	0	1.7592904368072685e-05	0.00011182868797480092	2.5162477257184697e-11	2.049927742067446e-06	0.00019352194804879956	5.0067876788838974e-15	0	3.7489818125044008	0.0053199208406005888	3.7535653880826634	0-(0)->1	nan	nan	nan	nan	nan	nan	nan	nan	nan	nan	nan	nan	nan	nan	nan	nan	nan	nan	nan	nan	nan	nan	nan	nan	nan	nan	nan	nan	nan	nan	nan	nan	nan	nan	nan	nan	nan	nan	nan	nan	nan	nan	nan	nan	nan	nan	nan	nan	nan	nan	nan	nan	nan	nan	nan	nan	nan	nan	nan	nan	nan	nan	nan	nan	nan	nan	nan	nan	nan	nan	nan	nan	nan	nan	nan	nan	nan	nan	nan	nan	nan	nan	nan	nan	nan	nan	nan	nan	nan	nan	nan	nan	nan	nan	nan	nan	nan	nan	nan	nan	nan	nan	nan	nan	nan	nan	nan	nan	nan	nan	nan	nan	nan	nan	nan	nan	nan	nan	nan	nan	nan	nan	nan	nan	nan	nan	nan	nan	nan	nan	nan	nan	nan	nan	nan	nan	nan	nan	nan	nan	nan	nan	nan	nan	nan	nan	nan	nan	single_step	3.753565388082663e+00	typeI_mH125-220/async_mcmc_20260903_212216.md
3.799660000000000e+02	3.870800000000000e+02	3.484250000000000e+02	1.041780000000000e+04	9.948110000000000e-01	1.367370000000000e+01	5.469156506598905e+01	1.737920351419940e+00	success	0	0	0	true	2.482640323242109e-01	true	1.876600232388637e+01	true	3.273769460000000e-04	3.114873650000000e-09	1.295170261182595e+00	1.335430088755321e+00	true	2.166472407142219e-01	8.036558486656924e+01	2.494865082250761e+00	2.314973040639000e-01	true	true	7.672910059837706e-01	1.009303565654118e-01	4.536214733504640e-01	8.027083925902128e-03	3.859973528186555e+00	1.093412196125294e-01	4.677261327730628e-01	5.711542248001091e-03	CMS:2012qwq	ATLAS:2020tlo	ATLAS:2022enb	CMS:2020imj	LHC8 [vbfH;HW;Htt;H;HZ]>[bb;tautau;WW;ZZ;gamgam]	LHC13 [vbfH>ZZ]	LHC13 [H]->X1->Z(X2->[bb])	LHC13 [Hpmtb>tb]	3.639395019910069e+00	true	all checks passed	1	5.642850104686813e+00	2.487075621084827e-01	2.490802356180642e+00	8.302386635972565e-01	-1.093788185562226e-01	1.041780000000000e+04	1.367370000000000e+01	13932.404647090976	2611.7045401311816	161.72229339685072	-8.7061719725340918	-0.1106233004979256	-0.29592629198981552	0	0.046304662747764236	0	0	0	success	non_bfb	success	success	619.50199999999995	false_lower	-1	nan	nan	nan	nan	nan	nan	nan	nan	not_set	nan	nan	nan	nan	nan	nan	nan	nan	nan	nan	nan	nan	nan	nan	nan	nan	nan	nan	nan	nan	nan	nan	nan	nan	nan	nan	nan	nan	nan	nan	nan	nan	nan	nan	nan	nan	nan	nan	nan	nan	not_set	nan	nan	nan	nan	nan	nan	nan	nan	nan	nan	nan	nan	nan	nan	nan	nan	nan	nan	nan	nan	nan	nan	0-(1)->2	success	177.19838174732467	1.0521875417983627e-10	405.0745579451048	14.20139873410978	1.9201259533903765e-10	-3.988930014144897e-09	20.598267382890274	170.77450968640201	-1.5920592207528879e-08	success	success	92.588857111624435	-8.3998893214734443e-10	375.32007527327568	15.777904520133967	-4.1322689837118141e-10	2.4675204662085664e-09	18.298234932450566	241.33707933414166	-3.5155892431257284e-09	success	97.615384666363497	4.6388473564187908e-10	376.70624342512519	15.696811680268187	-1.9255430254396393e-10	-3.5662104514536094e-09	18.369548553860795	239.92259179630588	4.1626197295192249e-09	success	89.400569637712621	2.4238130966616778e-10	374.48109227401216	15.827487287569113	5.1744179896923864e-11	-3.1158190305810536e-09	18.256882124830323	242.1381937987924	1.5355560255156555e-09	success	87.895077131911407	-1.0158681983521005e-09	374.0962840852394	15.850362529367281	9.1845895197223989e-11	1.5366085643735478e-09	18.238410780188783	242.49016109587441	-3.2179761103265042e-09	success	89.400669235926046	89.400669235926046	0.94999999999999996	0.29169079104337148	137.33392255135308	0	0.30894450754136737	0.10000000000000001	0.59395468242129179	0.57661022904303383	0.00022472631117968463	0	0.00010923050462384302	0.00069477652753247509	5.8180210171387344e-12	1.5300743063805371e-05	0.0012015355508622732	9.1343109384525016e-16	0	54.671640785588444	0.023819761232098197	54.691565065989046	success	226.11251481839724	0	0	0	0	-1.4372027208243058e-09	3.7660893634762109	14.539816329091687	-8.5730844729176139e-10	success	success	226.10432607891937	0	0	0	0	3.9279670826904532e-09	3.8499301585925259	14.867816537828304	8.8349955048372426e-09	success	226.10454881697558	0	0	0	0	-1.2188736320749393e-09	3.8481149618300252	14.86070864384838	-5.8612167117778971e-09	success	226.10213162416892	0	0	0	0	-7.81676778824156e-09	3.8713558274360373	14.951689687407322	-1.2855542301389284e-08	success	226.10197331040331	0	0	0	0	3.4513880123271941e-09	3.8728763936342396	14.957643020006776	-3.6605827768102809e-09	success	226.10213162416892	226.10213162416892	0.94999999999999996	4.4821603005859804e-06	3602521.0133491396	0	7.1554492447948985e-06	0.10000000000000001	0.57773800320810076	0.57773508309419142	14.984968646347674	0	6.7199889273827109	42.872623708916869	8.3167169928255285e-35	2.0182548036232309e-05	73.919878201209812	3.2621937412831369e-43	0	7.0401508061622248e-31	2.599690685879415e-33	7.0536935159561264e-31	single_step	5.469156506598905e+01	typeI_mH220-500/random_20260816_071725.md
1.707830000000000e+02	4.535960000000000e+02	4.577650000000000e+02	2.091160000000000e+03	9.946130000000000e-01	1.373350000000000e+01	1.167733380225236e+00	6.734369490408551e-02	success	0	0	0	true	2.567951981623395e-01	true	1.258311389270626e+01	true	3.320779830000000e-04	3.454281280000000e-09	7.932262031808596e-01	2.179471871391437e-04	true	1.618794361447185e+00	8.037230257803779e+01	2.495085418292417e+00	2.314199476361878e-01	true	true	7.643794057379454e-01	5.439087020598828e-02	9.236782234097596e-03	0.000000000000000e+00	1.250544404382471e+00	4.389552175074417e-02	8.254201570137804e-03	0.000000000000000e+00	ATLAS:2014vuz	CMS:2013yea	ATLAS:2022enb		LHC8 [HW;HZ]>[bb]	LHC8 [vbfH>WW]	LHC13 [H]->X1->Z(X2->[bb])		5.951157480902310e+00	true	all checks passed	1	1.362144028855535e+00	2.572539690836715e-01	6.544517573975114e+00	-3.048401187948024e+00	-2.922832280254192e+00	2.091160000000000e+03	1.373350000000000e+01	14490.62070081451	11028.193004692728	50.784449460137267	-1.2232647092978308	-0.51696763969741111	-0.52412523531784072	0	-0.011296289952352613	0	-1.1641532182693481e-09	0	success	non_bfb	success	success	232.364	success	114.31974818557109	0	0	0	0	-7.6335003122327988e-09	18.775114555951092	232.91400031394733	-2.0498458481211137e-09	success	success	60.832971386932527	0	0	0	0	5.3633862641398755e-09	18.049315609484257	246.23866892071069	8.5875857642942815e-09	success	67.183777069769278	0	0	0	0	-8.5228379353363113e-09	18.103557133310531	245.84193111217718	2.9166768447496474e-09	success	59.740726450439738	0	0	0	0	1.3994552429041455e-09	18.040963238550674	246.28613117240624	-4.5342492548315664e-09	success	58.200124617700197	0	0	0	0	-3.4773746402916754e-10	18.029658965947146	246.34352994062931	6.0305299367468124e-09	success	59.740737693519918	59.740737693519918	0.94999999999999996	0.099180053249356082	82.175585545438736	0	0.13263380175039788	0.10000000000000001	0.58027743195194437	0.57540300917693921	8.9370345699376033e-05	0	4.7265431049338742e-05	0.00029966978243880994	6.7091925804049868e-13	2.7421723460366672e-06	0.00051991974154272629	6.4101208012037966e-17	0	1.1673420525963503	0.00047588945977643476	1.1677333802252363	0-(0)->1	nan	nan	nan	nan	nan	nan	nan	nan	nan	nan	nan	nan	nan	nan	nan	nan	nan	nan	nan	nan	nan	nan	nan	nan	nan	nan	nan	nan	nan	nan	nan	nan	nan	nan	nan	nan	nan	nan	nan	nan	nan	nan	nan	nan	nan	nan	nan	nan	nan	nan	nan	nan	nan	nan	nan	nan	nan	nan	nan	nan	nan	nan	nan	nan	nan	nan	nan	nan	nan	nan	nan	nan	nan	nan	nan	nan	nan	nan	nan	nan	nan	nan	nan	nan	nan	nan	nan	nan	nan	nan	nan	nan	nan	nan	nan	nan	nan	nan	nan	nan	nan	nan	nan	nan	nan	nan	nan	nan	nan	nan	nan	nan	nan	nan	nan	nan	nan	nan	nan	nan	nan	nan	nan	nan	nan	nan	nan	nan	nan	nan	nan	nan	nan	nan	nan	nan	nan	nan	nan	nan	nan	nan	nan	nan	nan	nan	nan	nan	single_step	1.167733380225236e+00	typeI_mH125-220/random_20260825_210947.md
1.094577839432097e+02	2.493420800196095e+02	2.380929519014015e+02	6.500117484659488e+02	1.202009561215202e-01	1.706544827347408e+01	1.073079042368043e+00	3.063171301904432e-02	success	0	0	0	true	2.560778020814410e-01	true	1.517168665993281e+01	true	3.320126590000000e-04	3.455276170000000e-09	7.993622001392862e-01	3.310103432687674e-04	true	1.773710027957201e+00	8.035166829762845e+01	2.493911609664356e+00	2.315306817367145e-01	true	true	5.979566314534690e-01	7.451805632561933e-01	6.875248154738892e-02	8.731661169794723e-05	5.074293143177108e-01	3.748743599829049e+00	5.948952297516657e-02	1.314086053114849e-04	CMS:2015mca	CMS:2012qwq	CMS:2019ogx	CMS:2020imj	2d likelihood {LHC8 [ggH>tautau]; LHC8 [bbH>tautau]}	LHC8 [vbfH;HW;Htt;H;HZ]>[bb;tautau;WW;ZZ;gamgam]	LHC13 [H]->X1->Z(X2->[bb])	LHC13 [Hpmtb>tb]	5.708497932618712e+00	true	all checks passed	1	4.847360674945552e+00	2.565352913570750e-01	1.870241875792702e+00	-6.622083978790911e-01	-8.434239152094585e-01	6.500117484659488e+02	1.706544827347408e+01	5367.4103309379379	39.705855390167955	68.775746542314806	-5.3644731961169567	-0.019671869695057628	0.064434460599097451	0	-0.0083878865561300871	0	0	0	success	non_bfb	success	success	638.95600000000002	success	93.084337393903041	1.4219731326754077e-10	214.1513422142105	42.328946222459408	1.7403268000971298e-10	-3.5850051322303612e-09	16.96915806656915	231.46230856671079	3.9079603100609679e-09	success	success	62.021949846317852	2.0224964404388413e-10	203.75905363621578	74.827568433370701	-1.9581069638540155e-10	1.6454942580039824e-09	15.276877288918357	243.70548746730469	9.0528876222515229e-10	success	63.010027398771484	-7.5561337124209232e-11	204.26143242443052	73.324139247321739	-2.4489242058674609e-10	-2.1874970338556612e-09	15.31306169590041	243.50818899794095	5.6117808084050654e-10	success	61.205565672953384	2.3565300593640899e-10	203.3272099881008	76.105100412080333	1.188736812397621e-10	5.9219824224424616e-10	15.24771130488695	243.86075808170662	-1.0596721870600739e-09	success	60.985646476335063	-1.0523088508859927e-10	203.20811733615545	76.454963414427439	1.571063546781286e-10	-7.1229395973719778e-10	15.239966055957668	243.90140484336052	-4.2142272147646497e-09	success	61.205755112484155	61.205755112484155	0.94999999999999996	0.10758920354044028	700.82947811260749	4.3322204159370334e-11	0.13739276688112309	0.10000000000000001	0.58249784834936458	0.5707170664786082	0.00078122027230694024	2.9363354595465568e-35	0.00034873379339919427	0.002183706900896908	2.4752007712815973e-14	2.1365704802667051e-05	0.0038360717273911377	1.5370819198028298e-18	7.706025727641685e-22	1.0729918443938147	9.3072747392378027e-05	1.0730790423680434	0-(0)->1	nan	nan	nan	nan	nan	nan	nan	nan	nan	nan	nan	nan	nan	nan	nan	nan	nan	nan	nan	nan	nan	nan	nan	nan	nan	nan	nan	nan	nan	nan	nan	nan	nan	nan	nan	nan	nan	nan	nan	nan	nan	nan	nan	nan	nan	nan	nan	nan	nan	nan	nan	nan	nan	nan	nan	nan	nan	nan	nan	nan	nan	nan	nan	nan	nan	nan	nan	nan	nan	nan	nan	nan	nan	nan	nan	nan	nan	nan	nan	nan	nan	nan	nan	nan	nan	nan	nan	nan	nan	nan	nan	nan	nan	nan	nan	nan	nan	nan	nan	nan	nan	nan	nan	nan	nan	nan	nan	nan	nan	nan	nan	nan	nan	nan	nan	nan	nan	nan	nan	nan	nan	nan	nan	nan	nan	nan	nan	nan	nan	nan	nan	nan	nan	nan	nan	nan	nan	nan	nan	nan	nan	nan	nan	nan	nan	nan	nan	nan	single_step	1.073079042368043e+00	typeI_mH62-125/random_20260901_123251.md
1.006837605906030e+02	3.573922696538440e+02	3.637117020971032e+02	7.801450029133505e+02	8.724923117180766e-02	1.004695129099604e+01	1.415863460805451e+00	1.510213740614590e-01	success	0	0	0	true	2.558502797164576e-01	true	1.556248405777878e+01	true	3.315907210000000e-04	3.460645970000000e-09	8.395650839330818e-01	1.347641822127281e-03	true	3.059227472380432e+00	8.037673241234569e+01	2.495286559824452e+00	2.313834474378872e-01	true	true	6.003985703804777e-01	7.482418276487930e-01	6.003985703804777e-01	1.056436904988808e-01	5.982025862458974e-01	3.764143753650824e+00	5.982025862458974e-01	1.371723944865656e-01	CMS:2019ogx	CMS:2012qwq	CMS:2019ogx	ATLAS:2018gfm	LHC13 [H]->X1->Z(X2->[bb])	LHC8 [vbfH;HW;Htt;H;HZ]>[bb;tautau;WW;ZZ;gamgam]	LHC13 [H]->X1->Z(X2->[bb])	LHC13 [Hpmtb>taunu]	4.239215350939048e+00	true	all checks passed	1	4.191031531821986e+00	2.563073625178049e-01	4.408844144018208e+00	-2.130468658013738e+00	-1.979864922339007e+00	7.801450029133505e+02	1.004695129099604e+01	13714.612108342753	4471.1926040435901	302.08086559343769	-4.8733297412161134	-0.16083684850713031	-0.18463100726251117	0	-0.00086925123817004546	0	0	0	success	non_bfb	success	success	643.04600000000005	success	92.65450166802664	-1.3859601048431358e-10	251.05500946785421	51.7338564259286	1.3804442883773763e-11	4.8689145546701431e-10	29.244775823774315	240.21867325209647	-1.7435881617359827e-09	success	success	61.051085061677782	9.6189509344822453e-11	235.86164106286995	80.577572034834731	-1.184326854707005e-10	1.8254517512387248e-09	25.840759997012452	245.57612185450807	5.8222313521262252e-10	success	61.979469762395382	9.3329107274268881e-11	236.47177156822812	79.373728823218102	-7.4529614271208183e-11	-1.1218552134289915e-09	25.902191291217015	245.52239679774269	-8.7200008368730154e-11	success	60.269277810726493	4.7939131882420103e-11	235.3316704874043	81.619709219859971	-7.2582466711402454e-12	-1.4782637506384064e-11	25.790436758157437	245.61759706419735	1.7737940887936991e-09	success	60.059690820546933	-3.3205568508178101e-11	235.18689960842562	81.903750765153546	-6.1513315432978706e-11	-8.8371846438993001e-10	25.77716200371416	245.62814114149231	1.519965515947838e-09	success	60.269272190107415	60.269272190107415	0.94999999999999996	0.11892154154007932	736.7184259008435	0	0.15427147291974586	0.10000000000000001	0.58713953511524219	0.57508615127264606	0.00080844048293693741	0	0.00035441241839370902	0.0022451277714661965	3.1979891793372464e-14	2.4067360158045848e-05	0.0038985366023307996	2.1780103486151303e-18	0	1.4157389938048108	0.00013219295787257116	1.4158634608054512	0-(0)->1	nan	nan	nan	nan	nan	nan	nan	nan	nan	nan	nan	nan	nan	nan	nan	nan	nan	nan	nan	nan	nan	nan	nan	nan	nan	nan	nan	nan	nan	nan	nan	nan	nan	nan	nan	nan	nan	nan	nan	nan	nan	nan	nan	nan	nan	nan	nan	nan	nan	nan	nan	nan	nan	nan	nan	nan	nan	nan	nan	nan	nan	nan	nan	nan	nan	nan	nan	nan	nan	nan	nan	nan	nan	nan	nan	nan	nan	nan	nan	nan	nan	nan	nan	nan	nan	nan	nan	nan	nan	nan	nan	nan	nan	nan	nan	nan	nan	nan	nan	nan	nan	nan	nan	nan	nan	nan	nan	nan	nan	nan	nan	nan	nan	nan	nan	nan	nan	nan	nan	nan	nan	nan	nan	nan	nan	nan	nan	nan	nan	nan	nan	nan	nan	nan	nan	nan	nan	nan	nan	nan	nan	nan	nan	nan	nan	nan	nan	nan	single_step	1.415863460805451e+00	typeI_mH62-125/random_20260831_095833.md
1.192410000000000e+02	3.026060000000000e+02	3.083640000000000e+02	9.943790000000000e+02	1.330210000000000e-01	1.285860000000000e+01	1.082005853697239e+00	3.422961032834429e-02	success	0	0	0	true	2.569870475916190e-01	true	1.388119112758880e+01	true	3.272503710000000e-04	3.116438520000000e-09	1.310377733068261e+00	1.322987644943999e+00	true	1.527847567991726e+00	8.037202592858961e+01	2.495036593902968e+00	2.314192465485243e-01	true	true	7.770899663375112e-01	7.384318084644221e-01	4.459294156558544e-01	3.383386980393569e-04	1.267056449737979e+00	3.714792967485771e+00	3.595723245202130e-01	2.098156959075967e-04	ATLAS:2014vuz	CMS:2012qwq	CMS:2019qcx	ATLAS:2021upq	LHC8 [HW;HZ]>[bb]	LHC8 [vbfH;HW;Htt;H;HZ]>[bb;tautau;WW;ZZ;gamgam]	LHC13 [ggH]->X1->Z(X2->[bb])	LHC13 [Hpmtb>tb]	5.505215995267235e+00	true	all checks passed	1	4.106115520886561e+00	2.574461612566629e-01	2.991605094270567e+00	-1.416859477195858e+00	-1.300593852898152e+00	9.943790000000000e+02	1.285860000000000e+01	8506.8092803854215	1562.7382579950945	136.6717144766526	-4.8439459014221775	-0.057786067262695688	-0.033100716920916803	0	0.0012583489635616286	0	0	0	success	non_bfb	success	success	348.66800000000001	success	118.85025727706957	1.9477103878741438e-11	271.53664711484521	38.306915050433332	1.1366214510637689e-10	-3.4147706969336258e-09	21.366656090011297	214.65773958533859	8.2737415048916571e-09	success	success	75.234496797252177	-1.9686363693344663e-10	256.80781800484027	61.804463403402295	-2.534845581306289e-11	2.0143843321913188e-09	20.133133366818601	241.48138093127892	7.740493940348036e-10	success	76.696621009763533	1.9776980832903557e-10	257.41693110936245	60.687320405573132	1.3615246420906012e-10	1.5417424324917174e-09	20.177332802849005	241.05615476451274	2.1164556173045313e-09	success	73.965990279295838	8.7741060974987193e-11	256.2675284529621	62.800549048285433	2.711271639334326e-10	-8.4780622672488791e-10	20.095399105432726	241.83020928959732	3.0291931648907231e-10	success	73.609413281829902	7.5846919550289968e-11	256.11354346531209	63.085223444702649	-6.1579216784078941e-11	-2.7975331745922803e-09	20.084897232893667	241.92496095866295	-2.5225136673883412e-09	success	73.965345917652584	73.965345917652584	0.94999999999999996	0.09011443416328617	529.42074719771688	0	0.11914809286164296	0.10000000000000001	0.58356837438309173	0.57206509310103903	0.00071506043623222504	0	0.00030914348938368126	0.0019427043490389522	2.7543798985451252e-14	1.6270880398424165e-05	0.003400578383220494	1.5557792354790461e-18	0	1.081920912209797	9.1792467461546419e-05	1.0820058536972388	0-(0)->1	nan	nan	nan	nan	nan	nan	nan	nan	nan	nan	nan	nan	nan	nan	nan	nan	nan	nan	nan	nan	nan	nan	nan	nan	nan	nan	nan	nan	nan	nan	nan	nan	nan	nan	nan	nan	nan	nan	nan	nan	nan	nan	nan	nan	nan	nan	nan	nan	nan	nan	nan	nan	nan	nan	nan	nan	nan	nan	nan	nan	nan	nan	nan	nan	nan	nan	nan	nan	nan	nan	nan	nan	nan	nan	nan	nan	nan	nan	nan	nan	nan	nan	nan	nan	nan	nan	nan	nan	nan	nan	nan	nan	nan	nan	nan	nan	nan	nan	nan	nan	nan	nan	nan	nan	nan	nan	nan	nan	nan	nan	nan	nan	nan	nan	nan	nan	nan	nan	nan	nan	nan	nan	nan	nan	nan	nan	nan	nan	nan	nan	nan	nan	nan	nan	nan	nan	nan	nan	nan	nan	nan	nan	nan	nan	nan	nan	nan	nan	single_step	1.082005853697239e+00	typeI_mH62-125/random_20260816_190708.md
1.149990000000000e+02	3.037600000000000e+02	3.116670000000000e+02	9.136910000000000e+02	1.544190000000000e-01	1.281350000000000e+01	5.878149777841640e+01	1.769240647891988e+00	success	0	0	0	true	2.559998381028153e-01	true	1.503624784117624e+01	true	3.272518820000000e-04	3.116418450000000e-09	1.310195669091208e+00	1.323146854939389e+00	true	2.720114808020797e+00	8.037579745894388e+01	2.495238194797045e+00	2.313967263544045e-01	true	true	7.900782296030365e-01	7.315686849557498e-01	4.804468743789254e-01	3.137867806810282e-04	1.280729110212557e+00	3.680266986003446e+00	3.763544608470046e-01	1.945272751658263e-04	ATLAS:2014vuz	CMS:2012qwq	CMS:2019qcx	ATLAS:2021upq	LHC8 [HW;HZ]>[bb]	LHC8 [vbfH;HW;Htt;H;HZ]>[bb;tautau;WW;ZZ;gamgam]	LHC13 [ggH]->X1->Z(X2->[bb])	LHC13 [Hpmtb>tb]	6.097815195106165e+00	true	all checks passed	1	4.490428633312774e+00	2.564571880938888e-01	3.130464333755805e+00	-1.490905110163000e+00	-1.330082144699321e+00	9.136910000000000e+02	1.281350000000000e+01	9252.6138809852873	1746.0918546082678	155.25921641669669	-5.2720975933636369	-0.062389240861609421	-0.03914778296570269	0	0.0019705978975125297	0	0	0	success	non_bfb	success	success	325.05000000000001	success	97.899116898845307	-2.2337525330435109e-11	252.23955924374744	42.800623018336672	-1.0214872100765073e-10	3.1097208441998717e-09	22.080564694318664	233.40947556441472	6.6785278503165209e-10	success	success	44.161185403018621	-4.9706925646097908e-11	235.49766559868016	76.060856278148364	-1.7818666580304819e-12	-1.7136646324403025e-10	19.554973125664681	245.8480417204882	-3.6283619071800781e-10	success	47.222536283368136	-4.0240992485685209e-12	236.52845769875285	73.846618144979516	2.1521414103835849e-11	9.6106013817314328e-10	19.626735085515211	245.77939272215841	1.0789083418901244e-09	success	43.341924736151881	7.1635425272339342e-11	235.22347921613067	76.646565079556567	-9.3489795488893698e-11	6.3350207282122278e-10	19.536972942000038	245.85956484977117	-5.399290200195318e-10	success	42.676425033503079	-8.7680203846627805e-11	235.00155837538856	77.119441967102006	1.3821439029550911e-10	1.524861579465318e-10	19.522719062109385	245.86698311955158	1.3790949634470657e-09	success	43.342057487909358	43.342057487909358	0.94999999999999996	0.59405644744413466	158.0636116606224	0	0.47687662973880773	0.10000000000000001	0.59021517111129695	0.57714318532378606	0.00012390844759130001	0	5.7332058839647617e-05	0.00036519015982692062	2.187811157789286e-11	1.2817662498292548e-05	0.00063065264723612385	5.0568136581029311e-15	0	58.738792209748851	0.051967385872226449	58.781497778416401	0-(0)->1	nan	nan	nan	nan	nan	nan	nan	nan	nan	nan	nan	nan	nan	nan	nan	nan	nan	nan	nan	nan	nan	nan	nan	nan	nan	nan	nan	nan	nan	nan	nan	nan	nan	nan	nan	nan	nan	nan	nan	nan	nan	nan	nan	nan	nan	nan	nan	nan	nan	nan	nan	nan	nan	nan	nan	nan	nan	nan	nan	nan	nan	nan	nan	nan	nan	nan	nan	nan	nan	nan	nan	nan	nan	nan	nan	nan	nan	nan	nan	nan	nan	nan	nan	nan	nan	nan	nan	nan	nan	nan	nan	nan	nan	nan	nan	nan	nan	nan	nan	nan	nan	nan	nan	nan	nan	nan	nan	nan	nan	nan	nan	nan	nan	nan	nan	nan	nan	nan	nan	nan	nan	nan	nan	nan	nan	nan	nan	nan	nan	nan	nan	nan	nan	nan	nan	nan	nan	nan	nan	nan	nan	nan	nan	nan	nan	nan	nan	nan	single_step	5.878149777841640e+01	typeI_mH62-125/random_20260817_182439.md
1.108260000000000e+02	3.073770000000000e+02	3.084030000000000e+02	8.057300000000000e+02	1.249330000000000e-01	1.334280000000000e+01	3.878984740004778e+01	1.588718071081171e+00	success	0	0	0	true	2.559918699462660e-01	true	1.623313929522912e+01	true	3.272934800000000e-04	3.115920920000000e-09	1.305188394765652e+00	1.327096690768683e+00	true	3.636866886195390e-01	8.036548285655167e+01	2.494660311927583e+00	2.314509225398965e-01	true	true	7.904056151366072e-01	7.412869567584536e-01	9.393169879766880e-02	2.658653268818407e-04	1.280378342320691e+00	3.729156223079883e+00	1.286539803624117e-01	1.648717943435833e-04	ATLAS:2014vuz	CMS:2012qwq	CMS:2019ogx	ATLAS:2021upq	LHC8 [HW;HZ]>[bb]	LHC8 [vbfH;HW;Htt;H;HZ]>[bb;tautau;WW;ZZ;gamgam]	LHC13 [H]->X1->Z(X2->[bb])	LHC13 [Hpmtb>tb]	5.409556915776335e+00	true	all checks passed	1	4.921961572446350e+00	2.564492057020323e-01	3.109082700120353e+00	-1.403482047221917e+00	-1.382601940142797e+00	8.057300000000000e+02	1.334280000000000e+01	9662.8201032490433	1765.4502937292884	154.60881667936545	-5.7630580232903226	-0.06227265297329667	-0.036718377060174376	0	-0.00074394630980286912	0	0	0	success	non_bfb	success	success	305.91199999999998	success	87.675231186575743	9.0287400496268072e-11	234.23496079609782	50.287863664029103	2.8276232523179351e-10	4.8718689304680383e-10	21.415381342486956	239.10388012311088	-1.2828480743917943e-09	success	success	43.706453648195556	2.9937483736693467e-11	218.16994474950397	88.612837875874803	-1.4081931324208588e-10	2.0260768575680106e-09	18.880193449388855	246.02206767559946	-6.7735680003965053e-10	success	45.80259714722466	4.5348467202004541e-12	219.08750682915317	86.502395857396067	1.3421602744746071e-10	-8.77212648740616e-10	18.940751259850416	245.999784064545	8.336625430362646e-10	success	42.922122271092086	5.8786599966569147e-11	217.82495239372579	89.396858918028727	-6.5236430042698281e-11	-2.8002766854009748e-09	18.858692118537125	246.02611903293999	4.6838353339417438e-09	success	42.476612619495882	1.9707343867951437e-11	217.62874380841882	89.840385925711985	-1.2120746267423334e-11	3.1251696953071068e-10	18.846754605649704	246.02745433381335	-1.2210106578995702e-09	success	42.921909124960166	42.921909124960166	0.94999999999999996	0.4658178392375909	238.85327069516211	2.6517748916257849e-11	0.41860108476158614	0.10000000000000001	0.58990839257527161	0.57795340638556691	0.00018539139981294561	1.0282330072746444e-33	8.401296345818382e-05	0.0005363059133931177	6.6340436215946698e-12	1.6250278235755008e-05	0.00092414259804002221	1.2939909640840763e-15	3.5973550616286538e-21	38.770141319997421	0.023823767297011814	38.789847400047783	0-(0)->1	nan	nan	nan	nan	nan	nan	nan	nan	nan	nan	nan	nan	nan	nan	nan	nan	nan	nan	nan	nan	nan	nan	nan	nan	nan	nan	nan	nan	nan	nan	nan	nan	nan	nan	nan	nan	nan	nan	nan	nan	nan	nan	nan	nan	nan	nan	nan	nan	nan	nan	nan	nan	nan	nan	nan	nan	nan	nan	nan	nan	nan	nan	nan	nan	nan	nan	nan	nan	nan	nan	nan	nan	nan	nan	nan	nan	nan	nan	nan	nan	nan	nan	nan	nan	nan	nan	nan	nan	nan	nan	nan	nan	nan	nan	nan	nan	nan	nan	nan	nan	nan	nan	nan	nan	nan	nan	nan	nan	nan	nan	nan	nan	nan	nan	nan	nan	nan	nan	nan	nan	nan	nan	nan	nan	nan	nan	nan	nan	nan	nan	nan	nan	nan	nan	nan	nan	nan	nan	nan	nan	nan	nan	nan	nan	nan	nan	nan	nan	single_step	3.878984740004778e+01	typeI_mH62-125/random_20260818_171842.md
1.175650000000000e+02	3.143150000000000e+02	3.134140000000000e+02	1.002330000000000e+03	1.479720000000000e-01	1.238380000000000e+01	8.726802800331509e+00	9.408551623199374e-01	success	0	0	0	true	2.565283529686173e-01	true	1.332823805050997e+01	true	3.272125750000000e-04	3.116889890000000e-09	1.314935978201182e+00	1.319409576506682e+00	true	2.232154106267391e-01	8.036235633069232e+01	2.494493625259878e+00	2.314706816700924e-01	true	true	7.825218034090988e-01	7.331768123241723e-01	6.811582129222514e-01	3.611605693517616e-04	1.272912483031368e+00	3.688356914105893e+00	4.547902080180978e-01	2.238568805465732e-04	ATLAS:2014vuz	CMS:2012qwq	CMS:2019qcx	ATLAS:2021upq	LHC8 [HW;HZ]>[bb]	LHC8 [vbfH;HW;Htt;H;HZ]>[bb;tautau;WW;ZZ;gamgam]	LHC13 [ggH]->X1->Z(X2->[bb])	LHC13 [Hpmtb>tb]	5.843919478571365e+00	true	all checks passed	1	3.830862511792972e+00	2.569866471644643e-01	3.122061264949760e+00	-1.407382485720284e+00	-1.426074528452785e+00	1.002330000000000e+03	1.238380000000000e+01	8586.9281982798529	1855.5948939370614	140.26656572652951	-4.469163175625293	-0.066531142050534675	-0.04359095853741686	0	-0.0015049884233016182	0	0	0	success	non_bfb	success	success	312.98099999999999	success	118.54265810324736	-7.1159610148792225e-11	279.18598721377913	34.549824547617746	4.2196277284747927e-11	7.3161505640076212e-09	22.057224573378445	214.89332669453543	8.2832499736205641e-09	success	success	63.378658762065683	-3.6024424379029773e-11	262.36667918819131	57.941966769669733	-1.3614616221905814e-10	6.3856661098981062e-10	20.499670275787192	244.06838133845486	1.788907666735121e-09	success	65.626909800329997	-9.414473244690745e-11	263.13905446706002	56.645929677011637	-2.8514093148306553e-10	1.1319242058258441e-09	20.556253355140953	243.69325680890643	2.7460409268253904e-09	success	62.060863492833931	2.6687733663598367e-11	261.90938447038911	58.716093053225777	3.5479372909373675e-11	1.8930926595070516e-09	20.467580155044352	244.26672355088093	-3.4220562430496059e-09	success	61.540371388702454	1.4024382078279574e-10	261.72781204229437	59.024760393832928	-1.4631761424818476e-11	-2.4300563544588107e-09	20.455126422769801	244.34082384093998	2.0275158696357378e-09	success	62.060840953273171	62.060840953273171	0.94999999999999996	0.18950950264205424	299.29478296712745	0	0.21986447663754977	0.10000000000000001	0.58567561303277293	0.57238132100779926	0.00033836611774086821	0	0.00015109870192209302	0.00095032220869662744	5.5178437694363887e-13	1.4997403290035048e-05	0.0016620857211430235	5.798864951807684e-17	0	8.7249515526924117	0.0021680171725277321	8.7268028003315088	0-(0)->1	nan	nan	nan	nan	nan	nan	nan	nan	nan	nan	nan	nan	nan	nan	nan	nan	nan	nan	nan	nan	nan	nan	nan	nan	nan	nan	nan	nan	nan	nan	nan	nan	nan	nan	nan	nan	nan	nan	nan	nan	nan	nan	nan	nan	nan	nan	nan	nan	nan	nan	nan	nan	nan	nan	nan	nan	nan	nan	nan	nan	nan	nan	nan	nan	nan	nan	nan	nan	nan	nan	nan	nan	nan	nan	nan	nan	nan	nan	nan	nan	nan	nan	nan	nan	nan	nan	nan	nan	nan	nan	nan	nan	nan	nan	nan	nan	nan	nan	nan	nan	nan	nan	nan	nan	nan	nan	nan	nan	nan	nan	nan	nan	nan	nan	nan	nan	nan	nan	nan	nan	nan	nan	nan	nan	nan	nan	nan	nan	nan	nan	nan	nan	nan	nan	nan	nan	nan	nan	nan	nan	nan	nan	nan	nan	nan	nan	nan	nan	single_step	8.726802800331509e+00	typeI_mH62-125/random_20260818_235435.md
1.101760000000000e+02	3.033810000000000e+02	3.051490000000000e+02	8.264010000000000e+02	1.469790000000000e-01	1.286970000000000e+01	8.702872371144572e+00	9.396626145789650e-01	success	0	0	0	true	0.25534501399873455	true	15.364196944349485	true	0.000327245762	3.11649999e-09	1.3109331605558059	1.322500079310346	true	0.4790805753436183				true	true	0.5916405688095371	0.734080631738195	0.09410281693958328	0.0003173299396137886	0.5033001166265547	3.692903714453065	0.1341313026721517	0.0001968478546708494	CMS:2015mca	CMS:2012qwq	CMS:2019ogx	ATLAS:2021upq	2d likelihood {LHC8 [ggH>tautau], LHC8 [bbH>tautau]}	LHC8 [vbfH,HW,Htt,H,HZ]>[bb,tautau,WW,ZZ,gamgam]	LHC13 [H]->X1->Z(X2->[bb])	LHC13 [Hpmtb>tb]	5.855776555826964	true	all checks passed	1	4.617137495376340e+00	2.558011941304817e-01	3.062846260197456e+00	-1.379668969736664e+00	-1.344112057845593e+00	8.264010000000000e+02	1.286970000000000e+01	9085.7173894313364	1664.0712198781093	157.28007645695817	-5.293612631874943	-0.058890503678736494	-0.026731410934926546	0	-0.00038157301712234278	0	0	0	success	non_bfb	success	success	333.59199999999998	success	93.570915819874273	1.5814643350986004e-10	235.54352053916656	45.718286115052258	-3.008160698088863e-12	-2.1131696042527224e-09	22.38291809280577	235.73778603276247	-2.3271801916811437e-09	success	success	53.748182427812196	2.2648774015190636e-11	221.58656989121005	76.867144034598738	1.7767946859615111e-10	-5.6936938766371464e-10	19.815364934059932	245.52586761972063	-8.3334406721612331e-10	success	55.25942017075873	1.2139132805938632e-10	222.26639806931425	75.297104483487757	-8.3780199120811395e-12	1.2524171079866021e-09	19.870629471054762	245.42080788158248	2.6864126589628726e-09	success	52.847598672689188	-3.0315543903884887e-11	221.17211237398132	77.818912819688279	-5.3168100945834422e-11	1.2645515062609884e-09	19.783665500427873	245.58139787542899	9.0144248216119632e-11	success	52.516854910194766	6.3472774268781949e-11	221.01807996908076	78.171500164119976	-2.7744453159871114e-12	-1.0723090991939287e-10	19.772249752067111	245.60053062526296	-1.2252300499584192e-10	success	52.84763400621307	52.84763400621307	0.94999999999999996	0.21589570855992049	404.86551197746832	5.1410317216374954e-11	0.24559260993728269	0.10000000000000001	0.5866720136929533	0.57423455038470184	0.00038848179895280364	4.1655542188736655e-34	0.00017202001918478201	0.0010872408466029032	4.4876489108388778e-13	1.9050516139867705e-05	0.0018922202110326024	5.0281929562216961e-17	4.6611067588720424e-21	8.7010359353401885	0.0021181207682281671	8.7028723711445721	0-(0)->1	nan	nan	nan	nan	nan	nan	nan	nan	nan	nan	nan	nan	nan	nan	nan	nan	nan	nan	nan	nan	nan	nan	nan	nan	nan	nan	nan	nan	nan	nan	nan	nan	nan	nan	nan	nan	nan	nan	nan	nan	nan	nan	nan	nan	nan	nan	nan	nan	nan	nan	nan	nan	nan	nan	nan	nan	nan	nan	nan	nan	nan	nan	nan	nan	nan	nan	nan	nan	nan	nan	nan	nan	nan	nan	nan	nan	nan	nan	nan	nan	nan	nan	nan	nan	nan	nan	nan	nan	nan	nan	nan	nan	nan	nan	nan	nan	nan	nan	nan	nan	nan	nan	nan	nan	nan	nan	nan	nan	nan	nan	nan	nan	nan	nan	nan	nan	nan	nan	nan	nan	nan	nan	nan	nan	nan	nan	nan	nan	nan	nan	nan	nan	nan	nan	nan	nan	nan	nan	nan	nan	nan	nan	nan	nan	nan	nan	nan	nan	single_step	8.702872371144572e+00	typeI_mH62-125/random_20260813_154904.md
1.202600000000000e+02	3.188880000000000e+02	3.058320000000000e+02	9.930280000000000e+02	1.349250000000000e-01	1.335770000000000e+01	7.968216119678599e+00	9.013611048221397e-01	not_set	0	0	0	true	0.25710860873507935	true	12.870624215027046	true	0.000327290543	3.11595541e-09	1.305541615609004	1.326822688564423	true	4.343761840115425				true	true	0.7514990555512124	0.738360179636631	0.5217673050444883	0.0003044074569517246	2.2359377145288053	3.7144326278271893	0.4146590804452154	0.00018881951113968321	CMS:2013zmy	CMS:2012qwq	CMS:2019qcx	ATLAS:2021upq	LHC8 [ggH,vbfH,HW,HZ]>[WW]	LHC8 [vbfH,HW,Htt,H,HZ]>[bb,tautau,WW,ZZ,gamgam]	LHC13 [ggH]->X1->Z(X2->[bb])	LHC13 [Hpmtb>tb]	5.495032206835958	true	all checks passed	1	3.701602884982493e+00	2.575679395720882e-01	2.923394502975230e+00	-1.190395210308326e+00	-1.459955138922246e+00	9.930280000000000e+02	1.335770000000000e+01	7941.5941372617135	1674.0198077622968	105.52134114345181	-4.3438654466912778	-0.061585289243074853	-0.035063795385487907	0	-0.0065623755072830407	0	0	0	success	ew_sym_res	success	success	773.68499999999995	success	308.92726932866896	2.3107087233412549e-12	1.7001059738501996e-07	-3.1877666650936716e-09	8.0888000903451856e-10	-1.2025640123894579e-09	311.48092387385509	10.295862473678882	3.9309655170399636e-10	success	not_met	nan	nan	nan	nan	nan	nan	nan	nan	nan	not_met	nan	nan	nan	nan	nan	nan	nan	nan	nan	not_met	nan	nan	nan	nan	nan	nan	nan	nan	nan	not_met	nan	nan	nan	nan	nan	nan	nan	nan	nan	not_set	nan	nan	nan	nan	nan	nan	nan	nan	nan	nan	nan	nan	nan	nan	nan	nan	nan	nan	nan	nan	nan	nan	0-(1)->2	success	154.08229044699715	2.3107087233412549e-12	1.7001059738501996e-07	-3.1877666650936716e-09	8.0888000903451856e-10	-2.8779883543872447e-08	9.2751200797784161	92.62024968547756	-4.1164837542675404e-08	success	success	153.79387551204945	2.3107087233412549e-12	1.7001059738501996e-07	-3.1877666650936716e-09	8.0888000903451856e-10	-1.5643907384136093e-08	10.055474501703602	99.617407918413164	1.8802857290550423e-08	success	153.80451638727243	2.3107087233412549e-12	1.7001059738501996e-07	-3.1877666650936716e-09	8.0888000903451856e-10	-4.7155700834481798e-08	10.031022223086067	99.399018293329618	-2.4617187213403517e-08	success	153.74325790282083	2.3107087233412549e-12	1.7001059738501996e-07	-3.1877666650936716e-09	8.0888000903451856e-10	2.8699028731610838e-08	10.168573491979586	100.62693164589034	8.5425336050620271e-09	success	153.73837739227253	2.3107087233412549e-12	1.7001059738501996e-07	-3.1877666650936716e-09	8.0888000903451856e-10	-3.0865259138123643e-08	10.179210970435941	100.72183411319929	7.837602351422685e-08	success	153.74325790282083	153.74325790282083	0.94999999999999996	0.00081692555267474454	79691.727519233245	0	0.0012939937859363128	0.10000000000000001	0.57743315195180067	0.57694792914097182	0.22524460650753361	0	0.10060752003353568	0.64050806507904579	1.3190016704863827e-24	5.4834858148536569e-05	1.1066827203688925	7.2986778672933939e-31	0	3.1800314493348556e-15	3.8849709262017406e-19	3.1802414391453042e-15	success	128.91832003652115	-1.2797668645288231e-11	291.67308619457935	30.505929659783749	-4.5720690195684821e-10	5.7140473088416286e-09	19.190422410179536	198.7564215202097	1.0344645001507342e-09	success	success	67.023276858566703	3.3559665143944612e-11	273.69544958936279	52.771101569216754	1.8616938772051007e-10	-5.767100553463915e-09	18.986346487877782	243.26614886651896	-2.3641495890675201e-09	success	69.526705082282746	-5.4543018960994031e-11	274.5096826096235	51.513335017702822	2.100211050328688e-10	-3.5377324123718661e-09	19.033644836605855	242.7236749859085	3.471044423199642e-09	success	65.549991889155265	1.4560824743622559e-11	273.21262529635106	53.526524926902631	6.002907638128979e-11	2.718156053001501e-09	18.959071862005867	243.55503481296316	2.4510336169798589e-09	success	64.964167482985417	-2.4056533657839862e-11	273.01988409287566	53.829994237009799	-1.1195491858003558e-12	2.5562019983259483e-09	18.94835084829262	243.66385902646084	1.5389383266759975e-09	success	65.54998045420831	65.54998045420831	0.94999999999999996	0.17602495428498641	279.66910304824756	0	0.20699378158423287	0.10000000000000001	0.58509901516451646	0.57189170942238765	0.00033422979373245413	0	0.00014991975972798447	0.00094168638516239195	5.1106496218931985e-13	1.3994669415786145e-05	0.0016491173570078292	5.1410312757548072e-17	0	7.9665896331883568	0.0019073628011346672	7.9682161196785986	single_step	7.968216119678599e+00	typeI_mH62-125/random_20260813_154904.md
8.949110000000000e+01	3.076090000000000e+02	3.074960000000000e+02	7.088500000000000e+02	9.418530000000000e-02	8.623830000000000e+00	7.605321626836980e+00	8.811175849645545e-01	success	0	0	0	true	0.2543064743550055	true	10.814379618855583	true	0.000326508523	3.125419e-09	1.4012923480374784	1.2527089840784784	true	0.294990926204768				true	true	0.2872627528904759	0.7443780102068634	0.2872627528904759	0.0012468894426425918	0.3310805600887911	3.744706235255217	0.3310805600887911	0.000773304555043554	CMS:2019ogx	CMS:2012qwq	CMS:2019ogx	ATLAS:2021upq	LHC13 [H]->X1->Z(X2->[bb])	LHC8 [vbfH,HW,Htt,H,HZ]>[bb,tautau,WW,ZZ,gamgam]	LHC13 [H]->X1->Z(X2->[bb])	LHC13 [Hpmtb>tb]	4.340729130007276	true	all checks passed	1	2.772282466330671e+00	2.547607991102012e-01	3.246572285444356e+00	-1.458937877554669e+00	-1.461235017649850e+00	7.088500000000000e+02	8.623830000000000e+00	7689.7024597841992	1950.5848201357758	277.33404110460378	-2.8570582981653114	-0.066478764415322744	-0.014677648482591321	0	-0.001225666492186326	0	0	0	success	ew_sym_res	success	success	1060.9839999999999	success	185.77997718341959	-2.830722635395682e-09	1.3149567407438782e-08	2.1130702604720839e-09	-2.8309172329155555e-09	-1.4653420737518376e-11	255.68118894618658	20.60036117898499	4.633655850028272e-11	success	success	133.71596098131454	-2.830722635395682e-09	1.3149567407438782e-08	2.1130702604720839e-09	-2.8309172329155555e-09	-1.4874777147568163e-11	259.94965083031229	30.054234060976025	6.2568385005432381e-11	success	134.2651500188058	-2.830722635395682e-09	1.3149567407438782e-08	2.1130702604720839e-09	-2.8309172329155555e-09	1.0411404942406965e-12	259.97728370140095	29.923653237504659	-1.5931294999265668e-10	success	132.05643559686806	-2.830722635395682e-09	1.3149567407438782e-08	2.1130702604720839e-09	-2.8309172329155555e-09	2.8989076861403134e-11	259.8586669922862	30.454074251904132	-1.2308977987998125e-10	success	132.01547447554535	-2.830722635395682e-09	1.3149567407438782e-08	2.1130702604720839e-09	-2.8309172329155555e-09	1.2656047796021986e-10	259.85627989267329	30.464044583055241	-3.1859437924020713e-11	success	132.05643559686806	132.05643559686806	0.94999999999999996	0.0051646589071883218	9552.886508935826	0	0.0081486558474024307	0.10000000000000001	0.57735567126193044	0.57741366007641337	0.023176931804102484	0	0.0055466411009484221	0.03535629518101549	6.9940399723514916e-20	1.9033626200022359e-05	0.061013052110432654	2.7837657990760496e-25	0	2.8171651014316466e-07	2.6682190064755745e-12	2.8171888018671065e-07	0-(1)->2	success	139.42771117968357	-2.830722635395682e-09	1.3149567407438782e-08	2.1130702604720839e-09	-2.8309172329155555e-09	1.8288509740758087e-09	34.308894821475533	147.63101146297183	-3.4590275882176177e-10	success	success	137.28224948241262	-2.830722635395682e-09	1.3149567407438782e-08	2.1130702604720839e-09	-2.8309172329155555e-09	-1.703047080889991e-09	36.262939268272525	159.18398826930584	8.9819763098723474e-10	success	137.36563694182155	-2.830722635395682e-09	1.3149567407438782e-08	2.1130702604720839e-09	-2.8309172329155555e-09	-6.4278006983295659e-10	36.211714369661458	158.80418197034706	3.4060988566908011e-10	success	137.0207190886494	-2.830722635395682e-09	1.3149567407438782e-08	2.1130702604720839e-09	-2.8309172329155555e-09	3.3810145709234743e-09	36.41429813740185	160.3493877914739	3.4081504557532138e-09	success	136.98837288416581	-2.830722635395682e-09	1.3149567407438782e-08	2.1130702604720839e-09	-2.8309172329155555e-09	-2.0724463514451504e-10	36.432078864859093	160.49091678546054	3.1961851405565492e-11	success	137.02070152935482	137.02070152935482	0.94999999999999996	0.0030076475844269786	10895.271583140591	0	0.0047006265583156353	0.10000000000000001	0.57736565852980437	0.57577001314827303	0.027431928546702782	0	0.012032525106617859	0.076362793288235226	3.2457541979043516e-21	2.3957542570432916e-05	0.13235777617279645	7.2178622669704106e-27	0	2.4417681820985714e-09	3.2078873972690596e-14	2.4417925973006703e-09	success	100.45714638446208	1.6102957761648026e-11	256.08727625307472	39.872381186075735	-2.2992190562710175e-11	1.1521626593354255e-09	32.932240364764553	225.64720294796058	-1.3298949697770652e-09	success	success	52.384145032146606	1.0884799801314589e-11	242.68374814460282	65.661207922311675	2.2755888581267777e-11	-2.9037290822276051e-10	28.958200812143982	244.11637779783908	6.0726494076290363e-10	success	54.108509370849283	-5.0140004271977376e-11	243.37104953421058	64.359971458418698	9.3959721056071606e-11	7.0119067181027507e-10	29.018046257572639	243.94614290754723	9.9890205691550678e-10	success	51.473186383971395	-7.8681502842690421e-12	242.31128088664303	66.363657069475849	1.0366630900111164e-11	-1.2309801678906528e-10	28.928379082585696	244.19705560027802	-2.0486541908170369e-10	success	51.10813676329888	2.6960337174534357e-12	242.16012438306123	66.64813726924028	5.1233206802478663e-11	-8.1912136727302712e-11	28.916767252475978	244.22765587269015	1.4965380233592774e-09	success	51.473156764982889	51.473156764982889	0.94999999999999996	0.20600476759567421	358.05745733322686	0	0.23401650800076532	0.10000000000000001	0.58299624823945728	0.5722457013116844	0.00033443941581235283	0	0.00014756129511185603	0.00092774080164689365	4.993624022174023e-13	1.5646099740974281e-05	0.0016231742462304165	5.4470208496845057e-17	0	7.6036269929643909	0.0019893783235583442	7.6053216268369743	single_step	7.605321626836980e+00	typeI_mH62-125/random_20260813_231224.md
1.043480000000000e+02	3.729490000000000e+02	3.753250000000000e+02	9.277580000000000e+02	1.404430000000000e-01	9.289210000000001e+00	1.632926015607177e+02	2.212966508226299e+00	success	0	0	0	true	2.542884284573534e-01	true	1.470516914513877e+01	true	3.268912530000000e-04	3.120689200000000e-09	1.354007462354597e+00	1.289483983313197e+00	true	9.001657424044897e-01	8.036926039397765e+01	2.494860165471237e+00	2.314249711569573e-01	true	true	4.870131290781421e-01	7.307393661915564e-01	4.870131290781421e-01	5.401376730259552e-04	7.687070774654994e-01	3.676094972450243e+00	7.687070774654994e-01	3.497785246170576e-04	ATLAS-CONF-2023-034-Fig5-bot	CMS:2012qwq	ATLAS-CONF-2023-034-Fig5-bot	ATLAS:2021upq	LHC13 [ggH]->X1->Z(X2->[bb])	LHC8 [vbfH;HW;Htt;H;HZ]>[bb;tautau;WW;ZZ;gamgam]	LHC13 [ggH]->X1->Z(X2->[bb])	LHC13 [Hpmtb>tb]	4.562224289910944e+00	true	all checks passed	1	3.686950967610940e+00	2.547427209731102e-01	4.686635808176343e+00	-2.213112911574480e+00	-2.154354929421000e+00	9.277580000000000e+02	9.289210000000001e+00	14155.782657660096	5285.5239940481306	324.28883413148327	-4.2952091483648687	-0.19575169940346951	-0.22256164107881088	0	-0.0014544397807253052	0	0	0	success	non_bfb	success	success	275.23599999999999	success	96.337355788301124	-5.4832317612918131e-11	270.520099597637	40.804129304937355	-5.8817212168628151e-11	-2.1905121413617408e-09	30.766547144610811	238.81410418041978	-1.8931586747831853e-09	success	success	34.674052672303219	-1.0380307454701323e-11	250.03474390913325	70.444184985530867	4.8581918091113981e-11	9.158509624082484e-10	26.624975306315683	245.41011888562974	-5.5866393860059123e-10	success	40.028779043985494	6.2419418032604399e-11	251.56818072563001	67.820197962937144	-3.1541235047617231e-11	-5.7436896554810486e-11	26.742770284518734	245.56041577192372	-3.5000508183557511e-10	success	34.839134591430152	1.6473472799084935e-11	250.07947510811752	70.367675220022448	9.6003737828840502e-12	1.9621611327618655e-10	26.628199354051322	245.41521837721675	1.0421874023837845e-09	success	33.650764309178584	1.4385785981655753e-11	249.76167915730588	70.911002098863008	2.5684479308104321e-12	4.7530015803690136e-10	26.605303952766324	245.37806774694755	-1.3837541317362094e-09	success	34.838980414598723	43.407658468274491	0.94999999999999996	1.4099259110197375	60.489675457808971	0	0.7226254391113669	0.10000000000000001	0.59609937814424341	0.58420284283597435	4.7270938214155427e-05	0	2.6022371916958709e-05	0.0001688577331267053	3.7178223599210917e-10	8.9731735739250969e-06	0.00028624609108654579	1.393296409770407e-13	0	163.00705667712631	0.33704003487999018	163.29260156071771	0-(0)->1	nan	nan	nan	nan	nan	nan	nan	nan	nan	nan	nan	nan	nan	nan	nan	nan	nan	nan	nan	nan	nan	nan	nan	nan	nan	nan	nan	nan	nan	nan	nan	nan	nan	nan	nan	nan	nan	nan	nan	nan	nan	nan	nan	nan	nan	nan	nan	nan	nan	nan	nan	nan	nan	nan	nan	nan	nan	nan	nan	nan	nan	nan	nan	nan	nan	nan	nan	nan	nan	nan	nan	nan	nan	nan	nan	nan	nan	nan	nan	nan	nan	nan	nan	nan	nan	nan	nan	nan	nan	nan	nan	nan	nan	nan	nan	nan	nan	nan	nan	nan	nan	nan	nan	nan	nan	nan	nan	nan	nan	nan	nan	nan	nan	nan	nan	nan	nan	nan	nan	nan	nan	nan	nan	nan	nan	nan	nan	nan	nan	nan	nan	nan	nan	nan	nan	nan	nan	nan	nan	nan	nan	nan	nan	nan	nan	nan	nan	nan	single_step	1.632926015607177e+02	typeI_mH62-125/random_20260831_090924.md
1.156400000000000e+02	3.054270000000000e+02	2.996530000000000e+02	9.579299999999999e+02	1.261450000000000e-01	1.262630000000000e+01	1.743060802859633e+01	1.241312536786329e+00	success	0	0	0	true	2.565361177595508e-01	true	1.259075974847130e+01	true	3.272118330000000e-04	3.116913200000000e-09	1.315025543545405e+00	1.319224926685374e+00	true	8.561153121604612e-01	8.035546167533313e+01	2.494108818143198e+00	2.315080464423085e-01	true	true	7.817960137400357e-01	7.402425704113501e-01	5.229135841753912e-01	3.881197581675957e-04	1.271855120088626e+00	3.723902279502309e+00	3.961236806091475e-01	2.417492784094894e-04	ATLAS:2014vuz	CMS:2012qwq	CMS:2019qcx	ATLAS:2021upq	LHC8 [HW;HZ]>[bb]	LHC8 [vbfH;HW;Htt;H;HZ]>[bb;tautau;WW;ZZ;gamgam]	LHC13 [ggH]->X1->Z(X2->[bb])	LHC13 [Hpmtb>tb]	5.462523098313852e+00	true	all checks passed	1	3.635216942141127e+00	2.569944258273872e-01	2.860897470569705e+00	-1.224919180027906e+00	-1.340383913982563e+00	9.579299999999999e+02	1.262630000000000e+01	7523.6997922272776	1449.4734081603765	122.74457692849624	-4.1697299301622959	-0.053847516341441297	-0.018156197245068739	0	-0.003954303159451375	0	0	0	success	ew_sym_res	success	success	728.63699999999994	success	267.33471861077658	1.6986889619215164e-08	6.7365909017406489e-07	2.5302503782639248e-08	1.6986959444251233e-08	-1.3835523917317189e-10	293.56891239211529	12.34033807749543	5.942286442459106e-10	success	not_met	nan	nan	nan	nan	nan	nan	nan	nan	nan	not_met	nan	nan	nan	nan	nan	nan	nan	nan	nan	not_met	nan	nan	nan	nan	nan	nan	nan	nan	nan	not_met	nan	nan	nan	nan	nan	nan	nan	nan	nan	not_set	nan	nan	nan	nan	nan	nan	nan	nan	nan	nan	nan	nan	nan	nan	nan	nan	nan	nan	nan	nan	nan	nan	0-(1)->2	success	153.24663228584063	1.6986889619215164e-08	6.7365909017406489e-07	2.5302503782639248e-08	1.6986959444251233e-08	2.6280573367840391e-08	10.104435085684939	89.088311106694619	-3.9737808544213308e-08	success	success	152.98943156085085	1.6986889619215164e-08	6.7365909017406489e-07	2.5302503782639248e-08	1.6986959444251233e-08	-5.1570873479384327e-09	10.947579073388782	95.814122716986716	1.3262213941464364e-08	success	152.99894256689407	1.6986889619215164e-08	6.7365909017406489e-07	2.5302503782639248e-08	1.6986959444251233e-08	6.5864796658042561e-08	10.921079593087562	95.603382450592079	-3.7854980770970485e-08	success	152.94356847149942	1.6986889619215164e-08	6.7365909017406489e-07	2.5302503782639248e-08	1.6986959444251233e-08	-3.1735247610378548e-08	11.071770169798199	96.801351500136406	1.5253619122551175e-08	success	152.93918288418297	1.6986889619215164e-08	6.7365909017406489e-07	2.5302503782639248e-08	1.6986959444251233e-08	2.4130158348029389e-08	11.083349525261088	96.893366342191854	3.5779015291884722e-08	success	152.94356847149942	152.94356847149942	0.94999999999999996	0.00077911322864945203	88253.905458758643	0	0.0012342927569725163	0.10000000000000001	0.57742138906368579	0.57695893485621264	0.24814252580994695	0	0.1108147093330528	0.70551196438535979	9.3848149027401569e-25	5.7608151521644496e-05	1.2189618026635809	4.9274421127998125e-31	0	1.7047038463756111e-15	2.3812189786685316e-19	1.7048318610684874e-15	success	121.22538417749283	2.4425542210475725e-10	279.67579554610143	31.905934100421419	4.5142302461806027e-11	3.9455719607641967e-09	21.131006543647494	208.01958491653784	-3.5366318483586782e-09	success	success	58.529856587859157	-2.8827987223381055e-11	262.74014614837841	55.793358287885937	6.7592739152763037e-11	-6.6662423222646172e-11	19.941037898786323	244.43420756922058	1.7596999254722244e-09	success	61.40554553295776	-2.6147078124063251e-11	263.61186125833973	54.320587766697194	3.2382793238996389e-11	-1.4908187828403829e-09	19.998565547714811	244.01677998461375	2.8003016833491112e-09	success	57.238771109153745	9.0988664116406069e-11	262.34697067039463	56.463654551967927	3.4965864750999879e-10	1.5223737768523486e-10	19.916241269763415	244.59791503450776	7.7618295942814446e-10	success	56.59130416029096	-3.1039078200075617e-11	262.14943728231003	56.801712853224451	-3.6826478206563536e-11	-1.058387379065892e-09	19.904049353047149	244.67473024700794	1.1442619691752534e-09	success	57.238768453747227	57.238768453747227	0.94999999999999996	0.26057816285460456	218.8513249184499	0	0.27760352829592927	0.10000000000000001	0.58564882413218755	0.57213188021655659	0.00022784797987290687	0	0.00010314815429004601	0.00064831313787269414	2.096803816623904e-12	1.3104013648549573e-05	0.0011346296971905061	2.8407756962135398e-16	0	17.424893616132113	0.0068935859405979448	17.430608028596328	single_step	1.743060802859633e+01	typeI_mH62-125/random_20260816_190714.md
1.137970000000000e+02	3.081160000000000e+02	3.114540000000000e+02	8.760520000000000e+02	1.338340000000000e-01	1.305350000000000e+01	1.601485318192452e+00	2.045229615716608e-01	success	0	0	0	true	2.561933157394859e-01	true	1.541686491869808e+01	true	3.272734790000000e-04	3.116158480000000e-09	1.307594777738069e+00	1.325209993768256e+00	true	8.237328236140185e-01	8.036890859970327e+01	2.494853724300351e+00	2.314335899323690e-01	true	true	7.871751955104068e-01	7.383870947032677e-01	5.377808147797020e-01	2.883530344670742e-04	1.277454736595831e+00	3.714568028143258e+00	3.853455526171984e-01	1.787637887824239e-04	ATLAS:2014vuz	CMS:2012qwq	CMS:2019qcx	ATLAS:2021upq	LHC8 [HW;HZ]>[bb]	LHC8 [vbfH;HW;Htt;H;HZ]>[bb;tautau;WW;ZZ;gamgam]	LHC13 [ggH]->X1->Z(X2->[bb])	LHC13 [Hpmtb>tb]	5.457152061637572e+00	true	all checks passed	1	4.619970671118000e+00	2.566510113831038e-01	3.134515931689426e+00	-1.447039817106951e+00	-1.378690135700380e+00	8.760520000000000e+02	1.305350000000000e+01	9448.4092852907252	1802.0939121269894	151.79888467185441	-5.4120760211917727	-0.063979244155219828	-0.041724893233971889	0	0.00013390421984201738	0	0	0	success	non_bfb	success	success	376.47199999999998	success	100.47427439073866	-4.5095581911973533e-11	244.32303224914446	46.140864009879358	-8.5042498069750964e-11	1.2140838878665335e-09	22.248162058155792	232.59099382709206	8.0994496228012239e-10	success	success	65.105830824791468	-1.4257210695705308e-10	230.76408013913962	74.550823747970355	5.5161166104946699e-11	1.1969887502134949e-09	19.926655587573929	244.41536270402887	-3.1320787911400981e-09	success	66.28908444010213	1.3279145124790908e-10	231.36036818629063	73.227050103623043	1.0149016915702052e-10	-2.6223551181356919e-09	19.979017146905399	244.23529061585498	9.2542515765712313e-11	success	64.138741948173504	-3.3942480463497626e-11	230.262679675671	75.660780544022813	-4.3267224487795079e-11	-3.7435908692781288e-09	19.884988546421489	244.55357520971151	-3.2834463153903731e-09	success	63.872465155174467	-4.2946846400791088e-11	230.12226294493831	75.97100738806499	7.7305789112491944e-12	-8.1085998309202361e-10	19.873692410404058	244.59024095708511	-1.734605636309888e-09	success	64.138706238462049	64.138706238462049	0.94999999999999996	0.11499094615097477	601.05147093428513	5.0936313657055459e-10	0.14772284210691256	0.10000000000000001	0.58513342444083727	0.57296518124876983	0.00070262626447687804	6.2115270026462444e-33	0.00031696539961538527	0.0019966135397782381	3.9774034894990733e-14	2.0748089023720855e-05	0.003486619395769238	2.6624990669102922e-18	1.4587005517615614e-19	1.6013384639447736	0.00015813010554290401	1.6014853181924518	0-(0)->1	nan	nan	nan	nan	nan	nan	nan	nan	nan	nan	nan	nan	nan	nan	nan	nan	nan	nan	nan	nan	nan	nan	nan	nan	nan	nan	nan	nan	nan	nan	nan	nan	nan	nan	nan	nan	nan	nan	nan	nan	nan	nan	nan	nan	nan	nan	nan	nan	nan	nan	nan	nan	nan	nan	nan	nan	nan	nan	nan	nan	nan	nan	nan	nan	nan	nan	nan	nan	nan	nan	nan	nan	nan	nan	nan	nan	nan	nan	nan	nan	nan	nan	nan	nan	nan	nan	nan	nan	nan	nan	nan	nan	nan	nan	nan	nan	nan	nan	nan	nan	nan	nan	nan	nan	nan	nan	nan	nan	nan	nan	nan	nan	nan	nan	nan	nan	nan	nan	nan	nan	nan	nan	nan	nan	nan	nan	nan	nan	nan	nan	nan	nan	nan	nan	nan	nan	nan	nan	nan	nan	nan	nan	nan	nan	nan	nan	nan	nan	single_step	1.601485318192452e+00	typeI_mH62-125/random_20260816_190714.md
1.152990000000000e+02	3.072170000000000e+02	3.006970000000000e+02	1.013740000000000e+03	1.326770000000000e-01	1.187540000000000e+01	1.533678117464675e+01	1.185734221100985e+00	success	0	0	0	true	2.563488688256578e-01	true	1.149780431710770e+01	true	3.271302330000000e-04	3.117898040000000e-09	1.324893929734874e+00	1.311435336930338e+00	true	1.075789088831946e+00	8.035437713356707e+01	2.494046283067711e+00	2.315136992638041e-01	true	true	7.837776736191481e-01	7.374314595504197e-01	6.269039949648341e-01	4.886897384629057e-04	1.273912218168506e+00	3.709760560880080e+00	4.579343619836446e-01	3.032719499363811e-04	ATLAS:2014vuz	CMS:2012qwq	CMS:2019qcx	ATLAS:2021upq	LHC8 [HW;HZ]>[bb]	LHC8 [vbfH;HW;Htt;H;HZ]>[bb;tautau;WW;ZZ;gamgam]	LHC13 [ggH]->X1->Z(X2->[bb])	LHC13 [Hpmtb>tb]	5.545989982325324e+00	true	all checks passed	1	3.199831013232132e+00	2.568068423686802e-01	2.884809813008374e+00	-1.228289276050884e+00	-1.359282708531550e+00	1.013740000000000e+03	1.187540000000000e+01	7089.6465477349011	1496.5830383387292	126.01270887758999	-3.6227559310789701	-0.0552714949996502	-0.017780867171781137	0	-0.0044450550813816114	0	0	0	success	ew_sym_res	success	success	777.28899999999999	success	160.15806853154697	2.2818449707534065e-09	3.9278016099113347e-07	2.4986052458655397e-08	2.2818449707503612e-09	-7.5384708588859053e-11	297.88437872589958	23.969941676860852	1.3937277670194196e-11	success	not_met	nan	nan	nan	nan	nan	nan	nan	nan	nan	not_met	nan	nan	nan	nan	nan	nan	nan	nan	nan	not_met	nan	nan	nan	nan	nan	nan	nan	nan	nan	not_met	nan	nan	nan	nan	nan	nan	nan	nan	nan	not_set	nan	nan	nan	nan	nan	nan	nan	nan	nan	nan	nan	nan	nan	nan	nan	nan	nan	nan	nan	nan	nan	nan	0-(1)->2	success	148.90080014185136	2.2818449707534065e-09	3.9278016099113347e-07	2.4986052458655397e-08	2.2818449707503612e-09	-1.6017314393823146e-08	11.477360833148877	99.707750573810529	4.1990239031028135e-09	success	success	148.53346391308128	2.2818449707534065e-09	3.9278016099113347e-07	2.4986052458655397e-08	2.2818449707503612e-09	7.5381420078424316e-09	12.421715398196767	107.23066699623134	8.6003350773997467e-09	success	148.54718920442519	2.2818449707534065e-09	3.9278016099113347e-07	2.4986052458655397e-08	2.2818449707503612e-09	-7.5155475281876706e-09	12.391935635550871	106.99330991851117	3.2648276839817984e-08	success	148.47207895397014	2.2818449707534065e-09	3.9278016099113347e-07	2.4986052458655397e-08	2.2818449707503612e-09	-9.7444667593541423e-09	12.551192944503041	108.26295303085101	7.4801226106219694e-09	success	148.46599402530853	2.2818449707534065e-09	3.9278016099113347e-07	2.4986052458655397e-08	2.2818449707503612e-09	-3.4489403328872398e-08	12.563715066506695	108.36281632626093	-1.7328210116778205e-08	success	148.47207895397014	148.47207895397014	0.94999999999999996	0.0010968079460087795	61801.708481547146	0	0.0017339450509181711	0.10000000000000001	0.57741365911446496	0.57676909883765237	0.16866631200187621	0	0.075239792063856573	0.47877736166848367	5.3250872736743088e-24	5.499697127112726e-05	0.82763771270242237	3.9370139576459375e-30	0	2.9896312673100482e-14	2.802127008827086e-18	2.9897859203050081e-14	success	139.86013597925569	-1.8167948275661628e-10	295.36479153105432	27.290506052787212	-3.8940815761699634e-13	-3.489286270948426e-09	18.874200062137248	163.4296335623074	-7.8709337815795946e-09	success	success	61.52340745652517	5.0514587892575405e-11	276.86135251231576	49.017759686508818	9.0557722213276254e-12	3.3534994420407808e-09	21.122703637193403	243.67493346187661	-1.662504712204534e-09	success	64.968419367886099	5.1892100205017993e-11	277.84021568650763	47.688464943290043	-4.4222685978700425e-11	-1.1141700353090272e-09	21.180717831069479	243.02627792574853	-4.9057834878357773e-10	success	60.075479558566755	4.1648638409058567e-11	276.45013329429321	49.583750650301475	6.6617189587061672e-11	5.1852974922975246e-10	21.09921832610334	243.91207394880246	7.0632816692095758e-10	success	59.290548555875915	6.0937851362480502e-11	276.22740869152256	49.89213364528112	-4.343181031817469e-12	-1.1681823294758998e-09	21.086719993743912	244.03227272463567	-2.8520695055905303e-09	success	60.075565104776132	60.075565104776132	0.94999999999999996	0.2388723755089299	187.42115147821926	0	0.25959319005508513	0.10000000000000001	0.58460715124911655	0.57140585994334026	0.00020499417453426051	0	9.3769458510609881e-05	0.00058823536975339662	2.2036363088903724e-12	1.1125614330250317e-05	0.0010314640436167087	2.8809192606650317e-16	0	15.331695448256697	0.0061707190598651387	15.336781174646751	single_step	1.533678117464675e+01	typeI_mH62-125/random_20260818_171759.md
2.333499329848362e+02	5.159628184786563e+02	2.166741738308349e+02	5.426753041444939e+03	9.971116404964971e-01	8.961118602124866e+00	7.833619438382120e-14	-1.310603753054475e+01	success	0	0	0	true	2.516307075435084e-01	true	2.418345091459619e+01	true	3.307854360000000e-04	3.471552220000000e-09	9.190314174794937e-01	5.523165124000084e-03	true	6.721611146693755e+00	8.038523939314059e+01	2.496132892068599e+00	2.314428858049893e-01	true	true	7.721869778205243e-01	8.544348363104710e-02	1.831462426326992e-03	3.428232059668788e-02	3.884603455472599e+00	6.751880226042418e-02	3.443478745236853e-03	2.968670303902623e-02	CMS:2012qwq	ATLAS:2020tlo	ATLAS:2022enb	ATLAS:2021upq	LHC8 [vbfH;HW;Htt;H;HZ]>[bb;tautau;WW;ZZ;gamgam]	LHC13 [vbfH>ZZ]	LHC13 [H]->X1->Z(X2->[bb])	LHC13 [Hpmtb>tb]	2.366392580629110e+00	true	all checks passed	1	7.757981470020840e+00	2.520802519756523e-01	5.337750386162146e-01	3.661140876273152e+00	-3.585535455512295e+00	5.426753041444939e+03	8.961118602124866e+00	21446.953866738997	4816.4751097608168	482.48400414746703	-5.4443835107663467	-0.30575398823242012	-0.58351981274912679	0	0.12647516692899011	0	0	0	success	non_bfb	success	success	758.31299999999999	success	221.61965584200306	5.0622328703630028e-09	22.785649607509534	35.704573417986921	-1.4414187263152219e-09	0	0	0	0	failure	nan	nan	nan	nan	nan	nan	nan	nan	nan	nan	nan	nan	nan	nan	nan	nan	nan	nan	nan	nan	nan	nan	nan	nan	nan	nan	nan	nan	nan	nan	nan	nan	nan	nan	nan	nan	nan	nan	nan	nan	not_set	nan	nan	nan	nan	nan	nan	nan	nan	nan	nan	nan	nan	nan	nan	nan	nan	nan	nan	nan	nan	nan	nan	0	success	194.40343522800555	0	0	0	0	-9.3214290271475605e-09	35.76615912633644	112.57225646105437	-1.6724839830970452e-10	success	success	192.21335732568116	0	0	0	0	-1.0599403493611872e-08	37.131396638800631	123.10302037421197	7.0052539965361444e-10	success	192.28750923787834	0	0	0	0	9.8558245938078014e-09	37.096998087123694	122.78414905172619	9.9270478077603344e-10	success	191.90858271563513	0	0	0	0	-1.296411090465121e-08	37.266384299596197	124.39299200481015	2.0657787493756088e-09	success	191.87382020392607	0	0	0	0	-1.8284156598034755e-08	37.281155209262508	124.53810330414055	4.9422955354810145e-09	success	191.90858271563513	191.90858271563513	0.94999999999999996	0.00025649414802287566	13969.667973321135	0	0.00040909966798328919	0.10000000000000001	0.57784764135050759	0.57767759947508035	0.049309831791638288	0	0.022013808294655424	0.14042344652402219	4.6955107410737165e-25	3.7812818479997344e-06	0.2421518912412097	2.3430508663313918e-31	0	7.8335815722209277e-14	5.6976905089655946e-19	7.8336194383821196e-14	nan	nan	nan	nan	nan	nan	nan	nan	nan	nan	nan	nan	nan	nan	nan	nan	nan	nan	nan	nan	nan	nan	nan	nan	nan	nan	nan	nan	nan	nan	nan	nan	nan	nan	nan	nan	nan	nan	nan	nan	nan	nan	nan	nan	nan	nan	nan	nan	nan	nan	nan	nan	nan	nan	nan	nan	nan	nan	nan	nan	nan	nan	nan	nan	nan	nan	nan	nan	nan	nan	nan	nan	nan	nan	needs_multistep_run	7.833619438382120e-14	typeI_mH220-500/random_20260829_222735.md
2.599481056499580e+02	5.834472906958171e+02	2.478414908863852e+02	1.048832985735078e+04	9.906701232494907e-01	5.633192570508984e+00	4.664663957835921e-06	-5.331179637343896e+00	success	0	0	0	true	2.355205384455433e-01	true	2.384461471128503e+01	true	3.286719440000000e-04	3.499372720000000e-09	1.144681054679048e+00	2.898532081092025e-02	true	1.627771361802988e+00	8.037315309004109e+01	2.495422515360858e+00	2.315055943664762e-01	true	true	7.831808990307410e-01	8.191895588819398e-02	2.138289338955535e-02	4.268836369778216e-02	3.939910039951581e+00	1.673110835016607e-01	2.207431925286223e-02	7.629034597398343e-02	CMS:2012qwq	ATLAS:2020tlo	ATLAS:2022enb	CMS:2020imj	LHC8 [vbfH;HW;Htt;H;HZ]>[bb;tautau;WW;ZZ;gamgam]	LHC13 [vbfH>ZZ]	LHC13 [H]->X1->Z(X2->[bb])	LHC13 [Hpmtb>tb]	5.205462997717518e+00	true	all checks passed	1	4.549657671425699e+00	2.359413016653717e-01	8.287262817899275e-01	4.602164615413820e+00	-4.618052729271984e+00	1.048832985735078e+04	5.633192570508984e+00	30344.250530524845	8839.6452916465823	2515.0264771258298	-7.8067724636812734	-0.58122566409165888	-0.95191471327869437	0	0.43541390754855691	0	1.3969838619232178e-09	0	success	non_bfb	success	success	499.92200000000003	false_lower	-1	nan	nan	nan	nan	nan	nan	nan	nan	not_set	nan	nan	nan	nan	nan	nan	nan	nan	nan	nan	nan	nan	nan	nan	nan	nan	nan	nan	nan	nan	nan	nan	nan	nan	nan	nan	nan	nan	nan	nan	nan	nan	nan	nan	nan	nan	nan	nan	nan	nan	not_set	nan	nan	nan	nan	nan	nan	nan	nan	nan	nan	nan	nan	nan	nan	nan	nan	nan	nan	nan	nan	nan	nan	0	false_lower	-1	nan	nan	nan	nan	nan	nan	nan	nan	not_set	nan	nan	nan	nan	nan	nan	nan	nan	nan	nan	nan	nan	nan	nan	nan	nan	nan	nan	nan	nan	nan	nan	nan	nan	nan	nan	nan	nan	nan	nan	nan	nan	nan	nan	nan	nan	nan	nan	nan	nan	not_set	nan	nan	nan	nan	nan	nan	nan	nan	nan	nan	nan	nan	nan	nan	nan	nan	nan	nan	nan	nan	nan	nan	success	141.51304633254242	0	0	0	0	-1.1277736293923287e-09	42.526890930685752	196.37615027148573	-8.4850446186733897e-10	success	success	130.09344221917019	0	0	0	0	5.3168170557383423e-09	43.511690611318471	211.38692378957114	-5.3765776626316296e-10	success	130.57526550380638	0	0	0	0	6.6109963511756545e-09	43.488269571239975	210.88021407683084	-8.5206610367361656e-10	success	129.093029977551	0	0	0	0	1.7812962743738227e-09	43.556987130260929	212.41288246817317	7.1729546577336854e-10	success	128.92592889026469	0	0	0	0	-3.0825195677969105e-09	43.564134505485562	212.58092158090685	-2.1311822962772484e-10	success	129.09302981923213	129.09302981923213	0.94999999999999996	0.0045169702785572193	1950.7604368303698	0	0.0070711554222953835	0.10000000000000001	0.57786435087483634	0.57630135010637817	0.0046261952218397025	0	0.0020677140340192896	0.013141125428721088	2.2727431569828426e-19	6.1833938532284156e-06	0.022744854374212187	1.1040231420038664e-24	0	4.664637409557777e-06	2.710916969191047e-11	4.6646639578359207e-06	needs_multistep_run	4.664663957835921e-06	typeI_mH220-500/random_20260831_005128.md
1.301724603822093e+02	3.648589716633787e+02	3.724533508925620e+02	1.346645740349000e+03	9.972866057966346e-01	1.083227051276752e+01	5.799196725864291e-10	-9.236632158451620e+00	success	5	134	0	true	2.578715495609608e-01	true	1.650646280215068e+01	true	3.317254730000000e-04	3.458881480000000e-09	8.266185126696113e-01	9.379392032152313e-04	true	3.473374487880833e+00	8.037755377256896e+01	2.495359964339893e+00	2.313899172512523e-01	true	true	7.702443408317137e-01	7.566395783973765e-01	1.663655688546518e-01	3.025600848009215e-04	3.874830726099770e+00	2.252227028225033e+00	1.820414313880756e-01	2.302948817369156e-04	CMS:2012qwq	CMS:2013zmy	ATLAS:2022enb	CMS:2020imj	LHC8 [vbfH;HW;Htt;H;HZ]>[bb;tautau;WW;ZZ;gamgam]	LHC8 [ggH;vbfH;HW;HZ]>[WW]	LHC13 [H]->X1->Z(X2->[bb])	LHC13 [Hpmtb>tb]	5.571539587263544e+00	true	all checks passed	1	4.609453830709715e+00	2.583322434104720e-01	4.337143819690525e+00	-2.141737376521286e+00	-1.956681213263976e+00	1.346645740349000e+03	1.083227051276752e+01	13559.347106435605	4332.4020323328978	152.88384408526193	-3.2375784484596055	-0.16347422743665135	-0.23498898850171704	0	-0.0039138630636006881	0	0	0	success	non_bfb	success	success	759.053	success	308.61853105090051	-1.3732606795785636e-08	11.856000879026428	1.5268893286970355	-2.5120487282380277e-09	0	0	0	0	failure	nan	nan	nan	nan	nan	nan	nan	nan	nan	nan	nan	nan	nan	nan	nan	nan	nan	nan	nan	nan	nan	nan	nan	nan	nan	nan	nan	nan	nan	nan	nan	nan	nan	nan	nan	nan	nan	nan	nan	nan	not_set	nan	nan	nan	nan	nan	nan	nan	nan	nan	nan	nan	nan	nan	nan	nan	nan	nan	nan	nan	nan	nan	nan	0	success	165.6488473194313	0	0	0	0	3.4894657116549949e-09	26.591028124580276	165.45828695836116	6.6830113751313589e-09	success	success	162.30539010862827	0	0	0	0	-6.0605892117681532e-09	28.009714754598583	177.05362785362684	-1.3046241151352314e-09	success	162.42590234097747	0	0	0	0	6.3803718222294931e-09	27.97401252752687	176.7029016780713	-6.9700494126485194e-09	success	161.90680531930843	0	0	0	0	-7.1027074809560997e-09	28.12192235893437	178.18791573319663	1.6814918988395304e-08	success	161.85711804091602	0	0	0	0	5.8112763254250078e-09	28.135302858100967	178.32665323683088	-4.0637382050283814e-09	success	161.90680531930843	161.90680531930843	0.94999999999999996	0.0015634576525934247	8259.8287151304012	0	0.0024666058125986374	0.10000000000000001	0.57745679228756142	0.5766177960923704	0.024590343931964121	0	0.010954590649313515	0.069679680819913783	6.2021287348988374e-22	1.1399770815551403e-05	0.12050049714244866	9.0728884050513923e-28	0	5.799162308654567e-10	4.4277258488862702e-15	5.7991967258642914e-10	nan	nan	nan	nan	nan	nan	nan	nan	nan	nan	nan	nan	nan	nan	nan	nan	nan	nan	nan	nan	nan	nan	nan	nan	nan	nan	nan	nan	nan	nan	nan	nan	nan	nan	nan	nan	nan	nan	nan	nan	nan	nan	nan	nan	nan	nan	nan	nan	nan	nan	nan	nan	nan	nan	nan	nan	nan	nan	nan	nan	nan	nan	nan	nan	nan	nan	nan	nan	nan	nan	nan	nan	nan	nan	needs_multistep_run	5.799196725864291e-10	typeI_mH125-220/async_mcmc_20260903_212216.md
1.291834999253519e+02	4.166072242802094e+02	4.120574267389528e+02	1.370483919010727e+03	9.972240476920206e-01	1.056031923816247e+01	1.371626148254964e-06	-5.862764244223033e+00	success	103	354	0	true	2.578939601837196e-01	true	1.659982268746522e+01	true	3.317601130000000e-04	3.458401240000000e-09	8.233066586503330e-01	8.392489124566478e-04	true	1.061471608229873e+00	8.035434507076442e+01	2.494052010164904e+00	2.315133991195770e-01	true	true	7.704857714657112e-01	7.567883538050457e-01	3.052034371834829e-01	2.736436179116821e-04	3.876045279442447e+00	2.252644840282640e+00	2.033871607891383e-01	1.912039511238191e-04	CMS:2012qwq	CMS:2013zmy	ATLAS:2022enb	ATLAS:2021upq	LHC8 [vbfH;HW;Htt;H;HZ]>[bb;tautau;WW;ZZ;gamgam]	LHC8 [ggH;vbfH;HW;HZ]>[WW]	LHC13 [H]->X1->Z(X2->[bb])	LHC13 [Hpmtb>tb]	5.635824862298989e+00	true	all checks passed	1	4.118845050323973e+00	2.583546940703580e-01	5.366430145201297e+00	-2.502124100941741e+00	-2.626727722851097e+00	1.370483919010727e+03	1.056031923816247e+01	17896.61061955379	7443.8499331468274	229.73079650454667	-4.6023943164695904	-0.31048108622681986	-0.44293468604041752	0	0.0042926636335286561	0	0	0	success	non_bfb	success	success	920.75099999999998	success	280.94950076063139	-3.0991059910556237e-10	207.24477877632881	48.44361589477743	-8.1295983288350438e-10	0	0	0	0	success	success	273.95185048131816	-7.9883270713713793e-11	198.72585779487574	54.142900765885187	3.4449364461887314e-10	0	0	0	0	success	274.08998381648439	-3.6544698911439675e-10	198.91151203869336	54.019541976044856	4.7668158130175632e-10	0	0	0	0	success	273.29899118245191	2.2973755739774099e-10	197.83663066172849	54.732205748400979	-3.7876921528946539e-10	0	0	0	0	success	273.22634707138536	2.9531832168731448e-10	197.73645125592509	54.798420968282393	5.6433816183969105e-10	0	0	0	0	success	273.29899118245191	273.29899118245191	0.94999999999999996	0.00067790771835835712	9594.7095534516575	0	0.0010778529429060501	0.10000000000000001	0.57771679061976289	0.57738315988049083	0.048286691176148193	0	0.021356789602002973	0.13612475294591869	2.8958815655030672e-23	9.6783232696672584e-06	0.23492468562203273	2.4460680805957788e-29	0	5.2300629144438992e-12	6.1310321453982367e-17	5.2301039253211871e-12	0-(0)->1-(1)->2	success	161.41979249427845	0	0	0	0	2.8431871376075675e-13	33.336674317581895	209.62564605192901	3.7295337961438226e-09	success	success	146.82636177422461	0	0	0	0	4.8400794406577108e-09	31.696814509109196	224.06851307202069	-4.3510759360607963e-09	success	147.41896872661647	0	0	0	0	-1.7958477190996924e-09	31.773885364667699	223.60823244776734	-4.6655929983674262e-09	success	145.53605951804298	0	0	0	0	3.6351355157694011e-09	31.528450834360072	225.04323840777448	-5.2624630042479097e-09	success	145.31956686530896	0	0	0	0	-3.402272670316659e-09	31.500153363236432	225.20320702923127	-1.088794663296109e-09	success	145.53605797712464	145.53605797712464	0.94999999999999996	0.0029611160287308759	1695.2497127381478	0	0.0046526240118117766	0.10000000000000001	0.57744363413372757	0.57641869817362323	0.0045347205775437159	0	0.0020291020959081084	0.012899782334452754	6.5216541209771007e-20	3.9882723571442226e-06	0.022320123054989194	2.7193484075552239e-25	0	1.3716194920306917e-06	6.7910816866603014e-12	1.3716261482449923e-06	nan	nan	nan	nan	nan	nan	nan	nan	nan	nan	nan	nan	nan	nan	nan	nan	nan	nan	nan	nan	nan	nan	nan	nan	nan	nan	nan	nan	nan	nan	nan	nan	nan	nan	nan	nan	nan	nan	nan	nan	nan	nan	nan	nan	nan	nan	nan	nan	nan	nan	nan	nan	nan	nan	nan	nan	nan	nan	nan	nan	nan	nan	nan	nan	nan	nan	nan	nan	nan	nan	nan	nan	nan	nan	multi_step	1.371626148254964e-06	typeI_mH125-220/async_mcmc_20260903_212216.md
1.293847345892809e+02	4.149152218895237e+02	4.171185229249579e+02	1.331715776979719e+03	9.965440445376358e-01	1.101037252115463e+01	1.310212553885078e-06	-5.882658243663890e+00	success	103	366	1	true	2.578512287640756e-01	true	1.687817152074390e+01	true	3.318219600000000e-04	3.457599980000000e-09	8.174101336332428e-01	6.867978121332064e-04	true	8.013979008513167e-01	8.036857405049072e+01	2.494854643785174e+00	2.314368255206984e-01	true	true	7.700948503950041e-01	7.557415372450078e-01	4.522764020822337e-02	2.212614916427643e-04	3.874078691833871e+00	2.249529559823694e+00	3.074016430332915e-02	1.554759577450845e-04	CMS:2012qwq	CMS:2013zmy	ATLAS:2022enb	ATLAS:2021upq	LHC8 [vbfH;HW;Htt;H;HZ]>[bb;tautau;WW;ZZ;gamgam]	LHC8 [ggH;vbfH;HW;HZ]>[WW]	LHC13 [H]->X1->Z(X2->[bb])	LHC13 [Hpmtb>tb]	5.692880024721944e+00	true	all checks passed	1	4.196394899353697e+00	2.583118863099846e-01	5.504334362766423e+00	-2.661072198470328e+00	-2.600485880423332e+00	1.331715776979719e+03	1.101037252115463e+01	18008.957440647704	7671.1305531697899	189.61291101905024	-4.2877301547500188	-0.32234084574566146	-0.46174473088288837	0	-0.0039105311741204499	0	0	0	success	non_bfb	success	success	812.86900000000003	success	300.28393000536948	2.7318381750668331e-09	155.61720484543673	38.759321156193153	7.1603912093604973e-10	0	0	0	0	success	success	298.07580949399363	3.6395324924956559e-10	151.01486787370635	38.831701484019383	1.4781398158015485e-09	0	0	0	0	success	298.11717594009076	-7.033275716539124e-10	151.10919950002312	38.833495972525462	-4.8694286903898802e-10	0	0	0	0	success	297.82212513109073	-1.3097057304031048e-11	150.42800980167689	38.817386061322075	-1.8734467206735751e-09	0	0	0	0	success	297.79774273847238	7.5428007049666251e-10	150.37082251423968	38.815699003936501	1.6430880481478539e-09	0	0	0	0	success	297.82212513109073	297.82212513109073	0.94999999999999996	0.0003659061005299794	31148.19458518779	0	0.00058208368765202837	0.10000000000000001	0.57756986158535351	0.5773790574732558	0.17082301471993963	0	0.075584964542403196	0.48176114195546926	5.4809420155871181e-25	1.8496083518593077e-05	0.83143460996643515	1.9716433019008474e-31	0	3.03150991852058e-15	1.3968878611320377e-19	3.0315869823389877e-15	0-(0)->1-(1)->2	success	164.44437075757386	0	0	0	0	-1.7731842888721067e-09	33.609171882093293	211.10114959253835	2.3682506134165765e-09	success	success	148.6175453962199	0	0	0	0	-3.5914499779732958e-09	31.341452517954892	225.70093436620297	4.8420424791427417e-10	success	149.26235669300127	0	0	0	0	2.5467750970858963e-09	31.438809463380036	225.23658921104874	1.018189938884489e-09	success	147.22827636772115	0	0	0	0	-2.1298276189218478e-09	31.132508915549806	226.67322184287576	3.3024848668022959e-10	success	146.99185543216134	0	0	0	0	-6.6321837568205071e-09	31.097084282649476	226.83496720025636	4.5467050690198076e-09	success	147.22829935842844	147.22829935842844	0.94999999999999996	0.0027996434350036356	1568.9856100182583	0	0.0044029997407401293	0.10000000000000001	0.57744629788861812	0.57649838389523311	0.0042459797116346128	0	0.0019014804793390846	0.012091021681586479	5.7330438753892598e-20	3.5355480403706769e-06	0.020916285272729929	2.5378510926307099e-25	0	1.3102059551015631e-06	6.7142047742721377e-12	1.3102125538850779e-06	nan	nan	nan	nan	nan	nan	nan	nan	nan	nan	nan	nan	nan	nan	nan	nan	nan	nan	nan	nan	nan	nan	nan	nan	nan	nan	nan	nan	nan	nan	nan	nan	nan	nan	nan	nan	nan	nan	nan	nan	nan	nan	nan	nan	nan	nan	nan	nan	nan	nan	nan	nan	nan	nan	nan	nan	nan	nan	nan	nan	nan	nan	nan	nan	nan	nan	nan	nan	nan	nan	nan	nan	nan	nan	multi_step	1.310212553885078e-06	typeI_mH125-220/async_mcmc_20260903_212216.md
2.072794115292186e+02	5.799642322699889e+02	2.069954548814859e+02	3.797406817112771e+03	9.975059724423996e-01	1.037129282742071e+01	4.506991884766082e-05	-4.346113223913599e+00	success	168	458	1	true	2.543315804553847e-01	true	2.489617586674750e+01	true	3.311621680000000e-04	3.466621520000000e-09	8.814078960117028e-01	3.285076422240207e-03	true	3.738498302210779e+00	8.034772481678243e+01	2.494060955660965e+00	2.316507237916746e-01	true	true	7.705828203028193e-01	3.468584591225449e-02	1.359157856181347e-03	1.840620467591300e-02	3.876533498304987e+00	2.000784083607629e-02	1.408798736413059e-03	2.107402738448641e-02	CMS:2012qwq	CMS:2018amk	ATLAS:2022enb	ATLAS:2021upq	LHC8 [vbfH;HW;Htt;H;HZ]>[bb;tautau;WW;ZZ;gamgam]	LHC13 [vbfH>ZZ]	LHC13 [H]->X1->Z(X2->[bb])	LHC13 [Hpmtb>tb]	2.648162793135185e+00	true	all checks passed	1	6.391882670821510e+00	2.547859500632447e-01	6.387512522295088e-01	4.798969496659257e+00	-4.901321083383189e+00	3.797406817112771e+03	1.037129282742071e+01	25138.79412979609	9070.5731044376935	484.03600931938911	-7.9550817934980946	-0.60145027285542896	-0.93519489294199165	0	0.12984287905114864	0	-1.3969838619232178e-09	0	success	non_bfb	success	success	924.02099999999996	success	263.11946640193298	2.81110479293105e-09	153.54187791612253	73.693159568981145	8.5350790843659894e-10	0	0	0	0	success	success	260.62067416414567	6.029519667733624e-09	147.90948988637246	75.384254467196925	-3.6562334247534327e-10	0	0	0	0	success	260.6713136114916	1.0963956720679577e-09	148.03377875533977	75.351238454538503	-4.6846640408037549e-10	0	0	0	0	success	260.35037481936683	6.84756709818667e-09	147.23777255193863	75.559146922759524	-2.3773115986857973e-10	0	0	0	0	success	260.32380488534773	-4.4685726063981035e-09	147.17063193252508	75.576183173657213	1.5742610377252628e-10	0	0	0	0	success	260.35037084209262	260.35037084209262	0.94999999999999996	0.0010014364446433086	24457.038899554784	0	0.0015933423290354681	0.10000000000000001	0.57806213044971255	0.57753858510308576	0.11724205425282025	0	0.053104983416175644	0.3386238965137488	2.1770562622562641e-23	3.5557435905014428e-05	0.58415481757793219	1.7109380370688081e-29	0	3.3040972769186861e-13	1.7252582713939645e-17	3.304195967368681e-13	0-(0)->1-(1)->2	success	146.740324254694	0	0	0	0	-4.8923124907805034e-09	29.215520439734529	210.84562984096056	-2.1177486672906792e-09	success	success	125.04110034755681	0	0	0	0	-5.2596640871572758e-09	27.473986067103521	227.52708210931704	3.0247140905344172e-09	success	126.06993579601863	0	0	0	0	-1.7806551903917411e-08	27.551229289384349	226.93163923935768	-5.28035144500588e-10	success	123.3552406635753	0	0	0	0	2.0670246646713842e-08	27.349247740725573	228.47152748901127	-5.4502784039005605e-09	success	123.01296985418108	0	0	0	0	1.4392878929363997e-08	27.324205658575941	228.65867221026238	5.5017684833026271e-10	success	123.35524057442059	123.35524057442059	0.94999999999999996	0.0049750263628177112	902.44906124123327	0	0.0078051346904659058	0.10000000000000001	0.57802980961618511	0.57666982910060682	0.002044539363608525	0	0.00092083871565656319	0.0058580637734572455	9.8072023583238578e-19	3.0355689042021847e-06	0.010129225872222196	7.5055404539758405e-24	0	4.5069573210061005e-05	3.477737470500282e-10	4.5069918847660818e-05	nan	nan	nan	nan	nan	nan	nan	nan	nan	nan	nan	nan	nan	nan	nan	nan	nan	nan	nan	nan	nan	nan	nan	nan	nan	nan	nan	nan	nan	nan	nan	nan	nan	nan	nan	nan	nan	nan	nan	nan	nan	nan	nan	nan	nan	nan	nan	nan	nan	nan	nan	nan	nan	nan	nan	nan	nan	nan	nan	nan	nan	nan	nan	nan	nan	nan	nan	nan	nan	nan	nan	nan	nan	nan	multi_step	4.506991884766082e-05	typeI_mH125-220/async_mcmc_20260903_212216.md
1.250078124923788e+02	3.973774886277913e+02	3.859526138644869e+02	1.494428300178565e+03	9.947340952266129e-01	8.178516409251070e+00	3.578618416858847e-07	-6.446284607362299e+00	success	2	202	0	true	2.585298315758736e-01	true	1.515788245045544e+01	true	3.312319630000000e-04	3.465250540000000e-09	8.745239302863458e-01	2.765504997522092e-03	true	5.951877768613810e+00	8.034166507900828e+01	2.493331442082069e+00	2.315821095949664e-01	true	true	7.751949495596208e-01	7.751949495596208e-01	3.115745686395236e-01	9.257164148865556e-04	3.899736478834747e+00	3.899736478834747e+00	2.894777366344554e-01	6.145850843663487e-04	CMS:2012qwq	CMS:2012qwq	ATLAS:2022enb	ATLAS:2021upq	LHC8 [vbfH;HW;Htt;H;HZ]>[bb;tautau;WW;ZZ;gamgam]	LHC8 [vbfH;HW;Htt;H;HZ]>[bb;tautau;WW;ZZ;gamgam]	LHC13 [H]->X1->Z(X2->[bb])	LHC13 [Hpmtb>tb]	4.947834459965350e+00	true	all checks passed	1	3.819516298948077e+00	2.589917014623535e-01	4.717985324481281e+00	-2.108616553757041e+00	-2.404387864461670e+00	1.494428300178565e+03	8.178516409251070e+00	15112.339168914037	5762.6779831326785	307.81901799093436	-2.9152053321212548	-0.22575880254613889	-0.30262289561961414	0	0.0058881648747618181	0	0	0	success	non_bfb	success	success	781.05100000000004	success	396.68154929734533	3.6461967227324567e-09	58.875924108533688	4.3185634927020908	7.1816692839420841e-09	-4.9169381361070363e-09	49.677080330101759	3.7072063973704723	-5.6269844635701218e-09	failure	nan	nan	nan	nan	nan	nan	nan	nan	nan	nan	nan	nan	nan	nan	nan	nan	nan	nan	nan	nan	nan	nan	nan	nan	nan	nan	nan	nan	nan	nan	nan	nan	nan	nan	nan	nan	nan	nan	nan	nan	not_set	nan	nan	nan	nan	nan	nan	nan	nan	nan	nan	nan	nan	nan	nan	nan	nan	nan	nan	nan	nan	nan	nan	0	success	395.4850644604835	-1.3629667007036184e-08	26.060190188571443	1.9565477592902083	7.2827924127863244e-09	0	0	0	0	failure	nan	nan	nan	nan	nan	nan	nan	nan	nan	nan	nan	nan	nan	nan	nan	nan	nan	nan	nan	nan	nan	nan	nan	nan	nan	nan	nan	nan	nan	nan	nan	nan	nan	nan	nan	nan	nan	nan	nan	nan	not_set	nan	nan	nan	nan	nan	nan	nan	nan	nan	nan	nan	nan	nan	nan	nan	nan	nan	nan	nan	nan	nan	nan	success	151.45692040206723	0	0	0	0	-1.3162855319430698e-09	34.743133645012428	195.05925003234668	1.481746398520692e-09	success	success	143.17259761513475	0	0	0	0	1.4007983944758718e-11	35.603387834304385	208.83348894129162	-1.132753889775395e-09	success	143.49748578803394	0	0	0	0	-1.432021165779611e-09	35.59242389451294	208.3957776736643	2.517432080687762e-09	success	142.3748663865023	0	0	0	0	-4.5266862872944908e-10	35.625113582312181	209.88252932126599	3.6911276121441536e-10	success	142.25505456695737	0	0	0	0	6.3179639335975916e-10	35.627768671667845	210.03703579536682	-1.5999618011214516e-09	success	142.37486452442221	142.37486452442221	0.94999999999999996	0.003279003525878971	3006.6371715889286	0	0.0051340077416877012	0.10000000000000001	0.57741336991025227	0.57605270246674656	0.0078671849533134587	0	0.0035096245025200809	0.022290195031410717	3.8483786610988506e-20	7.6242171760643146e-06	0.038605869527720889	1.298050425721263e-25	0	3.5786000873863637e-07	1.9439293255927579e-12	3.5786184168588468e-07	needs_multistep_run	3.578618416858847e-07	typeI_mH125-220/async_mcmc_20260903_212216.md
1.263139054382813e+02	3.689587670978143e+02	3.577350120157660e+02	1.310401468584792e+03	9.940936491362976e-01	8.886735498600062e+00	7.307774063436031e-13	-1.213621488832002e+01	success	19	146	0	true	2.585362415034774e-01	true	1.919326654246093e+01	true	3.313381600000000e-04	3.463919290000000e-09	8.641013633950174e-01	2.303764971511375e-03	true	4.692770012408670e+00	8.034404826165468e+01	2.493473206462032e+00	2.315707033760992e-01	true	true	7.725155210408823e-01	7.546813465125891e-01	2.801668165453966e-02	7.834430952887017e-04	3.886256241864668e+00	2.246290050310613e+00	2.907924273676171e-02	5.669192800623478e-04	CMS:2012qwq	CMS:2013zmy	ATLAS:2022enb	CMS:2020imj	LHC8 [vbfH;HW;Htt;H;HZ]>[bb;tautau;WW;ZZ;gamgam]	LHC8 [ggH;vbfH;HW;HZ]>[WW]	LHC13 [H]->X1->Z(X2->[bb])	LHC13 [Hpmtb>tb]	5.109048732768599e+00	true	all checks passed	1	5.695830166135834e+00	2.589981228414505e-01	4.034407043309293e+00	-1.785072686394702e+00	-2.054628935863238e+00	1.310401468584792e+03	8.886735498600062e+00	14758.558113158968	3993.5005757768204	222.34380074774597	-2.2364461113198839	-0.1468859211155521	-0.2389646058789015	0	0.0033868324189198396	0	0	0	success	non_bfb	success	success	860.68700000000001	success	208.56684228994996	8.1278258912156471e-09	12.401435297064012	11.450097392321668	-2.7128406732418335e-09	0	0	0	0	success	success	208.55985886993764	5.6762850659022434e-09	12.086502369789349	11.137150509152962	3.4524334367004314e-09	0	0	0	0	success	208.56002673759556	-8.9938884177382829e-09	12.094383515020292	11.144964191345935	-3.456169611876478e-09	0	0	0	0	success	208.55831724461808	-1.2519637757963208e-08	12.011845169598621	11.063154558413087	-1.9184763672339764e-08	0	0	0	0	success	208.55821039089153	5.8712341297922823e-09	12.006633147271421	11.057992105822507	1.0330086727837099e-08	0	0	0	0	success	208.55831724461808	208.55831724461808	0.94999999999999996	6.8329468487749699e-06	4948857.2207477055	0	1.0879600837202747e-05	0.10000000000000001	0.57741470614212809	0.57741063794064162	18.983973704981125	0	8.459826343203936	53.925553467381114	1.8597592053341288e-34	3.8682695776631541e-05	93.058089775243303	9.409381333888297e-43	0	7.8978226063845662e-31	5.9563484602756452e-33	7.92893435701132e-31	0-(0)->1-(1)->2	success	203.56971006494848	0	0	0	0	-2.3391389667606329e-09	54.144789245864438	111.45212037378741	2.6403212018844638e-10	success	success	199.41023019738827	0	0	0	0	3.8176032967017248e-09	56.105049639136453	131.66423624971347	-4.1111130697431568e-10	success	199.56513078020816	0	0	0	0	-3.3070618159455608e-09	56.069648405281406	131.04704726013983	-3.1415743403932076e-09	success	198.83281018709516	0	0	0	0	-1.2822851947464796e-09	56.222222801389691	133.90955104469293	-1.805303171462775e-09	success	198.76051567347139	0	0	0	0	1.8081662509423236e-09	56.235400002015673	134.18511126844589	-2.4444668623688108e-09	success	198.83281018709516	198.83281018709516	0.94999999999999996	0.00025041589486327509	6988.0590852422165	0	0.00039804330168685453	0.10000000000000001	0.57741605850164668	0.57725505134599986	0.025556161329485537	0	0.011355001661025484	0.07235008560764869	8.5122915360481725e-25	1.9009697376190323e-06	0.12490501827128032	8.5302449762261197e-31	0	7.3077430915059211e-13	4.0166209143729132e-18	7.3077740634360314e-13	nan	nan	nan	nan	nan	nan	nan	nan	nan	nan	nan	nan	nan	nan	nan	nan	nan	nan	nan	nan	nan	nan	nan	nan	nan	nan	nan	nan	nan	nan	nan	nan	nan	nan	nan	nan	nan	nan	nan	nan	nan	nan	nan	nan	nan	nan	nan	nan	nan	nan	nan	nan	nan	nan	nan	nan	nan	nan	nan	nan	nan	nan	nan	nan	nan	nan	nan	nan	nan	nan	nan	nan	nan	nan	multi_step	7.307774063436031e-13	typeI_mH125-220/async_mcmc_20260903_115445.md
1.525633889340098e+02	4.571122988629426e+02	4.599138603250918e+02	2.549832948662890e+03	9.989982403518646e-01	7.788862304992157e+00	7.464271081797127e-03	-2.127012596593978e+00	success	30	395	1	true	2.573752429866105e-01	true	1.651951789222054e+01	true	3.313266760000000e-04	3.463922470000000e-09	8.652254327118458e-01	2.304817727715791e-03	true	1.096995662490126e+00	8.037013515727429e+01	2.494941120418412e+00	2.314294454545416e-01	true	true	7.714821161509245e-01	8.091501983802769e-01	8.091501983802769e-01	7.005043001268374e-04	3.881057542169210e+00	1.190339221660032e+00	1.190339221660032e+00	5.236904407387436e-04	CMS:2012qwq	ATLAS:2020gxx	ATLAS:2020gxx	ATLAS:2021upq	LHC8 [vbfH;HW;Htt;H;HZ]>[bb;tautau;WW;ZZ;gamgam]	LHC13 [ggH]->X1->Z(X2->[bb])	LHC13 [ggH]->X1->Z(X2->[bb])	LHC13 [Hpmtb>tb]	5.374481686545408e+00	true	all checks passed	1	3.426725062581518e+00	2.578350501722510e-01	6.574359099276706e+00	-3.204147617407532e+00	-3.119240976275801e+00	2.549832948662890e+03	7.788862304992157e+00	20152.269770007177	11239.794032002008	122.94818048503529	-1.3274087056789419	-0.5297409480016595	-0.71947058757369897	0	-0.0087183092961390027	0	0	0	success	non_bfb	success	success	694.23900000000003	success	380.31132158231412	-1.7908935871894894e-08	7.0424496586838723	1.2449980900703523	6.5007165811570693e-09	0	0	0	0	failure	nan	nan	nan	nan	nan	nan	nan	nan	nan	nan	nan	nan	nan	nan	nan	nan	nan	nan	nan	nan	nan	nan	nan	nan	nan	nan	nan	nan	nan	nan	nan	nan	nan	nan	nan	nan	nan	nan	nan	nan	not_set	nan	nan	nan	nan	nan	nan	nan	nan	nan	nan	nan	nan	nan	nan	nan	nan	nan	nan	nan	nan	nan	nan	0	success	151.47453483800516	0	0	0	0	6.4210759525926043e-11	38.374334889389509	233.43601186374673	-5.4166457431150643e-10	success	success	88.223567570349275	0	0	0	0	1.4965757282911772e-09	33.416100309355606	246.14606832285389	6.6259319595890866e-10	success	96.676830839610076	0	0	0	0	5.7802131083054587e-10	33.910028619068498	245.62299142423038	2.3078241648252656e-10	success	85.47134433990712	0	0	0	0	2.904293901076421e-09	33.26797677443804	246.26806931780351	-2.8876106007365711e-09	success	82.494087307674135	0	0	0	0	1.1381679775635599e-09	33.114705844655653	246.37315950326067	-2.0658145958194037e-09	success	85.472912605267823	85.472912605267823	0.94999999999999996	0.021020345723614071	37.63377436050142	0	0.032099369144428777	0.10000000000000001	0.57668100866739036	0.57675632666616361	5.8844270977911572e-05	0	5.0863624570290361e-05	0.00032365212590326412	3.6128952387579244e-15	6.934330682656399e-07	0.00055949987027319387	3.4549293605689751e-19	0	0.0074618789190719183	2.9089079441349097e-06	0.007464271081797127	nan	nan	nan	nan	nan	nan	nan	nan	nan	nan	nan	nan	nan	nan	nan	nan	nan	nan	nan	nan	nan	nan	nan	nan	nan	nan	nan	nan	nan	nan	nan	nan	nan	nan	nan	nan	nan	nan	nan	nan	nan	nan	nan	nan	nan	nan	nan	nan	nan	nan	nan	nan	nan	nan	nan	nan	nan	nan	nan	nan	nan	nan	nan	nan	nan	nan	nan	nan	nan	nan	nan	nan	nan	nan	needs_multistep_run	7.464271081797127e-03	typeI_mH125-220/async_mcmc_20260903_212216.md
1.287909017706528e+02	3.802415979593282e+02	3.712604195386431e+02	1.428294209530645e+03	9.968657118891332e-01	9.322761154061020e+00	1.399191602000883e-09	-8.854122810172905e+00	success	19	211	1	true	2.581572153672094e-01	true	1.699747512998681e+01	true	3.314735360000000e-04	3.462144120000000e-09	8.509056519204885e-01	1.753622480076121e-03	true	3.232923717793182e+00	8.034729999328250e+01	2.493656519584917e+00	2.315528288590131e-01	true	true	7.718363722117402e-01	7.572578439067690e-01	4.411316049837044e-01	5.519829612738495e-04	3.882839680896608e+00	2.254072302879048e+00	4.530361964462546e-01	4.183529797433420e-04	CMS:2012qwq	CMS:2013zmy	ATLAS:2022enb	CMS:2020imj	LHC8 [vbfH;HW;Htt;H;HZ]>[bb;tautau;WW;ZZ;gamgam]	LHC8 [ggH;vbfH;HW;HZ]>[WW]	LHC13 [H]->X1->Z(X2->[bb])	LHC13 [Hpmtb>tb]	5.387772395711693e+00	true	all checks passed	1	4.751490564281375e+00	2.586184195656915e-01	4.328589473223869e+00	-1.943553350803371e+00	-2.166614151340553e+00	1.428294209530645e+03	9.322761154061020e+00	14544.555273061442	4663.1343824556507	214.20857350338184	-2.8333418411363214	-0.1767838349405724	-0.26393962227981277	0	0.003321467027356158	0	0	0	success	non_bfb	success	success	740.26800000000003	success	285.03312748495671	1.7088621779793186e-09	7.1522698210635918	1.3456589423947052	-7.8268599617094008e-11	0	0	0	0	failure	nan	nan	nan	nan	nan	nan	nan	nan	nan	nan	nan	nan	nan	nan	nan	nan	nan	nan	nan	nan	nan	nan	nan	nan	nan	nan	nan	nan	nan	nan	nan	nan	nan	nan	nan	nan	nan	nan	nan	nan	not_set	nan	nan	nan	nan	nan	nan	nan	nan	nan	nan	nan	nan	nan	nan	nan	nan	nan	nan	nan	nan	nan	nan	0	success	169.13324089762008	0	0	0	0	-6.4533511872577635e-09	34.913812630307149	171.803770004287	3.7520636650034986e-09	success	success	164.68644099699867	0	0	0	0	-2.1860649217869734e-09	36.061761840113363	183.81038006066871	-3.4388304354604842e-09	success	164.84589699360674	0	0	0	0	4.5019110534663584e-09	36.038749491020994	183.44701810458866	3.8696454115131121e-09	success	164.18103232602587	0	0	0	0	2.5327933271406029e-09	36.128461828949249	184.9380517985154	-4.0679477193899311e-09	success	164.11570898745774	0	0	0	0	1.6641473173595149e-09	36.136419744875823	185.08123233284104	4.0030728242983763e-09	success	164.18103232602587	164.18103232602587	0.94999999999999996	0.0015177692684141329	6368.6486532675162	0	0.0023953168048332857	0.10000000000000001	0.5774419111191692	0.57664863698822155	0.019227320615144566	0	0.0085681359778198955	0.054504482809884042	8.5831097668435793e-22	8.657403202141434e-06	0.094249495756018861	1.3554585542969093e-27	0	1.3991846785759799e-09	8.4472741235505238e-15	1.3991916020008834e-09	nan	nan	nan	nan	nan	nan	nan	nan	nan	nan	nan	nan	nan	nan	nan	nan	nan	nan	nan	nan	nan	nan	nan	nan	nan	nan	nan	nan	nan	nan	nan	nan	nan	nan	nan	nan	nan	nan	nan	nan	nan	nan	nan	nan	nan	nan	nan	nan	nan	nan	nan	nan	nan	nan	nan	nan	nan	nan	nan	nan	nan	nan	nan	nan	nan	nan	nan	nan	nan	nan	nan	nan	nan	nan	needs_multistep_run	1.399191602000883e-09	typeI_mH125-220/async_mcmc_20260903_115445.md
2.113591402252189e+02	5.210456080020272e+02	2.125292724336090e+02	5.027807210709966e+03	9.985714432203256e-01	7.150322628491061e+00	1.666079184072116e-10	-9.778304361639705e+00	success	0	0	0	true	2.545132922981597e-01	true	2.297691023583803e+01	true	3.298079790000000e-04	3.484607950000000e-09	1.020314875524771e+00	1.424150063261026e-02	true	4.122671054233889e+00	8.034640397756787e+01	2.493920545185272e+00	2.316464782705754e-01	true	true	7.731047411089507e-01	2.817706855702051e-01	4.519314000559032e-03	4.638202146769321e-02	3.889220402590238e+00	2.686243593094491e-01	5.567225539746323e-03	4.602861625874004e-02	CMS:2012qwq	ATLAS:2020tlo	ATLAS:2020gxx	ATLAS:2021upq	LHC8 [vbfH;HW;Htt;H;HZ]>[bb;tautau;WW;ZZ;gamgam]	LHC13 [ggH>ZZ]	LHC13 [ggH]->X1->Z(X2->[bb])	LHC13 [Hpmtb>tb]	2.661986003087037e+00	true	all checks passed	1	7.330702297181403e+00	2.549679865386845e-01	5.893875566828048e-01	3.599126579705950e+00	-3.880542730130886e+00	5.027807210709966e+03	7.150322628491061e+00	20051.454239346374	5281.6038852803031	405.83268228740116	-2.4476155939937283	-0.33167989633423955	-0.58410281928245467	0	0.071894728051626833	0	0	0	success	non_bfb	success	success	775.85400000000004	success	229.79007912254554	-2.1768513287997712e-09	5.184691996892103	5.0888587130849814	-6.4586188471170326e-10	0	0	0	0	success	success	229.78789393159633	-4.9364466439312542e-09	5.0478711793404303	4.9536313005491408	-7.2414820389261749e-09	0	0	0	0	success	229.78791037540077	-3.1678397505790248e-09	5.0488770314417488	4.9546250848404343	-6.3368587569971369e-09	0	0	0	0	success	229.78772206137748	-1.3051444322366864e-08	5.0365663017166149	4.9424604049076217	1.2016173637162852e-08	0	0	0	0	success	229.78771268145056	-1.3051444322366864e-08	5.0365663017166149	4.9424604049076217	1.2016173637162852e-08	0	0	0	0	success	229.78772206137748	229.78772206137748	0.94999999999999996	1.7331693799817834e-06	62635836.776092246	0	2.7645610067817368e-06	0.10000000000000001	0.57763197832628499	0.57763102968283386	264.80895335868695	0	117.96750686432004	752.40648694256731	2.1549625172280942e-38	0.00013694364500874736	1297.6425755075206	2.4403637674409093e-47	0	3.3730515831155597e-38	1.1078244865986432e-38	4.0605246055601766e-38	0-(0)->1-(1)->2	success	177.95522857755398	0	0	0	0	1.2349369640687205e-08	42.316346851413563	152.29701553334354	-1.0941188662438821e-09	success	success	173.39627023232504	0	0	0	0	-1.7887338482722309e-09	43.209015317582285	165.1880360945116	-9.2827536695566957e-10	success	173.55883594537954	0	0	0	0	3.4928354105515861e-09	43.191338897163462	164.79251152774552	-7.3080840653415752e-10	success	172.86115787863503	0	0	0	0	-2.2787854935579917e-08	43.262014781210347	166.46505965840225	8.6570935704178121e-10	success	172.79238319396501	0	0	0	0	-1.276311487814679e-08	43.268274543871293	166.6265140585034	1.5637277845171688e-09	success	172.86114880674307	172.86114880674307	0.94999999999999996	0.00084569629904934925	6365.8941284112534	0	0.0013438798483663536	0.10000000000000001	0.5778233364917249	0.5773509823859293	0.020237962501246889	0	0.0090244264699300743	0.057515280741410033	1.1487748200927634e-22	5.0999949858495006e-06	0.09926869116923083	1.3254517541125026e-28	0	1.6660728236640002e-10	7.8449987659168263e-16	1.6660791840721156e-10	nan	nan	nan	nan	nan	nan	nan	nan	nan	nan	nan	nan	nan	nan	nan	nan	nan	nan	nan	nan	nan	nan	nan	nan	nan	nan	nan	nan	nan	nan	nan	nan	nan	nan	nan	nan	nan	nan	nan	nan	nan	nan	nan	nan	nan	nan	nan	nan	nan	nan	nan	nan	nan	nan	nan	nan	nan	nan	nan	nan	nan	nan	nan	nan	nan	nan	nan	nan	nan	nan	nan	nan	nan	nan	multi_step	1.666079184072116e-10	typeI_mH125-220/random_20260823_003839.md
1.418158068463236e+02	4.166692279317455e+02	4.154248018776803e+02	1.616031573169739e+03	9.955719061895196e-01	1.109081385550983e+01	1.644970190150880e-07	-6.783841967847918e+00	success	17	49	0	true	2.574093425918023e-01	true	1.751174748384181e+01	true	3.318283380000000e-04	3.457517180000000e-09	8.168032571807338e-01	6.719143299929104e-04	true	2.424665828308919e-01	8.036108556305766e+01	2.494438525418110e+00	2.314784485928345e-01	true	true	7.698350707581371e-01	6.185215401604766e-01	1.543179728497583e-02	2.353241968131243e-04	3.872771831055302e+00	5.222822087844712e-01	1.027624675219236e-02	1.650410356183771e-04	CMS:2012qwq	CMS:2015mca	ATLAS:2022enb	ATLAS:2021upq	LHC8 [vbfH;HW;Htt;H;HZ]>[bb;tautau;WW;ZZ;gamgam]	2d likelihood {LHC8 [ggH>tautau]; LHC8 [bbH>tautau]}	LHC13 [H]->X1->Z(X2->[bb])	LHC13 [Hpmtb>tb]	6.071180723621069e+00	true	all checks passed	1	4.484634634815238e+00	2.578692106972238e-01	5.408461262066977e+00	-2.536080906642256e+00	-2.570302583227852e+00	1.616031573169739e+03	1.109081385550983e+01	17624.800812145062	7469.2498283763725	127.1492616725	-2.9684931395834102	-0.31435708116185096	-0.47683828142665047	0	0.00068719093178284452	0	0	0	success	non_bfb	success	success	743.26199999999994	success	300.01368854613247	-2.0148936135269464e-08	11.599645546058152	2.6683184885264191	-1.1836392999090621e-08	0	0	0	0	failure	nan	nan	nan	nan	nan	nan	nan	nan	nan	nan	nan	nan	nan	nan	nan	nan	nan	nan	nan	nan	nan	nan	nan	nan	nan	nan	nan	nan	nan	nan	nan	nan	nan	nan	nan	nan	nan	nan	nan	nan	not_set	nan	nan	nan	nan	nan	nan	nan	nan	nan	nan	nan	nan	nan	nan	nan	nan	nan	nan	nan	nan	nan	nan	0	success	174.94239211234992	0	0	0	0	-1.4824103792731511e-09	33.834468902947329	205.40227442978491	6.044739081338206e-10	success	success	161.05450790598729	0	0	0	0	4.2180437570530721e-09	31.937395227906435	220.118643846753	-7.1674470847402655e-10	success	161.59253457440036	0	0	0	0	6.6813454312347085e-09	32.016488367861541	219.66339891506851	-7.5867224011544989e-10	success	159.75960804373432	0	0	0	0	-9.8522488718743465e-09	31.747040673083042	221.18582533083111	-3.282478246749317e-09	success	159.55241110718347	0	0	0	0	-2.7435851050517497e-09	31.716601520703438	221.35296270932673	-5.8542320224744213e-09	success	159.75960515920445	159.75960515920445	0.94999999999999996	0.0019410585145795771	1945.4191282972058	0	0.0030626371408282709	0.10000000000000001	0.57746816252435129	0.576712588277144	0.0057146331270635266	0	0.0025562282547955963	0.01626372043225217	1.0776555013431542e-20	3.3021127330675839e-06	0.028118510802751559	3.8522242161583365e-26	0	1.6449626500173528e-07	7.7903999707754523e-13	1.6449701901508797e-07	nan	nan	nan	nan	nan	nan	nan	nan	nan	nan	nan	nan	nan	nan	nan	nan	nan	nan	nan	nan	nan	nan	nan	nan	nan	nan	nan	nan	nan	nan	nan	nan	nan	nan	nan	nan	nan	nan	nan	nan	nan	nan	nan	nan	nan	nan	nan	nan	nan	nan	nan	nan	nan	nan	nan	nan	nan	nan	nan	nan	nan	nan	nan	nan	nan	nan	nan	nan	nan	nan	nan	nan	nan	nan	needs_multistep_run	1.644970190150880e-07	typeI_mH125-220/async_mcmc_20260903_212216.md
1.995350000000000e+02	5.742140000000001e+02	2.003780000000000e+02	4.590420000000000e+03	9.963100000000000e-01	4.510800000000000e+00	3.634705973539717e-04	-3.439530715268202e+00	success	0	0	0	true	2.600679457288957e-01	true	2.490587524749785e+01	true	3.255694600000000e-04	3.542306260000000e-09	1.520748489450418e+00	1.013132655789250e-01	true	5.515877767932421e+00	8.034341942784683e+01	2.493731230832984e+00	2.316752478729178e-01	true	true	7.708693246726263e-01	3.815850147254944e-01	1.256877373503719e-02	8.216000599577362e-02	1.261162078992406e+00	2.734879935608470e-01	1.382156326044682e-02	1.073587696486884e-01	ATLAS:2014vuz	CMS:2018amk	ATLAS:2020gxx	ATLAS:2021upq	LHC8 [HW;HZ]>[bb]	LHC13 [vbfH;H]>[ZZ]	LHC13 [ggH]->X1->Z(X2->[bb])	LHC13 [Hpmtb>tb]	5.970424097614853e+00	true	all checks passed	1	6.592028331615370e+00	2.605325634940439e-01	7.207598546891412e-01	4.480520020077384e+00	-5.089523436595233e+00	4.590420000000000e+03	4.510800000000000e+00	26250.538400714533	9634.7024054253452	1185.2659946336062	-2.30588717179418	-0.59556838791684652	-0.94536284231440249	0	0.13262123677641333	0	2.3283064365386963e-09	0	success	non_bfb	success	success	446.03800000000001	success	228.62759033723245	4.1926181179622301e-09	7.0298451973865195	4.719053181104349	-1.6904248223175864e-09	0	0	0	0	success	success	228.62590912778339	-1.3123252774712611e-09	6.8644222845010336	4.6067757479882827	-4.4514371123014678e-10	0	0	0	0	success	228.62591289246322	-1.3123252774712611e-09	6.8644222845010336	4.6067757479882827	-4.4514371123014678e-10	0	0	0	0	success	228.62612398198715	-3.1905163992219249e-09	6.8890563055626641	4.6234938266871666	2.2476997470306076e-09	0	0	0	0	success	228.62612181526495	-3.1905163992219249e-09	6.8890563055626641	4.6234938266871666	2.2476997470306076e-09	0	0	0	0	success	228.62593390628297	228.62593390628297	0.94999999999999996	3.2805657605637028e-06	162203060.47925588	0	5.2253290513810956e-06	0.10000000000000001	0.577457182334424	0.57745527245746076	682.26776142997403	0	297.76978170775845	1898.3042283833524	2.3825838266484017e-38	0.00065381875117821817	3275.4675987853429	4.8529357206031058e-47	0	2.3200192268491204e-39	8.7119964388833206e-39	1.0115082858866472e-38	0-(0)->1-(1)->2	success	157.03149409456995	0	0	0	0	-1.6668877052111443e-09	66.576893899379769	204.63730067876503	-1.2224166523687579e-10	success	success	115.90827522141309	0	0	0	0	-2.3641861711518308e-09	60.629121379855889	229.34537297670465	8.2433413634581164e-11	success	118.30685528380188	0	0	0	0	2.9697605963333413e-09	60.948332855017988	228.3787228153127	4.340439958328423e-10	success	113.15439099367063	0	0	0	0	2.8406356006259359e-09	60.269937984585795	230.3990859140028	1.8626244328901482e-11	success	112.38733342326256	0	0	0	0	4.3177793286033763e-10	60.171324887482626	230.68217721138359	-1.0035883922301324e-09	success	113.15122363517675	113.15122363517675	0.94999999999999996	0.0068130778179069217	368.92025385461204	0	0.010642095011425998	0.10000000000000001	0.57761098230615548	0.57652608525079763	0.00076616693425344325	0	0.00034404839995065876	0.002187876897457561	8.3699899574057278e-18	1.5483766899903019e-06	0.0037845323994572461	1.5715042349002276e-22	0	0.00036346167537552664	9.4950315934294928e-09	0.0003634705973539717	nan	nan	nan	nan	nan	nan	nan	nan	nan	nan	nan	nan	nan	nan	nan	nan	nan	nan	nan	nan	nan	nan	nan	nan	nan	nan	nan	nan	nan	nan	nan	nan	nan	nan	nan	nan	nan	nan	nan	nan	nan	nan	nan	nan	nan	nan	nan	nan	nan	nan	nan	nan	nan	nan	nan	nan	nan	nan	nan	nan	nan	nan	nan	nan	nan	nan	nan	nan	nan	nan	nan	nan	nan	nan	multi_step	3.634705973539717e-04	typeI_mH125-220/random_20260823_112743.md
2.752190000000000e+02	5.522300000000000e+02	2.715930000000000e+02	1.292150000000000e+04	9.950380000000000e-01	4.277550000000000e+00	4.834141304317117e-10	-9.315680659102494e+00	success	0	0	0	true	2.368450518570444e-01	true	2.021995105200287e+01	true	3.263874970000000e-04	3.529537690000000e-09	1.416413551038810e+00	7.522287907890758e-02	true	8.297989256795798e-01	8.035545453196573e+01	2.494331070048113e+00	2.315857565516031e-01	true	true	7.702769775151848e-01	6.401505910651673e-01	2.190488984051034e-02	1.932800590646249e-01	1.260192983779179e+00	4.592042024378185e-01	2.804297190591647e-02	1.392540325720713e-01	ATLAS:2014vuz	ATLAS:2020tlo	ATLAS:2022enb	ATLAS:2021upq	LHC8 [HW;HZ]>[bb]	LHC13 [ggH>ZZ]	LHC13 [H]->X1->Z(X2->[bb])	LHC13 [Hpmtb>tb]	5.025617287268716e+00	true	all checks passed	1	6.206361314524944e+00	2.372681813525760e-01	8.984550123959346e-01	3.564769501666848e+00	-4.076026824957515e+00	1.292150000000000e+04	4.277550000000000e+00	32713.395520869242	6786.4583920159557	3632.7783490109377	-5.7903181023845498	-0.4123649577458639	-0.8647399944292018	0	0.50034918885649637	0	1.3969838619232178e-09	0	success	non_bfb	success	success	329.02999999999997	success	346.46977922704116	-1.3953193181935674e-09	26.426472357373235	20.272430364495115	8.7734078062698532e-09	0	0	0	0	success	success	346.45541783653471	-4.735687663047056e-09	25.788789881856047	19.78083432556322	1.0967614628795122e-08	0	0	0	0	success	346.45567113836535	1.6508106039509976e-08	25.799954134748727	19.7894380310995	-3.7162251926337095e-09	0	0	0	0	success	346.45213380873764	-1.2992881065025595e-08	25.631204886909245	19.659331187817688	-4.9739784750285606e-09	0	0	0	0	success	346.45191118504908	1.4572817545017984e-09	25.620375725412238	19.650981494845411	-6.2633310059068041e-09	0	0	0	0	success	346.45213372497221	346.45213372497221	0.94999999999999996	1.2921250454593195e-05	3946336.6679288452	0	2.0588314871396531e-05	0.10000000000000001	0.57750751896970776	0.57750036317906839	25.198662054534299	0	11.230643906346593	71.604846397193455	2.0917289378285279e-33	9.71428386442031e-05	123.5370829698125	1.886728892241871e-41	0	3.7959360160233816e-30	8.996734417405798e-32	3.8434505143923632e-30	0-(0)->1-(1)->2	success	175.50535937075992	0	0	0	0	1.421950282909045e-09	51.228191797031563	158.02833254104507	-5.5739038016544751e-10	success	success	170.77518707741245	0	0	0	0	3.9072534805582852e-10	53.524376911007025	169.7787691224878	9.4550994124135854e-10	success	170.94335295826076	0	0	0	0	1.5519869763404288e-09	53.461071158500879	169.41985984231792	-2.4876622361463879e-10	success	170.23201363415654	0	0	0	0	-3.1487951886140055e-09	53.72213863088097	170.91615937107377	7.5354148207980425e-10	success	170.16168351932112	0	0	0	0	-2.439362886709303e-09	53.747023037705468	171.06107103868177	9.0263328224372436e-10	success	170.23201363415654	170.23201363415654	0.94999999999999996	0.0010912510009233678	6129.0915217516349	0	0.0017329947552141511	0.10000000000000001	0.57790035928806993	0.57732717813422241	0.019188073373086128	0	0.0085566644226840825	0.05453061455389395	2.9623002147044212e-22	6.2369876540775849e-06	0.094123308649524909	3.956970495190932e-28	0	4.8341210604687529e-10	2.469286079281699e-15	4.8341413043171175e-10	nan	nan	nan	nan	nan	nan	nan	nan	nan	nan	nan	nan	nan	nan	nan	nan	nan	nan	nan	nan	nan	nan	nan	nan	nan	nan	nan	nan	nan	nan	nan	nan	nan	nan	nan	nan	nan	nan	nan	nan	nan	nan	nan	nan	nan	nan	nan	nan	nan	nan	nan	nan	nan	nan	nan	nan	nan	nan	nan	nan	nan	nan	nan	nan	nan	nan	nan	nan	nan	nan	nan	nan	nan	nan	multi_step	4.834141304317117e-10	typeI_mH220-500/random_20260902_194953.md
3.071430000000000e+02	4.710500000000000e+02	4.614560000000000e+02	1.385170000000000e+04	9.987800000000000e-01	6.077470000000000e+00	6.814347273635087e-18	-1.716657573763337e+01	success	0	0	0	true	2.432593043037546e-01	true	2.002248039249108e+01	true	3.306206290000000e-04	3.472997340000000e-09	9.357376131735251e-01	6.288675946202233e-03	true	2.487311682314764e+00	8.034928708778759e+01	2.493815732949944e+00	2.315575824902927e-01	true	true	7.709297740143212e-01	6.250276116934286e-01	3.241132780144427e-02	9.536122475086334e-03	1.261260975673083e+00	3.499449922518011e-01	3.902759947217387e-02	7.149550366748132e-03	ATLAS:2014vuz	CMS:2024phk	ATLAS:2022enb	ATLAS:2021upq	LHC8 [HW;HZ]>[bb]	LHC13 [H]->X1->(X2->[bb])(X3->[bb; tautau; gamgam; WW])	LHC13 [H]->X1->Z(X2->[bb])	LHC13 [Hpmtb>tb]	3.937144254435964e+00	true	all checks passed	1	5.730033614113506e+00	2.436938930186396e-01	4.693762392633704e+00	-1.942175583797391e+00	-2.237848217943732e+00	1.385170000000000e+04	6.077470000000000e+00	12237.481775926373	4892.6157182233874	-543.10527015193077	1.2714601767503102	-0.29830334485413712	-0.68194994384011531	0	0.035853878300486725	0	0	0	success	non_bfb	success	success	243.727	success	370.84730597536304	-2.0090544434917439e-08	4.2994651763539959	5.0618904415895623	2.581321039959877e-08	0	0	0	0	failure	nan	nan	nan	nan	nan	nan	nan	nan	nan	nan	nan	nan	nan	nan	nan	nan	nan	nan	nan	nan	nan	nan	nan	nan	nan	nan	nan	nan	nan	nan	nan	nan	nan	nan	nan	nan	nan	nan	nan	nan	not_set	nan	nan	nan	nan	nan	nan	nan	nan	nan	nan	nan	nan	nan	nan	nan	nan	nan	nan	nan	nan	nan	nan	0	success	240.46724773831352	0	0	0	0	-1.1894412094428235e-08	25.270041434512976	95.963355163622126	5.0134360089871519e-09	success	success	239.77755865877978	0	0	0	0	2.6101755624799758e-09	26.786080287380084	102.57581050275546	6.9807716437152271e-09	success	239.79798013115186	0	0	0	0	1.9877914047893665e-09	26.747639325959682	102.40511922311104	8.3285084669891939e-09	success	239.65622323279212	0	0	0	0	6.401959714057877e-09	27.008528364894104	103.56685360851144	9.9095429205862976e-09	success	239.64449943272501	0	0	0	0	7.2730680572826464e-09	27.029490357367692	103.6605397504193	4.0813844462546978e-09	success	239.65622737773288	239.65622737773288	0.94999999999999996	0.00010098549819182545	51667.998085607382	0	0.00016129658889151813	0.10000000000000001	0.57789245916478393	0.5778178645396187	0.22788400653502952	0	0.10184806279306596	0.64992143922845735	2.9367246416732913e-27	6.8931734801582646e-06	1.1203286907237258	4.114768776682647e-34	0	6.8142304216316904e-18	2.1635497899533583e-22	6.8143472736350875e-18	nan	nan	nan	nan	nan	nan	nan	nan	nan	nan	nan	nan	nan	nan	nan	nan	nan	nan	nan	nan	nan	nan	nan	nan	nan	nan	nan	nan	nan	nan	nan	nan	nan	nan	nan	nan	nan	nan	nan	nan	nan	nan	nan	nan	nan	nan	nan	nan	nan	nan	nan	nan	nan	nan	nan	nan	nan	nan	nan	nan	nan	nan	nan	nan	nan	nan	nan	nan	nan	nan	nan	nan	nan	nan	needs_multistep_run	6.814347273635087e-18	typeI_mH220-500/random_20260902_194953.md
2.926320000000000e+02	5.046770000000000e+02	2.769500000000000e+02	1.374350000000000e+04	9.971650000000000e-01	4.941880000000000e+00	8.196792578569573e-19	-1.808635605468066e+01	success	0	0	0	true	2.390262747734745e-01	true	2.173218056381101e+01	true	3.279731190000000e-04	3.508403190000000e-09	1.224736079191582e+00	4.055805710078608e-02	true	3.397292310928256e+00	8.037809128281292e+01	2.495613042821118e+00	2.314596888092364e-01	true	true	7.708076322981893e-01	3.678339476358211e-01	1.033634857090421e-02	1.427776396595928e-01	1.261061148678133e+00	3.798251506660190e-01	1.998446093672559e-02	1.070119338552772e-01	ATLAS:2014vuz	ATLAS:2020tlo	ATLAS:2022enb	ATLAS:2021upq	LHC8 [HW;HZ]>[bb]	LHC13 [ggH>ZZ]	LHC13 [H]->X1->Z(X2->[bb])	LHC13 [Hpmtb>tb]	3.082224568570524e+00	true	all checks passed	1	6.989452820275970e+00	2.394533010772571e-01	6.342706045339682e-01	2.842157838634809e+00	-3.040503666719148e+00	1.374350000000000e+04	4.941880000000000e+00	23970.494486851261	3413.0215180748623	1910.0140767193946	-4.8429060211485604	-0.22348621627357967	-0.54056683917115045	0	0.30489744775258282	0	0	0	success	non_bfb	success	success	209.20699999999999	success	320.23102166152881	-3.7177583790904268e-09	5.8637966781304707	4.9818203678742652	-1.0704825429203406e-08	0	0	0	0	failure	nan	nan	nan	nan	nan	nan	nan	nan	nan	nan	nan	nan	nan	nan	nan	nan	nan	nan	nan	nan	nan	nan	nan	nan	nan	nan	nan	nan	nan	nan	nan	nan	nan	nan	nan	nan	nan	nan	nan	nan	not_set	nan	nan	nan	nan	nan	nan	nan	nan	nan	nan	nan	nan	nan	nan	nan	nan	nan	nan	nan	nan	nan	nan	0	success	191.7809658473673	0	0	0	0	5.5092968494857875e-11	22.169851735514836	67.444430835961811	-3.942750430969633e-09	success	success	191.57031160435497	0	0	0	0	-1.8244738455261324e-09	23.554759490069674	71.881479941641672	1.8202827249022577e-09	success	191.57725342189974	0	0	0	0	1.8607505490601309e-09	23.515055222701466	71.753397658332744	2.3201952211112982e-09	success	191.52950967481928	0	0	0	0	-1.2225673620780633e-09	23.782128826267005	72.616001269524432	7.7845952778854793e-10	success	191.52580225719601	0	0	0	0	2.9494438500862647e-09	23.802304889342452	72.681267586969597	-1.2668593427693923e-09	success	191.52950942815795	191.52950942815795	0.94999999999999996	0.0001553383406419701	130588.8510635342	0	0.0002482583341723595	0.10000000000000001	0.57800272798486663	0.57790340173793764	0.46003923521561008	0	0.205738708206888	1.3131789816772907	2.8200067397270124e-27	2.1424948901944792e-05	2.263125790275768	3.6096269628919295e-34	0	8.1962983030565802e-19	9.3956194821972768e-23	8.1967925785695734e-19	nan	nan	nan	nan	nan	nan	nan	nan	nan	nan	nan	nan	nan	nan	nan	nan	nan	nan	nan	nan	nan	nan	nan	nan	nan	nan	nan	nan	nan	nan	nan	nan	nan	nan	nan	nan	nan	nan	nan	nan	nan	nan	nan	nan	nan	nan	nan	nan	nan	nan	nan	nan	nan	nan	nan	nan	nan	nan	nan	nan	nan	nan	nan	nan	nan	nan	nan	nan	nan	nan	nan	nan	nan	nan	needs_multistep_run	8.196792578569573e-19	typeI_mH220-500/random_20260902_194953.md
1.384530000000000e+02	2.838500000000000e+02	2.972720000000000e+02	1.338720000000000e+03	9.969620000000000e-01	1.290220000000000e+01	2.844823534960937e-22	-2.154594466781710e+01	success	0	0	0	true	2.575622261731719e-01	true	1.670278384123040e+01	true	3.318191570000000e-04	3.457740880000000e-09	8.176769146555413e-01	7.124996810273500e-04	true	4.451508011252692e+00	8.037985863862241e+01	2.495494670652728e+00	2.313815938700773e-01	true	true	7.674566809659591e-01	7.674566809659591e-01	1.260915794872636e-03	5.027533160974482e-04	1.255579031025931e+00	1.255579031025931e+00	1.884026407187929e-03	3.207719176806846e-04	ATLAS:2014vuz	ATLAS:2014vuz	CMS:2019qcx	ATLAS:2021upq	LHC8 [HW;HZ]>[bb]	LHC8 [HW;HZ]>[bb]	LHC13 [ggH]->X1->Z(X2->[bb])	LHC13 [Hpmtb>tb]	5.324425798186354e+00	true	all checks passed	1	5.249037243589618e+00	2.580223674088622e-01	2.633906278454989e+00	-1.302040274227570e+00	-1.044263174485353e+00	1.338720000000000e+03	1.290220000000000e+01	8699.485052027032	994.47779237115424	104.77492817594131	-3.7066989971172508	-0.043075734073630016	-0.019951402752150491	0	0.0033677069083802142	0	0	0	success	non_bfb	success	success	391.81200000000001	success	279.77701008513282	5.0525076195307922e-09	9.1124526886590633	1.1533842005407637	2.2474027219634241e-09	0	0	0	0	failure	nan	nan	nan	nan	nan	nan	nan	nan	nan	nan	nan	nan	nan	nan	nan	nan	nan	nan	nan	nan	nan	nan	nan	nan	nan	nan	nan	nan	nan	nan	nan	nan	nan	nan	nan	nan	nan	nan	nan	nan	not_set	nan	nan	nan	nan	nan	nan	nan	nan	nan	nan	nan	nan	nan	nan	nan	nan	nan	nan	nan	nan	nan	nan	0	success	172.70978228526531	0	0	0	0	-4.8478831743666561e-10	6.3603583484930741	40.961592708557347	2.6393781520866471e-08	success	success	172.66882688484429	0	0	0	0	2.8221426131356379e-08	6.7397471869370769	43.361747032859888	1.7995033241873286e-08	success	172.67021404403908	0	0	0	0	-3.0528982844637005e-08	6.7281985825713555	43.288713869731247	-1.4380625811832165e-08	success	172.65945600397421	0	0	0	0	5.7863420673331869e-08	6.8163675423185275	43.846218185920087	2.4901231355982295e-09	success	172.65868594416503	0	0	0	0	-1.1707583507611413e-08	6.8225225073384728	43.885133488450883	4.0035583346971951e-08	success	172.65945600397421	172.65945600397421	0.94999999999999996	0.00010652028254603243	566420.16304308339	0	0.00016960192390494242	0.10000000000000001	0.57749537985858079	0.57743072042339416	1.7986137814793126	0	0.80480112200861942	5.1303281551893436	5.7713595661845182e-29	5.7364505142165369e-05	8.852812342094813	4.2075579431719982e-36	0	2.8433663547776427e-22	2.7997670212076704e-25	2.8448235349609373e-22	nan	nan	nan	nan	nan	nan	nan	nan	nan	nan	nan	nan	nan	nan	nan	nan	nan	nan	nan	nan	nan	nan	nan	nan	nan	nan	nan	nan	nan	nan	nan	nan	nan	nan	nan	nan	nan	nan	nan	nan	nan	nan	nan	nan	nan	nan	nan	nan	nan	nan	nan	nan	nan	nan	nan	nan	nan	nan	nan	nan	nan	nan	nan	nan	nan	nan	nan	nan	nan	nan	nan	nan	nan	nan	needs_multistep_run	2.844823534960937e-22	typeI_mH125-220/random_20260823_112743.md
2.196420000000000e+02	2.085340000000000e+02	2.615110000000000e+02	2.600350000000000e+03	9.952700000000000e-01	1.813720000000000e+01	1.218721650959029e-28	-2.791409547342695e+01	success	0	0	0	true	2.571085728106074e-01	true	1.723155195010744e+01	true	3.320884450000000e-04	3.454249070000000e-09	7.922456856455029e-01	2.146800935184361e-04	true	4.272886653017454e+00	8.037973554581718e+01	2.495531619503320e+00	2.313935338213478e-01	true	true	7.646065942533723e-01	1.487861154148052e-01	5.956013040693103e-02	2.715804263060784e-03	1.250916090647923e+00	1.147767750930108e-01	8.255980787802274e-02	4.526287181126258e-03	ATLAS:2014vuz	ATLAS:2020tlo	CMS:2019qcx	CMS:2020imj	LHC8 [HW;HZ]>[bb]	LHC13 [vbfH>ZZ]	LHC13 [ggH]->X1->Z(X2->[bb])	LHC13 [Hpmtb>tb]	4.850446515755408e+00	true	all checks passed	1	5.569249837755789e+00	2.575679035834365e-01	1.891955256363199e+00	-7.598509151854598e-01	6.312396633347798e-02	2.600350000000000e+03	1.813720000000000e+01	7119.513487021979	102.09364703773025	47.841221610196229	-4.1567618570644349	-0.021862412048130619	0.01994048822391551	0	0.014082306991188195	0	0	0	success	non_bfb	success	success	309.05799999999999	success	269.14226283619757	-6.9805517505844453e-09	9.3621022025410223	2.1929508936723994	-7.4926667521245159e-09	0	0	0	0	failure	nan	nan	nan	nan	nan	nan	nan	nan	nan	nan	nan	nan	nan	nan	nan	nan	nan	nan	nan	nan	nan	nan	nan	nan	nan	nan	nan	nan	nan	nan	nan	nan	nan	nan	nan	nan	nan	nan	nan	nan	not_set	nan	nan	nan	nan	nan	nan	nan	nan	nan	nan	nan	nan	nan	nan	nan	nan	nan	nan	nan	nan	nan	nan	0	success	180.28888167657004	0	0	0	0	-7.1552273064726551e-09	4.5013541212264121	16.2994629683119	2.4614617961012112e-09	success	success	180.28153643694839	0	0	0	0	2.6873916670202021e-08	4.6315027267116609	16.782130961616453	4.0716002917638933e-09	success	180.28176425063975	0	0	0	0	2.2157501417804357e-09	4.627665086890933	16.767882134097395	2.5592949488085812e-08	success	180.27960265692775	0	0	0	0	3.884579441265022e-09	4.6637367803880077	16.90185184941102	2.4137296897027738e-08	success	180.27946030164557	0	0	0	0	-2.7460651353220268e-08	4.6658557286198965	16.909728337654581	-1.3265057563780406e-08	success	180.27960265692775	180.27960265692775	0.94999999999999996	1.5134376084141461e-05	3193935.8397452752	0	2.4117964749065035e-05	0.10000000000000001	0.5775270218345131	0.57751784929614358	10.590434990095126	0	4.7482419174027077	30.275476375235282	5.0626786597711501e-33	4.8109229980066163e-05	52.230661091429781	5.3804374119948887e-41	0	1.2155575576066405e-28	6.0682743295708877e-31	1.2187216509590288e-28	nan	nan	nan	nan	nan	nan	nan	nan	nan	nan	nan	nan	nan	nan	nan	nan	nan	nan	nan	nan	nan	nan	nan	nan	nan	nan	nan	nan	nan	nan	nan	nan	nan	nan	nan	nan	nan	nan	nan	nan	nan	nan	nan	nan	nan	nan	nan	nan	nan	nan	nan	nan	nan	nan	nan	nan	nan	nan	nan	nan	nan	nan	nan	nan	nan	nan	nan	nan	nan	nan	nan	nan	nan	nan	needs_multistep_run	1.218721650959029e-28	typeI_mH125-220/random_20260823_112743.md
2.177690000000000e+02	4.734320000000000e+02	2.055420000000000e+02	5.144580000000000e+03	9.967460000000000e-01	7.826080000000000e+00	1.083312272902897e-25	-2.496524633668014e+01	success	0	0	0	true	2.520701558993212e-01	true	2.259249359028476e+01	true	3.301883810000000e-04	3.479644460000000e-09	9.802687241029389e-01	1.044939368242088e-02	true	1.551912135501043e+00	8.037328097829003e+01	2.495431544051477e+00	2.315026767194842e-01	true	true	7.684942597072804e-01	7.652348673863352e-02	4.692269546612583e-03	3.107212799393231e-02	1.257276411508219e+00	8.064427649950892e-02	5.943221412758304e-03	3.673559586886897e-02	ATLAS:2014vuz	ATLAS:2020tlo	ATLAS:2022enb	ATLAS:2021upq	LHC8 [HW;HZ]>[bb]	LHC13 [ggH>ZZ]	LHC13 [H]->X1->Z(X2->[bb])	LHC13 [Hpmtb>tb]	2.864103022214834e+00	true	all checks passed	1	7.295997025726564e+00	2.525204854167334e-01	5.264453568986238e-01	2.983708264371789e+00	-3.027605928899412e+00	5.144580000000000e+03	7.826080000000000e+00	13719.364800874264	3193.2946431261921	-33.00031240075942	0.46230165798336403	-0.19815410732387864	-0.32403078441817401	0	-0.019235844204006612	0	0	0	success	non_bfb	success	success	401.32299999999998	success	204.26047186829345	7.033011314559911e-09	5.1021853399282699	7.7998834092242797	-2.3292205489910073e-09	0	0	0	0	success	success	204.24830243483052	1.1846693984875347e-08	4.9953751414708067	7.6368721792765237	-6.450715285388539e-09	0	0	0	0	success	204.2484094001926	8.9029630254369306e-10	4.9964260341756459	7.6384786291538562	4.2044084493106917e-10	0	0	0	0	success	204.24721295651824	9.4672429767128898e-09	4.9869193538526675	7.6239958962057131	8.1167156901715834e-09	0	0	0	0	success	204.24712947135765	-9.6739818380165496e-09	4.9861544157036457	7.6228278015097022	1.2751849489218859e-09	0	0	0	0	success	204.24721295651824	204.24721295651824	0.94999999999999996	6.9017545179414672e-07	6042381.4343425473	0	1.1014152419528264e-06	0.10000000000000001	0.57768967815485639	0.57768940233216814	22.69944532291208	0	10.413581965689961	66.429097972062792	5.5471450600281818e-38	4.8150583083129658e-06	114.54940162258956	6.2276678907444369e-47	0	1.2620166226347165e-34	3.2026228025017682e-37	1.263683621472691e-34	0-(0)->1-(1)->2	success	192.71601922956586	0	0	0	0	-3.909215527636123e-09	11.220526667439085	23.569611770423482	-7.9620939191269922e-09	success	success	192.63851232397252	0	0	0	0	3.1644460095880243e-10	11.735216951520735	24.760703934569186	4.4289919327059441e-09	success	192.64092454071883	0	0	0	0	-3.0916762951537224e-09	11.720381692379599	24.726094802676279	-6.3250219677691216e-09	success	192.62222158903319	0	0	0	0	-2.6589421761247417e-09	11.836476658415942	24.997132049252968	-3.9755796734952815e-09	success	192.62085455741445	0	0	0	0	-3.9285951459524787e-09	11.84454195834857	25.016024120823847	4.5731707673412506e-09	success	192.62222158903319	192.62222158903319	0.94999999999999996	6.4992895596950698e-06	355956.10987419996	0	1.0374572316423244e-05	0.10000000000000001	0.57772772105226489	0.57772269224889072	1.2611181290095079	0	0.5643244770201653	3.6001942772696411	7.5950115145785489e-33	2.457490153144998e-06	6.2075692472218194	1.4839333515668233e-40	0	1.0832389534904978e-25	1.4082048554445207e-29	1.0833122729028966e-25	nan	nan	nan	nan	nan	nan	nan	nan	nan	nan	nan	nan	nan	nan	nan	nan	nan	nan	nan	nan	nan	nan	nan	nan	nan	nan	nan	nan	nan	nan	nan	nan	nan	nan	nan	nan	nan	nan	nan	nan	nan	nan	nan	nan	nan	nan	nan	nan	nan	nan	nan	nan	nan	nan	nan	nan	nan	nan	nan	nan	nan	nan	nan	nan	nan	nan	nan	nan	nan	nan	nan	nan	nan	nan	multi_step	1.083312272902897e-25	typeI_mH125-220/random_20260825_011947.md
2.778100000000000e+02	5.272130000000000e+02	2.804520000000000e+02	1.213120000000000e+04	9.978089999999999e-01	5.000250000000000e+00	5.740449272924068e-13	-1.224105411646679e+01	success	0	0	0	true	2.444905026279984e-01	true	2.102234223881167e+01	true	3.281224450000000e-04	3.506395220000000e-09	1.207402500770157e+00	3.781713244766250e-02	true	3.905311774241285e+00	8.034606502289068e+01	2.493799240752818e+00	2.316282075348305e-01	true	true	7.711356614688679e-01	6.459996939967646e-01	7.088659556204586e-03	1.423909545249447e-01	1.261597812854047e+00	4.033191422853134e-01	1.224472371905386e-02	1.042734056712949e-01	ATLAS:2014vuz	ATLAS:2020tlo	ATLAS:2022enb	ATLAS:2021upq	LHC8 [HW;HZ]>[bb]	LHC13 [ggH>ZZ]	LHC13 [H]->X1->Z(X2->[bb])	LHC13 [Hpmtb>tb]	3.187093032282405e+00	true	all checks passed	1	6.645533459430955e+00	2.449272909088940e-01	8.710539560087573e-01	3.036090459631590e+00	-3.550604730566044e+00	1.213120000000000e+04	5.000250000000000e+00	28219.449392609942	4783.3921013368763	2483.3993231717	-6.137413559203666	-0.30110394164977272	-0.69012772567962677	0	0.3972144908189465	0	0	0	success	non_bfb	success	success	443.97500000000002	success	340.47420395945369	6.2244981220836031e-09	14.747931122371609	11.058716275266844	-1.5810409319645077e-08	0	0	0	0	success	success	340.47014398558684	-1.3237308199504736e-08	14.488583239452259	10.863660808220049	-2.1506296344981954e-08	0	0	0	0	success	340.47021763214582	1.973610911193155e-10	14.493458671746536	10.867327676127447	1.5438394601213542e-09	0	0	0	0	success	340.46905671875425	8.7080425481603392e-09	14.413597076335604	10.807257483238967	-9.8122163699930443e-10	0	0	0	0	success	340.46898311886605	1.2198164941786523e-08	14.410154587259161	10.804672055239873	5.1209854063216041e-11	0	0	0	0	success	340.46905671875425	340.46905671875425	0.94999999999999996	4.999528275387567e-06	11669628.370651156	0	7.9695457069667171e-06	0.10000000000000001	0.57755483788156903	0.57755207363701921	73.21914278685199	0	32.827828708304175	209.33421201609298	1.3925687879670089e-35	0.00010989264737877375	361.10611579134593	4.783928596474652e-44	0	1.0117118752048915e-33	7.8040908098003022e-35	1.0543711751435712e-33	0-(0)->1-(1)->2	success	181.54074425215782	0	0	0	0	5.5092651183231648e-09	36.562321138824231	126.59513280681813	-1.5826298733277544e-09	success	success	180.05799306887519	0	0	0	0	5.3826804666935842e-09	38.749788350390418	135.60734551437773	-2.7532777711275146e-09	success	180.10857665700382	0	0	0	0	7.2362124857238347e-10	38.692505910779985	135.36085726207335	1.4682887160773704e-09	success	179.84744034424574	0	0	0	0	-2.438958218672646e-09	38.981968515029024	136.61187670395566	4.9128624459486057e-11	success	179.82429872993748	0	0	0	0	3.3926027656467794e-09	39.006896747982267	136.72025795418037	5.111523332906721e-10	success	179.8474404696112	179.8474404696112	0.94999999999999996	0.00062982487708261906	19687.185540786417	0	0.0010034586429447307	0.10000000000000001	0.57800074220059916	0.57762567475411053	0.065121995932837642	0	0.029039627230039389	0.18521447370411817	7.1478630663674649e-24	1.2239402733816783e-05	0.31943589953043328	4.2865806900789544e-30	0	5.7403995999361066e-13	7.9032853811390059e-18	5.7404492729240683e-13	nan	nan	nan	nan	nan	nan	nan	nan	nan	nan	nan	nan	nan	nan	nan	nan	nan	nan	nan	nan	nan	nan	nan	nan	nan	nan	nan	nan	nan	nan	nan	nan	nan	nan	nan	nan	nan	nan	nan	nan	nan	nan	nan	nan	nan	nan	nan	nan	nan	nan	nan	nan	nan	nan	nan	nan	nan	nan	nan	nan	nan	nan	nan	nan	nan	nan	nan	nan	nan	nan	nan	nan	nan	nan	multi_step	5.740449272924068e-13	typeI_mH220-500/random_20260826_184030.md
2.735400000000000e+02	5.555750000000000e+02	2.642960000000000e+02	1.138510000000000e+04	9.943910000000000e-01	5.213560000000000e+00	9.877077810170920e-12	-1.100537152490966e+01	success	0	0	0	true	2.369209326332532e-01	true	2.239178063278874e+01	true	3.282656820000000e-04	3.504627700000000e-09	1.190891808656858e+00	3.548377654328173e-02	true	4.582116355972401e-01	8.036734689176457e+01	2.495048882112028e+00	2.315264081930321e-01	true	true	7.682761388225555e-01	2.167622608152607e-01	1.626591096834223e-02	5.445103070299431e-02	1.256919560120251e+00	1.894598498307959e-01	2.012579237822372e-02	8.800933883554433e-02	ATLAS:2014vuz	ATLAS:2020tlo	ATLAS:2022enb	CMS:2020imj	LHC8 [HW;HZ]>[bb]	LHC13 [ggH>ZZ]	LHC13 [H]->X1->Z(X2->[bb])	LHC13 [Hpmtb>tb]	4.408437202659997e+00	true	all checks passed	1	7.010855753977903e+00	2.373441976916530e-01	8.519346877356896e-01	3.808901432917617e+00	-4.083596584433169e+00	1.138510000000000e+04	5.213560000000000e+00	35321.500476766574	6839.7298351345662	3195.8218745083691	-8.5427500617279861	-0.42779424337265437	-0.93785333878803245	0	0.53010110385613973	0	-1.862645149230957e-09	0	success	non_bfb	success	success	455.48099999999999	success	271.35897988064994	3.1236868493820004e-09	68.248414034461788	97.688904959922752	1.5636776408811905e-09	0	0	0	0	success	success	270.42868992678291	1.0810444562741736e-09	65.13915224996687	94.568539249482555	-3.1453873208540748e-09	0	0	0	0	success	270.44640100762672	1.311326692522148e-08	65.202371352308532	94.635095906543128	1.0625856290440364e-09	0	0	0	0	success	270.31616320942226	2.2446458468419179e-09	64.732213406357502	94.136884231612996	1.9642860673136525e-09	0	0	0	0	success	270.30611554644179	-5.7672549353001351e-09	64.695419320893535	94.097582581295754	1.3699289057104762e-09	0	0	0	0	success	270.31616320942226	270.31616320942226	0.94999999999999996	0.00012489094926689521	68685.696864724159	0	0.00019918227860511042	0.10000000000000001	0.57769591078487825	0.57763955938104183	0.34189555669572952	0	0.15112577186342915	0.96391471548111118	4.0338774909129852e-27	1.2640041824347346e-05	1.6623834904977206	5.5451676783417112e-34	0	2.9307435916453114e-18	1.9649611131238042e-22	2.9308478298614092e-18	0-(0)->1-(1)->2	success	201.18545531901887	0	0	0	0	1.3515754654913151e-09	49.631104286966249	145.11343846508436	-2.1227844401654753e-09	success	success	195.67360523105225	0	0	0	0	2.1964553992851847e-09	51.169008682052834	156.74821645247212	-4.9234814899115883e-10	success	195.85592291840788	0	0	0	0	4.8316880237502873e-09	51.132145346979001	156.40199441338109	2.9811332032689322e-10	success	195.02984014468097	0	0	0	0	-2.5058244044312976e-09	51.293375958061191	157.95425733687415	-1.1931963361781851e-10	success	194.94793858884708	0	0	0	0	3.909445026593032e-09	51.308572177316918	158.1059050300766	-4.7556190728488065e-10	success	195.02979347331183	195.02979347331183	0.94999999999999996	0.00042165990352255941	6037.2021075375587	0	0.00067203529019285182	0.10000000000000001	0.57787687665063059	0.57762252106647638	0.021656534062986281	0	0.009655313908887235	0.061580981211006226	7.9319872234258339e-24	2.7251995764447045e-06	0.10620845299775959	9.1707443610202807e-30	0	9.8770372532479034e-12	5.075026025482794e-17	9.877077810170485e-12	nan	nan	nan	nan	nan	nan	nan	nan	nan	nan	nan	nan	nan	nan	nan	nan	nan	nan	nan	nan	nan	nan	nan	nan	nan	nan	nan	nan	nan	nan	nan	nan	nan	nan	nan	nan	nan	nan	nan	nan	nan	nan	nan	nan	nan	nan	nan	nan	nan	nan	nan	nan	nan	nan	nan	nan	nan	nan	nan	nan	nan	nan	nan	nan	nan	nan	nan	nan	nan	nan	nan	nan	nan	nan	multi_step	9.877077810170920e-12	typeI_mH220-500/random_20260826_184030.md
3.102360000000000e+02	3.496080000000000e+02	3.606270000000000e+02	1.445030000000000e+04	9.962560000000000e-01	5.684730000000000e+00	5.969769503196029e-36	-3.522404243694811e+01	success	0	0	0	true	2.329702816065250e-01	true	2.280070785846217e+01	true	3.297752160000000e-04	3.484235960000000e-09	1.023801440018442e+00	1.393699116672556e-02	true	1.769967504690915e-01	8.036409563395304e+01	2.494670155574432e+00	2.314866021480756e-01	true	true	7.694503622349028e-01	2.020065126420118e-01	8.212777553942681e-01	8.017712029994405e-02	1.258840619880343e+00	1.971354761375931e-01	9.793097397791394e-01	5.857660467033492e-02	ATLAS:2014vuz	ATLAS:2020tlo	ATLAS:2022enb	CMS:2020imj	LHC8 [HW;HZ]>[bb]	LHC13 [ggH>ZZ]	LHC13 [H]->X1->Z(X2->[bb])	LHC13 [Hpmtb>tb]	4.263318860820561e+00	true	all checks passed	1	7.423234158022679e+00	2.333864887299465e-01	2.218447292688728e+00	-8.789395957034174e-01	-6.202946269348274e-01	1.445030000000000e+04	5.684730000000000e+00	9794.8218482017874	715.59619087416195	-350.00836873946486	-0.22351138033074205	-0.054701562053275955	-0.16115952106120288	0	-0.012212186339048541	0	0	0	success	non_bfb	success	success	666.94100000000003	success	252.48908039793031	6.7669531571015369e-09	3.7053723738964544	5.9773080782450734	6.4449135841071615e-10	0	0	0	0	success	success	252.44786157028051	-1.1053605579564701e-08	3.6433685222776386	5.8800322801914078	-7.9643755060305784e-09	0	0	0	0	success	252.44810233815082	-4.1100319180133611e-09	3.6432697080350445	5.8798541857082736	-3.1010250632502428e-09	0	0	0	0	success	252.44575182609617	-2.0499166953838459e-09	3.6400094090668893	5.8747504893167015	-3.854019703726939e-10	0	0	0	0	success	252.44564773251278	-9.0179850671828949e-09	3.6398223266174701	5.8744553029366955	-3.1734665444672374e-09	0	0	0	0	success	252.4457689635372	252.4457689635372	0.94999999999999996	4.8427809540523299e-08	2170495.0024757301	0	7.7370087623331965e-08	0.10000000000000001	0.57782742427781464	0.57782745941632929	10.087492469685365	0	12.112549279923851	77.295612660471818	1.4306342740540899e-42	3.9320204623772245e-07	133.23804207916234	1.7084163916661587e-51	0	2.0675211223363805e-39	7.5533334851353183e-42	2.0714557711805315e-39	0-(0)->1-(1)->2	success	247.94836207312244	0	0	0	0	1.2447076551364674e-09	3.9383458139843781	6.7256276056027522	-5.2528220074028871e-09	success	success	247.91129576364403	0	0	0	0	-7.2095449467277267e-10	3.9935645874899657	6.8234006267443439	3.5235735894039383e-09	success	247.91189271768866	0	0	0	0	-1.5616741903410627e-08	3.9926152061143823	6.8217221177231995	-1.4372089627093236e-09	success	247.90997566727879	0	0	0	0	-7.2095450962649487e-10	3.9937017659911653	6.8237456595826655	2.8201776657029115e-09	success	247.90923805975956	0	0	0	0	7.0330561431779649e-09	3.9947350436149511	6.8255800943584966	2.0893501408420966e-09	success	247.9054451872756	247.9054451872756	0.94999999999999996	6.6775997600439691e-08	1129033.3990997474	0	1.0669767257335026e-07	0.10000000000000001	0.57784356197937448	0.57784343778291469	5.1522759620892531	0	2.268406435404851	14.476340957126318	2.7128327394994822e-41	1.0154412163613151e-07	24.952470789453358	1.6985324921670816e-49	0	5.9676844100701702e-36	4.0098993111398379e-39	5.9697691438078537e-36	nan	nan	nan	nan	nan	nan	nan	nan	nan	nan	nan	nan	nan	nan	nan	nan	nan	nan	nan	nan	nan	nan	nan	nan	nan	nan	nan	nan	nan	nan	nan	nan	nan	nan	nan	nan	nan	nan	nan	nan	nan	nan	nan	nan	nan	nan	nan	nan	nan	nan	nan	nan	nan	nan	nan	nan	nan	nan	nan	nan	nan	nan	nan	nan	nan	nan	nan	nan	nan	nan	nan	nan	nan	nan	multi_step	5.969769503196029e-36	typeI_mH220-500/random_20260826_184030.md
2.807680000000000e+02	5.603390000000001e+02	2.673720000000000e+02	1.228420000000000e+04	9.960750000000000e-01	5.062710000000000e+00	6.387253036074653e-11	-1.019468587858224e+01	success	0	0	0	true	2.384194689433827e-01	true	2.229712681604515e+01	true	3.280562000000000e-04	3.507380690000000e-09	1.215076893185601e+00	3.915033989151135e-02	true	3.184098524823563e+00	8.037757540696020e+01	2.495624952903959e+00	2.314725431543141e-01	true	true	7.699077645778836e-01	4.458755305610560e-01	1.275859745472659e-02	1.426665386932737e-01	1.259588941899843e+00	2.837523658384956e-01	1.497294356892565e-02	9.673416051718109e-02	ATLAS:2014vuz	ATLAS:2020tlo	ATLAS:2022enb	ATLAS:2021upq	LHC8 [HW;HZ]>[bb]	LHC13 [ggH>ZZ]	LHC13 [H]->X1->Z(X2->[bb])	LHC13 [Hpmtb>tb]	3.655684928156489e+00	true	all checks passed	1	7.008798696890964e+00	2.388454111736634e-01	7.147561219952255e-01	3.893548356235991e+00	-4.120596945403247e+00	1.228420000000000e+04	5.062710000000000e+00	35919.499313987959	6710.2333219716738	3433.064274487298	-8.4985102209657768	-0.43169921430966396	-0.9621994083783133	0	0.5549735649985662	0	3.0267983675003052e-09	0	success	non_bfb	success	success	540.20299999999997	success	297.56369516520567	9.9809932370523376e-09	74.91553752079723	88.04160007850038	-6.7930824464352914e-09	0	0	0	0	success	success	297.00950912132282	-5.9294998636834461e-09	72.290133195675409	85.645239605214726	-2.1271513016918553e-09	0	0	0	0	success	297.01959860441315	-1.5446122632038767e-09	72.34231064044431	85.694247311424689	2.9475128586718418e-09	0	0	0	0	success	296.93502023952215	-5.9668214209925022e-09	71.898597148367614	85.275710087556419	1.3710615324872823e-09	0	0	0	0	success	296.92873076981152	-3.7883477315457078e-09	71.865005027470318	85.243859222704089	1.3476974070388953e-09	0	0	0	0	success	296.93502023952215	296.93502023952215	0.94999999999999996	0.00015818395349889057	120470.02193380706	0	0.00025222789551943768	0.10000000000000001	0.57770037818427666	0.57762160335500012	0.65871137812149194	0	0.2914048132888547	1.8585568813778903	3.4889891912764573e-27	3.0866430639556064e-05	3.205452946177402	4.6290936004705041e-34	0	3.5954420015848121e-19	8.5070516832696223e-23	3.595887051845098e-19	0-(0)->1-(1)->2	success	189.17016369755123	0	0	0	0	1.6131935677300455e-09	47.263915970918397	153.86231545061187	-2.5500287375804925e-10	success	success	184.16822074470232	0	0	0	0	1.0952796275614974e-09	49.058462122185674	165.28729869113511	1.2183569328617332e-09	success	184.33911630117115	0	0	0	0	-5.8937048358169039e-09	49.012420187970186	164.9460802431858	7.4370407274959857e-11	success	183.58520383776374	0	0	0	0	8.0896550990070524e-10	49.209550973461852	166.43175185243254	-8.9678005432881977e-10	success	183.510760232542	0	0	0	0	-5.3027920657951936e-09	49.228200918962017	166.57577094632927	-2.1670611916582617e-09	success	183.5852023825928	183.5852023825928	0.94999999999999996	0.00066836350794966339	6244.1945362385877	0	0.0010647852149287115	0.10000000000000001	0.57800464770307647	0.57762551908082338	0.021084444497533786	0	0.0094037397074258917	0.059976939746265896	4.8329764898770172e-23	4.2057083351424664e-06	0.10344113678168482	5.4005271675566983e-29	0	6.387228377399175e-11	3.0681669979974492e-16	6.3872530360746527e-11	nan	nan	nan	nan	nan	nan	nan	nan	nan	nan	nan	nan	nan	nan	nan	nan	nan	nan	nan	nan	nan	nan	nan	nan	nan	nan	nan	nan	nan	nan	nan	nan	nan	nan	nan	nan	nan	nan	nan	nan	nan	nan	nan	nan	nan	nan	nan	nan	nan	nan	nan	nan	nan	nan	nan	nan	nan	nan	nan	nan	nan	nan	nan	nan	nan	nan	nan	nan	nan	nan	nan	nan	nan	nan	multi_step	6.387253036074653e-11	typeI_mH220-500/random_20260826_184030.md
4.146510000000000e+02	3.379630000000000e+02	3.174050000000000e+02	1.431700000000000e+04	9.933650000000001e-01	1.187150000000000e+01	4.910977054684333e-30	-2.930883209499633e+01	success	0	0	0	true	2.420608058106269e-01	true	1.415665384691485e+01	true	3.317486010000000e-04	3.458631220000000e-09	8.244065580531890e-01	8.858259059263328e-04	true	8.868979843245960e-01	8.037045769734242e+01	2.495168606191846e+00	2.314796717807834e-01	true	true	7.630944826250544e-01	6.849163213308801e-02	6.760136482361681e-01	1.524774019666709e-02	1.248442237059771e+00	5.227384872388185e-02	6.868717988512628e-01	9.447102870054054e-03	ATLAS:2014vuz	ATLAS:2020tlo	ATLAS:2022enb	ATLAS:2021upq	LHC8 [HW;HZ]>[bb]	LHC13 [vbfH>ZZ]	LHC13 [H]->X1->Z(X2->[bb])	LHC13 [Hpmtb>tb]	2.969796161961085e+00	true	all checks passed	1	4.265901016066818e+00	2.424932533785518e-01	1.464606816600030e+00	1.386366983544428e+00	9.410944822555123e-01	1.431700000000000e+04	1.187150000000000e+01	10399.509666145939	1474.4998587700479	240.05715978608757	-6.3595887389617225	-0.083525056992147753	-0.18432017441578402	0	0.0050017615605126957	0	0	0	success	non_bfb	success	success	1061.1800000000001	success	240.32357732430319	9.1509964107602769e-10	585.24515811541983	11.434645768692745	1.6160796868351465e-09	0	0	0	0	success	not_met	nan	nan	nan	nan	nan	nan	nan	nan	nan	not_met	nan	nan	nan	nan	nan	nan	nan	nan	nan	not_met	nan	nan	nan	nan	nan	nan	nan	nan	nan	not_met	nan	nan	nan	nan	nan	nan	nan	nan	nan	not_set	nan	nan	nan	nan	nan	nan	nan	nan	nan	nan	nan	nan	nan	nan	nan	nan	nan	nan	nan	nan	nan	nan	0	true_lower	190.60595141432958	-1.2956605245116234e-10	571.88399407419774	11.801390599150785	3.4216937432034671e-11	-1.0493641573028083e-08	2.4012007945875995	10.875236740722151	-1.4299380805642141e-08	success	not_met	nan	nan	nan	nan	nan	nan	nan	nan	nan	not_met	nan	nan	nan	nan	nan	nan	nan	nan	nan	not_met	nan	nan	nan	nan	nan	nan	nan	nan	nan	not_met	nan	nan	nan	nan	nan	nan	nan	nan	nan	not_set	nan	nan	nan	nan	nan	nan	nan	nan	nan	nan	nan	nan	nan	nan	nan	nan	nan	nan	nan	nan	nan	nan	success	190.58273270762703	0	0	0	0	-6.4455516299382476e-09	3.1690931573302694	14.378070302064616	-8.021532578867799e-09	success	success	190.57779839444356	0	0	0	0	4.6292151846533152e-09	3.2485366857317213	14.741633497089715	-7.436112329739071e-09	success	190.57794574832513	0	0	0	0	-5.117621794111937e-11	3.2462639667067008	14.731229301565245	-9.2231714825301566e-09	success	190.57644232802758	0	0	0	0	-4.5879983131677696e-09	3.2689425458440615	14.835058222818322	-3.0534974573957787e-09	success	190.5763450289424	0	0	0	0	5.3362013046274107e-09	3.2704024006308576	14.841742517424045	3.3473747516901009e-09	success	190.57644232802758	190.57644232802758	0.94999999999999996	1.1268808443058396e-05	4935859.2614049222	0	1.7979609531180593e-05	0.10000000000000001	0.57767305573498906	0.57766637304079149	17.301552514218763	0	7.7637819818774414	49.522742164190909	8.8991683024385447e-34	5.8606566128024838e-05	85.401601800651875	6.9293316667615043e-42	0	4.8859726206786147e-30	4.7796758814078472e-32	4.9109770546843331e-30	needs_multistep_run	4.910977054684333e-30	typeI_mH220-500/random_20260828_001210.md
2.757080000000000e+02	4.339180000000000e+02	2.759480000000000e+02	7.513790000000000e+03	9.957790000000000e-01	9.581510000000000e+00	8.997087881848604e-25	-2.404589803739393e+01	success	0	0	0	true	2.476137507533294e-01	true	1.936808212639793e+01	true	3.266567020000000e-04	3.123659070000000e-09	1.382889101154585e+00	1.266330589693992e+00	true	1.592570121715491e+00	8.035259764116556e+01	2.494175666506610e+00	2.315819845385725e-01	true	true	7.716040537248804e-01	8.856929933246765e-02	2.717078911808558e-02	3.234536840269090e-02	3.881670967589149e+00	7.147150431355193e-02	1.837539237294123e-02	2.439768662669743e-02	CMS:2012qwq	ATLAS:2020tlo	ATLAS:2022enb	ATLAS:2021upq	LHC8 [vbfH;HW;Htt;H;HZ]>[bb;tautau;WW;ZZ;gamgam]	LHC13 [vbfH>ZZ]	LHC13 [H]->X1->Z(X2->[bb])	LHC13 [Hpmtb>tb]	3.116538358876767e+00	true	all checks passed	1	6.153647846514356e+00	2.480561187936218e-01	1.197246564678789e+00	1.797340937818914e+00	-1.908704802811664e+00	7.513790000000000e+03	9.581510000000000e+00	14340.298425427041	1955.8770658237247	353.78539403780235	-5.4079209391477052	-0.11136961288332752	-0.23877214518511292	0	0.10528845021762925	0	0	0	success	non_bfb	success	success	306.92200000000003	success	356.60946450464428	1.0069385215770085e-09	7.8916137275593226	2.9480941948730273	2.9627701363509179e-09	0	0	0	0	failure	nan	nan	nan	nan	nan	nan	nan	nan	nan	nan	nan	nan	nan	nan	nan	nan	nan	nan	nan	nan	nan	nan	nan	nan	nan	nan	nan	nan	nan	nan	nan	nan	nan	nan	nan	nan	nan	nan	nan	nan	not_set	nan	nan	nan	nan	nan	nan	nan	nan	nan	nan	nan	nan	nan	nan	nan	nan	nan	nan	nan	nan	nan	nan	0	success	189.24457578634497	0	0	0	0	1.455905744023299e-08	6.7680731455033314	30.730115393505155	4.4550196340827848e-09	success	success	189.21795940856819	0	0	0	0	-1.3005056659447736e-09	7.0684507081327483	32.123896058606142	5.6281273589393401e-10	success	189.21879843177072	0	0	0	0	2.4209611996426065e-08	7.0597195960066976	32.083317926340719	-2.3631833832233312e-09	success	189.21158767753474	0	0	0	0	-8.6673289990206179e-09	7.1335265119198805	32.426462548765116	3.7506765671181746e-09	success	189.21108552495139	0	0	0	0	1.0693925789837136e-09	7.1385015624674022	32.449604031294747	-4.4680640194752425e-09	success	189.21158773710204	189.21158773710204	0.94999999999999996	4.1376031598886741e-05	950338.28881852515	0	6.6083887739870923e-05	0.10000000000000001	0.57782505233006387	0.57779921361193554	3.3073400512033988	0	1.4822636324346876	9.4582715990340862	1.1403932045519249e-30	4.1104081131250296e-05	16.304899956781565	3.412638760888799e-38	0	8.9906735538281365e-25	1.2329495870043677e-27	8.9970878818486037e-25	nan	nan	nan	nan	nan	nan	nan	nan	nan	nan	nan	nan	nan	nan	nan	nan	nan	nan	nan	nan	nan	nan	nan	nan	nan	nan	nan	nan	nan	nan	nan	nan	nan	nan	nan	nan	nan	nan	nan	nan	nan	nan	nan	nan	nan	nan	nan	nan	nan	nan	nan	nan	nan	nan	nan	nan	nan	nan	nan	nan	nan	nan	nan	nan	nan	nan	nan	nan	nan	nan	nan	nan	nan	nan	needs_multistep_run	8.997087881848604e-25	typeI_mH220-500/random_20260830_180625.md
3.074560000000000e+02	5.553840000000000e+02	3.083410000000000e+02	1.479420000000000e+04	9.961570000000000e-01	5.537530000000000e+00	1.142452401693725e-12	-1.194216188501074e+01	success	0	0	0	true	2.317246638693114e-01	true	2.026786272440792e+01	true	3.246024250000000e-04	3.148511770000000e-09	1.648868880555753e+00	1.080798487854135e+00	true	2.917284682496419e+00	8.034847707055140e+01	2.493946178228031e+00	2.316130484949593e-01	true	true	7.804786929335281e-01	1.961523476197031e-01	1.414325039934437e-02	1.212227570509855e-01	3.926316183224990e+00	2.057905435871971e-01	1.753464841270471e-02	7.517465138716800e-02	CMS:2012qwq	ATLAS:2020tlo	ATLAS:2022enb	ATLAS:2021upq	LHC8 [vbfH;HW;Htt;H;HZ]>[bb;tautau;WW;ZZ;gamgam]	LHC13 [ggH>ZZ]	LHC13 [H]->X1->Z(X2->[bb])	LHC13 [Hpmtb>tb]	3.433299818486688e+00	true	all checks passed	1	6.255197836108588e+00	2.321386456660873e-01	1.069777402980623e+00	3.352799153486246e+00	-3.699128111204084e+00	1.479420000000000e+04	5.537530000000000e+00	34920.928116937197	5668.5687701168117	3483.6335294180135	-10.783927450681972	-0.3763258247998244	-0.89160338512724058	0	0.61298074712067696	0	-1.1641532182693481e-09	0	success	non_bfb	success	success	422.416	false_lower	-1	nan	nan	nan	nan	nan	nan	nan	nan	not_set	nan	nan	nan	nan	nan	nan	nan	nan	nan	nan	nan	nan	nan	nan	nan	nan	nan	nan	nan	nan	nan	nan	nan	nan	nan	nan	nan	nan	nan	nan	nan	nan	nan	nan	nan	nan	nan	nan	nan	nan	not_set	nan	nan	nan	nan	nan	nan	nan	nan	nan	nan	nan	nan	nan	nan	nan	nan	nan	nan	nan	nan	nan	nan	0	success	167.94056474880603	-1.6229227002025203e-09	438.82329895852649	57.479078386273599	-1.4228496327726706e-10	-4.2139889460758514e-09	41.461830266154948	178.84061358567581	1.0889136469172499e-10	success	not_met	nan	nan	nan	nan	nan	nan	nan	nan	nan	not_met	nan	nan	nan	nan	nan	nan	nan	nan	nan	not_met	nan	nan	nan	nan	nan	nan	nan	nan	nan	not_met	nan	nan	nan	nan	nan	nan	nan	nan	nan	not_set	nan	nan	nan	nan	nan	nan	nan	nan	nan	nan	nan	nan	nan	nan	nan	nan	nan	nan	nan	nan	nan	nan	success	183.72161416992998	0	0	0	0	-2.126423863576755e-09	33.709733832820625	133.7307515176613	3.292285120838435e-09	success	success	182.00563526582965	0	0	0	0	1.3569500627161369e-09	35.526457772982553	142.54126460135686	7.4063789307511832e-09	success	182.06387321941179	0	0	0	0	1.8400018291135541e-09	35.475577426785271	142.28552983982763	1.9502956901310347e-09	success	181.76691082316756	0	0	0	0	-5.6501344457195124e-09	35.729508949689667	143.5675341270024	1.3761634657535551e-09	success	181.74030386586799	0	0	0	0	-1.7489222638788219e-09	35.751612278285698	143.67980951001709	-4.7736914749768881e-10	success	181.76691082316756	181.76691082316756	0.94999999999999996	0.00066056063466273895	17307.827243089261	0	0.0010532168891562374	0.10000000000000001	0.57811239920953827	0.57772491858526287	0.057863144737015815	0	0.025800031612411383	0.1645962304181538	1.0382510490296454e-23	1.1408757890169966e-05	0.28380034773652518	6.7215507457271746e-30	0	1.1424434310852005e-12	1.3947941284882127e-17	1.1424524016937252e-12	needs_multistep_run	1.142452401693725e-12	typeI_mH220-500/random_20260826_184019.md
1.433760000000000e+02	4.416760000000000e+02	4.465980000000000e+02	1.619730000000000e+03	9.962340000000000e-01	1.155540000000000e+01	3.085836967320437e-05	-4.510627022557853e+00	success	0	0	0	true	2.573365126611081e-01	true	1.759886211033085e+01	true	3.273324370000000e-04	3.115352990000000e-09	1.300507718445902e+00	1.331612619523663e+00	true	2.429132926673179e+00	8.037483032807144e+01	2.495213978999073e+00	2.314038852152599e-01	true	true	7.695645537807310e-01	2.127801302530810e-01	9.601329326742370e-03	1.539881347489889e-04	3.871410954460152e+00	2.729835883259162e-01	7.105218755168597e-03	1.125499729086699e-04	CMS:2012qwq	CMS:2012vga	ATLAS:2022enb	ATLAS:2021upq	LHC8 [vbfH;HW;Htt;H;HZ]>[bb;tautau;WW;ZZ;gamgam]	LHC8 [HW;HZ]>[tautau]	LHC13 [H]->X1->Z(X2->[bb])	LHC13 [Hpmtb>tb]	5.895008432334748e+00	true	all checks passed	1	4.090433155869763e+00	2.577962506540719e-01	6.280502177239717e+00	-3.056465387017934e+00	-2.911971876937954e+00	1.619730000000000e+03	1.155540000000000e+01	19962.497063483843	10118.827881118992	85.159126623194709	-2.1776165924698514	-0.45867861746841559	-0.65768017500726239	0	-0.012225742816254763	0	0	0	success	non_bfb	success	success	471.41699999999997	success	314.36796182348849	-1.3419108377246112e-08	7.95093214767408	1.8084111433015388	-1.0002914219488863e-08	0	0	0	0	failure	nan	nan	nan	nan	nan	nan	nan	nan	nan	nan	nan	nan	nan	nan	nan	nan	nan	nan	nan	nan	nan	nan	nan	nan	nan	nan	nan	nan	nan	nan	nan	nan	nan	nan	nan	nan	nan	nan	nan	nan	not_set	nan	nan	nan	nan	nan	nan	nan	nan	nan	nan	nan	nan	nan	nan	nan	nan	nan	nan	nan	nan	nan	nan	0	success	174.86797434279623	0	0	0	0	2.4902279761176151e-09	32.878783354955125	227.1136022681811	-1.5048611887438227e-09	success	success	138.52051028608321	0	0	0	0	3.2356853918601182e-09	27.402824091909853	242.46061255423172	-4.8519642585234605e-09	success	140.36685797804165	0	0	0	0	1.4551986438166244e-09	27.630278314665716	242.0210980509373	6.2062104090705892e-09	success	135.7424585366829	0	0	0	0	9.0759761713464573e-10	27.072214926352068	243.08617896150264	6.9818303203902384e-09	success	135.10112661547248	0	0	0	0	4.8725062602093003e-09	26.997825105243745	243.22461141091867	1.161150179614355e-09	success	135.74245660843835	135.74245660843835	0.94999999999999996	0.0038103350749109253	523.57239045533981	0	0.0059959208112093498	0.10000000000000001	0.57748505051259957	0.57678910744420941	0.001305890171225896	0	0.00059493168626045855	0.0037859633334720202	5.7928312344874117e-19	1.5052098888307586e-06	0.0065442485488650436	7.5548328753318643e-24	0	3.0857944138521419e-05	4.3349176564193142e-10	3.0858369673204369e-05	nan	nan	nan	nan	nan	nan	nan	nan	nan	nan	nan	nan	nan	nan	nan	nan	nan	nan	nan	nan	nan	nan	nan	nan	nan	nan	nan	nan	nan	nan	nan	nan	nan	nan	nan	nan	nan	nan	nan	nan	nan	nan	nan	nan	nan	nan	nan	nan	nan	nan	nan	nan	nan	nan	nan	nan	nan	nan	nan	nan	nan	nan	nan	nan	nan	nan	nan	nan	nan	nan	nan	nan	nan	nan	needs_multistep_run	3.085836967320437e-05	typeI_mH125-220/random_20260816_064945.md
1.406828976020401e+02	4.535781186858828e+02	4.531857350344708e+02	1.933319069549536e+03	9.977670156652924e-01	8.426060895038997e+00	2.229846115862524e-04	-3.651725107058452e+00	success	10	40	0	true	2.577110264099429e-01	true	1.803964614825097e+01	true	3.268877850000000e-04	3.120636560000000e-09	1.354432277579574e+00	1.289896261695999e+00	true	2.425913390240027e-01	8.036296341394866e+01	2.494534565646895e+00	2.314670490344865e-01	true	true	7.724807014814744e-01	7.698898127247247e-01	6.479898933835504e-01	5.075758361684475e-04	3.886081076801440e+00	1.260128373112677e+00	7.581478626308937e-01	3.749841014085698e-04	CMS:2012qwq	ATLAS:2014vuz	ATLAS:2020gxx	ATLAS:2021upq	LHC8 [vbfH;HW;Htt;H;HZ]>[bb;tautau;WW;ZZ;gamgam]	LHC8 [HW;HZ]>[bb]	LHC13 [ggH]->X1->Z(X2->[bb])	LHC13 [Hpmtb>tb]	6.007997727186392e+00	true	all checks passed	1	4.152755278170595e+00	2.581714334809067e-01	6.484436310566678e+00	-3.114908482649160e+00	-3.126667333594073e+00	1.933319069549536e+03	8.426060895038997e+00	22042.994514335442	11098.659741844878	192.0784389553701	-2.2170483167154793	-0.51088021635764458	-0.74227171100197731	0	-0.00014314248343901071	0	0	0	success	non_bfb	success	success	440.40100000000001	success	301.08003796366881	-1.521694579153942e-08	10.18183563243451	3.4838936843836961	1.0205199742227663e-09	0	0	0	0	failure	nan	nan	nan	nan	nan	nan	nan	nan	nan	nan	nan	nan	nan	nan	nan	nan	nan	nan	nan	nan	nan	nan	nan	nan	nan	nan	nan	nan	nan	nan	nan	nan	nan	nan	nan	nan	nan	nan	nan	nan	not_set	nan	nan	nan	nan	nan	nan	nan	nan	nan	nan	nan	nan	nan	nan	nan	nan	nan	nan	nan	nan	nan	nan	0	success	187.69282785019755	0	0	0	0	-2.6644643763244409e-09	49.797549041661888	229.70605797022068	1.9471339654492077e-09	success	success	122.44425735504254	0	0	0	0	1.4379732592188315e-09	35.69872449008723	246.92622613211057	-2.0546503896001699e-10	success	127.44166083281038	0	0	0	0	-4.2941811683127987e-09	36.432711296635404	246.43679810858222	2.4457684358379593e-09	success	118.01075734643783	0	0	0	0	-7.0178024478511976e-10	35.0901780656353	247.28869364118194	3.6303743333539595e-09	success	116.29262167819635	0	0	0	0	1.827275772277425e-09	34.8654687990906	247.37396158917059	8.3169282978935426e-10	success	118.01072881865878	118.01072881865878	0.94999999999999996	0.0061177616678238936	155.80243294091852	0	0.009620230084052727	0.10000000000000001	0.5774639278986119	0.57720697717238223	0.00033758521698323363	0	0.00016746728865994567	0.0010669051892403213	1.1825006790775451e-17	6.7926752682306365e-07	0.0018421401752594024	4.76029936587674e-22	0	0.00022296761604446497	1.9588129710518071e-08	0.00022298461158625239	nan	nan	nan	nan	nan	nan	nan	nan	nan	nan	nan	nan	nan	nan	nan	nan	nan	nan	nan	nan	nan	nan	nan	nan	nan	nan	nan	nan	nan	nan	nan	nan	nan	nan	nan	nan	nan	nan	nan	nan	nan	nan	nan	nan	nan	nan	nan	nan	nan	nan	nan	nan	nan	nan	nan	nan	nan	nan	nan	nan	nan	nan	nan	nan	nan	nan	nan	nan	nan	nan	nan	nan	nan	nan	needs_multistep_run	2.229846115862524e-04	typeI_mH125-220/async_mcmc_20260903_011320.md
2.042050000000000e+02	4.161660000000000e+02	4.208480000000000e+02	5.475830000000000e+03	9.970770000000000e-01	5.936930000000000e+00	1.431062978380617e-12	-1.184434125333922e+01	success	0	0	0	true	2.530065813501984e-01	true	1.928391642821752e+01	true	3.257535660000000e-04	3.134232850000000e-09	1.496943749906809e+00	1.185599203556748e+00	true	1.109265904284823e+00	8.037038005948789e+01	2.494965651210277e+00	2.314351114366995e-01	true	true	7.779830849452612e-01	1.902103312288734e-01	6.030108472708369e-02	4.396675623136186e-03	3.913761649552214e+00	1.328921233436837e-01	4.039282890670456e-02	3.102873488939570e-03	CMS:2012qwq	CMS:2018amk	ATLAS:2022enb	ATLAS:2021upq	LHC8 [vbfH;HW;Htt;H;HZ]>[bb;tautau;WW;ZZ;gamgam]	LHC13 [vbfH;H]>[ZZ]	LHC13 [H]->X1->Z(X2->[bb])	LHC13 [Hpmtb>tb]	6.112698745122998e+00	true	all checks passed	1	5.377286667738105e+00	2.534585838146515e-01	5.064482245452563e+00	-2.439024153173428e+00	-2.309508007096357e+00	5.475830000000000e+03	5.936930000000000e+00	14793.148024024023	6293.2373994643185	-382.10846281489506	0.80233256696207578	-0.27673609439169605	-0.52389320003596751	0	-0.01156099192219949	0	0	0	success	non_bfb	success	success	395.42700000000002	success	254.13973821148676	-8.6723449303021162e-09	7.0776758013598027	8.9055090847802401	3.2108382129595134e-09	0	0	0	0	success	success	254.13221535596006	-6.6909120352543966e-09	6.9202197225832345	8.7042437834421076	-2.129704917194357e-08	0	0	0	0	success	254.13227067605249	4.5795254749725831e-09	6.9215089632454099	8.7058919818689819	-1.0099071896011553e-08	0	0	0	0	success	254.13151170184437	-7.8431847684533685e-09	6.9048240840082498	8.6845715744731873	-3.9912193054797816e-09	0	0	0	0	success	254.13146083860329	-2.1870989018564889e-08	6.9047852501561469	8.6845314810813647	-6.7969297735565772e-09	0	0	0	0	success	254.13151170184437	254.13151170184437	0.94999999999999996	1.3149553010738893e-06	12501020.486683127	0	2.0952011320167892e-06	0.10000000000000001	0.5774980500524749	0.57749737708070303	58.489365117724233	0	26.439284891618197	168.57143481429242	1.7213577154738047e-37	2.3273625390555889e-05	290.83213380780018	1.9646390566022987e-46	0	2.3941719974215734e-35	3.9793629723934918e-37	2.4150874217274594e-35	0-(0)->1-(1)->2	success	223.17373138450037	0	0	0	0	2.6754527721035985e-09	49.51884171440598	146.47397576289967	6.0605625159317633e-09	success	success	217.80980324444278	0	0	0	0	-4.2981602530140357e-09	50.980080080371216	161.3032335857481	-2.9353151756972813e-09	success	217.99367179079127	0	0	0	0	2.674143285222979e-09	50.948000692332094	160.87329925534581	-3.933023805799315e-10	success	217.09870182973833	0	0	0	0	-9.1682153978334659e-10	51.095861996505477	162.92814943246174	4.4654874291633175e-09	success	217.00923589113336	0	0	0	0	1.6417349865246833e-09	51.109540222499433	163.12849766486511	-4.2100346364719347e-09	success	217.09870310896795	217.09870310896795	0.94999999999999996	0.00028101326165364156	6125.7419442558958	0	0.00044704574930354952	0.10000000000000001	0.57754761081511674	0.57736306818419258	0.024462211203144436	0	0.010946729874123273	0.069768939230891086	1.5311401051467215e-24	2.0573541029441962e-06	0.12041402861535601	1.738009076257858e-30	0	1.4310563796598007e-12	8.487851996261765e-18	1.4310629783806165e-12	nan	nan	nan	nan	nan	nan	nan	nan	nan	nan	nan	nan	nan	nan	nan	nan	nan	nan	nan	nan	nan	nan	nan	nan	nan	nan	nan	nan	nan	nan	nan	nan	nan	nan	nan	nan	nan	nan	nan	nan	nan	nan	nan	nan	nan	nan	nan	nan	nan	nan	nan	nan	nan	nan	nan	nan	nan	nan	nan	nan	nan	nan	nan	nan	nan	nan	nan	nan	nan	nan	nan	nan	nan	nan	multi_step	1.431062978380617e-12	typeI_mH125-220/random_20260823_112730.md
1.388223784407296e+02	3.744124708009005e+02	3.763205868713574e+02	1.408940150113066e+03	9.984361360864927e-01	1.246268428399172e+01	8.699873380230022e-10	-9.060487068147768e+00	success	4	215	0	true	2.575535651041871e-01	true	1.611779757990980e+01	true	3.273206440000000e-04	3.115536070000000e-09	1.301923757824756e+00	1.330156010357253e+00	true	5.360348714438460e-01	8.036694296076593e+01	2.494770957211971e+00	2.314479257831143e-01	true	true	7.689516891528488e-01	7.693817495332373e-01	1.819774075748541e-01	2.101215447874455e-04	3.868327846198047e+00	1.258894135961006e+00	2.333558535702864e-01	1.363680125012262e-04	CMS:2012qwq	ATLAS:2014vuz	ATLAS:2020gxx	ATLAS:2021upq	LHC8 [vbfH;HW;Htt;H;HZ]>[bb;tautau;WW;ZZ;gamgam]	LHC8 [HW;HZ]>[bb]	LHC13 [ggH]->X1->Z(X2->[bb])	LHC13 [Hpmtb>tb]	5.205662191290429e+00	true	all checks passed	1	4.418001582708856e+00	2.580136908666653e-01	4.370061774244830e+00	-2.071806480035966e+00	-2.024464097460524e+00	1.408940150113066e+03	1.246268428399172e+01	13439.56553767347	4523.8860624478248	113.35797649199255	-3.7984542053617085	-0.17388537233715595	-0.25229068162862656	0	-0.0021334280695925489	0	0	0	success	non_bfb	success	success	314.20499999999998	success	344.78523870764843	-9.1693704767212581e-10	66.969223141318906	6.4467998141557938	-1.7648964232869143e-08	0	0	0	0	success	not_met	nan	nan	nan	nan	nan	nan	nan	nan	nan	not_met	nan	nan	nan	nan	nan	nan	nan	nan	nan	success	344.6459101287175	5.482036444779137e-09	66.207971393916111	6.3774790822609342	5.9112768218494503e-09	0	0	0	0	success	344.64427771133887	9.2158140368394844e-09	66.19889759466453	6.3766506218636856	7.9504360600698115e-09	0	0	0	0	success	344.6459101287175	344.6459101287175	0.94999999999999996	4.5632671026537185e-05	536635.54014888196	0	7.2635825145819739e-05	0.10000000000000001	0.57740876299976251	0.57738227936980069	3.4086179648839661	0	1.5152779646291858	9.6581159905862179	4.4255455330380674e-30	4.6263879361019359e-05	16.668057610921046	1.5920928847294322e-37	0	3.2697894529409882e-24	5.6267360104408595e-27	3.2727173987460782e-24	0-(0)->1-(1)->2	success	163.37893344982083	0	0	0	0	-4.1992122569201524e-09	21.119064726971615	167.3069832941575	-1.5107884854264569e-08	success	success	160.00989425028894	0	0	0	0	7.7126392046125677e-10	22.303843339126832	179.13799484185097	4.0934838673941849e-09	success	160.13230309137657	0	0	0	0	-1.0067731711886825e-08	22.272734496279405	178.77902762406657	6.0224350780800354e-09	success	159.61043215309863	0	0	0	0	7.7838098387555038e-09	22.400877818816021	180.28277841714561	3.9902726243145875e-09	success	159.56037465911945	0	0	0	0	-1.0737702460283657e-08	22.412572752684127	180.4234698441789	-8.2594141285357635e-09	success	159.61043215309863	159.61043215309863	0.94999999999999996	0.0017041756614999902	8080.9049661865974	0	0.0026870502973959333	0.10000000000000001	0.57748081165731469	0.576576816751312	0.02371526667183417	0	0.010566883912803091	0.067206189702994343	8.5594412207135945e-22	1.1981702635856845e-05	0.116235723040834	1.335742914539106e-27	0	8.6998204363583869e-10	6.7568988942730828e-15	8.699873380230022e-10	nan	nan	nan	nan	nan	nan	nan	nan	nan	nan	nan	nan	nan	nan	nan	nan	nan	nan	nan	nan	nan	nan	nan	nan	nan	nan	nan	nan	nan	nan	nan	nan	nan	nan	nan	nan	nan	nan	nan	nan	nan	nan	nan	nan	nan	nan	nan	nan	nan	nan	nan	nan	nan	nan	nan	nan	nan	nan	nan	nan	nan	nan	nan	nan	nan	nan	nan	nan	nan	nan	nan	nan	nan	nan	multi_step	8.699873380230022e-10	typeI_mH125-220/async_mcmc_20260903_095854.md
1.275144128611304e+02	3.571137406716897e+02	3.440201236964174e+02	1.322405579315713e+03	9.953291472533666e-01	1.019652748437315e+01	5.653572264843455e-12	-1.124767705223936e+01	success	8	157	0	true	2.580548505278887e-01	true	1.654089933523532e+01	true	3.269854590000000e-04	3.119588650000000e-09	1.342493117564214e+00	1.298117243862336e+00	true	5.769897591693919e+00	8.034199051197730e+01	2.493365506160937e+00	2.315827116103046e-01	true	true	7.707761913051736e-01	7.550763873387178e-01	1.294202876297025e-02	5.172291883852329e-04	3.877506280397291e+00	2.247508778207469e+00	1.524468814414628e-02	3.757761029677623e-04	CMS:2012qwq	CMS:2013zmy	ATLAS:2022enb	CMS:2020imj	LHC8 [vbfH;HW;Htt;H;HZ]>[bb;tautau;WW;ZZ;gamgam]	LHC8 [ggH;vbfH;HW;HZ]>[WW]	LHC13 [H]->X1->Z(X2->[bb])	LHC13 [Hpmtb>tb]	5.077840387547724e+00	true	all checks passed	1	4.815128500529492e+00	2.585158718490742e-01	3.686282334745353e+00	-1.579017625855311e+00	-1.882420966077021e+00	1.322405579315713e+03	1.019652748437315e+01	12216.283765126365	3217.452039754759	175.65985341489241	-2.9765249934561853	-0.11705922509242342	-0.15948522767357962	0	0.0001584085188816563	0	0	0	success	non_bfb	success	success	261.96499999999997	success	290.88846578753373	-6.8316348269575041e-09	7.175714017504891	1.0066990362069543	-6.5312859700153505e-09	0	0	0	0	failure	nan	nan	nan	nan	nan	nan	nan	nan	nan	nan	nan	nan	nan	nan	nan	nan	nan	nan	nan	nan	nan	nan	nan	nan	nan	nan	nan	nan	nan	nan	nan	nan	nan	nan	nan	nan	nan	nan	nan	nan	not_set	nan	nan	nan	nan	nan	nan	nan	nan	nan	nan	nan	nan	nan	nan	nan	nan	nan	nan	nan	nan	nan	nan	0	success	167.30728489303596	0	0	0	0	1.1692854429326948e-08	24.48186979295323	138.53250608758057	7.8015750307160446e-10	success	success	165.85308370421399	0	0	0	0	1.2940325095589656e-09	26.270067437656131	148.22504307072157	9.5973597572490349e-09	success	165.90465858115471	0	0	0	0	-1.3711874030560362e-09	26.220790477516804	147.94063413367172	-6.5575368383411626e-09	success	165.65159553315698	0	0	0	0	-1.9834907559651646e-09	26.456271298615562	149.31039960481542	6.2215607924538976e-09	success	165.62912348495854	0	0	0	0	2.7995976818055481e-09	26.47644168448004	149.42901716956939	-2.140675605891186e-09	success	165.65159369421056	165.65159369421056	0.94999999999999996	0.0011033858820647452	18680.67715858842	0	0.0017449501558855272	0.10000000000000001	0.57745226489713453	0.57681340924998381	0.056904795399749714	0	0.025365296598513803	0.16142750279530954	4.8995853591394189e-23	1.8655288502275665e-05	0.27901826258365181	4.4194400655119082e-29	0	5.6535120672390258e-12	9.3278966403418554e-17	5.653572264843455e-12	nan	nan	nan	nan	nan	nan	nan	nan	nan	nan	nan	nan	nan	nan	nan	nan	nan	nan	nan	nan	nan	nan	nan	nan	nan	nan	nan	nan	nan	nan	nan	nan	nan	nan	nan	nan	nan	nan	nan	nan	nan	nan	nan	nan	nan	nan	nan	nan	nan	nan	nan	nan	nan	nan	nan	nan	nan	nan	nan	nan	nan	nan	nan	nan	nan	nan	nan	nan	nan	nan	nan	nan	nan	nan	needs_multistep_run	5.653572264843455e-12	typeI_mH125-220/async_mcmc_20260903_095854.md
1.282618807815031e+02	4.296829050058250e+02	4.375522618912491e+02	1.585013878844218e+03	9.947814968232094e-01	7.532032962602809e+00	2.571230406654532e-05	-4.589859004704800e+00	success	3	68	1	true	2.587587549829926e-01	true	1.781037278721654e+01	true	3.265997140000000e-04	3.124089910000000e-09	1.389952390254289e+00	1.262989141067873e+00	true	5.563063582821706e+00	8.038189236679179e+01	2.495594621610049e+00	2.313647761636005e-01	true	true	7.753458846121032e-01	7.567326016042198e-01	7.445843204512466e-01	8.383007724451787e-04	3.900494814159737e+00	2.252570931690594e+00	4.794470702996966e-01	6.045320697557062e-04	CMS:2012qwq	CMS:2013zmy	ATLAS:2022enb	ATLAS:2021upq	LHC8 [vbfH;HW;Htt;H;HZ]>[bb;tautau;WW;ZZ;gamgam]	LHC8 [ggH;vbfH;HW;HZ]>[WW]	LHC13 [H]->X1->Z(X2->[bb])	LHC13 [Hpmtb>tb]	5.559074107812847e+00	true	all checks passed	1	4.304393007207823e+00	2.592210338467555e-01	6.123449075609662e+00	-3.075678361745649e+00	-2.850131959739454e+00	1.585013878844218e+03	7.532032962602809e+00	20317.331075857397	9603.9682232546966	225.32753436714347	-1.8570601374681697	-0.41881348975539356	-0.60565342485276907	0	-0.015277734556017516	0	-1.3969838619232178e-09	0	success	non_bfb	success	success	313.92000000000002	success	281.54249168856916	-2.827831069353781e-09	6.0101174612492381	1.708712880753624	-7.2146727977894296e-09	0	0	0	0	failure	nan	nan	nan	nan	nan	nan	nan	nan	nan	nan	nan	nan	nan	nan	nan	nan	nan	nan	nan	nan	nan	nan	nan	nan	nan	nan	nan	nan	nan	nan	nan	nan	nan	nan	nan	nan	nan	nan	nan	nan	not_set	nan	nan	nan	nan	nan	nan	nan	nan	nan	nan	nan	nan	nan	nan	nan	nan	nan	nan	nan	nan	nan	nan	0	success	179.22638111297761	0	0	0	0	3.4936296575195933e-09	54.772883846322301	221.32953560614044	7.6367498757960729e-10	success	success	140.19613426379107	0	0	0	0	1.6945385153823458e-09	44.869984980317625	239.55559789983411	1.1276601474339667e-09	success	142.13851239287766	0	0	0	0	1.8370893903219315e-09	45.303315116481976	238.98640789819993	-4.1458279602150636e-09	success	137.29509312747882	0	0	0	0	-9.1817080743779568e-10	44.22783524186125	240.31433863069498	4.9990718124775691e-10	success	136.61991928280429	0	0	0	0	-6.3435815460488376e-10	44.080699430948144	240.48139504796981	-1.8644908712259991e-09	success	137.29507905298902	137.29507905298902	0.94999999999999996	0.0036039033242956436	502.59721097497123	0	0.0056699618893071195	0.10000000000000001	0.57739580664919399	0.57671964004173193	0.0012679757768008033	0	0.00057816447699759424	0.0036785772308588652	4.8248623081522972e-19	1.3835445101829175e-06	0.0063598092469735372	6.5491035743504928e-24	0	2.5711932308679302e-05	3.7928157475655717e-10	2.5712304066545323e-05	nan	nan	nan	nan	nan	nan	nan	nan	nan	nan	nan	nan	nan	nan	nan	nan	nan	nan	nan	nan	nan	nan	nan	nan	nan	nan	nan	nan	nan	nan	nan	nan	nan	nan	nan	nan	nan	nan	nan	nan	nan	nan	nan	nan	nan	nan	nan	nan	nan	nan	nan	nan	nan	nan	nan	nan	nan	nan	nan	nan	nan	nan	nan	nan	nan	nan	nan	nan	nan	nan	nan	nan	nan	nan	needs_multistep_run	2.571230406654532e-05	typeI_mH125-220/async_mcmc_20260903_095854.md
1.352924887221289e+02	3.285141932724836e+02	3.322995430029297e+02	1.361604695593520e+03	9.983431881227228e-01	1.192128682529872e+01	1.234043680854859e-15	-1.490866946751632e+01	success	7	233	1	true	2.576823544313399e-01	true	1.634805933446417e+01	true	3.271977970000000e-04	3.117046070000000e-09	1.316720375770664e+00	1.318172645688998e+00	true	8.610949159771928e-01	8.036906801262964e+01	2.494889791451470e+00	2.314379228906058e-01	true	true	7.692598793137334e-01	7.695425619414549e-01	2.463883070944511e-01	4.017845823269062e-04	3.869878243444183e+00	1.259195237719896e+00	2.403993416327050e-01	2.485270082862228e-04	CMS:2012qwq	ATLAS:2014vuz	ATLAS:2020gxx	ATLAS:2021upq	LHC8 [vbfH;HW;Htt;H;HZ]>[bb;tautau;WW;ZZ;gamgam]	LHC8 [HW;HZ]>[bb]	LHC13 [ggH]->X1->Z(X2->[bb])	LHC13 [Hpmtb>tb]	5.182822088312946e+00	true	all checks passed	1	4.895794676021699e+00	2.581427102791106e-01	3.365392851007944e+00	-1.595910189172846e+00	-1.513240776175117e+00	1.361604695593520e+03	1.192128682529872e+01	10631.667078960923	2311.7571408362778	116.85986830006885	-3.3081483379338299	-0.084331160495729196	-0.1039504118727529	0	-0.00088493505744852076	0	0	0	success	non_bfb	success	success	269.42200000000003	success	306.82796906546309	-6.6883312745690548e-09	8.2925335844182282	0.90805327640223943	7.7856145638420633e-09	0	0	0	0	failure	nan	nan	nan	nan	nan	nan	nan	nan	nan	nan	nan	nan	nan	nan	nan	nan	nan	nan	nan	nan	nan	nan	nan	nan	nan	nan	nan	nan	nan	nan	nan	nan	nan	nan	nan	nan	nan	nan	nan	nan	not_set	nan	nan	nan	nan	nan	nan	nan	nan	nan	nan	nan	nan	nan	nan	nan	nan	nan	nan	nan	nan	nan	nan	0	success	168.76206691314971	0	0	0	0	-3.2237304434995037e-09	13.306924833437389	95.300853883826036	3.7406699020382186e-08	success	success	168.41143856254416	0	0	0	0	-5.4135668390994765e-09	14.412326548111153	102.36051949397319	9.7808423245412587e-09	success	168.42385418303166	0	0	0	0	6.160485841512507e-09	14.379164876657939	102.14860530340994	-1.3682855693415562e-08	success	168.35000325589863	0	0	0	0	-1.4025615319146023e-08	14.571793998881663	103.37994411118895	5.6181316937730795e-09	success	168.34406690039327	0	0	0	0	-1.5989454445880623e-08	14.586813982559905	103.47599873454249	-2.924557291960653e-08	success	168.35000414661101	168.35000414661101	0.94999999999999996	0.00055843602047269954	71771.62405852013	0	0.00088636758283669925	0.10000000000000001	0.57748178424036367	0.57714430361576219	0.22220152997139284	0	0.099205435126719824	0.63191446640298632	4.9152111791740063e-25	3.7004466455163808e-05	1.091259786393918	1.9744123284300482e-31	0	1.2339860249462789e-15	1.0658013017499031e-19	1.2340436808548593e-15	nan	nan	nan	nan	nan	nan	nan	nan	nan	nan	nan	nan	nan	nan	nan	nan	nan	nan	nan	nan	nan	nan	nan	nan	nan	nan	nan	nan	nan	nan	nan	nan	nan	nan	nan	nan	nan	nan	nan	nan	nan	nan	nan	nan	nan	nan	nan	nan	nan	nan	nan	nan	nan	nan	nan	nan	nan	nan	nan	nan	nan	nan	nan	nan	nan	nan	nan	nan	nan	nan	nan	nan	nan	nan	needs_multistep_run	1.234043680854859e-15	typeI_mH125-220/async_mcmc_20260903_141342.md
1.259788059011038e+02	4.388243171559920e+02	4.361173315855287e+02	1.560996825728693e+03	9.919630660173979e-01	6.596826575680169e+00	3.470880403306952e-04	-3.459560350626684e+00	success	2	47	0	true	2.596676256162479e-01	true	1.744113139303824e+01	true	3.262135640000000e-04	3.128702090000000e-09	1.438287162277274e+00	1.227495207733269e+00	true	4.849405966548560e-01	8.035790070981365e+01	2.494233323311771e+00	2.314933001773194e-01	true	true	7.784991314792442e-01	7.551495794282930e-01	4.948387724603050e-01	1.418416731966678e-03	3.916357699740412e+00	2.247699224073114e+00	3.499948514476978e-01	1.020822595918414e-03	CMS:2012qwq	CMS:2013zmy	ATLAS:2022enb	ATLAS:2021upq	LHC8 [vbfH;HW;Htt;H;HZ]>[bb;tautau;WW;ZZ;gamgam]	LHC8 [ggH;vbfH;HW;HZ]>[WW]	LHC13 [H]->X1->Z(X2->[bb])	LHC13 [Hpmtb>tb]	5.420750970453241e+00	true	all checks passed	1	4.099658483310280e+00	2.601315281996940e-01	6.111166167988259e+00	-2.929731289244588e+00	-3.008006602158220e+00	1.560996825728693e+03	6.596826575680169e+00	21288.336811321969	9979.244540242049	404.3998905528162	-2.2621944304005512	-0.43465240908648861	-0.61815143782215931	0	0.0038973301617212909	0	0	0	success	non_bfb	success	success	394.64999999999998	success	292.12550957338476	7.6134473115691006e-09	10.488339975007621	2.6611308814439476	-2.5231258091056365e-09	0	0	0	0	failure	nan	nan	nan	nan	nan	nan	nan	nan	nan	nan	nan	nan	nan	nan	nan	nan	nan	nan	nan	nan	nan	nan	nan	nan	nan	nan	nan	nan	nan	nan	nan	nan	nan	nan	nan	nan	nan	nan	nan	nan	not_set	nan	nan	nan	nan	nan	nan	nan	nan	nan	nan	nan	nan	nan	nan	nan	nan	nan	nan	nan	nan	nan	nan	0	success	169.09779946313918	0	0	0	0	-2.5632312815925369e-09	57.959758004691835	224.81138855817994	2.4791426969532736e-09	success	success	120.45909292419191	0	0	0	0	7.248314228859345e-10	46.229346740231385	242.47657688953109	7.9986092159180055e-10	success	123.52857167350001	0	0	0	0	-7.3120219927489575e-10	46.835461824201438	241.90719275721221	-4.7337645482613274e-10	success	117.125718071904	0	0	0	0	-5.5327837063016093e-10	45.596646688397364	243.03996753755206	1.5863319119197744e-10	success	116.11642493468364	0	0	0	0	6.1316279072052353e-10	45.410278221686937	243.19957064138561	-9.4568625294578032e-11	success	117.12571320877964	117.12571320877964	0.94999999999999996	0.00663342333529259	278.89710685157752	0	0.010383386012329901	0.10000000000000001	0.57732258288296179	0.57674957380572123	0.00059973408625150473	0	0.00028098421924162352	0.0017879082617617784	9.5730004130772784e-18	1.2326247363781947e-06	0.0030908264116578589	2.2789995393526382e-22	0	0.00034707606084596041	1.3033967904566097e-08	0.00034708804033069517	nan	nan	nan	nan	nan	nan	nan	nan	nan	nan	nan	nan	nan	nan	nan	nan	nan	nan	nan	nan	nan	nan	nan	nan	nan	nan	nan	nan	nan	nan	nan	nan	nan	nan	nan	nan	nan	nan	nan	nan	nan	nan	nan	nan	nan	nan	nan	nan	nan	nan	nan	nan	nan	nan	nan	nan	nan	nan	nan	nan	nan	nan	nan	nan	nan	nan	nan	nan	nan	nan	nan	nan	nan	nan	needs_multistep_run	3.470880403306952e-04	typeI_mH125-220/async_mcmc_20260903_210907.md
2.427500000000000e+02	4.931410000000000e+02	2.403210000000000e+02	7.544940000000000e+03	9.918960000000000e-01	6.685570000000000e+00	1.212717569782040e-15	-1.491624033035106e+01	success	0	0	0	true	2.447945766523791e-01	true	2.034890912773484e+01	true	3.251047310000000e-04	3.142739780000000e-09	1.581672799397125e+00	1.122578392323998e+00	true	1.751329313782727e+00	8.035230539392468e+01	2.494209673099463e+00	2.316032218128599e-01	true	true	7.781503825210543e-01	1.966442356580620e-01	1.282525296210833e-02	3.289397705120756e-02	3.914603265326223e+00	1.877563606000705e-01	2.341362672070354e-02	5.140302583022484e-02	CMS:2012qwq	ATLAS:2020tlo	ATLAS:2022enb	CMS:2020imj	LHC8 [vbfH;HW;Htt;H;HZ]>[bb;tautau;WW;ZZ;gamgam]	LHC13 [vbfH>ZZ]	LHC13 [H]->X1->Z(X2->[bb])	LHC13 [Hpmtb>tb]	4.886964172390179e+00	true	all checks passed	1	6.392923268125899e+00	2.452319081689789e-01	9.534782718003970e-01	2.962033930476772e+00	-3.166390381771230e+00	7.544940000000000e+03	6.685570000000000e+00	19268.688615434417	4191.4923856808246	773.91787046249544	-4.1104918796576193	-0.24425951511098401	-0.45197119690930448	0	0.15476113321936016	0	0	0	success	non_bfb	success	success	365.83999999999997	success	276.23878936378173	2.8626114944376115e-09	6.6103906386031888	5.3558127663107733	-4.9452440692499047e-09	0	0	0	0	failure	nan	nan	nan	nan	nan	nan	nan	nan	nan	nan	nan	nan	nan	nan	nan	nan	nan	nan	nan	nan	nan	nan	nan	nan	nan	nan	nan	nan	nan	nan	nan	nan	nan	nan	nan	nan	nan	nan	nan	nan	not_set	nan	nan	nan	nan	nan	nan	nan	nan	nan	nan	nan	nan	nan	nan	nan	nan	nan	nan	nan	nan	nan	nan	0	success	186.54161252849082	0	0	0	0	-4.8911702959152732e-09	29.627986818109523	93.347217454880621	-5.6208932889212105e-09	success	success	185.89658563290283	0	0	0	0	-2.9287895774872358e-10	31.262143725008229	100.01702232947579	3.6773775561083914e-09	success	185.9184046765368	0	0	0	0	-5.6172554897015612e-10	31.21563179535223	99.820026964285205	-1.654313324885986e-09	success	185.7900596449644	0	0	0	0	-9.6017839966340511e-10	31.482774443263082	100.95781042397398	2.4784734709071855e-09	success	185.77934243101038	0	0	0	0	-4.9469245631266858e-09	31.504404074060737	101.05061433097796	-2.1029411283865317e-09	success	185.7900596449644	185.7900596449644	0.94999999999999996	0.00029778561954200592	43793.509716398352	0	0.000474345839062718	0.10000000000000001	0.57771501570659245	0.5775275564536354	0.14965219627489884	0	0.066934726190643348	0.42679660591586749	1.545625521588452e-25	1.3339283764272624e-05	0.73628198809707679	4.3040157187785351e-32	0	1.2126983632807747e-15	3.4433995719266417e-20	1.2127175697820397e-15	nan	nan	nan	nan	nan	nan	nan	nan	nan	nan	nan	nan	nan	nan	nan	nan	nan	nan	nan	nan	nan	nan	nan	nan	nan	nan	nan	nan	nan	nan	nan	nan	nan	nan	nan	nan	nan	nan	nan	nan	nan	nan	nan	nan	nan	nan	nan	nan	nan	nan	nan	nan	nan	nan	nan	nan	nan	nan	nan	nan	nan	nan	nan	nan	nan	nan	nan	nan	nan	nan	nan	nan	nan	nan	needs_multistep_run	1.212717569782040e-15	typeI_mH220-500/random_20260825_015240.md
2.398010000000000e+02	5.550960000000000e+02	2.408890000000000e+02	8.670309999999999e+03	9.986460000000000e-01	4.235740000000000e+00	3.224167774813937e-07	-6.491582367059232e+00	success	0	0	0	true	2.597780345866855e-01	true	2.167631882260805e+01	true	3.210372390000000e-04	3.193003390000000e-09	2.165972306767651e+00	7.853419447264212e-01	true	3.757475111063411e+00	8.034639209461821e+01	2.493833612510982e+00	2.316417798324343e-01	true	true	7.796146385264325e-01	6.135552239801119e-01	2.410029090823829e-02	8.929679163585567e-02	3.921969426763241e+00	1.171332700325668e+00	3.626744213896468e-02	1.409087351117249e-01	CMS:2012qwq	ATLAS:2020tlo	ATLAS:2020gxx	CMS:2020imj	LHC8 [vbfH;HW;Htt;H;HZ]>[bb;tautau;WW;ZZ;gamgam]	LHC13 [ggH>ZZ]	LHC13 [ggH]->X1->Z(X2->[bb])	LHC13 [Hpmtb>tb]	3.664945986190077e+00	true	all checks passed	1	6.084725261154654e+00	2.602421344184658e-01	7.325653338916953e-01	3.814671632027478e+00	-4.451045166670387e+00	8.670309999999999e+03	4.235740000000000e+00	28824.406234737486	7368.1543720728205	2567.1774942109655	-4.0659273202397346	-0.4518720600839225	-0.83769523411036984	0	0.33590347775596735	0	-1.3969838619232178e-09	0	success	non_bfb	success	success	345.91699999999997	success	329.4479170450071	1.4834551093303676e-09	9.0828325595597175	5.1487248469462639	1.749795610523431e-09	0	0	0	0	success	success	329.44659018454888	-1.1162325273074262e-08	8.9853395050430098	5.0932094448183172	-1.603972630058174e-08	0	0	0	0	success	329.44659068528176	-1.1162325273074262e-08	8.9853395050430098	5.0932094448183172	-1.603972630058174e-08	0	0	0	0	success	329.44573542214459	-9.8992527928840772e-10	8.9180204613180791	5.0548764021600618	9.6598121724808639e-09	0	0	0	0	success	329.44571772980601	-2.0350079423353045e-09	8.9168192734164755	5.0541926497494716	-9.670316342564944e-09	0	0	0	0	success	329.44573542214459	329.44573542214459	0.94999999999999996	1.8417188730751844e-06	47411559.442980185	0	2.9338414931603258e-06	0.10000000000000001	0.57746975102082476	0.57746869960208624	287.77498068907352	0	127.66785813080291	813.92130738218884	4.4610139184703262e-38	0.00015738285903828085	1404.346439438832	5.4464794625002332e-47	0	5.51134631530945e-38	2.2846087317362244e-38	6.9770225261521319e-38	0-(0)->1-(1)->2	success	156.08711054415448	0	0	0	0	-1.5098328702028715e-09	56.619685110839875	186.81334075335329	-1.3967183220470603e-09	success	success	145.77125659107091	0	0	0	0	-2.6447197700174944e-09	58.319882069280347	201.04949066548605	5.512133403674118e-10	success	146.17653398175725	0	0	0	0	3.1919610362633897e-09	58.279932414740884	200.5931520323914	-1.0339780262169107e-09	success	144.81146799408742	0	0	0	0	7.8020345246427746e-11	58.409191446503648	202.1080761609773	3.1998819987349378e-10	success	144.66206821619147	0	0	0	0	4.9965644692628289e-11	58.422447554324698	202.27013258463293	1.6887013901065669e-10	success	144.81146839260811	144.81146839260811	0.94999999999999996	0.0026482229985805841	2449.8241182847983	0	0.0041755918175628336	0.10000000000000001	0.5778739425436189	0.57678354596210624	0.0065204083311429222	0	0.0029116690503410013	0.018528695398455707	2.57062310795373e-20	5.1280266894831853e-06	0.032028359553751017	8.4287420561976445e-26	0	3.2241533103427561e-07	1.5085393546498847e-12	3.2241677748139366e-07	nan	nan	nan	nan	nan	nan	nan	nan	nan	nan	nan	nan	nan	nan	nan	nan	nan	nan	nan	nan	nan	nan	nan	nan	nan	nan	nan	nan	nan	nan	nan	nan	nan	nan	nan	nan	nan	nan	nan	nan	nan	nan	nan	nan	nan	nan	nan	nan	nan	nan	nan	nan	nan	nan	nan	nan	nan	nan	nan	nan	nan	nan	nan	nan	nan	nan	nan	nan	nan	nan	nan	nan	nan	nan	multi_step	3.224167774813937e-07	typeI_mH220-500/random_20260830_180625.md
1.108676953757204e+02	2.506537022508755e+02	2.676976278207875e+02	9.639966620835949e+02	6.364219705308589e-02	8.686159283247292e+00	4.155337501277690e-21	-2.038139369655138e+01	success	0	0	0	true	2.575442471107153e-01	true	1.599252601218884e+01	true	3.309471450000000e-04	3.469231640000000e-09	9.027855225790172e-01	4.397811856000006e-03	true	7.103815263379794e+00	8.038482727760811e+01	2.495714573721315e+00	2.313476024105771e-01	true	true	7.736823145148193e-01	7.527202964651555e-01	2.718805269410388e-01	1.178924393053786e-02	1.262488782984999e+00	3.786673368807468e+00	2.346328213889569e-01	8.030131102685472e-03	ATLAS:2014vuz	CMS:2012qwq	CMS:2019ogx	ATLAS:2021upq	LHC8 [HW;HZ]>[bb]	LHC8 [vbfH;HW;Htt;H;HZ]>[bb;tautau;WW;ZZ;gamgam]	LHC13 [H]->X1->Z(X2->[bb])	LHC13 [Hpmtb>tb]	4.991015891932818e+00	true	all checks passed	1	5.082319621544369e+00	2.580043562263695e-01	2.312786243419458e+00	-1.189972108242587e+00	-8.979917563090050e-01	9.639966620835949e+02	8.686159283247292e+00	7267.8181550402651	425.82857998864517	235.76569245386375	-1.7839075802422528	-0.028319321152932911	0.030911136001152417	0	0.0085995909286898965	0	0	0	success	non_bfb	success	success	705.90899999999999	success	215.24792372115277	5.9361291316680133e-09	10.151661399788534	2.5587026896720864	2.3936257475245396e-09	0	0	0	0	failure	nan	nan	nan	nan	nan	nan	nan	nan	nan	nan	nan	nan	nan	nan	nan	nan	nan	nan	nan	nan	nan	nan	nan	nan	nan	nan	nan	nan	nan	nan	nan	nan	nan	nan	nan	nan	nan	nan	nan	nan	not_set	nan	nan	nan	nan	nan	nan	nan	nan	nan	nan	nan	nan	nan	nan	nan	nan	nan	nan	nan	nan	nan	nan	0	success	170.67074966126216	0	0	0	0	2.4447410691685353e-08	16.526213737570735	41.148139399605519	1.4838922317168089e-08	success	success	170.60099119746542	0	0	0	0	4.6654664216291374e-09	17.554507014968948	43.875234688700395	-1.2649280655347128e-10	success	170.60339038580372	0	0	0	0	8.2361691690634892e-09	17.523089296035135	43.791119048176	2.9763018744832442e-08	success	170.58595632654018	0	0	0	0	-1.106941133487661e-08	17.746605621535732	44.390676588821584	-1.3603094357448709e-08	success	170.58467424393274	0	0	0	0	-1.1759824097038114e-08	17.762551657496836	44.433560288549195	3.0794286357928763e-08	success	170.58595693555651	170.58595693555651	0.94999999999999996	0.00011013084233033059	335282.84013026312	0	0.00017523164662933542	0.10000000000000001	0.57741281673972111	0.57734779128131175	1.0518429963745473	0	0.47162692495985908	3.0057890992542835	1.7000862255591671e-28	3.4744150255434042e-05	5.1878961745584498	1.3646761060494665e-35	0	4.1545299282151521e-21	1.5495701614456975e-24	4.1553375012776899e-21	nan	nan	nan	nan	nan	nan	nan	nan	nan	nan	nan	nan	nan	nan	nan	nan	nan	nan	nan	nan	nan	nan	nan	nan	nan	nan	nan	nan	nan	nan	nan	nan	nan	nan	nan	nan	nan	nan	nan	nan	nan	nan	nan	nan	nan	nan	nan	nan	nan	nan	nan	nan	nan	nan	nan	nan	nan	nan	nan	nan	nan	nan	nan	nan	nan	nan	nan	nan	nan	nan	nan	nan	nan	nan	needs_multistep_run	4.155337501277690e-21	typeI_mH62-125/random_20260901_123251.md
9.363002337964819e+01	2.412005727016619e+02	2.196514179137118e+02	9.438213215547407e+02	1.463831604288927e-01	7.043137693275869e+00	4.825154733473218e-19	-1.831648875510442e+01	success	0	0	0	true	2.513686403070409e-01	true	7.860789522115946e+00	true	3.297921450000000e-04	3.484800340000000e-09	1.021999151526388e+00	1.440028138068506e-02	true	5.809250442434468e+00	8.034227446710918e+01	2.493379669085853e+00	2.315742874661792e-01	true	true	3.761697838970255e-01	7.221982019937195e-01	3.761697838970255e-01	1.855301295413527e-04	3.362132135334926e-01	3.633127353324727e+00	3.362132135334926e-01	1.424461099372530e-04	CMS:2019ogx	CMS:2012qwq	CMS:2019ogx	ATLAS:2021upq	LHC13 [H]->X1->Z(X2->[bb])	LHC8 [vbfH;HW;Htt;H;HZ]>[bb;tautau;WW;ZZ;gamgam]	LHC13 [H]->X1->Z(X2->[bb])	LHC13 [Hpmtb>tb]	4.812139987622999e+00	true	all checks passed	1	2.234631231771387e+00	2.518177165496376e-01	1.704183111677794e+00	-5.210903758168798e-01	-8.493001345618597e-01	9.438213215547407e+02	7.043137693275869e+00	2411.3678849862144	-179.792799145332	68.637202856155312	-0.26015219726572469	-0.017129517832923043	0.052441568653147815	0	-0.016092678787045216	0	0	0	success	ew_sym_res	success	success	366.45299999999997	true_lower	145.69400112703678	-7.5824843022109034e-09	-3.3242493249180406e-09	-9.9978333770334075e-09	-8.8407691285294167e-09	-1.6279394988565869e-08	20.822475950809995	65.216828467984101	7.1055404726344764e-09	success	success	145.66764634266923	-7.5824843022109034e-09	-3.3242493249180406e-09	-9.9978333770334075e-09	-8.8407691285294167e-09	1.1037084810453664e-09	20.907658749291382	65.545860480008528	3.154517281041601e-09	success	145.66962134179437	-7.5824843022109034e-09	-3.3242493249180406e-09	-9.9978333770334075e-09	-8.8407691285294167e-09	-6.8702509872163424e-09	20.894454973133559	65.499942421574573	-9.7758078982853747e-09	success	145.65612599295463	-7.5824843022109034e-09	-3.3242493249180406e-09	-9.9978333770334075e-09	-8.8407691285294167e-09	1.2078926993760274e-08	20.984115987867714	65.812006571631798	1.0804023096242121e-08	success	145.65513426066246	-7.5824843022109034e-09	-3.3242493249180406e-09	-9.9978333770334075e-09	-8.8407691285294167e-09	1.4009169579691195e-08	20.990649284641012	65.834769575316983	-8.7744682178569733e-09	success	145.65612587953495	145.65612587953495	0.94999999999999996	0.00051724362878321356	370624.18415466114	0	0.00082112246206876398	0.10000000000000001	0.5774556811975049	0.57715581527016979	0.99222528340446259	0	0.44457701000868355	2.8319347384638083	1.6524377297774598e-26	0.00015361460854171685	4.8903471100955187	5.4189280041465687e-33	0	4.821749447878836e-19	6.5274555602796994e-22	4.8251547334732183e-19	0-(0)->1	nan	nan	nan	nan	nan	nan	nan	nan	nan	nan	nan	nan	nan	nan	nan	nan	nan	nan	nan	nan	nan	nan	nan	nan	nan	nan	nan	nan	nan	nan	nan	nan	nan	nan	nan	nan	nan	nan	nan	nan	nan	nan	nan	nan	nan	nan	nan	nan	nan	nan	nan	nan	nan	nan	nan	nan	nan	nan	nan	nan	nan	nan	nan	nan	nan	nan	nan	nan	nan	nan	nan	nan	nan	nan	nan	nan	nan	nan	nan	nan	nan	nan	nan	nan	nan	nan	nan	nan	nan	nan	nan	nan	nan	nan	nan	nan	nan	nan	nan	nan	nan	nan	nan	nan	nan	nan	nan	nan	nan	nan	nan	nan	nan	nan	nan	nan	nan	nan	nan	nan	nan	nan	nan	nan	nan	nan	nan	nan	nan	nan	nan	nan	nan	nan	nan	nan	nan	nan	nan	nan	nan	nan	nan	nan	nan	nan	nan	nan	single_step	4.825154733473218e-19	typeI_mH62-125/random_20260901_123251.md
1.191848463192887e+02	2.795549869464784e+02	2.646143899158936e+02	8.385638883314767e+02	1.265967370781378e-01	1.544859780560079e+01	1.049752426928557e-19	-1.897891311264100e+01	success	0	0	0	true	2.570637903640075e-01	true	1.624080358196476e+01	true	3.319611970000000e-04	3.455920460000000e-09	8.042127636365923e-01	4.167877123852991e-04	true	3.846138859218937e+00	8.034595800369745e+01	2.493601957312636e+00	2.315642895542197e-01	true	true	7.767910702120796e-01	7.424836386029980e-01	1.303939256707574e-01	2.518721115035266e-04	1.266954161815030e+00	3.735176312205887e+00	1.920917613656695e-01	1.644460328235740e-04	ATLAS:2014vuz	CMS:2012qwq	CMS:2019qcx	ATLAS:2021upq	LHC8 [HW;HZ]>[bb]	LHC8 [vbfH;HW;Htt;H;HZ]>[bb;tautau;WW;ZZ;gamgam]	LHC13 [ggH]->X1->Z(X2->[bb])	LHC13 [Hpmtb>tb]	5.433547500725979e+00	true	all checks passed	1	5.155756747559845e+00	2.575230411318969e-01	2.167200480188629e+00	-8.077474192469203e-01	-1.076443809493636e+00	8.385638883314767e+02	1.544859780560079e+01	7071.1004738840475	518.97306251446707	76.42568380962841	-4.4647086428508702	-0.030262465089827838	0.027568920547243175	0	-0.0092739295290822279	0	0	0	success	non_bfb	success	success	875.548	success	245.71971273945201	-4.3308137219878117e-09	76.73524488995578	8.8088616465114544	-2.2591043266209695e-09	0	0	0	0	success	success	245.31054073431585	7.5580995063371934e-11	74.671299836895287	8.6524903452121915	-1.4054727728594522e-09	0	0	0	0	success	245.31921387102926	-8.1116377278563432e-09	74.71842957919857	8.6562163573300648	1.8954062387632314e-09	0	0	0	0	success	245.25387876432231	2.266111694469115e-09	74.358783044341848	8.6275935333949949	1.9451317451352607e-09	0	0	0	0	success	245.24901797944628	-6.4597965376503656e-09	74.331619645474632	8.6254152312357704	2.0973944143108794e-09	0	0	0	0	success	245.25387876432231	245.25387876432231	0.94999999999999996	0.00010063048378893277	128507.38825962486	0	0.00016019543843500439	0.10000000000000001	0.57746273708062024	0.57740731399167999	0.58012058912965603	0	0.25705166974916405	1.6385123449273296	7.0010491638943877e-28	1.7307514228302086e-05	2.8275683672408047	6.626066418508332e-35	0	1.0496800200338541e-19	1.380431902159185e-23	1.0497523535928062e-19	0-(0)->1-(1)->2	success	170.13685930792343	0	0	0	0	4.3878634037929964e-08	5.8315138357802105	35.696328831193782	-5.0053395851350799e-08	success	success	170.10679590322519	0	0	0	0	9.2521256330769106e-08	6.1563217396636558	37.632718579488568	-2.0072536882675586e-08	success	170.10781116421813	0	0	0	0	-1.8856084644119422e-08	6.1463241977553524	37.573170712591327	6.2309104547604285e-08	success	170.09974563719095	0	0	0	0	9.3938264651591525e-08	6.2241903351263153	38.03688077349215	2.0684166916622916e-08	success	170.0991769350297	0	0	0	0	2.0144291161535451e-08	6.2295616942543077	38.068860758424492	9.9289298794513032e-09	success	170.09974544745489	170.09974544745489	0.94999999999999996	8.7431816118116619e-05	754857.84007775283	0	0.00013918561682381073	0.10000000000000001	0.5774581382589129	0.57740562627870529	2.3613588727197823	0	1.0581393541211261	6.7448172685438657	1.8079140141548631e-29	6.1901628808624056e-05	11.639532895332389	1.0719295294562399e-36	0	3.9210621507292519e-23	5.4250499794527419e-26	3.9238853226292287e-23	nan	nan	nan	nan	nan	nan	nan	nan	nan	nan	nan	nan	nan	nan	nan	nan	nan	nan	nan	nan	nan	nan	nan	nan	nan	nan	nan	nan	nan	nan	nan	nan	nan	nan	nan	nan	nan	nan	nan	nan	nan	nan	nan	nan	nan	nan	nan	nan	nan	nan	nan	nan	nan	nan	nan	nan	nan	nan	nan	nan	nan	nan	nan	nan	nan	nan	nan	nan	nan	nan	nan	nan	nan	nan	multi_step	1.049752426928557e-19	typeI_mH62-125/random_20260901_123251.md
9.796022199508545e+01	3.126495976164050e+02	3.088114089419242e+02	7.457510029876780e+02	8.191362632904116e-02	8.664059451807820e+00	1.568521896188935e-11	-1.080450941427726e+01	success	0	0	0	true	2.558732440984781e-01	true	1.448154228437016e+01	true	3.311127910000000e-04	3.466957390000000e-09	8.862943097221124e-01	3.419180447230706e-03	true	4.765935313547281e-01	8.035825939368377e+01	2.494251587119817e+00	2.314834113745993e-01	true	true	2.736405503996799e-01	7.479250393059227e-01	2.736405503996799e-01	2.382528607162768e-02	3.306700557642661e-01	3.762550101948952e+00	3.306700557642661e-01	2.817476978009283e-02	CMS:2019ogx	CMS:2012qwq	CMS:2019ogx	ATLAS:2018gfm	LHC13 [H]->X1->Z(X2->[bb])	LHC8 [vbfH;HW;Htt;H;HZ]>[bb;tautau;WW;ZZ;gamgam]	LHC13 [H]->X1->Z(X2->[bb])	LHC13 [Hpmtb>taunu]	4.325004725108670e+00	true	all checks passed	1	4.230587014794986e+00	2.563303679262571e-01	3.211333118084173e+00	-1.428248671145292e+00	-1.507080206507961e+00	7.457510029876780e+02	8.664059451807820e+00	9186.297147238005	1979.0594256187785	267.07760963397322	-2.4309040006153313	-0.068107237845005303	-0.033937814172106659	0	-0.0030779394340363286	0	0	0	success	non_bfb	success	success	637.97699999999998	success	292.92579898464999	1.9330594043308883e-09	30.020613161912081	2.1258275613311199	-1.7638859769148038e-09	0	0	0	0	failure	nan	nan	nan	nan	nan	nan	nan	nan	nan	nan	nan	nan	nan	nan	nan	nan	nan	nan	nan	nan	nan	nan	nan	nan	nan	nan	nan	nan	nan	nan	nan	nan	nan	nan	nan	nan	nan	nan	nan	nan	not_set	nan	nan	nan	nan	nan	nan	nan	nan	nan	nan	nan	nan	nan	nan	nan	nan	nan	nan	nan	nan	nan	nan	0	success	156.51050692635238	0	0	0	0	9.8135363365897964e-10	37.291463825444644	128.29959890947791	-1.7787573453711655e-09	success	success	155.09725424344572	0	0	0	0	-1.3465294759100626e-09	39.504423279217107	138.12259604652809	1.3352972411755304e-09	success	155.14898855063757	0	0	0	0	-2.4781263871882194e-09	39.442527505629968	137.80996605292631	-6.5637714492630127e-09	success	154.90467673787811	0	0	0	0	1.9914359303695295e-09	39.727169058186846	139.27047925904918	-3.1659030248118108e-09	success	154.88287836135277	0	0	0	0	-6.3464699719871409e-09	39.751778675501633	139.39945056606305	2.696430761866713e-10	success	154.90467673787811	154.90467673787811	0.94999999999999996	0.0013632867139138597	18082.882223330213	0	0.0021509202789422388	0.10000000000000001	0.57735452629621253	0.57658075345587112	0.051497971932271763	0	0.02285019362549217	0.14533051084749227	1.0327756390678133e-22	2.0737007078183307e-05	0.25135212988041389	1.104032500476493e-28	0	1.5685048412652239e-11	2.5865282375712702e-16	1.5685218961889352e-11	nan	nan	nan	nan	nan	nan	nan	nan	nan	nan	nan	nan	nan	nan	nan	nan	nan	nan	nan	nan	nan	nan	nan	nan	nan	nan	nan	nan	nan	nan	nan	nan	nan	nan	nan	nan	nan	nan	nan	nan	nan	nan	nan	nan	nan	nan	nan	nan	nan	nan	nan	nan	nan	nan	nan	nan	nan	nan	nan	nan	nan	nan	nan	nan	nan	nan	nan	nan	nan	nan	nan	nan	nan	nan	needs_multistep_run	1.568521896188935e-11	typeI_mH62-125/random_20260901_123251.md
1.225479540067743e+02	2.300003077212681e+02	2.484112834677668e+02	1.007582140549543e+03	6.293946507016064e-02	1.306373492589538e+01	5.351404516077189e-25	-2.427153221918831e+01	success	0	0	0	true	2.577718699689556e-01	true	1.633654736834080e+01	true	3.317367030000000e-04	3.458891150000000e-09	8.255441088925463e-01	9.399827386742658e-04	true	5.425523768990359e+00	8.038179825843442e+01	2.495577940503220e+00	2.313702590631962e-01	true	true	7.559617377183375e-01	7.560680036538757e-01	2.667124845139020e-01	1.104078223425872e-01	2.249901234326618e+00	3.803514516465666e+00	2.493850635278989e-01	1.207409791371149e-01	CMS:2013zmy	CMS:2012qwq	ATLAS:2022enb	ATLAS:2018gfm	LHC8 [ggH;vbfH;HW;HZ]>[WW]	LHC8 [vbfH;HW;Htt;H;HZ]>[bb;tautau;WW;ZZ;gamgam]	LHC13 [H]->X1->Z(X2->[bb])	LHC13 [Hpmtb>taunu]	4.700136982078078e+00	true	all checks passed	1	5.295781958065772e+00	2.582323857384303e-01	1.838749891562383e+00	-9.464649972392405e-01	-6.553676278749347e-01	1.007582140549543e+03	1.306373492589538e+01	6589.8922887957542	-48.376746415578893	125.96866535226589	-4.1457959240276683	-0.020806755613989859	0.044851393601597372	0	0.0093781011149239937	0	0	0	success	non_bfb	success	success	602.14200000000005	success	258.46713615759398	3.5133272630350213e-09	27.443577795228432	3.0172801715146025	5.3762356245613766e-09	0	0	0	0	failure	nan	nan	nan	nan	nan	nan	nan	nan	nan	nan	nan	nan	nan	nan	nan	nan	nan	nan	nan	nan	nan	nan	nan	nan	nan	nan	nan	nan	nan	nan	nan	nan	nan	nan	nan	nan	nan	nan	nan	nan	not_set	nan	nan	nan	nan	nan	nan	nan	nan	nan	nan	nan	nan	nan	nan	nan	nan	nan	nan	nan	nan	nan	nan	0	success	169.93270007769641	0	0	0	0	-1.0080157324542469e-08	4.9193598923976136	27.198574003507723	1.0325306988326295e-07	success	success	169.91593020700924	0	0	0	0	4.6552909486149115e-08	5.1413436395127192	28.41674045361593	5.4647906752981377e-09	success	169.91648516350978	0	0	0	0	1.0289320632747477e-08	5.1345715160750736	28.379574054100335	-9.0650486899682435e-08	success	169.91180365022709	0	0	0	0	-3.8191734793319686e-08	5.1908766679232476	28.688583727927274	3.5605742787963039e-08	success	169.9114826281002	0	0	0	0	-6.3242229634222459e-08	5.1946620467700084	28.709358746301088	-2.4171863135779711e-08	success	169.9118037393292	169.9118037393292	0.94999999999999996	5.3848968843423182e-05	1335892.4016031192	0	8.5759774415293045e-05	0.10000000000000001	0.57748200657753868	0.57744973883104589	4.1743316386690656	0	1.8704321325888562	11.923965107311872	1.3605058240657731e-30	6.7407316500246381e-05	20.574753458477417	4.9298230015652454e-38	0	5.3440557801021877e-25	1.4114638109828073e-27	5.3514045160771885e-25	nan	nan	nan	nan	nan	nan	nan	nan	nan	nan	nan	nan	nan	nan	nan	nan	nan	nan	nan	nan	nan	nan	nan	nan	nan	nan	nan	nan	nan	nan	nan	nan	nan	nan	nan	nan	nan	nan	nan	nan	nan	nan	nan	nan	nan	nan	nan	nan	nan	nan	nan	nan	nan	nan	nan	nan	nan	nan	nan	nan	nan	nan	nan	nan	nan	nan	nan	nan	nan	nan	nan	nan	nan	nan	needs_multistep_run	5.351404516077189e-25	typeI_mH62-125/random_20260901_123251.md
9.830300252164518e+01	3.424902461037655e+02	3.352348557819453e+02	7.808778856858357e+02	7.385425144251249e-02	7.735045830498404e+00	7.964150545985191e-09	-8.098860539117672e+00	success	0	0	0	true	2.563067407769459e-01	true	1.418090986859817e+01	true	3.308955030000000e-04	3.469730430000000e-09	9.079579269335463e-01	4.628892603863233e-03	true	1.812134751072474e+00	8.035168412695101e+01	2.493877770626083e+00	2.315181574884105e-01	true	true	7.803245139841209e-01	7.487558647829349e-01	7.803245139841209e-01	3.126352981907725e-01	8.840866474827845e-01	3.766729695249017e+00	8.840866474827845e-01	3.932380605326927e-01	CMS:2019ogx	CMS:2012qwq	CMS:2019ogx	ATLAS:2018gfm	LHC13 [H]->X1->Z(X2->[bb])	LHC8 [vbfH;HW;Htt;H;HZ]>[bb;tautau;WW;ZZ;gamgam]	LHC13 [H]->X1->Z(X2->[bb])	LHC13 [Hpmtb>taunu]	4.162681225668479e+00	true	all checks passed	1	3.884578502829955e+00	2.567646390571759e-01	3.765281438739362e+00	-1.674336851725888e+00	-1.836844623061607e+00	7.808778856858357e+02	7.735045830498404e+00	11005.281077997641	3200.3045291292019	339.17925923319586	-2.3402269995492406	-0.11034766583341812	-0.099883885846542439	0	-0.0035254028017569273	0	0	0	success	non_bfb	success	success	543.44000000000005	success	357.19204739503766	2.7906046701678903e-10	32.755551118023739	1.5818935978901052	-2.4563960052972906e-09	0	0	0	0	failure	nan	nan	nan	nan	nan	nan	nan	nan	nan	nan	nan	nan	nan	nan	nan	nan	nan	nan	nan	nan	nan	nan	nan	nan	nan	nan	nan	nan	nan	nan	nan	nan	nan	nan	nan	nan	nan	nan	nan	nan	not_set	nan	nan	nan	nan	nan	nan	nan	nan	nan	nan	nan	nan	nan	nan	nan	nan	nan	nan	nan	nan	nan	nan	0	success	150.11643749032075	0	0	0	0	3.1437834085736149e-09	42.552093891735346	163.2842297519046	2.7066146561731942e-09	success	success	146.37061941749306	0	0	0	0	1.1032614595489703e-09	43.915693137297581	175.90450389746613	1.2706441259895778e-09	success	146.51287143320909	0	0	0	0	9.5656773027479866e-10	43.888176184782836	175.49878945079661	1.0330446908533675e-09	success	145.94821336770991	0	0	0	0	-1.7787673886124544e-09	43.989614341564277	177.08442409357906	-2.65661611161684e-09	success	145.89304063889716	0	0	0	0	-7.8551550462051944e-10	43.998446952989859	177.23589873392575	6.0037285391648115e-10	success	145.94821323110398	145.94821323110398	0.94999999999999996	0.002515220348226693	6702.4323964328123	0	0.003943554813091785	0.10000000000000001	0.57733333253217478	0.57605671224017785	0.017979711944875854	0	0.0080119928918424878	0.050886013309985129	4.2121736553764293e-21	1.3365133255025177e-05	0.088131921810267355	9.1002894911741311e-27	0	7.9641001737533705e-09	6.0623085006344857e-14	7.9641505459851914e-09	nan	nan	nan	nan	nan	nan	nan	nan	nan	nan	nan	nan	nan	nan	nan	nan	nan	nan	nan	nan	nan	nan	nan	nan	nan	nan	nan	nan	nan	nan	nan	nan	nan	nan	nan	nan	nan	nan	nan	nan	nan	nan	nan	nan	nan	nan	nan	nan	nan	nan	nan	nan	nan	nan	nan	nan	nan	nan	nan	nan	nan	nan	nan	nan	nan	nan	nan	nan	nan	nan	nan	nan	nan	nan	needs_multistep_run	7.964150545985191e-09	typeI_mH62-125/random_20260831_095833.md
8.012390106028562e+01	2.441348003096515e+02	2.349936037234915e+02	7.850068765069836e+02	1.735828321206390e-01	7.520877105450214e+00	2.556544579158397e-10	-9.592346629961225e+00	success	0	0	0	true	2.464589626278143e-01	true	6.016960820310154e+00	true	3.302322680000000e-04	3.478838050000000e-09	9.757001784593511e-01	9.888622209304596e-03	true	1.224651549430988e+00	8.035409373176421e+01	2.494085609507261e+00	2.314958999965740e-01	true	true	5.428580838012805e-01	7.127393654380541e-01	3.489502918249241e-01	7.965157644032591e-05	4.635867554827940e-01	3.585543244521705e+00	3.036618210076290e-01	1.139202105197053e-04	LEPWorkingGroupforHiggsbosonsearches:2003ing	CMS:2012qwq	CMS:2019ogx	CMS:2020imj	LEP [eeHZ>bb]	LHC8 [vbfH;HW;Htt;H;HZ]>[bb;tautau;WW;ZZ;gamgam]	LHC13 [H]->X1->Z(X2->[bb])	LHC13 [Hpmtb>tb]	5.619183932585798e+00	true	all checks passed	1	1.288635311487474e+00	2.468992676107907e-01	2.060806058536659e+00	-7.408597656221104e-01	-8.856084909602040e-01	7.850068765069836e+02	7.520877105450214e+00	2606.0824975047349	58.151859665350599	122.58824582228051	-0.88485409864931686	-0.018486280467596292	0.042023324460938677	0	-0.0081247403578246433	0	0	0	success	ew_sym_res	success	success	1023.774	success	146.80878560027651	3.6854345910995688e-09	5.284892804895361e-08	4.2455277838696758e-09	3.6852932389680853e-09	1.3736849895361856e-09	116.17215554123814	38.785375032591276	-3.4991201190807796e-11	success	success	144.99594246183307	3.6854345910995688e-09	5.284892804895361e-08	4.2455277838696758e-09	3.6852932389680853e-09	-7.0409827688990879e-11	123.65745840798168	40.448185644556162	-6.4832909730463393e-10	success	145.0626450332993	3.6854345910995688e-09	5.284892804895361e-08	4.2455277838696758e-09	3.6852932389680853e-09	1.8125631480080568e-11	123.44689834479578	40.384205889340116	2.8595787140868841e-10	success	144.76908166802605	3.6854345910995688e-09	5.284892804895361e-08	4.2455277838696758e-09	3.6852932389680853e-09	3.713085474979405e-10	124.35956805861034	40.664767504014357	-1.8175741598174398e-10	success	144.74229133002905	3.6854345910995688e-09	5.284892804895361e-08	4.2455277838696758e-09	3.6852932389680853e-09	4.037889951361234e-10	124.44109417269934	40.690246429202489	-2.0862699432390339e-10	success	144.76904092260145	144.76904092260145	0.94999999999999996	0.0012004389754774148	13527.213308262864	0	0.0018988233618637536	0.10000000000000001	0.57749107725839677	0.57685990318577385	0.035993196556388697	0	0.016250221926697037	0.10343106357481666	1.1055005255152396e-22	1.3003413506523934e-05	0.17875244119366743	1.1524787092878874e-28	0	3.9994990388111884e-11	3.7951739287281007e-16	3.9995260113828015e-11	0-(0)->1-(1)->2	success	118.39599159806878	-1.2682619906255285e-10	152.89332337123923	74.615178883768252	-4.7408020272378493e-11	9.8926973546702038e-11	67.251735137288534	164.92227131197114	-5.474505355215047e-13	success	success	116.96293545788863	-8.1555258264490862e-11	151.7461121145015	79.035275262191931	1.2994883908727883e-11	-5.7490485835235185e-10	62.316019323787856	171.71888813822369	6.2307224084712688e-10	success	117.01024583150759	-1.9642283044793981e-10	151.80043463081006	78.866784748628859	1.1847879219239881e-10	-1.580440878325354e-09	62.452400095877636	171.51963289097162	-2.8930332499683365e-10	success	116.81973298087901	-8.3582862216774811e-11	151.57240526132711	79.558048655527571	-3.2290383897060398e-11	-2.0508445255238457e-09	61.911574661961886	172.31392031740003	-4.3407460397685789e-10	success	116.80333534227117	4.961124790519451e-11	151.55158268450751	79.61919234497114	6.0037422281462348e-11	2.0166807746127487e-10	61.866042738726136	172.38129963212194	-1.3827136829793999e-09	success	116.81973298087901	116.81973298087901	0.94999999999999996	0.0026299751801747403	18190.033565800117	0	0.0040678274810296011	0.10000000000000001	0.57582058632667832	0.5744030073997537	0.039012443752146436	0	0.017237066065843694	0.10899456788236256	8.0313805401673628e-22	2.98604506329796e-05	0.18960772672428064	1.4650268138843674e-27	0	2.5250340606284786e-10	4.5486084362614295e-15	2.525065959943801e-10	nan	nan	nan	nan	nan	nan	nan	nan	nan	nan	nan	nan	nan	nan	nan	nan	nan	nan	nan	nan	nan	nan	nan	nan	nan	nan	nan	nan	nan	nan	nan	nan	nan	nan	nan	nan	nan	nan	nan	nan	nan	nan	nan	nan	nan	nan	nan	nan	nan	nan	nan	nan	nan	nan	nan	nan	nan	nan	nan	nan	nan	nan	nan	nan	nan	nan	nan	nan	nan	nan	nan	nan	nan	nan	multi_step	2.556544579158397e-10	typeI_mH62-125/random_20260901_123251.md
1.091873590130660e+02	2.893798401234278e+02	2.772705996077538e+02	8.944332887582024e+02	7.801652771002419e-02	1.010904637141223e+01	4.478923562930749e-19	-1.834882634913840e+01	success	0	0	0	true	2.568782169028275e-01	true	1.631179564217361e+01	true	3.313686370000000e-04	3.463671410000000e-09	8.611217762819092e-01	2.222442941594628e-03	true	3.088078753286628e+00	8.034787282491875e+01	2.493679557649503e+00	2.315478812979292e-01	true	true	6.016173628134992e-01	7.506617027280990e-01	1.294839378296010e-01	1.946059179644263e-01	5.105610970248513e-01	3.776317301463578e+00	1.968628536684795e-01	2.384295838739874e-01	CMS:2015mca	CMS:2012qwq	CMS:2019ogx	ATLAS:2018gfm	2d likelihood {LHC8 [ggH>tautau]; LHC8 [bbH>tautau]}	LHC8 [vbfH;HW;Htt;H;HZ]>[bb;tautau;WW;ZZ;gamgam]	LHC13 [H]->X1->Z(X2->[bb])	LHC13 [Hpmtb>taunu]	4.983141736196785e+00	true	all checks passed	1	5.106149927641058e+00	2.573371361391760e-01	2.497997611479168e+00	-1.006129500441665e+00	-1.232902798842659e+00	8.944332887582024e+02	1.010904637141223e+01	7811.1877632792794	907.12109110535391	160.02896253871637	-2.0618083542197887	-0.03872527603305749	0.0129630452572599	0	-0.0076198059739236695	0	0	0	success	non_bfb	success	success	645.91499999999996	success	209.93675773323352	-4.1552176208728313e-09	8.4161335921763971	2.340198466843229	-2.0973327432816604e-09	0	0	0	0	failure	nan	nan	nan	nan	nan	nan	nan	nan	nan	nan	nan	nan	nan	nan	nan	nan	nan	nan	nan	nan	nan	nan	nan	nan	nan	nan	nan	nan	nan	nan	nan	nan	nan	nan	nan	nan	nan	nan	nan	nan	not_set	nan	nan	nan	nan	nan	nan	nan	nan	nan	nan	nan	nan	nan	nan	nan	nan	nan	nan	nan	nan	nan	nan	0	success	171.13476128194276	0	0	0	0	-5.2976984743737829e-09	21.235658133810823	57.352966747761492	1.1439267931172088e-08	success	success	171.0058750165235	0	0	0	0	-3.6008479229441999e-09	22.581747707380597	61.252591081559295	6.1044746247157708e-09	success	171.01036758152114	0	0	0	0	4.4907378315180425e-09	22.54122358654169	61.133192958399626	-1.5199473778457164e-08	success	170.97990336093477	0	0	0	0	-8.6722030579267651e-09	22.80920690499855	61.925284967720465	1.4719895813146921e-08	success	170.97758680490426	0	0	0	0	-8.6138131917470009e-09	22.828958990871516	61.983905418324468	1.9504160109175643e-09	success	170.97990242676951	170.97990242676951	0.94999999999999996	0.00019759365913920752	186499.6114468489	0	0.00031419447032729795	0.10000000000000001	0.57740547072867343	0.57728806051309678	0.58643760273985912	0	0.26250072342245467	1.6727106166402725	3.1787902438165534e-27	3.4683238159121371e-05	2.8875079576470015	4.5792405370499465e-34	0	4.478434169299062e-19	9.3420591986803123e-23	4.4789235629307489e-19	nan	nan	nan	nan	nan	nan	nan	nan	nan	nan	nan	nan	nan	nan	nan	nan	nan	nan	nan	nan	nan	nan	nan	nan	nan	nan	nan	nan	nan	nan	nan	nan	nan	nan	nan	nan	nan	nan	nan	nan	nan	nan	nan	nan	nan	nan	nan	nan	nan	nan	nan	nan	nan	nan	nan	nan	nan	nan	nan	nan	nan	nan	nan	nan	nan	nan	nan	nan	nan	nan	nan	nan	nan	nan	needs_multistep_run	4.478923562930749e-19	typeI_mH62-125/random_20260831_095833.md
6.635106737351688e+01	3.117924201660298e+02	3.007064735151940e+02	4.582074314747727e+02	1.036108904102017e-01	5.573575911711728e+00	1.315740282785678e-04	-3.880829828719496e+00	success	0	0	0	true	2.499049022869978e-01	true	7.939474716789897e+00	true	3.291653450000000e-04	3.492583480000000e-09	1.089788196590100e+00	2.156186407741288e-02	true	3.729539757233483e+00	8.034677638252941e+01	2.493823447551441e+00	2.315205189673157e-01	true	true	9.830030811805287e-01	7.330131008841830e-01	9.830030811805287e-01	1.671565375029540e-03	1.024055428147039e+00	3.687533338930775e+00	1.024055428147039e+00	1.037342126517249e-03	CMS:2019ogx	CMS:2012qwq	CMS:2019ogx	ATLAS:2021upq	LHC13 [H]->X1->Z(X2->[bb])	LHC8 [vbfH;HW;Htt;H;HZ]>[bb;tautau;WW;ZZ;gamgam]	LHC13 [H]->X1->Z(X2->[bb])	LHC13 [Hpmtb>tb]	3.913295717345676e+00	true	all checks passed	1	1.437830319452828e+00	2.503513635257126e-01	3.229438987938018e+00	-1.338459061709458e+00	-1.562866823592135e+00	4.582074314747727e+02	5.573575911711728e+00	6304.7928135960037	1996.5026639386049	421.57557770148372	-1.2413130265473022	-0.067726200327183406	0.0084865037954960434	0	-0.012258963226833399	0	0	0	success	ew_sym_res	success	success	1119.2360000000001	success	146.03540167902992	5.7485833210131555e-09	1.5257259584799754e-08	7.50631079087694e-09	1.478699607426287e-08	-6.4494191628328239e-11	208.94363178838063	34.895248348289279	5.5915732021464682e-11	success	success	129.78697556688482	5.7485833210131555e-09	1.5257259584799754e-08	7.50631079087694e-09	1.478699607426287e-08	5.1089094957990446e-11	220.26672984891562	41.149707442682086	4.4749337177528106e-11	success	130.42759581171794	5.7485833210131555e-09	1.5257259584799754e-08	7.50631079087694e-09	1.478699607426287e-08	2.066469913776721e-11	219.96793718475374	40.87188392267187	8.0541192780339882e-12	success	128.59151051367749	5.7485833210131555e-09	1.5257259584799754e-08	7.50631079087694e-09	1.478699607426287e-08	-1.1216152367537233e-10	220.79924977600811	41.6762380578555	4.0605144532994568e-11	success	128.37836466058633	5.7485833210131555e-09	1.5257259584799754e-08	7.50631079087694e-09	1.478699607426287e-08	-8.8366389717575631e-11	220.89084059481644	41.771243803881752	8.6571676239731265e-11	success	128.59151321053565	128.59151321053565	0.94999999999999996	0.0045569676386165185	1514.1552987524378	0	0.0071264107869999831	0.10000000000000001	0.57736708687004157	0.57618215398509964	0.0035767782179208702	0	0.0016082355814498459	0.01021770240950759	3.4374899021039015e-19	4.8493334203016428e-06	0.017690591395948307	1.8718136032972407e-24	0	9.6079443302733863e-06	5.7219692722329848e-11	9.6080008823997002e-06	0-(0)->1-(2)->2	true_lower	110.89321936045927	5.7485833210131555e-09	1.5257259584799754e-08	7.50631079087694e-09	1.478699607426287e-08	-1.3259336396361636e-10	96.943160455010073	179.43445880526133	-4.2780801766430568e-10	failure	nan	nan	nan	nan	nan	nan	nan	nan	nan	nan	nan	nan	nan	nan	nan	nan	nan	nan	nan	nan	nan	nan	nan	nan	nan	nan	nan	nan	nan	nan	nan	nan	nan	nan	nan	nan	nan	nan	nan	nan	not_set	nan	nan	nan	nan	nan	nan	nan	nan	nan	nan	nan	nan	nan	nan	nan	nan	nan	nan	nan	nan	nan	nan	success	98.055460591043357	1.3615687123071737e-11	225.12737274480477	60.641899777521104	1.8039488675167733e-11	9.554619038804028e-11	59.908451723013016	215.33785083423837	-2.5940097461592143e-10	success	success	85.394176075496233	3.399312102137484e-12	220.3596735655656	75.785504245343077	2.1992293437621239e-11	-7.3290312778587718e-11	51.684785882277566	228.06141374635587	8.7438214061654305e-10	success	85.742366787392413	2.0588681252837682e-11	220.60126642325366	75.208679442633212	2.7943546519794042e-11	1.4225801622117571e-10	51.844653330674312	227.794220383533	-3.851890768939465e-10	success	84.862079566554939	-1.0307718996027319e-12	219.96909076051529	76.699079653326734	7.6922826017218418e-12	-4.721466225936183e-10	51.445881144547975	228.46250722969032	-7.6510285111942513e-12	success	84.771547576726022	3.2034050388167101e-11	219.89987759938128	76.858658945106825	4.9208237818924418e-12	1.9031583272756526e-11	51.405871046343414	228.52989087110609	1.6645738870866195e-10	success	84.862079794725275	84.862079794725275	0.94999999999999996	0.01289513405134405	2411.579463288112	1.6455653971724722e-09	0.019050421714755527	0.10000000000000001	0.57566003039983926	0.57088074111522935	0.0037434758912425702	6.0925263798249242e-35	0.0016370816755008814	0.010255530121977611	4.7333299381523213e-18	1.3520713118706273e-05	0.018007898430509695	4.4280391608263034e-23	2.9640575323552629e-21	0.00013122143681505334	1.3334415374090835e-09	0.00013122275426347816	multi_step	1.315740282785678e-04	typeI_mH62-125/random_20260831_095833.md
7.406399999999999e+01	3.155540000000000e+02	3.000260000000000e+02	3.144110000000000e+02	1.021980000000000e-01	8.006760000000000e+00	4.889045628185601e-10	-9.310775909560309e+00	success	0	0	0	true	2.525224522193772e-01	true	1.333377589109586e+01	true	3.308465570000000e-04	3.470492840000000e-09	9.128739411475086e-01	4.993537351552931e-03	true	7.475865027011434e+00	8.033963955227756e+01	2.493349601721592e+00	2.315668274677143e-01	true	true	4.597171100125836e-01	7.407942346443640e-01	4.597171100125836e-01	1.606675076175561e-03	4.756327974099372e-01	3.726677509915900e+00	4.756327974099372e-01	9.971341834195300e-04	CMS:2019ogx	CMS:2012qwq	CMS:2019ogx	ATLAS:2021upq	LHC13 [H]->X1->Z(X2->[bb])	LHC8 [vbfH;HW;Htt;H;HZ]>[bb;tautau;WW;ZZ;gamgam]	LHC13 [H]->X1->Z(X2->[bb])	LHC13 [Hpmtb>tb]	4.713778059438368e+00	true	all checks passed	1	3.744050624603379e+00	2.529735897752611e-01	3.230996316741086e+00	-1.287266058963967e+00	-1.603173463286790e+00	3.144110000000000e+02	8.006760000000000e+00	8426.2146216159508	2046.0943491906478	327.45464215296954	-2.2530035382068263	-0.067909305838884798	-0.0030021594786837076	0	-0.012861419369785557	0	0	0	success	non_bfb	success	success	857.61300000000006	success	244.02818860343407	-1.3632528233345267e-11	49.127619327144437	3.275928753408349	6.209026340861252e-09	0	0	0	0	failure	nan	nan	nan	nan	nan	nan	nan	nan	nan	nan	nan	nan	nan	nan	nan	nan	nan	nan	nan	nan	nan	nan	nan	nan	nan	nan	nan	nan	nan	nan	nan	nan	nan	nan	nan	nan	nan	nan	nan	nan	not_set	nan	nan	nan	nan	nan	nan	nan	nan	nan	nan	nan	nan	nan	nan	nan	nan	nan	nan	nan	nan	nan	nan	0	success	154.35182203807838	0	0	0	0	6.720455072519438e-10	77.910343000936834	98.64793966691542	1.4567067243240262e-10	success	success	151.00536632204603	0	0	0	0	-1.2119871515153488e-09	78.61887502138822	118.99622017183081	1.2423236332587069e-10	success	151.13742632102299	0	0	0	0	1.3201904335066041e-09	78.629719442363225	118.29101934594607	2.6239024905017791e-10	success	150.594997945964	0	0	0	0	-1.7239870246377353e-10	78.570672347263169	121.14737914056438	-8.0394589143338364e-10	success	150.54196377476097	0	0	0	0	6.7623580439704919e-10	78.562911024847281	121.42109405783332	-6.7595175632000137e-10	success	150.59500567968433	150.59500567968433	0.94999999999999996	0.0012071008873672507	7158.9948804365349	0	0.0019059782842112255	0.10000000000000001	0.57728286616864322	0.57664248995729361	0.019818525888631911	0	0.0088776492087665488	0.056472459515837299	3.2438658116016875e-22	7.1369564062410919e-06	0.097654141296432045	4.256897907233216e-28	0	4.8890247930130589e-10	2.5609652526231258e-15	4.8890456281856012e-10	nan	nan	nan	nan	nan	nan	nan	nan	nan	nan	nan	nan	nan	nan	nan	nan	nan	nan	nan	nan	nan	nan	nan	nan	nan	nan	nan	nan	nan	nan	nan	nan	nan	nan	nan	nan	nan	nan	nan	nan	nan	nan	nan	nan	nan	nan	nan	nan	nan	nan	nan	nan	nan	nan	nan	nan	nan	nan	nan	nan	nan	nan	nan	nan	nan	nan	nan	nan	nan	nan	nan	nan	nan	nan	needs_multistep_run	4.889045628185601e-10	random_20260820_005445.md
1.123067264987878e+02	3.104234457771011e+02	3.217013489858134e+02	9.674439988448346e+02	1.140954774343813e-01	1.046286783336879e+01	1.070960906839737e-13	-1.297022638187930e+01	success	0	0	0	true	2.563796064539118e-01	true	1.600170476848472e+01	true	3.315615970000000e-04	3.461073740000000e-09	8.423764520509950e-01	1.458117926130840e-03	true	5.527731177869690e+00	8.038201739369619e+01	2.495578065709491e+00	2.313616085132584e-01	true	true	7.838065077445515e-01	7.412544603750960e-01	9.201249587604754e-01	0.000000000000000e+00	1.273305729388076e+00	3.728992745105368e+00	6.271733769879185e-01	0.000000000000000e+00	ATLAS:2014vuz	CMS:2012qwq	CMS:2019qcx		LHC8 [HW;HZ]>[bb]	LHC8 [vbfH;HW;Htt;H;HZ]>[bb;tautau;WW;ZZ;gamgam]	LHC13 [ggH]->X1->Z(X2->[bb])		5.108228502875505e+00	true	all checks passed	1	4.784631359947812e+00	2.568376349104613e-01	3.358489219137887e+00	-1.659166121016589e+00	-1.423557612484522e+00	9.674439988448346e+02	1.046286783336879e+01	10326.680560569592	2120.551227513487	211.23754864223395	-3.643225387041809	-0.074321169542096152	-0.064004612802204514	0	0.0025499065688862265	0	0	0	success	non_bfb	success	success	747.84699999999998	success	256.61743691686593	2.4340626483073207e-09	38.700965448107631	5.6920885626511915	-1.7678632642288697e-10	0	0	0	0	success	success	256.57663283239413	-1.4469530682058338e-10	37.688558694032757	5.541631972071464	1.2495318469295917e-08	0	0	0	0	success	256.57748305750101	1.2416616033658391e-08	37.711292727516216	5.5450151081293972	-1.1993211529036802e-08	0	0	0	0	success	256.56910414576754	2.8240612331103581e-10	37.483225818426043	5.5110648622885936	2.5948975915017398e-09	0	0	0	0	success	256.56854869184161	-3.1530839409403011e-09	37.467802216543525	5.5087681699344868	1.2527578243476666e-09	0	0	0	0	success	256.56910414576754	256.56910414576754	0.94999999999999996	2.5038638087951393e-05	1170619.6883241849	0	3.9854300513975292e-05	0.10000000000000001	0.57738990239507582	0.57737477343485666	5.5298669150827884	0	2.4667613236883077	15.722387337443244	1.5870034214199811e-31	4.1324813864214784e-05	27.134374560571384	3.0178479800739009e-39	0	2.7184708757277335e-26	6.5516500940806002e-29	2.7218811378476252e-26	0-(0)->1-(1)->2	success	165.34802612894845	0	0	0	0	9.5582853608928895e-09	26.61521398507103	113.67887314991276	5.3061969744357379e-09	success	success	164.63619471222808	0	0	0	0	2.1078878850286418e-09	28.735218286805381	121.61297790624035	8.6911629998299951e-09	success	164.66141226386273	0	0	0	0	-3.6217021739576163e-10	28.674149961157827	121.37514356413905	4.4310117289258771e-09	success	164.52613083490064	0	0	0	0	-1.1513482593126417e-09	28.993056502287477	122.62483700787313	5.8924800835625423e-10	success	164.51474866760543	0	0	0	0	1.4700788493244458e-08	29.018951399245012	122.72716969133593	-3.0791535583615924e-10	success	164.52612845243044	164.52612845243044	0.94999999999999996	0.00082279303041511915	36624.0890471905	0	0.001302913793053624	0.10000000000000001	0.5773998061961938	0.57691380578315477	0.11080340654211465	0	0.04941201051470602	0.31454802346349636	5.7474489904545815e-24	2.7120852698743985e-05	0.54353211566176618	3.5636559379306748e-30	0	1.0709386138209798e-13	3.8620163797655875e-18	1.0709609068397367e-13	nan	nan	nan	nan	nan	nan	nan	nan	nan	nan	nan	nan	nan	nan	nan	nan	nan	nan	nan	nan	nan	nan	nan	nan	nan	nan	nan	nan	nan	nan	nan	nan	nan	nan	nan	nan	nan	nan	nan	nan	nan	nan	nan	nan	nan	nan	nan	nan	nan	nan	nan	nan	nan	nan	nan	nan	nan	nan	nan	nan	nan	nan	nan	nan	nan	nan	nan	nan	nan	nan	nan	nan	nan	nan	multi_step	1.070960906839737e-13	typeI_mH62-125/random_20260901_123251.md
7.929573361128593e+01	2.112683894881420e+02	1.992347989753903e+02	7.420594000952850e+02	1.554472723435893e-01	8.325665386129851e+00	3.006361115991689e-07	-6.521958854333575e+00	success	0	0	0	true	2.483912747587773e-01	true	4.581992826531293e+00	true	3.304057150000000e-04	3.477029230000000e-09	9.577491264853910e-01	8.687030611092843e-03	true	1.494458277074524e+00	8.035295338966357e+01	2.494045286922091e+00	2.315050571923549e-01	true	true	4.576096279807519e-01	7.228406499965752e-01	2.085262942438045e-01	2.160608392974959e-03	4.059440248216348e-01	3.636359285231813e+00	2.226134322878994e-01	2.841941031123909e-03	LEPWorkingGroupforHiggsbosonsearches:2003ing	CMS:2012qwq	CMS:2019ogx	ATLAS:2021upq	LEP [eeHZ>bb]	LHC8 [vbfH;HW;Htt;H;HZ]>[bb;tautau;WW;ZZ;gamgam]	LHC13 [H]->X1->Z(X2->[bb])	LHC13 [Hpmtb>tb]	6.087648229914834e+00	true	all checks passed	1	9.309535147006307e-01	2.488350318647800e-01	1.549553550200648e+00	-4.707417946703815e-01	-6.339986944704047e-01	7.420594000952850e+02	8.325665386129851e+00	1327.4773286308032	-486.33822563292853	51.848890182143919	-0.53404061634894884	-0.011530471507201477	0.039832842119898161	0	-0.0088560474504462555	0	0	0	success	ew_sym_res	success	success	1176.808	success	160.04687397380627	1.142351559590512e-08	5.1519963919226358e-08	8.4756837970109839e-09	1.1423726268921627e-08	1.3018740234642683e-09	86.104994612796887	19.339718567928248	-1.2237649441505855e-09	success	success	159.59912456716296	1.142351559590512e-08	5.1519963919226358e-08	8.4756837970109839e-09	1.1423726268921627e-08	7.1101699491724497e-10	92.399624161395423	20.467538068899092	-1.0368937720285217e-10	success	159.61533473266923	1.142351559590512e-08	5.1519963919226358e-08	8.4756837970109839e-09	1.1423726268921627e-08	1.0133629650468005e-10	92.287905441379493	20.446553520078769	-1.2595624802303789e-09	success	159.52471429095561	1.142351559590512e-08	5.1519963919226358e-08	8.4756837970109839e-09	1.1423726268921627e-08	-3.1658834348928149e-10	92.905895240725172	20.562768778778718	-2.5031288090892192e-10	success	159.51727419540867	1.142351559590512e-08	5.1519963919226358e-08	8.4756837970109839e-09	1.1423726268921627e-08	-1.0366252846338869e-09	92.955938826615792	20.57219434494305	-7.3108011554939591e-10	success	159.52471429095561	159.52471429095561	0.94999999999999996	0.00046747177186733026	54237.633625490169	0	0.00074295242395075163	0.10000000000000001	0.57753335569904907	0.57728487008356189	0.15908696985046572	0	0.071083285956954595	0.45295398709898593	4.6573318980323825e-25	2.2211120709529982e-05	0.78191614552650057	1.7003591724454817e-31	0	3.0759968126129665e-15	1.2809733825871368e-19	3.076067862150682e-15	0-(0)->1-(1)->2	success	111.99718267030589	-3.3068880210391697e-11	167.62831467933702	58.949978764352679	1.0601018722834749e-10	5.1819711778702584e-10	52.950290666631439	183.20059254149052	6.992321153400681e-10	success	success	107.45853819857783	-3.3788775856574363e-11	167.68816095738219	66.394365384056542	-1.2196690458074862e-11	4.7323211091542436e-10	46.249555100160585	194.7946241636777	-3.5730869813152129e-10	success	107.61129980099963	1.3181843134558949e-10	167.71953850517991	66.09390244322077	-1.5564203764527532e-10	8.9646640469345588e-10	46.422296173645584	194.45881239125396	-2.8418678974352975e-10	success	107.11262970264656	-5.8807590973211614e-11	167.60511239024871	67.093311668118048	1.0204184824537255e-10	7.0434376214108078e-10	45.868022839537396	195.54430021549877	-2.650084354693807e-10	success	107.06488830807528	-2.9299362563834189e-11	167.59227591741384	67.191915185437125	-5.8803722068396963e-12	9.673508666727267e-10	45.816380451969778	195.64662704491408	-1.0731129694717015e-09	success	107.11262862753048	107.11262862753048	0.94999999999999996	0.0052852387122496597	5735.0059680267786	0	0.0080570292405249041	0.10000000000000001	0.5756038501941978	0.57317772565600733	0.011268193820156137	0	0.0049697238146591957	0.03132270798047572	5.969163821899648e-20	1.7153535294738504e-05	0.054666961961251162	2.3351253260055333e-25	0	3.0063385916159836e-07	2.493348103022197e-12	3.0063611159916887e-07	nan	nan	nan	nan	nan	nan	nan	nan	nan	nan	nan	nan	nan	nan	nan	nan	nan	nan	nan	nan	nan	nan	nan	nan	nan	nan	nan	nan	nan	nan	nan	nan	nan	nan	nan	nan	nan	nan	nan	nan	nan	nan	nan	nan	nan	nan	nan	nan	nan	nan	nan	nan	nan	nan	nan	nan	nan	nan	nan	nan	nan	nan	nan	nan	nan	nan	nan	nan	nan	nan	nan	nan	nan	nan	multi_step	3.006361115991689e-07	typeI_mH62-125/random_20260901_123251.md
7.077170000000000e+01	3.221020000000000e+02	3.218410000000000e+02	3.298460000000000e+02	1.352490000000000e-01	7.369000000000000e+00	3.268803556222526e-05	-4.485611178230295e+00	success	0	0	0	true	2.489918337064574e-01	true	1.206603123937731e+01	true	3.260857860000000e-04	3.130530590000000e-09	1.454463166863704e+00	1.213563661423878e+00	true	3.469548518225162e-01	8.036515949664305e+01	2.494800037815366e+00	2.314242658600874e-01	true	true	5.576170320272640e-01	7.276558311408399e-01	5.576170320272640e-01	1.796934291654326e-03	6.592533430884535e-01	3.660582782712348e+00	6.592533430884535e-01	1.112812500060409e-03	CMS:2019ogx	CMS:2012qwq	CMS:2019ogx	ATLAS:2021upq	LHC13 [H]->X1->Z(X2->[bb])	LHC8 [vbfH;HW;Htt;H;HZ]>[bb;tautau;WW;ZZ;gamgam]	LHC13 [H]->X1->Z(X2->[bb])	LHC13 [Hpmtb>tb]	4.568237465287723e+00	true	all checks passed	1	3.048839352904332e+00	2.494366637257533e-01	3.721434882055543e+00	-1.667958286844362e+00	-1.673512821942517e+00	3.298460000000000e+02	7.369000000000000e+00	9642.7832390297044	2833.6278097408963	461.48832229898892	-2.8235692911169519	-0.092922146147094722	-0.032524654395812772	0	-0.0013490912915457168	0	0	0	success	ew_sym_res	success	success	611.98900000000003	success	262.29351881478829	3.6723661789764402e-07	5.6449958838838608e-06	3.6736100084943042e-07	3.6723661789764397e-07	-7.6180577765991308e-10	187.91953986420808	9.1034632821695656	6.4126329411198399e-10	success	success	240.63800833707424	3.6723661789764402e-07	5.6449958838838608e-06	3.6736100084943042e-07	3.6723661789764397e-07	5.3544738825261094e-10	197.87267122370574	11.158274977635251	-5.4167339423283701e-10	success	241.34698563178009	3.6723661789764402e-07	5.6449958838838608e-06	3.6736100084943042e-07	3.6723661789764397e-07	-4.0440231449027057e-10	197.61227811219328	11.085155220140475	2.0359806440245991e-10	success	238.37858268591953	3.6723661789764402e-07	5.6449958838838608e-06	3.6736100084943042e-07	3.6723661789764397e-07	1.8157836183462331e-10	198.67903430638572	11.394521781306215	-4.4012541671581398e-10	success	238.0353339761167	3.6723661789764402e-07	5.6449958838838608e-06	3.6736100084943042e-07	3.6723661789764397e-07	-7.7064044397699291e-10	198.79851606790004	11.430854586277926	2.7581439613490223e-10	success	238.37261417862828	238.37261417862828	0.94999999999999996	0.00034677054969131519	1765.7865034780432	0	0.00055085733565189644	0.10000000000000001	0.57734034767671161	0.57719910812762731	0.0077460739301935229	0	0.0034040622541242306	0.021686235279482123	1.2493210777884663e-23	7.8887672772970898e-07	0.037444684795366542	5.0092433978722622e-29	0	1.2185178395175285e-10	7.7251089993509996e-16	1.2185251454150168e-10	0-(0)->1-(2)->2	true_lower	104.63182190606719	8.1545937978314125e-09	7.5026095775806397e-08	8.7966260184165237e-09	8.1545937978311478e-09	-4.7705379465304113e-10	73.450602380178822	210.73244136405907	-8.4208415487696231e-10	failure	nan	nan	nan	nan	nan	nan	nan	nan	nan	nan	nan	nan	nan	nan	nan	nan	nan	nan	nan	nan	nan	nan	nan	nan	nan	nan	nan	nan	nan	nan	nan	nan	nan	nan	nan	nan	nan	nan	nan	nan	not_set	nan	nan	nan	nan	nan	nan	nan	nan	nan	nan	nan	nan	nan	nan	nan	nan	nan	nan	nan	nan	nan	nan	success	89.666059283212718	1.4576051647949965e-11	198.18404993928363	74.877180570397329	-1.8013300543409873e-11	7.2176729177892553e-10	44.437811274932336	232.24100878585688	9.2386757954014239e-10	success	success	81.254755373972316	7.2451351229881897e-11	189.61130271564269	95.778522482514347	-3.9107758735513613e-11	5.3770810792694358e-10	40.257303915533697	236.91815178462963	-9.384210891048955e-11	success	81.448704341720543	-1.9487096645105622e-11	189.9309626458741	95.07392802906385	-2.9902129518196526e-11	3.7460869427989398e-10	40.33276798514872	236.8291358366325	-7.1317723585379711e-10	success	80.926403341829314	-4.8446703132779234e-11	189.04194138496518	97.020868062860572	1.0504475718318391e-11	6.3294412803068054e-10	40.13132404693657	237.06708717436413	1.1075194486798941e-09	success	80.877001726053152	-1.6089171895606685e-11	188.95293730390688	97.213630685643736	-2.2324197555535016e-11	2.8547546473366583e-10	40.112561021134091	237.08930420201523	1.5435852317951506e-09	success	80.926424651404062	80.926424651404062	0.94999999999999996	0.014194822927350283	4248.1245677972529	1.6758643469560956e-10	0.021126841579558582	0.10000000000000001	0.5776404286029192	0.57208002168292726	0.0062848240779170526	2.4640894566552247e-37	0.0027171391131407961	0.01707558680132858	2.3162472609886684e-18	2.477876874953504e-05	0.029888530244548756	2.1728820622721203e-23	9.01344396038539e-24	3.2687635437322139e-05	4.15062720776308e-10	3.2688035561998139e-05	multi_step	3.268803556222526e-05	typeI_mH62-125/random_20260815_194920.md
7.359980000000000e+01	3.092980000000000e+02	3.069000000000000e+02	3.809860000000000e+02	1.419530000000000e-01	8.421200000000001e+00	1.008419255079717e-04	-3.996358870358709e+00	success	0	0	0	true	2.492744818754801e-01	true	1.267076100688536e+01	true	3.264405920000000e-04	3.126267010000000e-09	1.409769776483281e+00	1.246171805164567e+00	true	2.785167284355315e-01	8.036144416301669e+01	2.494563433139961e+00	2.314472568711425e-01	true	true	3.894747623742623e-01	7.281822071577545e-01	3.894747623742623e-01	1.238478052965614e-03	3.949547816375557e-01	3.663230796927707e+00	3.949547816375557e-01	7.681317837269727e-04	CMS:2019ogx	CMS:2012qwq	CMS:2019ogx	ATLAS:2021upq	LHC13 [H]->X1->Z(X2->[bb])	LHC8 [vbfH;HW;Htt;H;HZ]>[bb;tautau;WW;ZZ;gamgam]	LHC13 [H]->X1->Z(X2->[bb])	LHC13 [Hpmtb>tb]	4.995596211400709e+00	true	all checks passed	1	3.430190780047423e+00	2.497198168526640e-01	3.417728548702935e+00	-1.478226693717738e+00	-1.527061474734329e+00	3.809860000000000e+02	8.421200000000001e+00	8691.6119358977267	2194.251726371032	355.58032611617199	-3.145962531511965	-0.071511347924493165	-0.0062121562024236446	0	-0.002951931877251309	0	0	0	success	ew_sym_res	success	success	358.863	true_lower	400	-7.5950734923869851e-10	8.4359706531666475e-08	-1.2246027776499092e-08	-1.3937155953597508e-08	-1.5587038167417013e-09	149.26596249260942	2.8351479444339973	-8.6676868201030197e-09	failure	nan	nan	nan	nan	nan	nan	nan	nan	nan	nan	nan	nan	nan	nan	nan	nan	nan	nan	nan	nan	nan	nan	nan	nan	nan	nan	nan	nan	nan	nan	nan	nan	nan	nan	nan	nan	nan	nan	nan	nan	not_set	nan	nan	nan	nan	nan	nan	nan	nan	nan	nan	nan	nan	nan	nan	nan	nan	nan	nan	nan	nan	nan	nan	0	success	86.693232948178576	-6.5264104494305369e-11	190.62915361410609	73.112553678687007	-3.6246034056450232e-11	-2.0081097066857957e-10	38.076007311177428	234.80545447240027	4.0513806319956677e-10	success	success	77.352464944107709	9.5233486641035196e-11	181.82038737638214	96.597591204384031	5.3544039334117613e-11	-1.4977967576682711e-10	34.514312324773265	239.14653935784204	-7.5868836532810062e-10	success	77.568633208606911	1.733779032065255e-11	182.15710773549216	95.796172356542655	1.0717250905025961e-10	2.8784976805642521e-10	34.578133647595031	239.06509485950411	6.2255068044359832e-11	success	77.010929209027822	-2.2426572964165753e-12	181.26032466857865	97.915791019800693	9.502193257891504e-12	-2.0722484755584888e-10	34.414902532134505	239.27359223237514	-9.4397216702529406e-10	success	76.957131198526938	3.6009779977737296e-11	181.16868851452566	98.129738654396974	4.9167774095275701e-11	1.2233931779470262e-09	34.399400829825439	239.2934250600353	-7.5982457861125174e-10	success	77.010929209027822	77.010929209027822	0.94999999999999996	0.017414852278638017	3693.7648899438941	9.1950752068492078e-11	0.025723070804400221	0.10000000000000001	0.57786962077359394	0.57180173529181888	0.0051970576376362447	1.4693010413833341e-37	0.0022690403324642171	0.014249062707256633	5.506749592455105e-18	2.5249963146631116e-05	0.024959443657106388	6.2560790848474979e-23	6.140380111566012e-24	0.00010084054871110961	1.4121679139142806e-09	0.0001008419255079717	nan	nan	nan	nan	nan	nan	nan	nan	nan	nan	nan	nan	nan	nan	nan	nan	nan	nan	nan	nan	nan	nan	nan	nan	nan	nan	nan	nan	nan	nan	nan	nan	nan	nan	nan	nan	nan	nan	nan	nan	nan	nan	nan	nan	nan	nan	nan	nan	nan	nan	nan	nan	nan	nan	nan	nan	nan	nan	nan	nan	nan	nan	nan	nan	nan	nan	nan	nan	nan	nan	nan	nan	nan	nan	needs_multistep_run	1.008419255079717e-04	typeI_mH62-125/random_20260816_190708.md
1.152940000000000e+02	3.193290000000000e+02	3.125080000000000e+02	9.325270000000000e+02	1.243900000000000e-01	1.241800000000000e+01	6.224742359803611e-15	-1.420587861917699e+01	success	0	0	0	true	2.565547408850666e-01	true	1.552558948048786e+01	true	3.272144420000000e-04	3.116868820000000e-09	1.314710629837575e+00	1.319576493319767e+00	true	1.281163484418864e+00	8.035347901791290e+01	2.493995584538857e+00	2.315179015485047e-01	true	true	7.819623161467775e-01	7.405423564377515e-01	6.224498247909287e-01	3.524511822680647e-04	1.271971839585839e+00	3.725410398478037e+00	5.082224265627047e-01	2.184783957505738e-04	ATLAS:2014vuz	CMS:2012qwq	CMS:2019qcx	ATLAS:2021upq	LHC8 [HW;HZ]>[bb]	LHC8 [vbfH;HW;Htt;H;HZ]>[bb;tautau;WW;ZZ;gamgam]	LHC13 [ggH]->X1->Z(X2->[bb])	LHC13 [Hpmtb>tb]	5.492474952892422e+00	true	all checks passed	1	4.640348076652964e+00	2.570130822235737e-01	3.131054242275606e+00	-1.349994626532348e+00	-1.492428368914529e+00	9.325270000000000e+02	1.241800000000000e+01	9612.6812818892213	1936.7809345839953	147.22442786021054	-4.4792883855373375	-0.068735305676585659	-0.052241334487529149	0	-0.0034735158369491245	0	0	0	success	non_bfb	success	success	541.45899999999995	success	267.27392538727298	3.7837208136181868e-09	129.98660895769237	13.665004514892438	1.8524867655290395e-09	0	0	0	0	success	success	264.56594815052858	1.8349930872131566e-09	126.44051836878315	13.849629815126599	1.1422950091647544e-09	0	0	0	0	success	264.62121941165481	-1.5166709061764379e-11	126.51940428242051	13.846388901629513	2.1635183462422122e-09	0	0	0	0	success	264.2708376421208	1.4776347158419991e-09	126.01375368092522	13.866450731542553	2.2820128348339683e-09	0	0	0	0	success	264.24105095820664	9.7382061835607606e-10	125.97014491735661	13.868101838311347	-9.0577769565580049e-11	0	0	0	0	success	264.2708376421208	264.2708376421208	0.94999999999999996	0.00018990178948224363	22619.897783084907	0	0.00030219565998367638	0.10000000000000001	0.57747628274172313	0.57738110215807059	0.11007283983108498	0	0.048718932218405127	0.31052494838250805	8.731434986868255e-26	6.1888710523336731e-06	0.53590825440245637	2.7137226137642839e-32	0	1.6906912563565726e-15	2.9827554739948178e-20	1.6907085055833901e-15	0-(0)->1-(1)->2	success	163.54012147627208	0	0	0	0	7.4780147122047312e-10	16.105570010524907	99.710648318660077	7.9554888456912942e-09	success	success	163.1318560543192	0	0	0	0	1.6689647485133722e-08	17.541648676618269	107.06879692331552	4.2015563365498557e-09	success	163.14650408679177	0	0	0	0	2.8491000728584916e-08	17.49815590012707	106.84572152589443	-4.410501821259123e-11	success	163.06268625782047	0	0	0	0	1.0813907552943914e-09	17.741248099354205	108.09320024439263	-1.3132125152544387e-09	success	163.05587752110117	0	0	0	0	-2.9582964963889337e-09	17.760407879706069	108.19159592040515	-1.6829475751029128e-08	success	163.06268625782047	163.06268625782047	0.94999999999999996	0.00069341082337674807	60618.546128396847	0	0.0010991116004906226	0.10000000000000001	0.57741965472666235	0.57700651188712715	0.18176026167917822	0	0.081106049072142167	0.51643493166842147	1.3268367379727382e-24	3.7537487060250906e-05	0.89216653979356386	6.5683803423756742e-31	0	5.9904984695654292e-15	4.3368591459779971e-19	5.9907363650123511e-15	nan	nan	nan	nan	nan	nan	nan	nan	nan	nan	nan	nan	nan	nan	nan	nan	nan	nan	nan	nan	nan	nan	nan	nan	nan	nan	nan	nan	nan	nan	nan	nan	nan	nan	nan	nan	nan	nan	nan	nan	nan	nan	nan	nan	nan	nan	nan	nan	nan	nan	nan	nan	nan	nan	nan	nan	nan	nan	nan	nan	nan	nan	nan	nan	nan	nan	nan	nan	nan	nan	nan	nan	nan	nan	multi_step	6.224742359803611e-15	typeI_mH62-125/random_20260816_190708.md
1.223860000000000e+02	3.191000000000000e+02	3.022910000000000e+02	1.012960000000000e+03	1.653780000000000e-01	1.297770000000000e+01	1.281253675747920e-18	-1.789236487566476e+01	success	0	0	0	true	2.573494318477244e-01	true	1.695147132101301e+01	true	3.272508410000000e-04	3.116437330000000e-09	1.310321100297179e+00	1.322997084631734e+00	true	6.930129950035628e+00	8.034005240961092e+01	2.493265471930936e+00	2.315945446422951e-01	true	true	7.521014750508647e-01	7.280249459797461e-01	5.299822989031748e-01	3.678988667722933e-04	2.237746239362174e+00	3.662439670771673e+00	4.267054170069471e-01	2.282779328435265e-04	CMS:2013zmy	CMS:2012qwq	CMS:2019qcx	ATLAS:2021upq	LHC8 [ggH;vbfH;HW;HZ]>[WW]	LHC8 [vbfH;HW;Htt;H;HZ]>[bb;tautau;WW;ZZ;gamgam]	LHC13 [ggH]->X1->Z(X2->[bb])	LHC13 [Hpmtb>tb]	5.148937313135008e+00	true	all checks passed	1	5.234960695941752e+00	2.578091929211319e-01	2.834088545623352e+00	-1.118893226213790e+00	-1.464089912015892e+00	1.012960000000000e+03	1.297770000000000e+01	9576.5096439902845	1579.1781605880858	114.80534225837098	-3.9162737867049371	-0.058979153230677032	-0.044336085379584327	0	-0.0064593604041471714	0	0	0	success	non_bfb	success	success	364.673	success	250.18942687608561	5.1146091403248217e-09	20.234546606714009	3.2523532442251066	1.0692092522187557e-08	0	0	0	0	failure	nan	nan	nan	nan	nan	nan	nan	nan	nan	nan	nan	nan	nan	nan	nan	nan	nan	nan	nan	nan	nan	nan	nan	nan	nan	nan	nan	nan	nan	nan	nan	nan	nan	nan	nan	nan	nan	nan	nan	nan	not_set	nan	nan	nan	nan	nan	nan	nan	nan	nan	nan	nan	nan	nan	nan	nan	nan	nan	nan	nan	nan	nan	nan	0	success	172.15974690763443	0	0	0	0	1.0644701254516794e-08	11.382871470141279	67.078202626413301	-2.0560109068777684e-08	success	success	172.02722586335486	0	0	0	0	-4.2960909184169835e-08	12.313275746248303	71.949987635186773	1.7226142395327403e-08	success	172.03186001467219	0	0	0	0	3.5535588514228933e-08	12.284961598566301	71.802529577988437	1.2727583445835887e-08	success	172.00046029303294	0	0	0	0	-7.0138078555380122e-09	12.472407598123889	72.777902621642028	1.7483212094223594e-08	success	171.99807244717024	0	0	0	0	9.0842095854743125e-09	12.486259620401205	72.849904950974874	-1.736461787274954e-08	success	172.00045930765674	172.00045930765674	0.94999999999999996	0.00026734196243004233	182019.15724395416	0	0.00042507566096668337	0.10000000000000001	0.5774576041704258	0.57729587502097812	0.57577358137192169	0	0.25763852063167308	1.6417620452541666	8.6000241902235441e-27	4.6053824616912718e-05	2.8340237269484039	1.6116288970987412e-33	0	1.2810781328805016e-18	3.3499155889333144e-22	1.2812536757479199e-18	nan	nan	nan	nan	nan	nan	nan	nan	nan	nan	nan	nan	nan	nan	nan	nan	nan	nan	nan	nan	nan	nan	nan	nan	nan	nan	nan	nan	nan	nan	nan	nan	nan	nan	nan	nan	nan	nan	nan	nan	nan	nan	nan	nan	nan	nan	nan	nan	nan	nan	nan	nan	nan	nan	nan	nan	nan	nan	nan	nan	nan	nan	nan	nan	nan	nan	nan	nan	nan	nan	nan	nan	nan	nan	needs_multistep_run	1.281253675747920e-18	typeI_mH62-125/random_20260816_190708.md
1.190100000000000e+02	3.087410000000000e+02	3.040050000000000e+02	9.741420000000001e+02	1.391600000000000e-01	1.230690000000000e+01	1.128447151337428e-16	-1.594751877546081e+01	success	0	0	0	true	2.569602079223759e-01	true	1.812815984238491e+01	true	3.271866050000000e-04	3.117212410000000e-09	1.318072580127496e+00	1.316855886539929e+00	true	6.252798369515392e-01	8.035679684921787e+01	2.494188055365614e+00	2.315020174543848e-01	true	true	7.781525868088648e-01	7.359213345402343e-01	5.951888152759810e-01	4.252426476825261e-04	1.268152187148581e+00	3.702163648472520e+00	4.206405125163952e-01	2.638172075549908e-04	ATLAS:2014vuz	CMS:2012qwq	CMS:2019qcx	ATLAS:2021upq	LHC8 [HW;HZ]>[bb]	LHC8 [vbfH;HW;Htt;H;HZ]>[bb;tautau;WW;ZZ;gamgam]	LHC13 [ggH]->X1->Z(X2->[bb])	LHC13 [Hpmtb>tb]	5.746951378454071e+00	true	all checks passed	1	5.655268241370488e+00	2.574192736376922e-01	2.918860403666596e+00	-1.279814473133596e+00	-1.375721838326272e+00	9.741420000000001e+02	1.230690000000000e+01	10099.136756147836	1555.5035636301373	144.46922997016864	-3.9581014598727702	-0.057330156450730349	-0.041322815328596114	0	-0.0026752957569406888	0	0	0	success	non_bfb	success	success	536.35000000000002	success	203.64094460299296	5.5188621724964328e-09	30.440599406270767	16.774642778879809	1.0576174711236905e-09	0	0	0	0	success	success	203.60674888966108	6.5787451033867417e-09	29.624682839776845	16.304516245926166	4.5136242620783235e-09	0	0	0	0	success	203.60755032675996	1.1235456793677281e-08	29.645495403340448	16.316539299093506	7.8922955247441356e-09	0	0	0	0	success	203.60053876907236	1.6812199275160763e-10	29.459785413930764	16.209191454789089	2.4192390770864822e-09	0	0	0	0	success	203.60005483012043	3.6316339503881047e-09	29.446830611203527	16.201705590833242	2.6071300641912757e-10	0	0	0	0	success	203.60053876907236	203.60053876907236	0.94999999999999996	3.5978205190130119e-05	1055695.065570039	0	5.7286471279399166e-05	0.10000000000000001	0.57744061052478635	0.57741921915549943	3.9533764640275737	0	1.7824239045167403	11.361983738484998	5.9499016900676257e-31	4.2913628180754234e-05	19.606662949684143	1.5526751279574409e-38	0	2.7008534498292667e-25	4.6649828944668449e-28	2.7032807506326138e-25	0-(0)->1-(1)->2	success	181.42912258347835	0	0	0	0	-6.0659159452821547e-09	34.923245934965422	80.856965484988706	4.1734971990913876e-09	success	success	180.99165901481808	0	0	0	0	1.0494501515720505e-08	36.611338601279819	85.787727653063797	2.4423787342646379e-09	success	181.00603830262747	0	0	0	0	-7.9625617596548273e-09	36.565471625722523	85.643808381879424	2.3465068687231614e-10	success	180.91878709328441	0	0	0	0	4.9713189502494581e-09	36.836343335042379	86.503114803813503	1.0112785270833183e-08	success	180.91175033084389	0	0	0	0	6.0432233388336043e-09	36.857438771264327	86.571009004292677	3.7275895945672227e-09	success	180.91878709328441	180.91878709328441	0.94999999999999996	0.00024528896481367825	65124.900967886817	0	0.00038998992936281954	0.10000000000000001	0.57743465957686646	0.57728429502022705	0.21670724144118253	0	0.096669092589085112	0.6159898599162511	4.1687845921122554e-26	1.585427371179662e-05	1.0633600184799361	8.9750048503542133e-33	0	1.1284202129513209e-16	4.9718788567092806e-21	1.128447151337428e-16	nan	nan	nan	nan	nan	nan	nan	nan	nan	nan	nan	nan	nan	nan	nan	nan	nan	nan	nan	nan	nan	nan	nan	nan	nan	nan	nan	nan	nan	nan	nan	nan	nan	nan	nan	nan	nan	nan	nan	nan	nan	nan	nan	nan	nan	nan	nan	nan	nan	nan	nan	nan	nan	nan	nan	nan	nan	nan	nan	nan	nan	nan	nan	nan	nan	nan	nan	nan	nan	nan	nan	nan	nan	nan	multi_step	1.128447151337428e-16	typeI_mH62-125/random_20260816_190708.md
1.211760000000000e+02	3.068150000000000e+02	2.985960000000000e+02	9.630230000000000e+02	1.346400000000000e-01	1.339480000000000e+01	1.538647241561180e-19	-1.881286093741604e+01	success	0	0	0	true	2.573038951304695e-01	true	1.743621338217996e+01	true	3.272816740000000e-04	3.116068920000000e-09	1.306608543607419e+00	1.325921119975817e+00	true	1.617035794954361e+00	8.035210354545475e+01	2.493934668470401e+00	2.315288129299847e-01	true	true	7.523699846724200e-01	7.384823623464394e-01	4.609687063639971e-01	3.299878917643327e-04	2.238634836009390e+00	3.715047286440133e+00	3.395600272957239e-01	2.077816112438792e-04	CMS:2013zmy	CMS:2012qwq	CMS:2019qcx	ATLAS:2021upq	LHC8 [ggH;vbfH;HW;HZ]>[WW]	LHC8 [vbfH;HW;Htt;H;HZ]>[bb;tautau;WW;ZZ;gamgam]	LHC13 [ggH]->X1->Z(X2->[bb])	LHC13 [Hpmtb>tb]	5.514955158510816e+00	true	all checks passed	1	5.440599495867350e+00	2.577635748514146e-01	2.774934050957979e+00	-1.176751643183231e+00	-1.341199822474658e+00	9.630230000000000e+02	1.339480000000000e+01	9477.0478738807378	1369.4032455536117	119.3101183006123	-4.4289830319776664	-0.052311239472677358	-0.030614514235192715	0	-0.0041041543934434033	0	0	0	success	non_bfb	success	success	500.226	success	228.66540426673129	3.9052099427419078e-09	54.509718690031711	13.048378439493915	-2.4663126508130126e-11	0	0	0	0	success	success	228.54940423800244	-1.7407150335669899e-10	53.135284141843229	12.739978725088779	-8.925544798466865e-10	0	0	0	0	success	228.5519674116708	8.7927166963114499e-09	53.168309646141765	12.747475683397635	-6.3644501376643038e-09	0	0	0	0	success	228.53089602960313	6.9300622366986502e-09	52.892468377377682	12.684730418976146	-1.5277376300926053e-09	0	0	0	0	success	228.52943315717172	2.4743703825301716e-10	52.872990534888771	12.68029108892731	-1.5314634998248973e-09	0	0	0	0	success	228.53089602960313	228.53089602960313	0.94999999999999996	8.8573179495766998e-05	397856.1262179797	0	0.00014101392267698099	0.10000000000000001	0.57746652963318645	0.57741578581205699	1.6727855680222923	0	0.74184975821564814	4.728845476189206	6.3618625748332156e-29	4.3966825196223228e-05	8.1603473403721303	4.1466971393406187e-36	0	4.0012077900053268e-22	2.9934136805399295e-25	4.0027657628889006e-22	0-(0)->1-(1)->2	success	174.99921862921371	0	0	0	0	-6.2251828865425638e-09	12.384993252669762	59.93917182419969	-4.6766504657303687e-08	success	success	174.89444763980191	0	0	0	0	-1.7683431681058425e-08	13.362491689140251	64.146680255796682	2.2018821456750912e-08	success	174.8980634017035	0	0	0	0	-2.3655900811152716e-08	13.332871954816017	64.019858074826388	-1.6201913430128192e-08	success	174.87262256104319	0	0	0	0	7.7246829373044902e-09	13.536684279392349	64.891738015673226	6.2154917041095385e-09	success	174.87071373156149	0	0	0	0	3.5221295452997488e-09	13.551559891177016	64.955304352403104	-2.569121441680119e-08	success	174.87262217825648	174.87262217825648	0.94999999999999996	0.00020021013664204364	231360.9291573852	0	0.00031847278094499453	0.10000000000000001	0.57745533648327485	0.57733427108306545	0.74410177114409459	0	0.33301393158391934	2.1222989562533616	2.2224591138742545e-27	4.45907101009465e-05	3.663153247423113	3.1394573350634806e-34	0	1.5383782751544787e-19	5.0486139267498012e-23	1.5386420349873699e-19	nan	nan	nan	nan	nan	nan	nan	nan	nan	nan	nan	nan	nan	nan	nan	nan	nan	nan	nan	nan	nan	nan	nan	nan	nan	nan	nan	nan	nan	nan	nan	nan	nan	nan	nan	nan	nan	nan	nan	nan	nan	nan	nan	nan	nan	nan	nan	nan	nan	nan	nan	nan	nan	nan	nan	nan	nan	nan	nan	nan	nan	nan	nan	nan	nan	nan	nan	nan	nan	nan	nan	nan	nan	nan	multi_step	1.538647241561180e-19	typeI_mH62-125/random_20260816_190708.md
6.714579999999999e+01	2.945370000000000e+02	2.953360000000000e+02	4.648810000000000e+02	1.485660000000000e-01	5.460520000000000e+00	3.146961897413502e-07	-6.502108515378245e+00	success	0	0	0	true	2.449998807158361e-01	true	8.063407971374916e+00	true	3.243809280000000e-04	3.151365950000000e-09	1.678943784324611e+00	1.060431579303240e+00	true	5.347582237823612e-01	8.036718923015634e+01	2.494932320845851e+00	2.314097920551614e-01	true	true	8.725852700380272e-01	7.134930189384542e-01	8.725852700380272e-01	6.846506311448604e-03	8.393605000308503e-01	3.589334612514139e+00	8.393605000308503e-01	4.450159959430494e-03	CMS:2019ogx	CMS:2012qwq	CMS:2019ogx	ATLAS:2021upq	LHC13 [H]->X1->Z(X2->[bb])	LHC8 [vbfH;HW;Htt;H;HZ]>[bb;tautau;WW;ZZ;gamgam]	LHC13 [H]->X1->Z(X2->[bb])	LHC13 [Hpmtb>tb]	4.106812142198493e+00	true	all checks passed	1	1.598508909438888e+00	2.454375790131820e-01	3.157310707597754e+00	-1.405761030019760e+00	-1.390184702205627e+00	4.648810000000000e+02	5.460520000000000e+00	6241.1223262159037	1684.9029675703957	470.50529473933585	-1.2731634546344444	-0.057740733472656278	0.013638080058529681	0	-0.00038730773914914996	0	0	0	success	ew_sym_res	success	success	566.38199999999995	success	147.56329304092367	0	1.8826010061799899e-06	6.1567172679049958e-11	0	-9.2073221838968676e-11	171.1123321557728	38.881947066628967	-1.157042689914201e-10	success	success	138.04787950972806	0	1.8826010061799899e-06	6.1567172679049958e-11	0	1.2561581757121581e-10	180.70238015193277	45.164701243284306	-3.0271799527141008e-11	success	138.42771925479286	0	1.8826010061799899e-06	6.1567172679049958e-11	0	-2.5410992151480859e-11	180.41397016017976	44.895320128949649	6.5925884367726037e-11	success	137.18190859712047	0	1.8826010061799899e-06	6.1567172679049958e-11	0	-1.4471591975851151e-10	181.3367423825112	45.786114880327638	-2.6145781699529915e-11	success	137.04509619598321	0	1.8826010061799899e-06	6.1567172679049958e-11	0	3.2337483161565165e-11	181.43408428579966	45.885238001346494	1.9686837454738989e-11	success	137.18176799816996	137.18176799816996	0.94999999999999996	0.002648318696414677	2529.147437885862	0	0.0041626536051178765	0.10000000000000001	0.57738148942021816	0.57639539481961699	0.006375362431640632	0	0.0028535279913300391	0.018139843260595579	2.4289523895035638e-20	5.0179270955795632e-06	0.031388807904630424	7.8271770971754953e-26	0	3.146066618417726e-07	1.427817749505966e-12	3.1460803306194891e-07	0-(0)->1-(2)->2	true_lower	107.22871729081238	2.5096919874716674e-10	1.6930966377468047e-08	1.5917781402942911e-08	2.5096919874688648e-10	8.061690431281458e-11	100.25182705032954	178.08631507849611	1.519605100090247e-10	failure	nan	nan	nan	nan	nan	nan	nan	nan	nan	nan	nan	nan	nan	nan	nan	nan	nan	nan	nan	nan	nan	nan	nan	nan	nan	nan	nan	nan	nan	nan	nan	nan	nan	nan	nan	nan	nan	nan	nan	nan	not_set	nan	nan	nan	nan	nan	nan	nan	nan	nan	nan	nan	nan	nan	nan	nan	nan	nan	nan	nan	nan	nan	nan	success	104.02579182949512	1.0834194697442123e-11	182.99802471386127	89.141990167409688	6.4315421463023502e-11	1.526932321690921e-10	76.443346945510186	198.94568854318138	-4.0730934707666515e-11	success	success	101.86447008051368	4.6331498921201795e-11	179.17660171258279	97.432493638694581	3.8420955656387407e-11	4.3968691606075017e-10	70.850230843631451	204.77144681278293	5.7669332279106864e-13	success	101.92595633726702	-2.4734920471112835e-11	179.32810356777452	97.134680242792115	-2.8402519548986441e-11	-2.8262126813393283e-10	70.982886178081841	204.62708095107664	-8.3469831391269933e-11	success	101.70648864627559	-1.5451039397855897e-11	178.76854428647206	98.224662619025125	-6.5408029977164591e-11	1.2753518716181467e-10	70.514841648231709	205.13790719930185	-2.2071191311716012e-11	success	101.68762605566923	6.6340191494828659e-11	178.7178818670609	98.322028671531683	1.1268981266094888e-12	3.9817683599674858e-11	70.47530902078374	205.18124110083158	9.6885045383880128e-11	success	101.70648864627559	101.70648864627559	0.94999999999999996	0.0047745549303629458	13849.602134219273	3.2753684171663921e-10	0.0072758733757096452	0.10000000000000001	0.5753432594668566	0.57302393843154575	0.025822602222685582	1.0151103778267632e-38	0.011326559191175525	0.07135884959675895	8.5240870496898561e-21	3.5319859189842576e-05	0.12459215110293077	2.7001816677839769e-26	5.8079793819314187e-26	7.4482149302988861e-09	1.2746113982161688e-13	7.4483132731892083e-09	multi_step	3.146961897413502e-07	typeI_mH62-125/random_20260817_182439.md
9.092590000000000e+01	3.212490000000000e+02	3.068780000000000e+02	5.789710000000000e+02	8.607529999999999e-02	9.639360000000000e+00	4.395894364161239e-11	-1.035695275246627e+01	success	0	0	0	true	2.551531327697378e-01	true	1.550235264634680e+01	true	3.267750770000000e-04	3.122194810000000e-09	1.368274798769892e+00	1.277719888120523e+00	true	6.270625267608067e+00	8.034149433769129e+01	2.493341832448413e+00	2.315699164437469e-01	true	true	2.800995385326198e-01	7.480779536558593e-01	2.800995385326198e-01	8.164210711861011e-04	3.164080704916914e-01	3.763319360728518e+00	3.164080704916914e-01	5.063636702975014e-04	CMS:2019ogx	CMS:2012qwq	CMS:2019ogx	ATLAS:2021upq	LHC13 [H]->X1->Z(X2->[bb])	LHC8 [vbfH;HW;Htt;H;HZ]>[bb;tautau;WW;ZZ;gamgam]	LHC13 [H]->X1->Z(X2->[bb])	LHC13 [Hpmtb>tb]	4.588356156654129e+00	true	all checks passed	1	4.574837271300747e+00	2.556089701009620e-01	3.238352972149932e+00	-1.313806607318315e+00	-1.612134755807971e+00	5.789710000000000e+02	9.639360000000000e+00	9647.0568733447762	2131.3218213916557	252.8206164164134	-3.1189178823827652	-0.0720849221234795	-0.032838389626876449	0	-0.00867539424115568	0	0	0	success	non_bfb	success	success	476.78300000000002	success	200.63160159800896	2.3712135106872637e-09	64.390848177436197	18.442802031941085	-1.21105200151539e-10	0	0	0	0	success	success	199.8748474593371	-5.0556641628360766e-09	62.568792857184249	18.27386332905224	-1.4236787798401971e-09	0	0	0	0	success	199.89325558193465	1.9342453789764923e-10	62.615635761482466	18.279129161185359	-6.5208235074584974e-10	0	0	0	0	success	199.78103439931255	3.6653598655049238e-09	62.327716681657584	18.245978399317483	1.0355405630840996e-09	0	0	0	0	success	199.77216366374137	-1.5016365255302616e-09	62.304719341776156	18.243252085563128	4.0530477814973266e-10	0	0	0	0	success	199.78103439931255	199.78103439931255	0.94999999999999996	8.4942173337324814e-05	57358.497288952363	0	0.00013514973543149892	0.10000000000000001	0.57738933223733069	0.57733892090695138	0.21076708431610816	0	0.093413392707724738	0.59533130806357026	1.3763936580282216e-27	5.3076985755971494e-06	1.027547319784972	1.6884431729086612e-34	0	4.116803216985641e-18	9.6794405413766604e-23	4.1168557764857742e-18	0-(0)->1-(1)->2	success	166.05506573702777	0	0	0	0	-4.655526568071343e-10	67.440620911043752	111.51960885052971	2.2507425198248293e-10	success	success	163.03833169857316	0	0	0	0	1.8641339834979425e-10	67.744423898681092	125.94131227356237	7.2288085111681517e-10	success	163.1434708275433	0	0	0	0	-9.7358860663581256e-10	67.754323914463754	125.48363481257277	1.3676861965319761e-09	success	162.68134770969195	0	0	0	0	-2.0000172675039824e-09	67.702428762807756	127.47585156996222	1.176155318672804e-09	success	162.63775229145807	0	0	0	0	5.1463275863041762e-10	67.696443952686195	127.66125630394478	1.9286582945450227e-09	success	162.68134770969195	162.68134770969195	0.94999999999999996	0.0008567216546616314	9465.0883189506822	0	0.0013558077297340587	0.10000000000000001	0.57732466699331564	0.57684545939559206	0.028313781971655582	0	0.012605047924473298	0.080226784249052358	6.5444148324031597e-23	7.2015127948614452e-06	0.13865552716920629	6.2850865793737438e-29	0	4.3958742801727703e-11	2.6668097395085049e-16	4.39589436416122e-11	nan	nan	nan	nan	nan	nan	nan	nan	nan	nan	nan	nan	nan	nan	nan	nan	nan	nan	nan	nan	nan	nan	nan	nan	nan	nan	nan	nan	nan	nan	nan	nan	nan	nan	nan	nan	nan	nan	nan	nan	nan	nan	nan	nan	nan	nan	nan	nan	nan	nan	nan	nan	nan	nan	nan	nan	nan	nan	nan	nan	nan	nan	nan	nan	nan	nan	nan	nan	nan	nan	nan	nan	nan	nan	multi_step	4.395894364161239e-11	typeI_mH62-125/random_20260818_235435.md
1.180620000000000e+02	3.070080000000000e+02	2.980660000000000e+02	9.466690000000000e+02	1.331360000000000e-01	1.269700000000000e+01	2.102406863685715e-18	-1.767728323428548e+01	success	0	0	0	true	2.568562686441164e-01	true	1.719841513542124e+01	true	3.272159980000000e-04	3.116863740000000e-09	1.314522834171763e+00	1.319616738725178e+00	true	1.920284899308134e+00	8.035109911684535e+01	2.493871034851295e+00	2.315329428630901e-01	true	true	7.789312043636428e-01	7.382269676724730e-01	5.327494082420968e-01	3.919817642174266e-04	1.268941427571472e+00	3.713762484881061e+00	3.908644871661032e-01	2.481369654644834e-04	ATLAS:2014vuz	CMS:2012qwq	CMS:2019qcx	ATLAS:2021upq	LHC8 [HW;HZ]>[bb]	LHC8 [vbfH;HW;Htt;H;HZ]>[bb;tautau;WW;ZZ;gamgam]	LHC13 [ggH]->X1->Z(X2->[bb])	LHC13 [Hpmtb>tb]	5.633011559886683e+00	true	all checks passed	1	5.343685553083614e+00	2.573151486693622e-01	2.809614352228901e+00	-1.178834587160739e+00	-1.357649171997807e+00	9.466690000000000e+02	1.269700000000000e+01	9375.4792558236768	1413.921788525794	131.38606148008131	-4.0581213727115735	-0.053060410480675987	-0.027777340757360425	0	-0.0045259093724161169	0	0	0	success	non_bfb	success	success	468.38900000000001	success	224.0508988401744	-2.888568619472244e-09	39.005734468983071	9.8706052793475383	-4.0921850280418154e-09	0	0	0	0	success	success	224.00529937265523	8.621595399531438e-10	38.031655187271504	9.6228789610581469	-2.3989037395746366e-09	0	0	0	0	success	224.00632485146687	-1.4832405721279885e-09	38.055347126230039	9.6289229717290663	-7.4448968723004047e-09	0	0	0	0	success	223.99716666787987	-6.1677323029573238e-09	37.839953630778503	9.5739359645220912	-3.6873866836712829e-09	0	0	0	0	success	223.99655881750056	2.4382494228539074e-09	37.825359417682918	9.5702074672576742	8.07302845111145e-09	0	0	0	0	success	223.99716666787987	223.99716666787987	0.94999999999999996	4.5333337881480771e-05	937263.51082699199	0	7.2173171452239533e-05	0.10000000000000001	0.57743258714551415	0.57740580760050852	3.8621551615788445	0	1.7154930094605836	10.934942037691426	1.5774066920368784e-30	5.2038182258966273e-05	18.870423104066422	5.1126681830690733e-38	0	8.0317321940375913e-25	1.596022803433525e-27	8.0400383279680103e-25	0-(0)->1-(1)->2	success	173.92796431671255	0	0	0	0	-3.7339633681748178e-09	16.837200786514853	68.670001752434615	6.3926520891748491e-09	success	success	173.77516051768976	0	0	0	0	-1.7003863066327885e-09	18.221058175893752	73.563123013794936	3.5615392313406608e-08	success	173.78046790082732	0	0	0	0	1.371052406935603e-08	18.179542591954103	73.416638679532269	-4.9334672053111218e-09	success	173.74487963660442	0	0	0	0	-1.2474999116268743e-09	18.451156186435117	74.374915540940989	-1.5718415869968421e-08	success	173.74215763652967	0	0	0	0	-1.2316436498609762e-08	18.471326080378734	74.446065739461432	3.3666959851459698e-09	success	173.74488005931562	173.74488005931562	0.94999999999999996	0.00026208771736941955	161290.53107004217	0	0.00041666540745763836	0.10000000000000001	0.57743615966231598	0.57727815795666626	0.51538962596095361	0	0.23053835901309197	1.4690005813837876	1.0131771990229036e-26	4.0397046663879439e-05	2.5359219491440115	1.8965797633811913e-33	0	2.102175592864307e-18	4.4056227773498654e-22	2.1024068636855618e-18	nan	nan	nan	nan	nan	nan	nan	nan	nan	nan	nan	nan	nan	nan	nan	nan	nan	nan	nan	nan	nan	nan	nan	nan	nan	nan	nan	nan	nan	nan	nan	nan	nan	nan	nan	nan	nan	nan	nan	nan	nan	nan	nan	nan	nan	nan	nan	nan	nan	nan	nan	nan	nan	nan	nan	nan	nan	nan	nan	nan	nan	nan	nan	nan	nan	nan	nan	nan	nan	nan	nan	nan	nan	nan	multi_step	2.102406863685715e-18	typeI_mH62-125/random_20260818_235435.md
6.404320000000000e+01	2.927270000000000e+02	2.956000000000000e+02	2.541260000000000e+02	1.476730000000000e-01	7.205030000000000e+00	3.565208932687277e-03	-2.447915014015666e+00	success	0	0	0	true	2.466743943519981e-01	true	1.084402957631045e+01	true	3.258588010000000e-04	3.133384660000000e-09	1.483421305145713e+00	1.191977093023967e+00	true	1.150945462235595e+00	8.037075727077483e+01	2.495207158946016e+00	2.313870904818038e-01	true	true	7.169464291713126e-01	7.221594972225867e-01	5.003661463863585e-01	2.268211425689124e-03	5.284919392177104e-01	3.632932643115924e+00	4.869035261385373e-01	1.470657967085695e-03	LEPWorkingGroupforHiggsbosonsearches:2003ing	CMS:2012qwq	CMS:2019ogx	ATLAS:2021upq	LEP [eeHZ>bb]	LHC8 [vbfH;HW;Htt;H;HZ]>[bb;tautau;WW;ZZ;gamgam]	LHC13 [H]->X1->Z(X2->[bb])	LHC13 [Hpmtb>tb]	5.004649673477900e+00	true	all checks passed	1	2.787866902572364e+00	2.471150842090348e-01	3.235609740687513e+00	-1.440996883136714e+00	-1.385135178100029e+00	2.541260000000000e+02	7.205030000000000e+00	7469.0479253010799	1736.24005101222	425.80757433060933	-2.3763657999421803	-0.05731235141006967	0.019071096173055323	0	0.001461648893398363	0	0	0	success	ew_sym_res	success	success	596.56100000000004	success	227.60777552475685	3.2939378368051434e-07	-4.5910293618633966e-06	3.2930304828856486e-07	3.2939378368051434e-07	4.217956243758432e-10	165.42899912245687	9.1797313549151873	-5.3154521342203632e-10	success	success	218.55236917371099	3.2939378368051434e-07	-4.5910293618633966e-06	3.2930304828856486e-07	3.2939378368051434e-07	8.4776009170729361e-11	173.93961283888544	10.268668494048915	-2.3947531736108573e-10	success	218.84122881676944	3.2939378368051434e-07	-4.5910293618633966e-06	3.2930304828856486e-07	3.2939378368051434e-07	-8.6991619333892386e-10	173.70717400304042	10.23365519597974	-1.09237449451198e-10	success	217.53107223763931	3.2939378368051434e-07	-4.5910293618633966e-06	3.2930304828856486e-07	3.2939378368051434e-07	1.7846207860598341e-10	174.74503971939586	10.392792414692575	-4.918586333420176e-11	success	217.39485110820698	3.2939378368051434e-07	-4.5910293618633966e-06	3.2930304828856486e-07	3.2939378368051434e-07	-5.4657191297208758e-10	174.85058843313544	10.40938982154516	-2.7640104745613121e-10	success	217.53106813948995	217.53106813948995	0.94999999999999996	0.00051221939614164418	4031.5845793191984	0	0.00081281281434593779	0.10000000000000001	0.5773573484800093	0.57710408310008388	0.016131656060973953	0	0.0072184769421915129	0.045974981115993817	2.5544750957832371e-23	2.4694709485762157e-06	0.079403246364106644	4.4054738842692716e-29	0	6.0199762356618501e-11	3.2546974917402781e-16	6.0200038372583867e-11	0-(0)->1-(1)->2	success	74.257986963614314	1.3758749041711895e-11	194.68944546283726	69.369170858719542	1.4273536408043846e-11	-7.5062608587610272e-10	40.112605618438337	237.52963699387445	-4.3469889992570834e-10	success	success	60.816876353616301	5.0051848312661003e-11	184.64190144572623	96.939282433244188	-7.7758784177274079e-12	-1.1296781011316461e-09	36.419596148191324	241.8286911275934	-1.4043227102821376e-10	success	61.119688381885851	1.2577488464186927e-11	185.04607906010466	95.986967004773774	3.3996173433537786e-11	6.1211386126509882e-11	36.474668133687274	241.76373941644835	-2.5217830303043307e-10	success	60.455523514559658	-1.3111220656264855e-11	184.13367787318131	98.122331583801397	-1.0197535510726772e-11	4.6833696446150406e-11	36.355152777990575	241.90459987001577	3.2954710392701894e-10	success	60.389359759340863	-2.1399184112969287e-11	184.03727810856321	98.344955987820583	-4.1099024007562012e-11	6.8748485793303305e-10	36.343501593378235	241.91831193073551	-3.694680753691803e-10	success	60.455527685160057	60.455527685160057	0.94999999999999996	0.033318186675074725	2332.8056958878965	1.887436046070425e-11	0.047593399869586321	0.10000000000000001	0.57726219921050081	0.57085197489411066	0.0025679664670266245	5.5449738800326052e-38	0.0011367347521502281	0.0071205567683038833	8.9559283823019333e-17	2.3615786287215554e-05	0.012504082273652508	1.8660988709965549e-21	2.8338074377732734e-24	0.0035651344005911746	7.4981329550765046e-08	0.0035652089326872766	nan	nan	nan	nan	nan	nan	nan	nan	nan	nan	nan	nan	nan	nan	nan	nan	nan	nan	nan	nan	nan	nan	nan	nan	nan	nan	nan	nan	nan	nan	nan	nan	nan	nan	nan	nan	nan	nan	nan	nan	nan	nan	nan	nan	nan	nan	nan	nan	nan	nan	nan	nan	nan	nan	nan	nan	nan	nan	nan	nan	nan	nan	nan	nan	nan	nan	nan	nan	nan	nan	nan	nan	nan	nan	multi_step	3.565208932687277e-03	typeI_mH62-125/random_20260818_235435.md
1.179440000000000e+02	3.040870000000000e+02	3.068090000000000e+02	9.728850000000000e+02	1.436720000000000e-01	1.236230000000000e+01	1.697839492005542e-17	-1.677010336888073e+01	success	0	0	0	true	2.567002829209826e-01	true	1.633759851035347e+01	true	3.271979500000000e-04	3.117072980000000e-09	1.316701895297788e+00	1.317959579620457e+00	true	6.140960002738546e-01	8.036761932178298e+01	2.494787779517638e+00	2.314426420110906e-01	true	true	7.808786671122891e-01	7.345486798744154e-01	5.127847740356329e-01	3.976932757672984e-04	1.271093580447252e+00	3.695258301437193e+00	3.985554601328445e-01	2.466604080050647e-04	ATLAS:2014vuz	CMS:2012qwq	CMS:2019qcx	ATLAS:2021upq	LHC8 [HW;HZ]>[bb]	LHC8 [vbfH;HW;Htt;H;HZ]>[bb;tautau;WW;ZZ;gamgam]	LHC13 [ggH]->X1->Z(X2->[bb])	LHC13 [Hpmtb>tb]	5.820490988099351e+00	true	all checks passed	1	5.004859552016755e+00	2.571588842739074e-01	2.987548986266544e+00	-1.382920672603273e+00	-1.327964663878306e+00	9.728850000000000e+02	1.236230000000000e+01	9485.6417770546141	1579.7690206811019	148.84484536805542	-4.3707604130548088	-0.057889030146346623	-0.037401150063362483	0	-0.00014634614407440011	0	0	0	success	non_bfb	success	success	495.36399999999998	success	250.6806319786308	3.1525282464878365e-09	85.337597648195569	12.827203237888831	6.4899072888859681e-11	0	0	0	0	success	not_met	nan	nan	nan	nan	nan	nan	nan	nan	nan	not_met	nan	nan	nan	nan	nan	nan	nan	nan	nan	success	250.03085285782976	4.7608561944967972e-10	83.311041912001357	12.662466777173284	7.1319715883407729e-10	0	0	0	0	success	250.02408883081563	3.7153437306852447e-09	83.288362924212208	12.660487830185494	-1.6894816545356589e-09	0	0	0	0	success	250.03085285782976	250.03085285782976	0.94999999999999996	0.00013179130343414597	93428.602278133767	0	0.00020976340897647415	0.10000000000000001	0.57746461623062284	0.57739212902946213	0.43003521725936039	0	0.19218088275268641	1.2249596213541076	2.8831980662679165e-27	1.6944785517987484e-05	2.1139897102795504	3.6230823666959782e-34	0	1.027771391024905e-18	1.009594352752925e-22	1.0278245833238395e-18	0-(0)->1-(1)->2	success	168.86371904016249	0	0	0	0	-3.3972064241518874e-09	13.844941755917818	75.866011165681826	5.8497868865165749e-09	success	success	168.6814624251206	0	0	0	0	-3.2221933593342322e-09	15.036617512090178	81.469850148239843	1.9846099255776176e-08	success	168.68791114138241	0	0	0	0	-2.9579393253491106e-08	15.00031766407216	81.300171071365241	1.7144712887205407e-08	success	168.646341031638	0	0	0	0	-2.9336955488224221e-08	15.228925664188523	82.367860273923426	-1.3966666427163342e-08	success	168.64312243919866	0	0	0	0	2.4048064865932464e-08	15.2461143082981	82.448054017416652	-1.4847967471890209e-08	success	168.646341031638	168.646341031638	0.94999999999999996	0.00036582948134737718	132491.76516441756	0	0.00058117869254867369	0.10000000000000001	0.57743297465959231	0.57721296113140186	0.41091222049533355	0	0.18373100396356112	1.1705373012372045	4.1572197259272877e-26	4.492038624484398e-05	2.0210410435991721	1.0662054223146281e-32	0	1.6945616312201877e-17	3.1076861088691582e-21	1.6947255550303089e-17	nan	nan	nan	nan	nan	nan	nan	nan	nan	nan	nan	nan	nan	nan	nan	nan	nan	nan	nan	nan	nan	nan	nan	nan	nan	nan	nan	nan	nan	nan	nan	nan	nan	nan	nan	nan	nan	nan	nan	nan	nan	nan	nan	nan	nan	nan	nan	nan	nan	nan	nan	nan	nan	nan	nan	nan	nan	nan	nan	nan	nan	nan	nan	nan	nan	nan	nan	nan	nan	nan	nan	nan	nan	nan	multi_step	1.697839492005542e-17	typeI_mH62-125/random_20260818_235435.md
1.167060000000000e+02	3.095640000000000e+02	3.139150000000000e+02	9.566290000000000e+02	1.464890000000000e-01	1.226200000000000e+01	7.028287621560998e-16	-1.515315047399791e+01	success	0	0	0	true	2.564480691029567e-01	true	1.640993477140869e+01	true	3.272007010000000e-04	3.117032950000000e-09	1.316369631278122e+00	1.318276532529161e+00	true	1.118020051231088e+00	8.037035493494585e+01	2.494937395094203e+00	2.314269268674160e-01	true	true	7.841202945272585e-01	7.335107868936822e-01	6.267547743234921e-01	3.697692175140028e-04	1.274568133559620e+00	3.690037023721857e+00	4.347430024789530e-01	2.291811853878196e-04	ATLAS:2014vuz	CMS:2012qwq	CMS:2019qcx	ATLAS:2021upq	LHC8 [HW;HZ]>[bb]	LHC8 [vbfH;HW;Htt;H;HZ]>[bb;tautau;WW;ZZ;gamgam]	LHC13 [ggH]->X1->Z(X2->[bb])	LHC13 [Hpmtb>tb]	5.903087358559674e+00	true	all checks passed	1	4.984370516251975e+00	2.569062198697081e-01	3.151796944950079e+00	-1.478074952348411e+00	-1.388420740933248e+00	9.566290000000000e+02	1.226200000000000e+01	9965.5193963916445	1839.6136349087592	158.82060369795985	-4.5600235359712578	-0.065684904470968475	-0.051754456079144688	0	0.00028441670250168476	0	0	0	success	non_bfb	success	success	535.91099999999994	success	239.48689752216978	-1.6111949411861338e-09	104.39320252488471	18.999746021602501	-1.3613940262234268e-09	0	0	0	0	success	success	238.16420022071497	3.3415145039618744e-09	101.66923730038079	19.022064135815395	5.8770651143113268e-10	0	0	0	0	success	238.19278068021868	-2.7396667669503251e-09	101.73307741877341	19.022502868134715	8.8486161769046744e-10	0	0	0	0	success	238.00794746843533	3.0161882686570636e-09	101.31556127761304	19.018784990870461	-3.8137662360814125e-09	0	0	0	0	success	237.99300913186548	2.4881354864508654e-09	101.2813373761167	19.01839408637419	1.3631077081801731e-09	0	0	0	0	success	238.00794922524622	238.00794922524622	0.94999999999999996	0.00021367017596651881	40585.89560428189	0	0.0003400317037962515	0.10000000000000001	0.57750386712274815	0.577390964696885	0.17776613605613664	0	0.078757209787395047	0.50199634341368182	5.7766518511752842e-26	1.1256978945137283e-05	0.86632930766134553	1.3500075976691051e-32	0	2.836786148712266e-16	9.1794255872837836e-21	2.8368366179457453e-16	0-(0)->1-(1)->2	success	168.57289985758763	0	0	0	0	-1.8218385799620783e-08	18.113747154532309	91.447817806037705	-2.7261223909137661e-08	success	success	168.25086955469567	0	0	0	0	8.2212271799530951e-09	19.73946785789655	98.123934126060291	-1.6504467253360843e-09	success	168.2622573189436	0	0	0	0	-2.108041795346316e-09	19.690757011333368	97.924085544107697	-5.5541147011165629e-09	success	168.19384808798608	0	0	0	0	1.8690763927459863e-08	19.976411823307267	99.096354300655761	1.9627270719365539e-08	success	168.18838032942276	0	0	0	0	-1.3295933311382486e-08	19.998543446578857	99.187219223658516	-1.9087707505129218e-08	success	168.19384685931612	168.19384685931612	0.94999999999999996	0.00051323647545024333	77831.360436587041	0	0.00081450000481349196	0.10000000000000001	0.57742324531821831	0.57711539861950778	0.2407380523900482	0	0.10751307368785581	0.68477901491057958	3.2407952427833455e-25	3.6855340411374651e-05	1.1826438105664139	1.1969115245262499e-31	0	6.430012169988752e-16	5.9617763542976586e-20	6.4303331868939498e-16	nan	nan	nan	nan	nan	nan	nan	nan	nan	nan	nan	nan	nan	nan	nan	nan	nan	nan	nan	nan	nan	nan	nan	nan	nan	nan	nan	nan	nan	nan	nan	nan	nan	nan	nan	nan	nan	nan	nan	nan	nan	nan	nan	nan	nan	nan	nan	nan	nan	nan	nan	nan	nan	nan	nan	nan	nan	nan	nan	nan	nan	nan	nan	nan	nan	nan	nan	nan	nan	nan	nan	nan	nan	nan	multi_step	7.028287621560998e-16	typeI_mH62-125/random_20260820_084408.md
1.203480000000000e+02	3.182800000000000e+02	3.050000000000000e+02	9.649050000000000e+02	1.619770000000000e-01	1.316880000000000e+01	8.766159301533281e-18	-1.705719064146802e+01	success	0	0	0	true	2.569496552679045e-01	true	1.719967929498455e+01	true	3.272728440000000e-04	3.116169720000000e-09	1.307671212876277e+00	1.325120759154320e+00	true	4.451850105926581e+00	8.034463097363776e+01	2.493514847538610e+00	2.315685745843567e-01	true	true	7.495190601552988e-01	7.294373429525008e-01	5.422583614831219e-01	3.262151014025610e-04	2.229713896461473e+00	3.669544947496680e+00	4.150404465061667e-01	2.023623899853663e-04	CMS:2013zmy	CMS:2012qwq	CMS:2019qcx	ATLAS:2021upq	LHC8 [ggH;vbfH;HW;HZ]>[WW]	LHC8 [vbfH;HW;Htt;H;HZ]>[bb;tautau;WW;ZZ;gamgam]	LHC13 [ggH]->X1->Z(X2->[bb])	LHC13 [Hpmtb>tb]	6.169589785314741e+00	true	all checks passed	1	5.305189368408390e+00	2.574087021306447e-01	2.920551912500173e+00	-1.189238029345575e+00	-1.462790755897230e+00	9.649050000000000e+02	1.316880000000000e+01	9847.4953554926578	1669.5766409234714	123.15454467481027	-4.3731267309223325	-0.061182014687095103	-0.047296053113326408	0	-0.0052451130595461762	0	0	0	success	non_bfb	success	success	405.97199999999998	success	233.74159991661168	-6.6177570471248174e-09	61.789271750361948	13.638596357065829	3.2856809366957845e-10	0	0	0	0	success	success	233.57992028851868	-4.1031691819297066e-09	60.12366951511703	13.306405097374423	-2.0295079057718191e-09	0	0	0	0	success	233.58343026571555	1.9262844871868514e-10	60.162870332480502	13.314355013904603	-4.7826948038728379e-10	0	0	0	0	success	233.55510163150922	-3.0374837798058425e-09	59.841423381436179	13.24896754002503	-2.6551941525473038e-10	0	0	0	0	success	233.5530988526292	-5.2049302582625709e-09	59.818278197475479	13.244243656359965	4.4265410069428567e-09	0	0	0	0	success	233.55510163150922	233.55510163150922	0.94999999999999996	0.00010299021052344923	296699.07106659515	0	0.00016394995548952698	0.10000000000000001	0.57746497588630397	0.5774063484743529	1.2750651711699152	0	0.56580260157186435	3.6065595139123841	1.7514924191718563e-28	3.8989033284686492e-05	6.2238286172905077	1.3607136678745049e-35	0	2.48077493509765e-21	1.2878999498701132e-24	2.4814456675263102e-21	0-(0)->1-(1)->2	success	173.40091943717354	0	0	0	0	3.04138418827975e-08	15.068859710400224	74.819883508437087	4.7757413301193267e-08	success	success	173.21744862973446	0	0	0	0	-2.6002757259729213e-08	16.36394474302978	80.282366071085349	1.5108900402988079e-08	success	173.22385332780254	0	0	0	0	1.8761295314380642e-08	16.324989612649759	80.118835204275101	-9.2185640321244075e-10	success	173.18192299366422	0	0	0	0	3.6756291179967487e-08	16.573914298883658	81.163238880167583	-1.6848824806200259e-08	success	173.17867909847899	0	0	0	0	1.9390088663137477e-08	16.592613859053774	81.241640226845476	-3.6873625544961815e-09	success	173.18192239511941	173.18192239511941	0.94999999999999996	0.0003129042922063582	135002.09225569933	0	0.00049731883894163628	0.10000000000000001	0.5774450865609202	0.57725598248324883	0.42998649241665676	0	0.19226689386580889	1.2250602329540405	2.4612658974049553e-26	4.0216665217498906e-05	2.1149358325238983	5.5006001569327961e-33	0	8.7653517069110812e-18	1.5320905901727335e-21	8.7661589503205928e-18	nan	nan	nan	nan	nan	nan	nan	nan	nan	nan	nan	nan	nan	nan	nan	nan	nan	nan	nan	nan	nan	nan	nan	nan	nan	nan	nan	nan	nan	nan	nan	nan	nan	nan	nan	nan	nan	nan	nan	nan	nan	nan	nan	nan	nan	nan	nan	nan	nan	nan	nan	nan	nan	nan	nan	nan	nan	nan	nan	nan	nan	nan	nan	nan	nan	nan	nan	nan	nan	nan	nan	nan	nan	nan	multi_step	8.766159301533281e-18	typeI_mH62-125/random_20260818_171759.md
6.965330000000000e+01	3.187040000000000e+02	3.078260000000000e+02	4.423930000000000e+02	1.244970000000000e-01	6.452910000000000e+00	2.260361287965694e-03	-2.645822139246574e+00	success	0	0	0	true	2.490075860957444e-01	true	9.306565186546070e+00	true	3.254545830000000e-04	3.138226920000000e-09	1.535697123833494e+00	1.155796116678790e+00	true	3.676772010116713e+00	8.034685624354087e+01	2.493787891590408e+00	2.315227898691159e-01	true	true	7.231721732738403e-01	7.285486735724279e-01	7.231721732738403e-01	3.423607956824165e-03	8.244052022616479e-01	3.665074361688114e+00	8.244052022616479e-01	2.123209591436222e-03	CMS:2019ogx	CMS:2012qwq	CMS:2019ogx	ATLAS:2021upq	LHC13 [H]->X1->Z(X2->[bb])	LHC8 [vbfH;HW;Htt;H;HZ]>[bb;tautau;WW;ZZ;gamgam]	LHC13 [H]->X1->Z(X2->[bb])	LHC13 [Hpmtb>tb]	4.202327253669182e+00	true	all checks passed	1	1.980983022638873e+00	2.494524442570703e-01	3.394330621260582e+00	-1.404887527113182e+00	-1.630130217971798e+00	4.423930000000000e+02	6.452910000000000e+00	7339.9617066899327	2308.5098544685088	401.66033254176085	-1.7673113954607271	-0.076683589313199713	-0.0041151524249556769	0	-0.01103011323214417	0	0	0	success	ew_sym_res	success	success	598.09299999999996	success	163.40804455164977	4.4444049386227675e-07	7.5580142575604119e-07	4.4449423926370476e-07	4.4444049386227675e-07	3.7139426714965619e-11	207.43528888923967	25.357609427600192	-1.9207547907131171e-10	success	success	143.54244190739928	4.4444049386227675e-07	7.5580142575604119e-07	4.4449423926370476e-07	4.4444049386227675e-07	-2.8199750139740857e-11	217.98536749555865	30.825799960758122	-3.2946613623040971e-11	success	144.37067301652758	4.4444049386227675e-07	7.5580142575604119e-07	4.4449423926370476e-07	4.4444049386227675e-07	1.169038038583727e-10	217.68922804543158	30.570724891171196	-4.0247019437081849e-11	success	141.90351053795598	4.4444049386227675e-07	7.5580142575604119e-07	4.4449423926370476e-07	4.4444049386227675e-07	-8.6952415150057309e-12	218.5429156669405	31.338894034958003	2.1907240104911936e-10	success	141.60241417143209	4.4444049386227675e-07	7.5580142575604119e-07	4.4449423926370476e-07	4.4444049386227675e-07	-1.5439097913624324e-11	218.64133468856534	31.434389562782833	-7.9490790678569065e-11	success	141.90306055508489	141.90306055508489	0.94999999999999996	0.0032421798832661048	1188.7002535352719	0	0.0050982763501047131	0.10000000000000001	0.57736435504376049	0.57657785706911546	0.0031000082666171056	0	0.0013794714917566089	0.0087735686138149943	1.368526093855884e-19	2.9695206068868644e-06	0.015174186409322696	8.0474877079151441e-25	0	4.5067826416227808e-06	2.7900187472115651e-11	4.5068103125470409e-06	0-(0)->1-(2)->2	true_lower	110.94441363925813	4.4444049386227675e-07	7.5580142575604119e-07	4.4449423926370476e-07	4.4444049386227675e-07	-6.6700986896787939e-11	83.891995998894728	190.48212829781554	-7.6393526358990092e-11	failure	nan	nan	nan	nan	nan	nan	nan	nan	nan	nan	nan	nan	nan	nan	nan	nan	nan	nan	nan	nan	nan	nan	nan	nan	nan	nan	nan	nan	nan	nan	nan	nan	nan	nan	nan	nan	nan	nan	nan	nan	not_set	nan	nan	nan	nan	nan	nan	nan	nan	nan	nan	nan	nan	nan	nan	nan	nan	nan	nan	nan	nan	nan	nan	success	92.125422051505666	3.9807546833258588e-11	221.22013077737736	56.238864235833482	-1.4353860495599208e-11	-5.0960823901902767e-10	48.182252269286103	226.09751371173633	-2.0522030948969401e-10	success	success	75.08751896713494	8.6837476344233795e-11	214.16121687896882	75.502680000414188	-4.4737717354892976e-12	-3.2129208545834421e-10	41.805464124101057	236.75229255794454	-7.5829876318080519e-10	success	75.535281449568402	2.4060806981908383e-11	214.48389779486462	74.763317932787999	1.7362315410782879e-11	4.8526161070015449e-10	41.913533734563934	236.55829507884869	-4.9506517379121444e-10	success	74.516878965989704	-2.4991388390292618e-11	213.72865755612918	76.480950509560074	2.4961721295598655e-11	1.2154962332282272e-10	41.671082999320106	236.99399673438484	2.5778951789824974e-10	success	74.408571439117594	2.9546935865497272e-11	213.64364838270114	76.67153136041405	2.027125668197346e-11	-2.6355844283184098e-10	41.645993392166375	237.03918025450386	-5.7402297907479185e-10	success	74.516876973714673	74.516876973714673	0.94999999999999996	0.023496479983668304	1768.526402076021	9.0364144481025792e-11	0.034033130838294005	0.10000000000000001	0.57689734008237403	0.57059896526823073	0.0024066937621996533	1.1144482928648701e-36	0.0010533127409327859	0.0065935976202172791	5.3445074501296795e-17	1.5613949869695009e-05	0.011586440150260646	8.5590229408607829e-22	5.6668723652331901e-23	0.0022603207088119424	3.6298338488459231e-08	0.0022603567950203653	multi_step	2.260361287965694e-03	typeI_mH62-125/random_20260819_104213.md
1.139310000000000e+02	3.046410000000000e+02	3.049310000000000e+02	8.835230000000000e+02	1.478590000000000e-01	1.279860000000000e+01	6.859641301680857e-12	-1.116369859344391e+01	success	0	0	0	true	0.25595237108751506	true	16.13657518125366	true	0.000327238591	3.11658542e-09	1.3117975669398383	1.3218226177951988	true	0.275666699588049				true	true	0.7908728253903513	0.7337132404421286	0.4993461306321251	0.0003389663928953186	1.2813612084083768	3.6910554969368383	0.3840703610389883	0.00021027381926590856	ATLAS:2014vuz	CMS:2012qwq	CMS:2019qcx	ATLAS:2021upq	LHC8 [HW,HZ]>[bb]	LHC8 [vbfH,HW,Htt,H,HZ]>[bb,tautau,WW,ZZ,gamgam]	LHC13 [ggH]->X1->Z(X2->[bb])	LHC13 [Hpmtb>tb]	5.775264695551471	true	all checks passed	1	4.917355866847473e+00	2.564096362776013e-01	3.008091223341225e+00	-1.351424423100736e+00	-1.345582137424221e+00	8.835230000000000e+02	1.279860000000000e+01	9350.0925716807142	1613.0215200900104	149.806625446335	-4.8989022754952218	-0.058044618439082978	-0.031360731449912728	0	-0.0010338566106051579	0	0	0	success	non_bfb	success	success	498.93700000000001	success	202.96824586061842	4.6389585697873252e-11	141.4622881259306	37.616270593993157	-1.0645787275457344e-09	0	0	0	0	success	success	196.37001590273547	-5.1573388426955038e-10	135.46314863187749	44.84453109620442	9.9385137078155947e-10	0	0	0	0	success	196.52924089095927	-3.9856477638239395e-10	135.62609031950655	44.638705587536492	-2.9269187168245073e-10	0	0	0	0	success	195.81417506225188	6.6500193180874613e-11	134.88517565642226	45.577546932706866	9.2040399562463785e-10	0	0	0	0	success	195.74342730379766	5.1996939002425271e-10	134.81055466580864	45.672496028650265	-3.8440093211911797e-10	0	0	0	0	success	195.81418112699865	195.81418112699865	0.94999999999999996	0.00043373229061493786	6459.0293364254903	0	0.00069001178167242636	0.10000000000000001	0.57759839360942022	0.57739934862619824	0.023262876039578446	0	0.011164045530751334	0.071160928027831985	7.6833675215624421e-24	3.2382683280738213e-06	0.12280450083826469	7.7129020945619582e-30	0	6.8596127083839606e-12	3.6936623385326459e-17	6.859641298352194e-12	0-(0)->1-(1)->2	success	167.55828005336906	0	0	0	0	1.8556648658697867e-08	18.235181222419708	85.825779470510497	-4.8953130054596516e-09	success	success	167.2930895689629	0	0	0	0	6.9977989321123736e-09	19.918471732559777	92.114444073649949	1.6977369351316926e-08	success	167.30249842715443	0	0	0	0	1.2696177589886463e-08	19.867524117761921	91.925349014077398	7.8486570517989131e-09	success	167.24483954238099	0	0	0	0	-1.7760311034436285e-08	20.172437706182276	93.056288293440332	-1.5097229542479041e-08	success	167.24028424761065	0	0	0	0	5.8607567788055645e-09	20.195818116763256	93.142936215964397	4.1445313113456088e-09	success	167.24483954238099	167.24483954238099	0.94999999999999996	0.00047075274757249491	92927.201242301075	0	0.00074722474486513225	0.10000000000000001	0.57741179752842842	0.57713016624910918	0.28580420032393911	0	0.12755589459683087	0.81246918427267267	1.7801081059478292e-25	4.0111292311852427e-05	1.4031148405651397	5.9535591689023212e-32	0	2.1368473943877614e-16	2.4994978055988606e-20	2.136980863258223e-16	nan	nan	nan	nan	nan	nan	nan	nan	nan	nan	nan	nan	nan	nan	nan	nan	nan	nan	nan	nan	nan	nan	nan	nan	nan	nan	nan	nan	nan	nan	nan	nan	nan	nan	nan	nan	nan	nan	nan	nan	nan	nan	nan	nan	nan	nan	nan	nan	nan	nan	nan	nan	nan	nan	nan	nan	nan	nan	nan	nan	nan	nan	nan	nan	nan	nan	nan	nan	nan	nan	nan	nan	nan	nan	multi_step	6.859641301680857e-12	typeI_mH62-125/random_20260813_231224.md
1.197040000000000e+02	3.140850000000000e+02	3.082550000000000e+02	9.651020000000000e+02	1.525960000000000e-01	1.321660000000000e+01	3.003296264345491e-15	-1.452240182410338e+01	success	0	0	0	true	2.568946715466667e-01	true	1.572223466525588e+01	true	3.272824720000000e-04	3.116050920000000e-09	1.306512527509102e+00	1.326064066977958e+00	true	9.148935456996335e-01	8.035510318785825e+01	2.494095943597370e+00	2.315112373732701e-01	true	true	7.788868752740645e-01	7.326431001311577e-01	5.855534441610299e-01	3.055704262235945e-04	1.269208970102677e+00	3.685671994146399e+00	3.890659883266719e-01	1.894969368743339e-04	ATLAS:2014vuz	CMS:2012qwq	CMS:2019qcx	ATLAS:2021upq	LHC8 [HW;HZ]>[bb]	LHC8 [vbfH;HW;Htt;H;HZ]>[bb;tautau;WW;ZZ;gamgam]	LHC13 [ggH]->X1->Z(X2->[bb])	LHC13 [Hpmtb>tb]	5.919986847604036e+00	true	all checks passed	1	4.761799084877051e+00	2.573536201796401e-01	2.991238340269602e+00	-1.298243667370024e+00	-1.418153846496206e+00	9.651020000000000e+02	1.321660000000000e+01	9344.2754888638956	1696.5960441574455	126.42587155809439	-4.7173805298140952	-0.0618381876335218	-0.044458339224421252	0	-0.0031630576292754693	0	0	0	success	non_bfb	success	success	492.50099999999998	success	270.3191664514257	1.7366818233504629e-09	135.15038373426248	13.639958433092334	2.8781432450953256e-09	0	0	0	0	success	success	267.48902751879621	3.2782567018301701e-10	131.42414120541457	13.843951211330403	5.8798473252625586e-10	0	0	0	0	success	267.54634619790954	-3.5450561779189582e-11	131.50639521753274	13.840306372919972	1.9702829429459241e-12	0	0	0	0	success	267.18203152770866	5.0137161008457584e-10	130.97779441399973	13.863022852750497	-1.5457274072444441e-09	0	0	0	0	success	267.15098227844283	-3.076498416653048e-09	130.93209205352821	13.864907925791494	1.6209922140937817e-09	0	0	0	0	success	267.18203152770866	267.18203152770866	0.94999999999999996	0.00021458015438193651	21939.601470478883	0	0.00034147600090141361	0.10000000000000001	0.57749720029244467	0.57738978162180987	0.10794072234732124	0	0.047771734050794899	0.30449478509867639	1.4675844962694234e-25	6.8571800191007628e-06	0.52548907455874383	4.7030377660509236e-32	0	3.0028266876881225e-15	5.2717657414517161e-20	3.0028572537264588e-15	0-(0)->1-(1)->2	success	165.70518538092603	0	0	0	0	-4.0164686301538583e-09	11.073176742150544	79.617769625610194	1.4906066685833044e-08	success	success	165.50582386642526	0	0	0	0	2.1641503351554606e-08	12.024958801599491	85.570570927472488	3.2639828201964118e-09	success	165.51295258959516	0	0	0	0	-3.3085271842564789e-09	11.995720742583954	85.388870431200615	8.5180765253797476e-09	success	165.46804557673499	0	0	0	0	-7.9186060460790487e-09	12.175658115198768	86.506065368401508	1.7418906000383516e-08	success	165.46454893623797	0	0	0	0	-3.7478099183752543e-08	12.189264584018872	86.590447273035096	4.5009340550529665e-09	success	165.46804706441392	165.46804706441392	0.94999999999999996	0.00043731193437962046	119675.658250803	0	0.00069445856019139036	0.10000000000000001	0.57744167702678584	0.57717867214252849	0.3641489987250584	0	0.16274180375253	1.0367212255089147	8.7883777659025735e-26	4.755205422628234e-05	1.7901598412778299	2.6688149715448239e-32	0	5.1344793819688976e-17	8.7820826208411372e-21	5.1349441807803159e-17	nan	nan	nan	nan	nan	nan	nan	nan	nan	nan	nan	nan	nan	nan	nan	nan	nan	nan	nan	nan	nan	nan	nan	nan	nan	nan	nan	nan	nan	nan	nan	nan	nan	nan	nan	nan	nan	nan	nan	nan	nan	nan	nan	nan	nan	nan	nan	nan	nan	nan	nan	nan	nan	nan	nan	nan	nan	nan	nan	nan	nan	nan	nan	nan	nan	nan	nan	nan	nan	nan	nan	nan	nan	nan	multi_step	3.003296264345491e-15	typeI_mH62-125/random_20260815_194935.md
6.452020000000000e+01	2.932920000000000e+02	2.962260000000000e+02	3.751750000000000e+02	1.027650000000000e-01	5.245670000000000e+00	3.153864103381606e-06	-5.501157023886949e+00	success	0	0	0	true	2.497157317822048e-01	true	7.774088056485001e+00	true	3.241012170000000e-04	3.154790250000000e-09	1.717311343160918e+00	1.036252039180290e+00	true	1.083386606676923e+00	8.037055158491074e+01	2.495167335808286e+00	2.313898801399825e-01	true	true	9.551597184981505e-01	7.318017325155292e-01	9.551597184981505e-01	7.869797863730999e-03	9.259024553384010e-01	3.681439367022566e+00	9.259024553384010e-01	5.072334361005699e-03	CMS:2019ogx	CMS:2012qwq	CMS:2019ogx	ATLAS:2021upq	LHC13 [H]->X1->Z(X2->[bb])	LHC8 [vbfH;HW;Htt;H;HZ]>[bb;tautau;WW;ZZ;gamgam]	LHC13 [H]->X1->Z(X2->[bb])	LHC13 [Hpmtb>tb]	3.877270694881304e+00	true	all checks passed	1	1.479839045969645e+00	2.501618550631720e-01	3.149630001131715e+00	-1.444905872055004e+00	-1.387742615660000e+00	3.751750000000000e+02	5.245670000000000e+00	6286.7617619680277	1677.0256769552807	517.91473884223228	-1.248854730308729	-0.057967566605568899	0.013701348571162191	0	0.0017837765900836681	0	0	0	success	ew_sym_res	success	success	442.20299999999997	success	144.10849582784192	4.0054794959504572e-07	-6.1377669671877301e-07	4.0051353101541275e-07	4.0054794959504599e-07	-6.6231453413255562e-11	195.7111518461962	40.104280387671984	2.4906861748218557e-11	success	success	131.18346041443033	4.0054794959504572e-07	-6.1377669671877301e-07	4.0051353101541275e-07	4.0054794959504599e-07	1.3106613855231894e-11	206.23676392771077	47.141905725545008	-1.8919124175265318e-11	success	131.67189732171704	4.0054794959504572e-07	-6.1377669671877301e-07	4.0051353101541275e-07	4.0054794959504599e-07	-8.0139406942342081e-11	205.96150040229961	46.843020243150164	-5.9476752412841731e-11	success	130.16678091146241	4.0054794959504572e-07	-6.1377669671877301e-07	4.0051353101541275e-07	4.0054794959504599e-07	-8.0337716392669646e-11	206.78559032779975	47.774223803829088	-7.9245752853032877e-11	success	129.99536511558952	4.0054794959504572e-07	-6.1377669671877301e-07	4.0051353101541275e-07	4.0054794959504599e-07	9.6808833159274653e-11	206.87502141478154	47.882248139379442	-6.5589712419528524e-11	success	130.16642079283531	130.16642079283531	0.94999999999999996	0.0039752745669181036	1938.1928023242342	0	0.0062216898995796381	0.10000000000000001	0.57737030097827446	0.57615456751620087	0.0046347862444124834	0	0.0020584524223054373	0.013077127813210009	1.4964306104293992e-19	5.4183036021823853e-06	0.022642976645359813	6.7985151860340274e-25	0	3.090648262941813e-06	1.6761071452818103e-11	3.0906646806960926e-06	0-(0)->1-(2)->2	true_lower	109.4239141057102	4.0054794959504572e-07	-6.1377669671877301e-07	4.0051353101541275e-07	4.0054794959504599e-07	3.1920441838660628e-10	102.87285979911189	177.57642743851736	8.2011603645535312e-10	failure	nan	nan	nan	nan	nan	nan	nan	nan	nan	nan	nan	nan	nan	nan	nan	nan	nan	nan	nan	nan	nan	nan	nan	nan	nan	nan	nan	nan	nan	nan	nan	nan	nan	nan	nan	nan	nan	nan	nan	nan	not_set	nan	nan	nan	nan	nan	nan	nan	nan	nan	nan	nan	nan	nan	nan	nan	nan	nan	nan	nan	nan	nan	nan	success	102.49041541908608	-4.2720187480013989e-11	209.73554585014355	74.182402618963081	4.5515754411066093e-11	-1.4687885623049936e-10	70.847891520530226	205.57716289731886	2.2306271195577116e-10	success	success	96.818406366246137	-4.8878395074224055e-11	205.58923382259968	85.622761105132099	-9.2683704090661841e-12	2.0339264828318834e-10	63.551393521960783	214.64248609053337	1.8471682789072971e-10	success	96.975270260529214	-3.9681829806661106e-11	205.77279118234122	85.207054214763517	-1.3037381668498647e-11	-1.8580173626615566e-10	63.70782435270111	214.43270902239846	-5.2033435035654663e-11	success	96.497851020423141	-2.1516451509034677e-11	205.19321759033946	86.502414081772159	2.9981183095628923e-11	7.6180223816944946e-11	63.236428602189619	215.06674977847254	-2.5278412586718705e-10	success	96.453123274852857	5.7852726305784616e-12	205.135564587951	86.628605755503955	1.2430009804603275e-11	4.3837935730661977e-10	63.192975573790171	215.12548081569531	3.1243165079967638e-10	success	96.497851020423141	96.497851020423141	0.94999999999999996	0.0059955795572297693	5540.0255472366507	4.9818727756174878e-09	0.0090772449909591324	0.10000000000000001	0.57537893012467267	0.57247689897846687	0.0097941340633000314	2.3116696258720096e-35	0.0042952746964165008	0.027021597821128642	9.5063490068987352e-20	1.6754512139905208e-05	0.047248021660581507	4.1383247699076847e-25	5.4948746317845171e-22	6.2820754017382885e-07	5.0960860111834371e-12	6.2821223650672189e-07	multi_step	3.153864103381606e-06	typeI_mH62-125/random_20260819_104213.md
6.411490000000001e+01	2.853530000000000e+02	2.833630000000000e+02	4.029930000000000e+02	1.562160000000000e-01	6.017890000000000e+00	4.739185458070698e-03	-2.324296295765516e+00	success	0	0	0	true	2.442264939720533e-01	true	8.145284911350387e+00	true	3.248893260000000e-04	3.145238590000000e-09	1.610317453557551e+00	1.104393781512344e+00	true	2.673902290002947e-01	8.036281609023867e+01	2.494746795591571e+00	2.314302372149757e-01	true	true	6.290864782039614e-01	7.132322365714079e-01	6.290864782039614e-01	4.473192433828245e-03	6.419768884403535e-01	3.588022707349649e+00	6.419768884403535e-01	3.209190204472670e-03	CMS:2019ogx	CMS:2012qwq	CMS:2019ogx	ATLAS:2021upq	LHC13 [H]->X1->Z(X2->[bb])	LHC8 [vbfH;HW;Htt;H;HZ]>[bb;tautau;WW;ZZ;gamgam]	LHC13 [H]->X1->Z(X2->[bb])	LHC13 [Hpmtb>tb]	4.662746729110637e+00	true	all checks passed	1	1.743675572311012e+00	2.446628105950082e-01	2.965260411131018e+00	-1.266949427490478e+00	-1.304352588307452e+00	4.029930000000000e+02	6.017890000000000e+00	5651.9693057715313	1320.3713110642714	391.24811962478543	-1.3743467786723675	-0.04672456459195222	0.027293980455414844	0	-0.0030660072199104548	0	0	0	success	ew_sym_res	success	success	593.73500000000001	success	169.2688624152112	7.0100628052500506e-09	-1.2143408175333785e-08	-1.2416319369717695e-09	7.0100628052504741e-09	4.3115004224737763e-10	169.96922547796055	20.306026775525613	-4.13912697855117e-11	success	success	161.92981227712863	7.0100628052500506e-09	-1.2143408175333785e-08	-1.2416319369717695e-09	7.0100628052504741e-09	-3.1952822559608096e-11	180.3987018212411	22.407277281655723	-1.3302139474406151e-10	success	162.20389963198812	7.0100628052500506e-09	-1.2143408175333785e-08	-1.2416319369717695e-09	7.0100628052504741e-09	-1.7450555063129848e-11	180.07621703862591	22.329361128780732	-4.4068749897392715e-11	success	161.15705353659732	7.0100628052500506e-09	-1.2143408175333785e-08	-1.2416319369717695e-09	7.0100628052504741e-09	6.0614885737072501e-11	181.28668210034661	22.627155494029981	-5.7372196178015968e-11	success	161.04744957844568	7.0100628052500506e-09	-1.2143408175333785e-08	-1.2416319369717695e-09	7.0100628052504741e-09	-1.9648417212044578e-10	181.41017068580064	22.658371475405161	3.6713138670452689e-11	success	161.15703067345467	161.15703067345467	0.94999999999999996	0.0016859668454003594	3703.2443800762417	0	0.0026602790428288405	0.10000000000000001	0.57741797110380877	0.57666290558031785	0.010973701841540623	0	0.0049222498127932494	0.031313104109184545	2.8360654178553313e-21	5.523727346521996e-06	0.054144747940725747	6.0207881063401935e-27	0	1.440697434714245e-08	6.4895492333940672e-14	1.4407033049731604e-08	0-(0)->1-(1)->2	success	81.136212224678118	-6.8412809081622938e-12	206.26243613959628	62.192845299901755	2.5841457891567614e-11	-2.4106017310093667e-10	49.271859906694253	229.96492711249667	-2.3181597297109113e-10	success	success	65.490637194671137	1.6821115228269418e-11	199.2605217995613	83.439855854019754	1.1868722538787203e-11	-2.1810687218235144e-10	43.45826122255486	238.33842425727096	1.2004782825736761e-10	success	65.898655085187087	8.8714884738509667e-12	199.59228001671732	82.629123852774512	1.4161283315754308e-11	-2.650835368875465e-10	43.551335090968898	238.19306099780772	8.5456517481111723e-10	success	65.015582459466543	-2.3431622963461759e-11	198.85338907615591	84.419775803730175	9.7065033220794044e-12	7.8739592553739591e-10	43.352666697216875	238.50374005880008	4.8087921464569571e-10	success	64.922416877095415	-1.0111055698511682e-11	198.77069396610861	84.616867507816181	-1.6415254330302085e-11	-2.9643250720317795e-10	43.332301635700013	238.53567091916514	-3.4605553428434371e-10	success	65.015583368864952	65.015583368864952	0.94999999999999996	0.029530714894162067	1796.0958280712564	8.834829589115592e-12	0.04194059572433715	0.10000000000000001	0.5754819126778471	0.56934546016547838	0.0021287516013868161	1.6181460707636992e-38	0.00093090526735616227	0.0058081535318927477	1.0282721464755967e-16	1.7123257084764079e-05	0.010239957940917786	1.977676768540988e-21	8.0636600437943976e-25	0.0047390950445834832	9.1013841902419349e-08	0.0047391854580487993	nan	nan	nan	nan	nan	nan	nan	nan	nan	nan	nan	nan	nan	nan	nan	nan	nan	nan	nan	nan	nan	nan	nan	nan	nan	nan	nan	nan	nan	nan	nan	nan	nan	nan	nan	nan	nan	nan	nan	nan	nan	nan	nan	nan	nan	nan	nan	nan	nan	nan	nan	nan	nan	nan	nan	nan	nan	nan	nan	nan	nan	nan	nan	nan	nan	nan	nan	nan	nan	nan	nan	nan	nan	nan	multi_step	4.739185458070698e-03	typeI_mH62-125/random_20260816_064945.md
1.235190000000000e+02	3.020370000000000e+02	3.015290000000000e+02	1.129480000000000e+03	9.359099999999999e-02	1.146700000000000e+01	1.341746629440614e-19	-1.887232948701703e+01	success	0	0	0	true	2.578611070652223e-01	true	1.638383839747689e+01	true	3.270796320000000e-04	3.118506470000000e-09	1.331031948075970e+00	1.306634487893708e+00	true	2.177854494168820e-01	8.036264640685722e+01	2.494522921324759e+00	2.314723210622314e-01	true	true	7.554766429354094e-01	7.480493584640737e-01	5.443041031126729e-01	6.161762753849015e-04	2.248409655652646e+00	3.763175508288616e+00	4.449779423355298e-01	3.823586538838385e-04	CMS:2013zmy	CMS:2012qwq	CMS:2019qcx	ATLAS:2021upq	LHC8 [ggH;vbfH;HW;HZ]>[WW]	LHC8 [vbfH;HW;Htt;H;HZ]>[bb;tautau;WW;ZZ;gamgam]	LHC13 [ggH]->X1->Z(X2->[bb])	LHC13 [Hpmtb>tb]	4.889009913040240e+00	true	all checks passed	1	5.072964945809662e+00	2.583217822589586e-01	2.801591575708553e+00	-1.281692128586357e+00	-1.291825367002643e+00	1.129480000000000e+03	1.146700000000000e+01	9126.6502621055006	1344.4817565648507	138.55116326761078	-3.1761010586646892	-0.052072217651339972	-0.03229783738623844	0	-0.0013348987831281521	0	0	0	success	non_bfb	success	success	343.315	success	272.84745137396368	5.1517390317520308e-11	6.8855963336533801	0.84353884793194145	-1.1072834631394015e-09	0	0	0	0	failure	nan	nan	nan	nan	nan	nan	nan	nan	nan	nan	nan	nan	nan	nan	nan	nan	nan	nan	nan	nan	nan	nan	nan	nan	nan	nan	nan	nan	nan	nan	nan	nan	nan	nan	nan	nan	nan	nan	nan	nan	not_set	nan	nan	nan	nan	nan	nan	nan	nan	nan	nan	nan	nan	nan	nan	nan	nan	nan	nan	nan	nan	nan	nan	0	success	169.91741143852971	0	0	0	0	-2.8821662608595376e-08	9.4706045458423169	58.300793040220917	-1.1722632306377146e-08	success	success	169.82687859788371	0	0	0	0	-3.6067079786255455e-10	10.19411861742816	62.412633606506141	-1.347693965083357e-08	success	169.83004718378086	0	0	0	0	-1.5293184660557875e-08	10.171865714702266	62.286730200601284	-9.7527726104603292e-09	success	169.80778790974756	0	0	0	0	-3.2795776988055396e-08	10.324756212431826	63.151067078707307	5.181934843524622e-08	success	169.80612718813111	0	0	0	0	-1.7116951349450584e-08	10.335849379674427	63.213718560097576	-2.2630424635130875e-08	success	169.80778790974756	169.80778790974756	0.94999999999999996	0.0002211838039104668	258270.44425066322	0	0.00035180408988423351	0.10000000000000001	0.57746156243123914	0.57732789076417479	0.80653559940812358	0	0.36095707800533289	2.3003413430120343	2.4657994312692139e-27	5.3392580009480521e-05	3.970527858058662	3.7524357567691172e-34	0	1.3414559669149202e-19	5.5672117391549234e-23	1.341746629440614e-19	nan	nan	nan	nan	nan	nan	nan	nan	nan	nan	nan	nan	nan	nan	nan	nan	nan	nan	nan	nan	nan	nan	nan	nan	nan	nan	nan	nan	nan	nan	nan	nan	nan	nan	nan	nan	nan	nan	nan	nan	nan	nan	nan	nan	nan	nan	nan	nan	nan	nan	nan	nan	nan	nan	nan	nan	nan	nan	nan	nan	nan	nan	nan	nan	nan	nan	nan	nan	nan	nan	nan	nan	nan	nan	needs_multistep_run	1.341746629440614e-19	typeI_mH62-125/random_20260816_190714.md
6.536760000000000e+01	3.109060000000000e+02	2.973990000000000e+02	3.261550000000000e+02	1.628380000000000e-01	7.241280000000000e+00	2.513371510506536e-07	-6.599743312029040e+00	success	0	0	0	true	2.451428898694539e-01	true	1.051273301772399e+01	true	3.258891530000000e-04	3.133001980000000e-09	1.479532545865405e+00	1.194860222163143e+00	true	5.285657330260089e+00	8.034349641981406e+01	2.493667474535737e+00	2.315358125713296e-01	true	true	9.231347734763377e-01	7.161365080922274e-01	5.808238401516710e-01	2.259099559909225e-03	6.183687637186740e-01	3.602633084770477e+00	6.020897949041519e-01	1.439576488125806e-03	LEPWorkingGroupforHiggsbosonsearches:2003ing	CMS:2012qwq	CMS:2019ogx	ATLAS:2021upq	LEP [eeHZ>bb]	LHC8 [vbfH;HW;Htt;H;HZ]>[bb;tautau;WW;ZZ;gamgam]	LHC13 [H]->X1->Z(X2->[bb])	LHC13 [Hpmtb>tb]	5.199723761618344e+00	true	all checks passed	1	2.567479715990838e+00	2.455808436561610e-01	3.275016311696972e+00	-1.285989966579300e+00	-1.557533876784866e+00	3.261550000000000e+02	7.241280000000000e+00	7219.4621945444142	2016.1088260928527	351.67293928718902	-2.0419291765205547	-0.065934660517725327	0.012944982786916699	0	-0.013420951456674957	0	0	0	success	ew_sym_res	success	success	591.35000000000002	success	203.28766834581376	-3.8634593101690495e-09	2.0169687633560399e-08	-1.9880198084185725e-08	-3.9031470709957167e-09	1.6626723905846947e-10	149.46587944537964	11.628687486837103	-2.9740821669595809e-10	success	success	195.88250006695552	-3.8634593101690495e-09	2.0169687633560399e-08	-1.9880198084185725e-08	-3.9031470709957167e-09	-6.1917434238311287e-11	157.20975175521053	13.081397371584629	2.7330141479877376e-10	success	196.13103167528277	-3.8634593101690495e-09	2.0169687633560399e-08	-1.9880198084185725e-08	-3.9031470709957167e-09	-2.7293631570346698e-10	156.98615432071071	13.032052998264183	-1.6184908987798152e-10	success	195.05334596345696	-3.8634593101690495e-09	2.0169687633560399e-08	-1.9880198084185725e-08	-3.9031470709957167e-09	-1.3159705302141655e-10	157.94121906653169	13.246572655239319	2.0798713047172374e-10	success	194.94244367604051	-3.8634593101690495e-09	2.0169687633560399e-08	-1.9880198084185725e-08	-3.9031470709957167e-09	-3.9154744474618071e-10	158.03740771818329	13.268732616679253	3.0074444986337309e-10	success	195.0533210010814	195.0533210010814	0.94999999999999996	0.00056282637563348427	4443.2307319652264	0	0.00089285895983903254	0.10000000000000001	0.5773578865054505	0.57707936391930414	0.015940593407722695	0	0.0070993847726614637	0.045213477624291183	3.3928966837329641e-23	2.6682311487006322e-06	0.078093232499276091	5.3343807518294754e-29	0	8.281699338302555e-11	4.0064699684060203e-16	8.2817334228078049e-11	0-(0)->1-(2)->2	true_lower	98.649847804001809	-3.8634593101690495e-09	2.0169687633560399e-08	-1.9880198084185725e-08	-3.9031470709957167e-09	7.1695747077059874e-10	75.742152784866121	206.69785095666944	-3.3365113412108696e-10	failure	nan	nan	nan	nan	nan	nan	nan	nan	nan	nan	nan	nan	nan	nan	nan	nan	nan	nan	nan	nan	nan	nan	nan	nan	nan	nan	nan	nan	nan	nan	nan	nan	nan	nan	nan	nan	nan	nan	nan	nan	not_set	nan	nan	nan	nan	nan	nan	nan	nan	nan	nan	nan	nan	nan	nan	nan	nan	nan	nan	nan	nan	nan	nan	success	91.760927283135231	4.3612203732801079e-11	173.99188371128247	87.112916668682956	-5.9367890447310939e-11	-3.9709756120000321e-10	51.48861267593216	224.89572910993581	4.1159163080307444e-10	success	success	88.028738110805065	-1.5873075531162253e-11	167.52378595774488	103.66480498255063	-1.5277378412652409e-11	9.4623506205685009e-10	47.277866068445817	228.84925539266771	-1.1412453823129292e-10	success	88.117277427281508	4.4763406707082761e-11	167.76406148575197	103.11281746453764	2.8258434975830751e-11	-4.4468424537376316e-10	47.360809040750752	228.76740742459708	1.8399574425231465e-10	success	87.840449775786681	9.0436750869261169e-12	166.98438471979759	104.88961466698838	-7.5003887552463864e-12	-6.1743872286335804e-10	47.103655579792886	229.02175373628023	1.5845877372213364e-10	success	87.816244003541414	-5.9121641550109289e-11	166.91197388249017	105.05255543242809	-3.8465153001066266e-11	5.8261902088281883e-10	47.081471459354404	229.0437774204257	6.2385349095494611e-10	success	87.840449775786681	87.840449775786681	0.94999999999999996	0.0079640211658041759	9366.9929980840916	0	0.011962249297105296	0.10000000000000001	0.57584956397770659	0.5719102468912749	0.015056959383473316	0	0.0065689288704455662	0.041263234295645851	8.6357612428130934e-20	3.3868108070762342e-05	0.072258217574901223	4.4750026398095474e-25	0	2.5133400468824167e-07	3.6296309088566998e-12	2.5133713740621028e-07	multi_step	2.513371510506536e-07	typeI_mH62-125/random_20260816_190714.md
6.309850000000000e+01	2.949270000000000e+02	2.923140000000000e+02	2.513680000000000e+02	1.754850000000000e-01	7.446490000000000e+00	6.808495577991207e-06	-5.166948840268685e+00	success	0	0	0	true	2.436335280367803e-01	true	1.133911034771878e+01	true	3.259676970000000e-04	3.132075370000000e-09	1.469493023500858e+00	1.201855771232304e+00	true	2.812054564478117e-01	8.036192828292525e+01	2.494729019569057e+00	2.314330013898392e-01	true	true	9.978035512557151e-01	7.113071419548508e-01	4.923670088040358e-01	1.969507121726250e-03	7.938161563969801e-01	3.578338227535322e+00	4.707026948403510e-01	1.315700990921767e-03	LEPWorkingGroupforHiggsbosonsearches:2003ing	CMS:2012qwq	CMS:2019ogx	ATLAS:2021upq	LEP [eeHZ>bb]	LHC8 [vbfH;HW;Htt;H;HZ]>[bb;tautau;WW;ZZ;gamgam]	LHC13 [H]->X1->Z(X2->[bb])	LHC13 [Hpmtb>tb]	5.795569687861644e+00	true	all checks passed	1	2.977951064919581e+00	2.440687853115449e-01	3.216088413165910e+00	-1.355136624850197e+00	-1.405849187907900e+00	2.513680000000000e+02	7.446490000000000e+00	7337.9446161580263	1719.1283414977522	390.5511096654019	-2.3567520590687248	-0.056189678070923982	0.025331227443688847	0	-0.0034991608273419145	0	0	0	success	ew_sym_res	success	success	567.84400000000005	success	262.16731121343696	3.1716835652256268e-08	-1.42927835231856e-07	1.7659380989592286e-08	3.1716835652254574e-08	-1.318212565051398e-09	129.54860513349686	5.2603653600902849	-4.1714985007184798e-10	success	success	257.50260793831376	3.1716835652256268e-08	-1.42927835231856e-07	1.7659380989592286e-08	3.1716835652254574e-08	3.3325147490038028e-10	135.54070487229714	5.6806888581998312	7.4928655110212195e-10	success	257.63175223420455	3.1716835652256268e-08	-1.42927835231856e-07	1.7659380989592286e-08	3.1716835652254574e-08	-6.7847678603253209e-10	135.39057147577304	5.6693011842367875	1.9941422876840266e-09	success	256.89669775822057	3.1716835652256268e-08	-1.42927835231856e-07	1.7659380989592286e-08	3.1716835652254574e-08	9.5276686400598678e-11	136.2351023646803	5.7339948247870005	1.9082762823392694e-10	success	256.82686515018634	3.1716835652256268e-08	-1.42927835231856e-07	1.7659380989592286e-08	3.1716835652254574e-08	4.3594000374566194e-10	136.31410124351851	5.740126439169531	-3.0951085172566979e-10	success	256.89671894851278	256.89671894851278	0.94999999999999996	0.00015739666390557198	9267.0656726297657	0	0.00025023134487623077	0.10000000000000001	0.57734898445389049	0.5772567045365834	0.043832673154574307	0	0.019690733492757958	0.12546299991032303	9.8938800916728317e-26	2.0722521588044123e-06	0.21659806842033755	7.3947578152619456e-32	0	2.2026824279865887e-14	2.0101521264076065e-19	2.20269611332926e-14	0-(0)->1-(1)->2	success	80.316187835765533	5.3777977393607292e-11	171.96921997643028	87.297707331576333	5.4697329561580552e-12	4.1128667727764575e-10	43.879310996664735	233.91983209440929	1.8975852797497009e-10	success	success	74.888751371188249	3.1727650032246903e-11	163.84081448152986	108.89066499675265	-4.3215268893244209e-11	-1.5091800722207724e-09	40.380044292512096	237.16961120728385	-2.7042073717555475e-10	success	75.011065948005893	-1.4269041100980602e-11	164.1436261484366	108.17861895640691	6.8936607639956019e-12	-2.5134955516528552e-10	40.443611166927283	237.10777682571256	3.0933785966482494e-10	success	74.673629562073245	9.1959017221221965e-12	163.27829795238316	110.19797276079812	-8.2532998857090485e-12	-2.5345759424515484e-10	40.269610857104567	237.27728304701597	-1.132350868456973e-09	success	74.643169544315384	-1.1592459955274626e-11	163.19525842063703	110.38929355665526	-3.0820762726266649e-12	-5.0383248054706044e-10	40.254113164865245	237.29241844291241	-5.2998025837903059e-11	success	74.673629562073245	74.673629562073245	0.94999999999999996	0.013047672085352248	6334.0332056152183	1.9639001975049873e-12	0.019290211769036395	0.10000000000000001	0.57602706676092841	0.57100596064430575	0.0086380130945527198	1.2915732620854021e-41	0.0037685702788264296	0.023616082267227074	8.1500520783379865e-19	3.1502350355149973e-05	0.041454273067090729	6.7897602734545378e-24	3.5253213571459816e-28	6.8084067198717115e-06	9.4934664737076817e-11	6.8084955779912069e-06	nan	nan	nan	nan	nan	nan	nan	nan	nan	nan	nan	nan	nan	nan	nan	nan	nan	nan	nan	nan	nan	nan	nan	nan	nan	nan	nan	nan	nan	nan	nan	nan	nan	nan	nan	nan	nan	nan	nan	nan	nan	nan	nan	nan	nan	nan	nan	nan	nan	nan	nan	nan	nan	nan	nan	nan	nan	nan	nan	nan	nan	nan	nan	nan	nan	nan	nan	nan	nan	nan	nan	nan	nan	nan	multi_step	6.808495577991207e-06	typeI_mH62-125/random_20260817_233645.md
7.358600000000000e+01	3.303730000000000e+02	3.352820000000000e+02	2.809380000000000e+02	1.778920000000000e-01	6.564490000000000e+00	1.461625297756574e-07	-6.835163948837644e+00	success	0	0	0	true	2.448978948195693e-01	true	1.318863179698796e+01	true	3.257085590000000e-04	3.135044400000000e-09	1.502745772455628e+00	1.179512841514386e+00	true	2.408050587969286e+00	8.037517223011197e+01	2.495310684898347e+00	2.313715351202350e-01	true	true	7.782425023944595e-01	7.065111323840537e-01	7.782425023944595e-01	2.571610196458007e-03	9.255586419822065e-01	3.554211175556561e+00	9.255586419822065e-01	1.590127192225308e-03	CMS:2019ogx	CMS:2012qwq	CMS:2019ogx	ATLAS:2021upq	LHC13 [H]->X1->Z(X2->[bb])	LHC8 [vbfH;HW;Htt;H;HZ]>[bb;tautau;WW;ZZ;gamgam]	LHC13 [H]->X1->Z(X2->[bb])	LHC13 [Hpmtb>tb]	5.011315138708483e+00	true	all checks passed	1	3.382851788094391e+00	2.453354109166093e-01	4.031421890112946e+00	-1.880406976749062e+00	-1.772412383748864e+00	2.809380000000000e+02	6.564490000000000e+00	11054.447557009453	3478.1459349642278	560.62024482527374	-2.3549410120634544	-0.1152553132147834	-0.068894106149680404	0	0.0018988595786337409	0	0	0	success	non_bfb	success	success	571.13199999999995	success	267.61382799644326	9.7436116819302455e-10	86.928201527129517	5.5940206733522118	1.8279330545210955e-09	0	0	0	0	success	success	262.36956173738633	8.5913404616517792e-10	86.118451567129938	5.843259003338499	2.0179368149600771e-09	0	0	0	0	success	262.48361438594384	6.0149911748978307e-10	86.136445018242881	5.8376493160802791	-1.4901252583527361e-10	0	0	0	0	success	261.82783387943869	1.8216407627886752e-09	86.032745760342095	5.8700228649615402	3.4891733185575316e-09	0	0	0	0	success	261.76799149942372	2.4220922450361635e-10	86.023249730157801	5.8729911752351676	6.1570494926991135e-10	0	0	0	0	success	261.82783387943869	261.82783387943869	0.94999999999999996	1.3720222596438126e-05	11140.463714104011	0	2.183038044769454e-05	0.10000000000000001	0.57733333599226966	0.57732563301777839	0.053709185232180295	0	0.023803551974622087	0.15169660418964198	4.8249557069417849e-30	2.1847225163228033e-07	0.26183907172084298	3.0407027124209736e-36	0	6.5712801567535919e-19	6.8386516728972671e-24	6.5713248664090199e-19	0-(0)->1-(1)->2	success	149.81339635217773	0	0	0	0	-2.0827194763193043e-10	104.14774030110566	93.327685015072561	-4.0850490794523971e-10	success	success	140.20333730211723	0	0	0	0	1.6401712630813305e-10	99.085852046627679	137.93928422685062	4.8076362465323629e-10	success	140.53714732722617	0	0	0	0	-3.2430559456230065e-10	99.420133165799896	136.55009855434648	-4.8083989077911376e-10	success	139.27510528770102	0	0	0	0	-1.9203453705801792e-10	98.153947719287828	141.70874282553885	3.1419386110506044e-11	success	139.12849372551511	0	0	0	0	7.5960220200353548e-11	98.004669202065514	142.29285208680747	5.2165922640898275e-10	success	139.27510891257725	139.27510891257725	0.94999999999999996	0.0020476877312810156	2353.2304028960252	0	0.0032195773203959536	0.10000000000000001	0.57717400341250802	0.57630297627647653	0.0060228379044717966	0	0.0027500443723899783	0.017477675683225044	1.0663964549685082e-20	3.7408738709956338e-06	0.030250488096289767	3.1103471947442135e-26	0	1.4616196403800979e-07	5.8746123494747856e-13	1.4616252977565742e-07	nan	nan	nan	nan	nan	nan	nan	nan	nan	nan	nan	nan	nan	nan	nan	nan	nan	nan	nan	nan	nan	nan	nan	nan	nan	nan	nan	nan	nan	nan	nan	nan	nan	nan	nan	nan	nan	nan	nan	nan	nan	nan	nan	nan	nan	nan	nan	nan	nan	nan	nan	nan	nan	nan	nan	nan	nan	nan	nan	nan	nan	nan	nan	nan	nan	nan	nan	nan	nan	nan	nan	nan	nan	nan	multi_step	1.461625297756574e-07	typeI_mH62-125/random_20260818_104310.md
7.295829999999999e+01	2.942500000000000e+02	3.062020000000000e+02	4.217460000000000e+02	1.027750000000000e-01	6.556580000000000e+00	3.641630306723457e-06	-5.438704145278996e+00	success	0	0	0	true	2.516400039287546e-01	true	9.787761467866458e+00	true	3.255187950000000e-04	3.137446600000000e-09	1.527332377429438e+00	1.161588916189774e+00	true	7.553470747168758e+00	8.038585008871556e+01	2.495917890154166e+00	2.313153529284011e-01	true	true	5.451973420732164e-01	7.369372704863324e-01	5.451973420732164e-01	3.320073670430288e-03	5.594025336957212e-01	3.707274468002124e+00	5.594025336957212e-01	2.059320978233454e-03	CMS:2019ogx	CMS:2012qwq	CMS:2019ogx	ATLAS:2021upq	LHC13 [H]->X1->Z(X2->[bb])	LHC8 [vbfH;HW;Htt;H;HZ]>[bb;tautau;WW;ZZ;gamgam]	LHC13 [H]->X1->Z(X2->[bb])	LHC13 [Hpmtb>tb]	4.218896930227913e+00	true	all checks passed	1	2.333134397656525e+00	2.520895649691186e-01	3.330010902001487e+00	-1.621170130803881e+00	-1.383989804807450e+00	4.217460000000000e+02	6.556580000000000e+00	7689.1708008181886	1915.139225751713	477.66985895565233	-2.1286044337649339	-0.064441618825055752	-0.0017394461740109556	0	0.0090612506705648587	0	0	0	success	ew_sym_res	success	success	624.84199999999998	success	151.49963657956465	-1.5413508268457534e-08	3.4068887387176774e-08	-1.1025859231700225e-09	-1.5413637460091054e-08	1.0397361536745746e-10	197.59083278482453	39.157270526898159	1.0918259101796192e-10	success	success	132.48737807896219	-1.5413508268457534e-08	3.4068887387176774e-08	-1.1025859231700225e-09	-1.5413637460091054e-08	-4.8298643064138721e-11	202.86629959318245	52.064774759577581	1.3804918221179731e-10	success	133.0410458301443	-1.5413508268457534e-08	3.4068887387176774e-08	-1.1025859231700225e-09	-1.5413637460091054e-08	4.4710014576462855e-11	202.82132303134296	51.590063215429204	-4.3512874122287123e-11	success	131.44849314360346	-1.5413508268457534e-08	3.4068887387176774e-08	-1.1025859231700225e-09	-1.5413637460091054e-08	4.8007566518896216e-11	202.93188447391458	52.976347784417612	1.1056643732739172e-10	success	131.27979032060432	-1.5413508268457534e-08	3.4068887387176774e-08	-1.1025859231700225e-09	-1.5413637460091054e-08	-4.7082789236268078e-11	202.94027575683353	53.127159559465007	-1.1475252846609073e-10	success	131.43540099905942	131.43540099905942	0.94999999999999996	0.0033305620043090935	2730.0062024479216	0	0.0052361954326131761	0.10000000000000001	0.57733343615078725	0.57657206673340522	0.0065921742543558516	0	0.0015529876085170083	0.0098769943050691384	1.2535303892435932e-19	3.4336728991329057e-06	0.017082863693687094	6.0626186525808578e-25	0	3.640535544703077e-06	1.9083485061455312e-11	3.6405544228159036e-06	0-(0)->1-(2)->2	true_lower	122.23218661746826	-1.5413508268457534e-08	3.4068887387176774e-08	-1.1025859231700225e-09	-1.5413637460091054e-08	-3.8181468796318433e-10	90.432819080835444	172.25054988112373	6.4811692020074511e-10	failure	nan	nan	nan	nan	nan	nan	nan	nan	nan	nan	nan	nan	nan	nan	nan	nan	nan	nan	nan	nan	nan	nan	nan	nan	nan	nan	nan	nan	nan	nan	nan	nan	nan	nan	nan	nan	nan	nan	nan	nan	not_set	nan	nan	nan	nan	nan	nan	nan	nan	nan	nan	nan	nan	nan	nan	nan	nan	nan	nan	nan	nan	nan	nan	success	114.18932098658881	-3.3025244396394678e-11	199.16618403125923	75.099132687652286	-7.1567324135269063e-11	3.3406727085412902e-10	60.643556265113901	200.37640298361754	3.8855545491797612e-11	success	success	109.43687489515861	-9.3772430483604214e-11	194.47872758225256	86.855537936867961	-3.7662048541205542e-11	-5.567128411605285e-11	55.19395612746716	208.75573526032881	4.5803456748693804e-10	success	109.56096616644599	-4.2250807915292412e-11	194.66150724119365	86.456204036909043	7.4428394836428219e-11	-4.8082808367653928e-10	55.311398376872582	208.56214057310743	-3.7338000282964271e-10	success	109.14478491158746	-3.0812039367507501e-12	194.02675700737652	87.828138594917576	5.3844782464165369e-11	-1.8734055982524642e-10	54.921635711633584	209.2069039788926	-6.443728450869592e-10	success	109.1068031484875	1.7357934052470278e-11	193.96558215988827	87.958209042104826	1.5875745894361347e-13	4.1568027474720558e-10	54.886640981451784	209.26511145369901	-6.1174850471538684e-10	success	109.14478420231613	109.14478420231613	0.94999999999999996	0.0048769809234087691	7385.0957889852398	1.1781143295193598e-08	0.0074717893230180823	0.10000000000000001	0.57616343767318967	0.57370717936380744	0.014788696292228435	4.8102151156221985e-35	0.0064816501112943924	0.040909414610403455	2.9734842358702463e-20	2.0699661213116021e-05	0.071298151224238313	1.0446077036103148e-25	6.7005366407691772e-22	8.851358014518193e-08	8.5855487661876136e-13	8.8514322922001025e-08	multi_step	3.641630306723457e-06	typeI_mH62-125/random_20260818_104310.md
1.167230000000000e+02	3.110000000000000e+02	3.126110000000000e+02	9.538120000000000e+02	1.301900000000000e-01	1.251680000000000e+01	8.169153529788371e-14	-1.308782294180139e+01	success	0	0	0	true	2.566686835030254e-01	true	1.540055531597898e+01	true	3.272246910000000e-04	3.116744860000000e-09	1.313473911483332e+00	1.320558719814740e+00	true	4.299904922612166e-01	8.036615261324773e+01	2.494704107398224e+00	2.314498116658829e-01	true	true	7.806977023749335e-01	7.389245141259545e-01	6.326075083474675e-01	3.464169574142076e-04	1.270742217273416e+00	3.717271597882675e+00	4.268434694098325e-01	2.147356757621989e-04	ATLAS:2014vuz	CMS:2012qwq	CMS:2019qcx	ATLAS:2021upq	LHC8 [HW;HZ]>[bb]	LHC8 [vbfH;HW;Htt;H;HZ]>[bb;tautau;WW;ZZ;gamgam]	LHC13 [ggH]->X1->Z(X2->[bb])	LHC13 [Hpmtb>tb]	5.561219168965522e+00	true	all checks passed	1	4.618803708755793e+00	2.571272284028148e-01	3.116221615248296e+00	-1.432933406976978e+00	-1.399731036661690e+00	9.538120000000000e+02	1.251680000000000e+01	9473.1353387643958	1811.2328318851735	149.39791391877324	-4.6914621609791585	-0.064920987139544056	-0.047242684444872299	0	-0.0005715998969410169	0	0	0	success	non_bfb	success	success	478.86799999999999	success	262.73466036028913	1.0087177283692275e-09	154.50511368730645	15.965845380463836	-1.7152694373148847e-09	0	0	0	0	success	success	257.33244177450825	4.025554068715739e-10	149.93414823745033	16.812752198833902	-1.7346348595481538e-09	0	0	0	0	success	257.44500675433073	-6.6890599483942353e-10	150.03751191815653	16.794580677570451	9.4672264668104102e-10	0	0	0	0	success	256.80797897166872	1.3557702385267913e-09	149.44700860468834	16.897657676534944	2.2643317472763928e-09	0	0	0	0	success	256.75032017724095	1.4164540363366162e-09	149.39288064759657	16.907015290379832	4.6518257946858635e-10	0	0	0	0	success	256.80797897166872	256.80797897166872	0.94999999999999996	0.00025844856302858441	11355.348130464747	0	0.00041124181153725733	0.10000000000000001	0.57750824789891608	0.57738593597735299	0.053691484301783866	0	0.023757259288910537	0.15142609004616953	5.9681248312640475e-25	4.1069761588137623e-06	0.26132985217801591	3.6960303556231173e-31	0	8.1683962178428237e-14	8.328693609400678e-19	8.1684506910036436e-14	0-(0)->1-(1)->2	success	163.48493432774683	0	0	0	0	8.5833545761685977e-09	13.73802316883881	91.802826858152386	-2.0853984230455395e-09	success	success	163.17802578806362	0	0	0	0	-3.8745622522758599e-08	14.951990026939351	98.643955848757273	6.0432456729104674e-09	success	163.18905562770055	0	0	0	0	7.5301692318083599e-09	14.914872553484587	98.435651496653662	2.2282029559165544e-08	success	163.12367412748148	0	0	0	0	4.0173642903271241e-08	15.129852006062567	99.641637714724965	-7.7900784993692772e-09	success	163.11845389107589	0	0	0	0	7.6136715566498256e-09	15.146508892981711	99.735037361057877	2.9886835230856327e-08	success	163.12367387804358	163.12367387804358	0.94999999999999996	0.00060115514801416638	79075.038319960557	0	0.0009535062007974143	0.10000000000000001	0.57742690503668126	0.57706746752036331	0.23718967083755552	0	0.10590359736324528	0.67444114372468	5.1663174395685659e-25	4.2509062227971185e-05	1.1649395709956982	2.1812407970953223e-31	0	1.0715142568244086e-15	1.1029799518764632e-19	1.0715736976935846e-15	nan	nan	nan	nan	nan	nan	nan	nan	nan	nan	nan	nan	nan	nan	nan	nan	nan	nan	nan	nan	nan	nan	nan	nan	nan	nan	nan	nan	nan	nan	nan	nan	nan	nan	nan	nan	nan	nan	nan	nan	nan	nan	nan	nan	nan	nan	nan	nan	nan	nan	nan	nan	nan	nan	nan	nan	nan	nan	nan	nan	nan	nan	nan	nan	nan	nan	nan	nan	nan	nan	nan	nan	nan	nan	multi_step	8.169153529788371e-14	typeI_mH62-125/random_20260818_171759.md
2.998658930182419e+02	2.104790920101647e+02	2.736923114133673e+02	1.140018083934636e+04	9.943238655103700e-01	7.078406013815620e+00	1.716246905510015e-32	-3.176542023281193e+01	success	0	0	0	true	2.372063549396316e-01	true	2.318292980021659e+01	true	3.302356910000000e-04	3.478569170000000e-09	9.753442998545190e-01	9.705082930902682e-03	true	3.418090885296292e+00	8.034696993474329e+01	2.493714532645307e+00	2.315792090120215e-01	true	true	7.766011344494366e-01	6.626208944799596e-02	1.695219052579220e-01	6.238274743952639e-02	3.906809538437204e+00	7.745162708490069e-02	2.349843063402986e-01	4.638786754085007e-02	CMS:2012qwq	ATLAS:2020tlo	CMS:2019qcx	ATLAS:2021upq	LHC8 [vbfH;HW;Htt;H;HZ]>[bb;tautau;WW;ZZ;gamgam]	LHC13 [vbfH>ZZ]	LHC13 [ggH]->X1->Z(X2->[bb])	LHC13 [Hpmtb>tb]	3.218315695375139e+00	true	all checks passed	1	7.718319240745391e+00	2.376301299119839e-01	8.166589478930020e-01	-3.834993759457713e-01	6.280028103642372e-01	1.140018083934636e+04	7.078406013815620e+00	9660.6763070389643	-534.88069500549375	81.540445772461368	-0.48072248570830428	-0.024695962706186899	-0.022484767916256244	0	-0.00040703317452626486	0	0	0	success	non_bfb	success	success	698.86400000000003	success	195.16280179078865	2.663210651410633e-10	4.7227046449087774e-08	6.6063152428845419e-08	-2.8518517498636893e-11	-8.1667395202131142e-10	3.7828387758330067	9.2630713699080136	7.0473181453266097e-10	success	success	195.15924647274474	2.663210651410633e-10	4.7227046449087774e-08	6.6063152428845419e-08	-2.8518517498636893e-11	-4.6011541188684849e-10	3.8522127730013085	9.4341327488216464	1.4572794345100041e-10	success	195.15934937347149	2.663210651410633e-10	4.7227046449087774e-08	6.6063152428845419e-08	-2.8518517498636893e-11	4.7467069094400874e-09	3.8509604519153311	9.4310404549667588	-1.5092942379397302e-09	success	195.15825118259716	2.663210651410633e-10	4.7227046449087774e-08	6.6063152428845419e-08	-2.8518517498636893e-11	-5.9717630155682077e-10	3.87154968522609	9.4818240338262765	2.6933339425228889e-09	success	195.15818125307277	2.663210651410633e-10	4.7227046449087774e-08	6.6063152428845419e-08	-2.8518517498636893e-11	6.2233152204172743e-09	3.8721501578208746	9.4833089571125484	-5.3258393103579747e-09	success	195.15825118259716	195.15825118259716	0.94999999999999996	3.3125587162315928e-06	7052162.7634192891	0	5.2981848452009089e-06	0.10000000000000001	0.57796799707764834	0.57796596047841042	25.314040992696825	0	11.332053852499561	72.34184252144118	9.6927347894892945e-36	2.5176741539080205e-05	124.65259237749518	2.5593397703379792e-44	0	1.709931501345847e-32	1.2094830892261841e-34	1.7162469055100148e-32	0-(0)->1	nan	nan	nan	nan	nan	nan	nan	nan	nan	nan	nan	nan	nan	nan	nan	nan	nan	nan	nan	nan	nan	nan	nan	nan	nan	nan	nan	nan	nan	nan	nan	nan	nan	nan	nan	nan	nan	nan	nan	nan	nan	nan	nan	nan	nan	nan	nan	nan	nan	nan	nan	nan	nan	nan	nan	nan	nan	nan	nan	nan	nan	nan	nan	nan	nan	nan	nan	nan	nan	nan	nan	nan	nan	nan	nan	nan	nan	nan	nan	nan	nan	nan	nan	nan	nan	nan	nan	nan	nan	nan	nan	nan	nan	nan	nan	nan	nan	nan	nan	nan	nan	nan	nan	nan	nan	nan	nan	nan	nan	nan	nan	nan	nan	nan	nan	nan	nan	nan	nan	nan	nan	nan	nan	nan	nan	nan	nan	nan	nan	nan	nan	nan	nan	nan	nan	nan	nan	nan	nan	nan	nan	nan	nan	nan	nan	nan	nan	nan	single_step	1.716246905510015e-32	typeI_mH220-500/random_20260825_014923.md
1.904664083212851e+02	3.404357932097628e+02	3.297401601278498e+02	4.333118284799024e+03	9.989029658682387e-01	6.350419101999382e+00	1.240662510429651e-21	-2.090634634081515e+01	success	0	0	0	true	2.567497324301862e-01	true	1.857690365084918e+01	true	3.301160860000000e-04	3.479901630000000e-09	9.878177505800452e-01	1.063148010293586e-02	true	2.237133565918432e+00	8.034999905963635e+01	2.493830012250605e+00	2.315496867375885e-01	true	true	7.734924137611252e-01	1.719254679383150e-01	1.299246538256382e-01	1.212110694920544e-02	3.891170648537767e+00	1.729377132751583e-01	1.422042135913022e-01	7.499829324803736e-03	CMS:2012qwq	CMS:2018amk	ATLAS:2020gxx	ATLAS:2021upq	LHC8 [vbfH;HW;Htt;H;HZ]>[bb;tautau;WW;ZZ;gamgam]	LHC13 [vbfH;H]>[ZZ]	LHC13 [ggH]->X1->Z(X2->[bb])	LHC13 [Hpmtb>tb]	4.852237962523532e+00	true	all checks passed	1	5.814689399731791e+00	2.572084221258722e-01	2.886485107479928e+00	-1.212260628247651e+00	-1.449155204796674e+00	4.333118284799024e+03	6.350419101999382e+00	10492.108057693347	1794.7690133222197	-7.1981498142482945	-0.13395621215683909	-0.073501859884984422	-0.131395805678688	0	0.0028153432715964004	0	0	0	success	non_bfb	success	success	577.78700000000003	success	187.46966249128789	-3.1617365027015562e-09	4.695818854278346e-08	5.8975618876676614e-08	4.9609365083104737e-09	-1.2270654548080765e-08	14.622734581583	45.98088099191628	-5.1976648167242407e-09	success	success	187.39617593860345	-3.1617365027015562e-09	4.695818854278346e-08	5.8975618876676614e-08	4.9609365083104737e-09	4.4101820396144186e-09	15.468043433703031	48.767475664530153	-8.0335578616337625e-09	success	187.39858338401515	-3.1617365027015562e-09	4.695818854278346e-08	5.8975618876676614e-08	4.9609365083104737e-09	-9.2163872429022608e-09	15.443268453933873	48.685385268354587	1.1995293295849067e-10	success	187.38014996590644	-3.1617365027015562e-09	4.695818854278346e-08	5.8975618876676614e-08	4.9609365083104737e-09	4.3181476025833315e-09	15.629042859654186	49.301578597962852	-4.8811709283223357e-09	success	187.37879711594439	-3.1617365027015562e-09	4.695818854278346e-08	5.8975618876676614e-08	4.9609365083104737e-09	1.2066092074990366e-09	15.642309476470158	49.345641029807965	-5.0705560684711278e-09	success	187.38014996590644	187.38014996590644	0.94999999999999996	8.7391571985334887e-05	349597.83371019509	0	0.00013926302833707245	0.10000000000000001	0.57758599817624023	0.57753094766277013	1.2048817671820049	0	0.53956388033555225	3.440458228021348	7.5990888074252996e-29	3.1566239842333293e-05	5.9352026836910756	5.0036757516267501e-36	0	1.2404038454568492e-21	4.9662273594863022e-25	1.2406625104296506e-21	0-(0)->1	nan	nan	nan	nan	nan	nan	nan	nan	nan	nan	nan	nan	nan	nan	nan	nan	nan	nan	nan	nan	nan	nan	nan	nan	nan	nan	nan	nan	nan	nan	nan	nan	nan	nan	nan	nan	nan	nan	nan	nan	nan	nan	nan	nan	nan	nan	nan	nan	nan	nan	nan	nan	nan	nan	nan	nan	nan	nan	nan	nan	nan	nan	nan	nan	nan	nan	nan	nan	nan	nan	nan	nan	nan	nan	nan	nan	nan	nan	nan	nan	nan	nan	nan	nan	nan	nan	nan	nan	nan	nan	nan	nan	nan	nan	nan	nan	nan	nan	nan	nan	nan	nan	nan	nan	nan	nan	nan	nan	nan	nan	nan	nan	nan	nan	nan	nan	nan	nan	nan	nan	nan	nan	nan	nan	nan	nan	nan	nan	nan	nan	nan	nan	nan	nan	nan	nan	nan	nan	nan	nan	nan	nan	nan	nan	nan	nan	nan	nan	single_step	1.240662510429651e-21	typeI_mH125-220/random_20260823_182414.md
3.256710491334840e+02	3.702444327231921e+02	2.912832263667738e+02	8.184501811879552e+03	9.970212618119589e-01	1.273790363724678e+01	3.072417081190541e-27	-2.651251982908181e+01	success	0	0	0	true	2.486622217898027e-01	true	1.534688805884352e+01	true	3.317917780000000e-04	3.458097090000000e-09	8.202850537431723e-01	7.795822410000133e-04	true	2.679882274349923e+00	8.037664111040417e+01	2.495513886218770e+00	2.314469049839176e-01	true	true	7.688428696288370e-01	4.143573539062609e-02	3.401165716589201e-01	1.827390623264161e-02	3.867780413113651e+00	4.813133310342218e-02	3.463438242680948e-01	1.231705686320744e-02	CMS:2012qwq	ATLAS:2020tlo	ATLAS:2022enb	ATLAS:2021upq	LHC8 [vbfH;HW;Htt;H;HZ]>[bb;tautau;WW;ZZ;gamgam]	LHC13 [vbfH>ZZ]	LHC13 [H]->X1->Z(X2->[bb])	LHC13 [Hpmtb>tb]	2.053611684802860e+00	true	all checks passed	1	4.877768001812431e+00	2.491064629493232e-01	1.048864040356862e+00	1.194478001488529e+00	-5.318430375715900e-01	8.184501811879552e+03	1.273790363724678e+01	8251.3733746185408	633.08856084211084	101.16308206907362	-3.003350841058019	-0.048955564988990272	-0.090828830529749466	0	0.025952328328901451	0	0	0	success	non_bfb	success	success	418.88200000000001	success	177.6983086428815	0	0	0	0	1.511947065997919e-09	3.1349610473967533	20.664486291026645	-7.5734588171057924e-10	success	success	177.68901885073257	0	0	0	0	5.3496692428688424e-09	3.2436850815082523	21.389237833094157	2.6349783406107248e-09	success	177.68931286462137	0	0	0	0	2.0040808984568001e-09	3.2404405512626284	21.367597253846178	-2.2717455597464553e-09	success	177.68660977795011	0	0	0	0	-7.2730617653739961e-09	3.2697283421675007	21.562972084371982	4.2593050164284496e-10	success	177.68642988698167	0	0	0	0	-1.5895694515814399e-08	3.2715416230846253	21.575070852544915	1.5895873643785828e-08	success	177.68660977795011	177.68660977795011	0.94999999999999996	2.8487256679637855e-05	2490982.3100724164	0	4.5484091898922419e-05	0.10000000000000001	0.57777431215889674	0.57775723114916522	8.1406291542050688	0	3.6499547831455739	23.287605120529392	5.8002217542205042e-32	6.9675908884472837e-05	40.149502614601317	1.1146098301412908e-39	0	3.0638877787688651e-27	1.6353689780069255e-29	3.0724170811905411e-27	0-(0)->1	nan	nan	nan	nan	nan	nan	nan	nan	nan	nan	nan	nan	nan	nan	nan	nan	nan	nan	nan	nan	nan	nan	nan	nan	nan	nan	nan	nan	nan	nan	nan	nan	nan	nan	nan	nan	nan	nan	nan	nan	nan	nan	nan	nan	nan	nan	nan	nan	nan	nan	nan	nan	nan	nan	nan	nan	nan	nan	nan	nan	nan	nan	nan	nan	nan	nan	nan	nan	nan	nan	nan	nan	nan	nan	nan	nan	nan	nan	nan	nan	nan	nan	nan	nan	nan	nan	nan	nan	nan	nan	nan	nan	nan	nan	nan	nan	nan	nan	nan	nan	nan	nan	nan	nan	nan	nan	nan	nan	nan	nan	nan	nan	nan	nan	nan	nan	nan	nan	nan	nan	nan	nan	nan	nan	nan	nan	nan	nan	nan	nan	nan	nan	nan	nan	nan	nan	nan	nan	nan	nan	nan	nan	nan	nan	nan	nan	nan	nan	single_step	3.072417081190541e-27	typeI_mH220-500/random_20260829_222735.md
1.730658055122161e+02	4.480597527064688e+02	4.406653747804544e+02	3.166654282712948e+03	9.989946786986514e-01	8.187105015601665e+00	2.093497014480756e-07	-6.679127654116175e+00	success	47	4	0	true	2.565137683458426e-01	true	1.796394769670276e+01	true	3.313859500000000e-04	3.463183460000000e-09	8.594314609487548e-01	2.066630411077373e-03	true	2.837344484587591e+00	8.034833435821172e+01	2.493720736281356e+00	2.315491210684461e-01	true	true	7.711186216187009e-01	6.056341493208353e-02	6.056341493208353e-02	7.667707872517476e-04	3.879228927913235e+00	7.439998172316496e-02	7.439998172316496e-02	5.554276426960243e-04	CMS:2012qwq	ATLAS:2020gxx	ATLAS:2020gxx	ATLAS:2021upq	LHC8 [vbfH;HW;Htt;H;HZ]>[bb;tautau;WW;ZZ;gamgam]	LHC13 [ggH]->X1->Z(X2->[bb])	LHC13 [ggH]->X1->Z(X2->[bb])	LHC13 [Hpmtb>tb]	5.114786085470371e+00	true	all checks passed	1	4.431296408539007e+00	2.569720364859033e-01	5.832586140278290e+00	-2.665441970883609e+00	-2.882626499437497e+00	3.166654282712948e+03	8.187105015601665e+00	18939.446723064841	8962.3951062677261	44.544181062856566	-0.71394397371484974	-0.41183696005698356	-0.66389275596091091	0	0.018254857328508969	0	0	0	success	non_bfb	success	success	462.637	success	187.64399951525087	2.9182610796775278e-09	9.6839363396524317e-09	2.595367631861434e-08	-3.0242509921473942e-09	-7.1183790641132643e-10	39.825790174726933	213.54099335111528	-2.0489039319450587e-09	success	success	167.07455191282443	2.9182610796775278e-09	9.6839363396524317e-09	2.595367631861434e-08	-3.0242509921473942e-09	-5.6318127889880128e-09	38.06059717883047	228.45375049603663	-1.0574359915791868e-09	success	167.8853578962507	2.9182610796775278e-09	9.6839363396524317e-09	2.595367631861434e-08	-3.0242509921473942e-09	5.1497609087145369e-09	38.137428188815456	228.00052396794396	6.0876530800609866e-11	success	165.25464474077918	2.9182610796775278e-09	9.6839363396524317e-09	2.595367631861434e-08	-3.0242509921473942e-09	-2.5978238617638128e-09	37.887742165113274	229.44067909014797	2.2634424298764094e-09	success	164.94128346011229	2.9182610796775278e-09	9.6839363396524317e-09	2.595367631861434e-08	-3.0242509921473942e-09	1.8887764352273057e-10	37.857943017393168	229.60649734402452	-6.7001272415534541e-09	success	165.25464474077918	165.25464474077918	0.94999999999999996	0.001666555933069129	1326.4401833270354	0	0.0026371205743312694	0.10000000000000001	0.57757128582601447	0.57700901047622033	0.0040308697654091539	0	0.0018080808817783913	0.01151285745456301	8.6160874192216319e-21	2.0085260713481383e-06	0.019888889699562307	4.5052398917031434e-26	0	2.0934847487038866e-07	1.2456985024595751e-12	2.0934970144807562e-07	0-(0)->1	nan	nan	nan	nan	nan	nan	nan	nan	nan	nan	nan	nan	nan	nan	nan	nan	nan	nan	nan	nan	nan	nan	nan	nan	nan	nan	nan	nan	nan	nan	nan	nan	nan	nan	nan	nan	nan	nan	nan	nan	nan	nan	nan	nan	nan	nan	nan	nan	nan	nan	nan	nan	nan	nan	nan	nan	nan	nan	nan	nan	nan	nan	nan	nan	nan	nan	nan	nan	nan	nan	nan	nan	nan	nan	nan	nan	nan	nan	nan	nan	nan	nan	nan	nan	nan	nan	nan	nan	nan	nan	nan	nan	nan	nan	nan	nan	nan	nan	nan	nan	nan	nan	nan	nan	nan	nan	nan	nan	nan	nan	nan	nan	nan	nan	nan	nan	nan	nan	nan	nan	nan	nan	nan	nan	nan	nan	nan	nan	nan	nan	nan	nan	nan	nan	nan	nan	nan	nan	nan	nan	nan	nan	nan	nan	nan	nan	nan	nan	single_step	2.093497014480756e-07	typeI_mH125-220/async_mcmc_20260903_115445.md
2.652329593121335e+02	5.565153805509012e+02	2.589983469053258e+02	1.189303235254391e+04	9.920221168254068e-01	5.346448635954116e+00	8.984342852062912e-08	-7.046513683291798e+00	success	0	0	0	true	2.319697534214333e-01	true	2.086779429744299e+01	true	3.284036720000000e-04	3.502841190000000e-09	1.175093426824338e+00	3.320084852100016e-02	true	3.397912798517217e-01	8.035943420807232e+01	2.494609858720681e+00	2.315697541493420e-01	true	true	7.844532663641418e-01	6.504280213760796e-02	2.117272474823258e-02	4.860013149045418e-02	3.946310876383594e+00	1.278944558915911e-01	2.593586556767335e-02	8.315313848052615e-02	CMS:2012qwq	ATLAS:2020tlo	ATLAS:2022enb	CMS:2020imj	LHC8 [vbfH;HW;Htt;H;HZ]>[bb;tautau;WW;ZZ;gamgam]	LHC13 [vbfH>ZZ]	LHC13 [H]->X1->Z(X2->[bb])	LHC13 [Hpmtb>tb]	4.860323604270008e+00	true	all checks passed	1	3.214791210054835e+00	2.323841730767067e-01	8.373854347164926e-01	3.988350871007741e+00	-4.030329315720494e+00	1.189303235254391e+04	5.346448635954116e+00	20547.030474545638	6578.7244758426132	1696.6133404620809	-4.4635152587798776	-0.43301688982445158	-0.63346279854989973	0	0.27013710056699336	0	-2.3283064365386963e-09	0	success	ew_sym_res	success	success	462.142	success	138.94004891115534	2.4908034053553332e-08	1.4207905448731449e-07	8.9622659146958617e-08	2.6286754096954869e-08	1.3150500088577829e-09	39.224896240976001	173.12688412059569	1.0616166218210838e-09	success	success	134.50548837674918	2.4908034053553332e-08	1.4207905448731449e-07	8.9622659146958617e-08	2.6286754096954869e-08	5.0590264205633437e-09	40.984773913851015	185.6913289953545	-3.9429136022625494e-10	success	134.67864745504298	2.4908034053553332e-08	1.4207905448731449e-07	8.9622659146958617e-08	2.6286754096954869e-08	-7.5431165609295673e-09	40.931624276584188	185.28320380340139	-5.3393538636479521e-11	success	134.04193191096442	2.4908034053553332e-08	1.4207905448731449e-07	8.9622659146958617e-08	2.6286754096954869e-08	1.8480195505533957e-09	41.122678170842164	186.76022987334736	4.4551723183136588e-10	success	133.97840521425087	2.4908034053553332e-08	1.4207905448731449e-07	8.9622659146958617e-08	2.6286754096954869e-08	-3.1124662887670711e-09	41.14109892822038	186.9041237600668	1.0521082186790651e-09	success	134.04193165552525	134.04193165552525	0.94999999999999996	0.0038480271635237249	5345.8170363501886	0	0.0060115249042953355	0.10000000000000001	0.57758870978414578	0.57590040856083302	0.013165730437042764	0	0.0058669764444680365	0.037246950743803284	2.482070527569998e-20	1.4936127596933808e-05	0.064536740889148403	7.7652447843105872e-26	0	8.9842808693426233e-08	7.0422321951791284e-13	8.9843428520629115e-08	0-(0)->1	nan	nan	nan	nan	nan	nan	nan	nan	nan	nan	nan	nan	nan	nan	nan	nan	nan	nan	nan	nan	nan	nan	nan	nan	nan	nan	nan	nan	nan	nan	nan	nan	nan	nan	nan	nan	nan	nan	nan	nan	nan	nan	nan	nan	nan	nan	nan	nan	nan	nan	nan	nan	nan	nan	nan	nan	nan	nan	nan	nan	nan	nan	nan	nan	nan	nan	nan	nan	nan	nan	nan	nan	nan	nan	nan	nan	nan	nan	nan	nan	nan	nan	nan	nan	nan	nan	nan	nan	nan	nan	nan	nan	nan	nan	nan	nan	nan	nan	nan	nan	nan	nan	nan	nan	nan	nan	nan	nan	nan	nan	nan	nan	nan	nan	nan	nan	nan	nan	nan	nan	nan	nan	nan	nan	nan	nan	nan	nan	nan	nan	nan	nan	nan	nan	nan	nan	nan	nan	nan	nan	nan	nan	nan	nan	nan	nan	nan	nan	single_step	8.984342852062912e-08	typeI_mH220-500/random_20260902_020759.md
1.889009331818612e+02	4.410989890270653e+02	4.514986322284915e+02	4.542384174552276e+03	9.968516942569280e-01	7.773036733312328e+00	5.610833936741520e-04	-3.250972584874170e+00	success	63	54	1	true	2.529955588281452e-01	true	9.967826226048269e+00	true	3.313002660000000e-04	3.464270850000000e-09	8.678132511655319e-01	2.421607131064229e-03	true	6.645111223118479e+00	8.038390595659395e+01	2.495735224755053e+00	2.313595426445466e-01	true	true	7.740877881579439e-01	5.307032137031852e-02	2.443666858185725e-02	9.582047148230783e-04	3.894165769545519e+00	4.374442048672456e-02	1.791200611048713e-02	7.059004290278825e-04	CMS:2012qwq	CMS:2018amk	ATLAS:2022enb	ATLAS:2021upq	LHC8 [vbfH;HW;Htt;H;HZ]>[bb;tautau;WW;ZZ;gamgam]	LHC13 [vbfH;H]>[ZZ]	LHC13 [H]->X1->Z(X2->[bb])	LHC13 [Hpmtb>tb]	5.801014141539895e+00	true	all checks passed	1	3.330543964434996e-01	2.534475416005921e-01	6.016965204143909e+00	-2.928832302285452e+00	-2.622047426103961e+00	4.542384174552276e+03	7.773036733312328e+00	10136.06691835074	8828.3557019946456	64.139639254109071	-0.42067492209013757	-0.42028823334851995	-0.35898760062165935	0	-0.020353115373293977	0	0	0	success	ew_sym_res	success	success	648.34299999999996	success	116.22824975720583	-1.56450166518699e-09	1.3196862815661542e-07	1.0586542278936237e-08	-1.56450166518699e-09	3.0437349020461757e-09	30.732856619551832	215.12124764065865	-9.0985725275913781e-10	success	success	102.56090896590354	-5.9989317745856489e-10	3.253011479978098e-10	1.4743670722536343e-09	-5.9989298349524932e-10	-4.5612286460455299e-10	31.3509459521845	228.59402384189804	1.427045319806083e-09	success	103.19062500799734	-5.9989317745856489e-10	3.253011479978098e-10	1.4743670722536343e-09	-5.9989298349524932e-10	-9.7415517782285847e-10	31.33652866607309	228.1540792765793	2.8583310127031211e-10	success	101.56454876309917	-5.9989317745856489e-10	3.253011479978098e-10	1.4743670722536343e-09	-5.9989298349524932e-10	1.0362555554017555e-10	31.372411927852617	229.27219402547226	1.2283861349758416e-09	success	101.37281371502112	-5.9989317745856489e-10	3.253011479978098e-10	1.4743670722536343e-09	-5.9989298349524932e-10	-2.5678591022973912e-09	31.376359815032188	229.4002115038096	3.6256394090554896e-10	success	101.56457199325916	101.56457199325916	0.94999999999999996	0.013065754665151499	1336.6003420867057	0	0.019788109768024861	0.10000000000000001	0.57688236206965171	0.57401939300731009	0.0024885737476119086	0	0.0011128681750886857	0.0070297825650539915	1.3927814931428803e-17	9.4284559445359024e-06	0.012241549925975542	1.5198203457465976e-22	0	0.00056107722907228533	6.2008052234326871e-09	0.00056108339367415196	0-(0)->1	nan	nan	nan	nan	nan	nan	nan	nan	nan	nan	nan	nan	nan	nan	nan	nan	nan	nan	nan	nan	nan	nan	nan	nan	nan	nan	nan	nan	nan	nan	nan	nan	nan	nan	nan	nan	nan	nan	nan	nan	nan	nan	nan	nan	nan	nan	nan	nan	nan	nan	nan	nan	nan	nan	nan	nan	nan	nan	nan	nan	nan	nan	nan	nan	nan	nan	nan	nan	nan	nan	nan	nan	nan	nan	nan	nan	nan	nan	nan	nan	nan	nan	nan	nan	nan	nan	nan	nan	nan	nan	nan	nan	nan	nan	nan	nan	nan	nan	nan	nan	nan	nan	nan	nan	nan	nan	nan	nan	nan	nan	nan	nan	nan	nan	nan	nan	nan	nan	nan	nan	nan	nan	nan	nan	nan	nan	nan	nan	nan	nan	nan	nan	nan	nan	nan	nan	nan	nan	nan	nan	nan	nan	nan	nan	nan	nan	nan	nan	single_step	5.610833936741520e-04	typeI_mH125-220/async_mcmc_20260903_115445.md
2.096678425282407e+02	3.255562325095984e+02	2.026557969604368e+02	7.576145536250787e+03	9.927327045013502e-01	4.512916619256540e+00	4.246824378101726e-26	-2.537193569832139e+01	success	0	0	0	true	2.459795406846470e-01	true	1.049149115122969e+01	true	3.256298690000000e-04	3.541377630000000e-09	1.512916961100170e+00	9.928503287059366e-02	true	2.852540326180537e-01	8.035925454073222e+01	2.494459607456470e+00	2.315499055396246e-01	true	true	7.896981925810723e-01	4.037788538640928e-01	7.068466654914082e-02	8.669004798454162e-02	3.972696271490221e+00	3.535892349598281e-01	8.480193794223274e-02	1.086508614694297e-01	CMS:2012qwq	ATLAS:2020tlo	CMS:2019qcx	ATLAS:2021upq	LHC8 [vbfH;HW;Htt;H;HZ]>[bb;tautau;WW;ZZ;gamgam]	LHC13 [ggH>ZZ]	LHC13 [ggH]->X1->Z(X2->[bb])	LHC13 [Hpmtb>tb]	5.794104752521008e+00	true	all checks passed	1	3.354862670917602e+00	2.464189891685605e-01	5.499583876576308e-01	9.868034696302680e-01	-1.158661811755611e+00	7.576145536250787e+03	4.512916619256540e+00	2510.9179317622888	-159.56870596519903	-387.77461752011561	0.65453926774068172	-0.034454940428411879	0.017395428665620813	0	-0.057624521258266753	0	0	0	success	ew_sym_res	success	success	378.36900000000003	success	162.37998555793294	-2.0127443874045408e-08	1.3030433737713825e-07	-5.1333920626043801e-09	-2.5312643680284994e-08	2.3023996959878048e-09	7.1274258924980796	21.49074358779464	-1.3800335404169647e-09	success	success	162.37001358778105	-2.0127443874045408e-08	1.3030433737713825e-07	-5.1333920626043801e-09	-2.5312643680284994e-08	-7.7517591491095474e-09	7.4096753221464002	22.348658347645443	6.1153588965401408e-09	success	162.37034632897843	-2.0127443874045408e-08	1.3030433737713825e-07	-5.1333920626043801e-09	-2.5312643680284994e-08	7.2417561119286761e-09	7.4009019197453529	22.321977993643262	1.3589452118100413e-09	success	162.36746685242917	-2.0127443874045408e-08	1.3030433737713825e-07	-5.1333920626043801e-09	-2.5312643680284994e-08	7.2211013902794078e-10	7.4756271520115609	22.549248398028382	1.8909861940616703e-09	success	162.36727357043981	-2.0127443874045408e-08	1.3030433737713825e-07	-5.1333920626043801e-09	-2.5312643680284994e-08	-6.7988207042415025e-10	7.4805737910343177	22.564295303947748	6.0811782807621767e-09	success	162.36746683796679	162.36746683796679	0.94999999999999996	4.7332686199190555e-05	2119173.1763897222	0	7.5330880848059937e-05	0.10000000000000001	0.57739276422836516	0.57736474198173071	6.3270038867366338	0	2.8366857375021257	18.079686453709773	3.7598262139750787e-31	8.9828533904457667e-05	31.203543112523384	1.1667981400511839e-38	0	4.2353366044541407e-26	2.2027472679757991e-28	4.2468243781017261e-26	0-(0)->1	nan	nan	nan	nan	nan	nan	nan	nan	nan	nan	nan	nan	nan	nan	nan	nan	nan	nan	nan	nan	nan	nan	nan	nan	nan	nan	nan	nan	nan	nan	nan	nan	nan	nan	nan	nan	nan	nan	nan	nan	nan	nan	nan	nan	nan	nan	nan	nan	nan	nan	nan	nan	nan	nan	nan	nan	nan	nan	nan	nan	nan	nan	nan	nan	nan	nan	nan	nan	nan	nan	nan	nan	nan	nan	nan	nan	nan	nan	nan	nan	nan	nan	nan	nan	nan	nan	nan	nan	nan	nan	nan	nan	nan	nan	nan	nan	nan	nan	nan	nan	nan	nan	nan	nan	nan	nan	nan	nan	nan	nan	nan	nan	nan	nan	nan	nan	nan	nan	nan	nan	nan	nan	nan	nan	nan	nan	nan	nan	nan	nan	nan	nan	nan	nan	nan	nan	nan	nan	nan	nan	nan	nan	nan	nan	nan	nan	nan	nan	single_step	4.246824378101726e-26	typeI_mH125-220/random_20260824_135839.md
4.302497466863418e+02	3.611764253762198e+02	4.105794809994163e+02	1.444118394204443e+04	9.974738132426132e-01	1.262318793318832e+01	2.649320929021300e-29	-2.857686542967527e+01	success	0	0	0	true	2.405422717135920e-01	true	2.305975785376624e+01	true	3.319615150000000e-04	3.455799840000000e-09	8.041827454161403e-01	3.999779313389154e-04	true	1.736834616956157e+00	8.035175837705923e+01	2.494026730109600e+00	2.315568418710846e-01	true	true	7.689722889960600e-01	9.307814138507993e-02	3.178643679046080e-01	1.100065062865030e-02	3.868431476826922e+00	1.469155999459001e-01	3.617152866937162e-01	7.674287343385264e-03	CMS:2012qwq	ATLAS-CONF-2023-034-Fig5-bot	ATLAS:2022enb	ATLAS:2021upq	LHC8 [vbfH;HW;Htt;H;HZ]>[bb;tautau;WW;ZZ;gamgam]	LHC13 [ggH]->X1->Z(X2->[bb])	LHC13 [H]->X1->Z(X2->[bb])	LHC13 [Hpmtb>tb]	2.116026386602385e+00	true	all checks passed	1	7.446325629432632e+00	2.409720063830992e-01	2.256897569049328e+00	-3.844406595721853e-01	8.756260986473281e-01	1.444118394204443e+04	1.262318793318832e+01	8441.4096756482359	708.6369497609727	-134.75647878911772	0.1722295156858494	-0.083227421121277331	-0.29366016073299789	0	-0.06412561188894364	0	0	0	success	non_bfb	success	success	418.32499999999999	success	215.47776248212023	-1.1660489033723437e-08	2.2079361028694678e-08	3.8930447051409155e-08	3.0780828225275421e-10	-1.2932624068466363e-08	3.2426495426158497	18.049435901272524	-8.7799361517532211e-09	success	success	215.46777153945715	-1.1660489033723437e-08	2.2079361028694678e-08	3.8930447051409155e-08	3.0780828225275421e-10	-4.9751008017489797e-09	3.3302695508122588	18.542977174625523	-1.5032153903999179e-09	success	215.46805398971173	-1.1660489033723437e-08	2.2079361028694678e-08	3.8930447051409155e-08	3.0780828225275421e-10	5.7674513646650375e-09	3.3278868287459629	18.529549142314018	4.9158543118157298e-09	success	215.46514295870256	-1.1660489033723437e-08	2.2079361028694678e-08	3.8930447051409155e-08	3.0780828225275421e-10	-3.9433066586024371e-09	3.3518993888519959	18.664894330381244	1.7852111437083452e-08	success	215.46495022609616	-1.1660489033723437e-08	2.2079361028694678e-08	3.8930447051409155e-08	3.0780828225275421e-10	1.31700250631928e-08	3.3533028359104597	18.672807581828053	1.4710925157934644e-08	success	215.46514295870256	215.46514295870256	0.94999999999999996	9.1197449365455719e-06	2818643.1727533247	0	1.4645445527086374e-05	0.10000000000000001	0.57847187649169951	0.57846606384711052	11.170941604229377	0	5.0093589446617548	32.02191330558793	1.2965846934396219e-33	3.0702170366672374e-05	55.102948391279298	9.2458159151884698e-42	0	2.644171648072781e-29	9.8842465911218038e-32	2.6493209290212996e-29	0-(0)->1	nan	nan	nan	nan	nan	nan	nan	nan	nan	nan	nan	nan	nan	nan	nan	nan	nan	nan	nan	nan	nan	nan	nan	nan	nan	nan	nan	nan	nan	nan	nan	nan	nan	nan	nan	nan	nan	nan	nan	nan	nan	nan	nan	nan	nan	nan	nan	nan	nan	nan	nan	nan	nan	nan	nan	nan	nan	nan	nan	nan	nan	nan	nan	nan	nan	nan	nan	nan	nan	nan	nan	nan	nan	nan	nan	nan	nan	nan	nan	nan	nan	nan	nan	nan	nan	nan	nan	nan	nan	nan	nan	nan	nan	nan	nan	nan	nan	nan	nan	nan	nan	nan	nan	nan	nan	nan	nan	nan	nan	nan	nan	nan	nan	nan	nan	nan	nan	nan	nan	nan	nan	nan	nan	nan	nan	nan	nan	nan	nan	nan	nan	nan	nan	nan	nan	nan	nan	nan	nan	nan	nan	nan	nan	nan	nan	nan	nan	nan	single_step	2.649320929021300e-29	typeI_mH220-500/random_20260830_123811.md
2.824196085917471e+02	3.480619656291486e+02	2.680727666310946e+02	8.317496173582867e+03	9.963988331415451e-01	9.139402620009747e+00	2.253237472520285e-27	-2.664719303483174e+01	success	0	0	0	true	2.462511347017431e-01	true	1.595882570792209e+01	true	3.310926820000000e-04	3.467297750000000e-09	8.882881937759700e-01	3.557813972205725e-03	true	1.430989170338666e-01	8.036435553113780e+01	2.494798028391428e+00	2.315101870292333e-01	true	true	7.721542306351831e-01	5.726382572142379e-02	6.058711882791157e-01	3.973243433663941e-02	3.884438715800748e+00	5.450689328655991e-02	6.936952616920798e-01	2.720650023459329e-02	CMS:2012qwq	ATLAS:2020tlo	ATLAS:2022enb	ATLAS:2021upq	LHC8 [vbfH;HW;Htt;H;HZ]>[bb;tautau;WW;ZZ;gamgam]	LHC13 [vbfH>ZZ]	LHC13 [H]->X1->Z(X2->[bb])	LHC13 [Hpmtb>tb]	2.495772236004029e+00	true	all checks passed	1	5.177478087494557e+00	2.466910683950310e-01	8.677763865111140e-01	8.980787200625461e-01	-7.307177538741755e-01	8.317496173582867e+03	9.139402620009747e+00	7343.2431325612133	220.27505725821311	29.409766601259971	-0.49997115314860735	-0.037213410211090897	-0.045698013851446374	0	0.0059478493628536324	0	0	0	success	non_bfb	success	success	390.64100000000002	success	175.92571521226182	0	0	0	0	1.3214270243124782e-09	3.8593292502042047	19.940196365632492	-2.3786111929148617e-09	success	success	175.916962524529	0	0	0	0	-3.428424526666422e-10	3.9915230471864458	20.629015015271005	7.1587540980308907e-10	success	175.9172458774286	0	0	0	0	7.2575808248218223e-09	3.9874768122159034	20.607922017742482	9.8953420719846761e-10	success	175.91468110383425	0	0	0	0	1.4479312231406104e-09	4.0232994660521531	20.794687762918738	-8.8825136216987884e-09	success	175.91451378483782	0	0	0	0	5.1558521749072669e-09	4.0254981738018776	20.806153022604363	8.6766114864886656e-09	success	175.91467988391361	175.91467988391361	0.94999999999999996	2.779687608085279e-05	2693485.6966132256	0	4.4370501953490522e-05	0.10000000000000001	0.57774236030932147	0.57772568958843673	8.7144925330993477	0	3.8133338631641527	24.327942250439936	4.8496191181503891e-32	7.1021563056851222e-05	41.946672494805682	9.0686761015106001e-40	0	2.2465936898627702e-27	1.2735600359178035e-29	2.2532374725202851e-27	0-(0)->1	nan	nan	nan	nan	nan	nan	nan	nan	nan	nan	nan	nan	nan	nan	nan	nan	nan	nan	nan	nan	nan	nan	nan	nan	nan	nan	nan	nan	nan	nan	nan	nan	nan	nan	nan	nan	nan	nan	nan	nan	nan	nan	nan	nan	nan	nan	nan	nan	nan	nan	nan	nan	nan	nan	nan	nan	nan	nan	nan	nan	nan	nan	nan	nan	nan	nan	nan	nan	nan	nan	nan	nan	nan	nan	nan	nan	nan	nan	nan	nan	nan	nan	nan	nan	nan	nan	nan	nan	nan	nan	nan	nan	nan	nan	nan	nan	nan	nan	nan	nan	nan	nan	nan	nan	nan	nan	nan	nan	nan	nan	nan	nan	nan	nan	nan	nan	nan	nan	nan	nan	nan	nan	nan	nan	nan	nan	nan	nan	nan	nan	nan	nan	nan	nan	nan	nan	nan	nan	nan	nan	nan	nan	nan	nan	nan	nan	nan	nan	single_step	2.253237472520285e-27	typeI_mH220-500/random_20260831_005128.md
2.113821392361490e+02	2.880652337159721e+02	2.052424752206707e+02	5.820810202440740e+03	9.979724574330595e-01	6.696412353960524e+00	1.314642907117948e-26	-2.588119219738620e+01	success	0	0	0	true	2.523196925367121e-01	true	1.267053982902343e+01	true	3.293643810000000e-04	3.490736010000000e-09	1.068026408623717e+00	1.973153996100022e-02	true	2.775230117430054e-01	8.035935516678687e+01	2.494489361439079e+00	2.315398383658668e-01	true	true	7.748776098048754e-01	2.767934790777840e-01	1.046300303847102e-01	4.215021642849422e-02	3.898139086872802e+00	2.641796184207987e-01	1.517255333723833e-01	5.015154784251136e-02	CMS:2012qwq	ATLAS:2020tlo	CMS:2019qcx	ATLAS:2021upq	LHC8 [vbfH;HW;Htt;H;HZ]>[bb;tautau;WW;ZZ;gamgam]	LHC13 [ggH>ZZ]	LHC13 [ggH]->X1->Z(X2->[bb])	LHC13 [Hpmtb>tb]	2.516640344936150e+00	true	all checks passed	1	4.163805873257166e+00	2.527704678574488e-01	4.571179460070073e-01	6.375242919472123e-01	-7.127667134440879e-01	5.820810202440740e+03	6.696412353960524e+00	3607.5676320559096	-460.37592113423779	-159.94284066080607	0.91298809491225508	-0.024665787616799696	0.021580812296909547	0	-0.033179673974927805	0	0	0	success	ew_sym_res	success	success	339.642	success	164.26561299563696	-1.5200600369676323e-08	2.0547774053813148e-08	9.4778867245754247e-08	8.9625271153138713e-10	-1.4162966683018081e-09	4.466841416817374	20.766907288884983	-9.023774295355238e-09	success	success	164.25673833348191	-1.5200600369676323e-08	2.0547774053813148e-08	9.4778867245754247e-08	8.9625271153138713e-10	2.042737760940953e-09	4.6343166367975916	21.549536070075209	-3.2181701778300499e-11	success	164.25703117963633	-1.5200600369676323e-08	2.0547774053813148e-08	9.4778867245754247e-08	8.9625271153138713e-10	-1.385906108805196e-09	4.629301965600968	21.526094072552596	8.5679291854656806e-11	success	164.25444445728797	-1.5200600369676323e-08	2.0547774053813148e-08	9.4778867245754247e-08	8.9625271153138713e-10	-1.2571909156362132e-08	4.6742111694814916	21.736041502957882	-5.2894678605836664e-09	success	164.2542721472195	-1.5200600369676323e-08	2.0547774053813148e-08	9.4778867245754247e-08	8.9625271153138713e-10	-7.2187522824726769e-09	4.6770294379653592	21.749218442097995	5.1343567576894861e-09	success	164.25444441236499	164.25444441236499	0.94999999999999996	4.0002952763087698e-05	2402085.5098879384	0	6.3719936412924162e-05	0.10000000000000001	0.57749218820575454	0.57746856800106783	7.2552888985174464	0	3.256107100650262	20.758662759137437	1.7601590382152724e-31	8.7180619773376923e-05	35.817178107152884	4.6315865231552236e-39	0	1.3106686292356641e-26	7.6174796918563566e-29	1.3146429071179478e-26	0-(0)->1	nan	nan	nan	nan	nan	nan	nan	nan	nan	nan	nan	nan	nan	nan	nan	nan	nan	nan	nan	nan	nan	nan	nan	nan	nan	nan	nan	nan	nan	nan	nan	nan	nan	nan	nan	nan	nan	nan	nan	nan	nan	nan	nan	nan	nan	nan	nan	nan	nan	nan	nan	nan	nan	nan	nan	nan	nan	nan	nan	nan	nan	nan	nan	nan	nan	nan	nan	nan	nan	nan	nan	nan	nan	nan	nan	nan	nan	nan	nan	nan	nan	nan	nan	nan	nan	nan	nan	nan	nan	nan	nan	nan	nan	nan	nan	nan	nan	nan	nan	nan	nan	nan	nan	nan	nan	nan	nan	nan	nan	nan	nan	nan	nan	nan	nan	nan	nan	nan	nan	nan	nan	nan	nan	nan	nan	nan	nan	nan	nan	nan	nan	nan	nan	nan	nan	nan	nan	nan	nan	nan	nan	nan	nan	nan	nan	nan	nan	nan	single_step	1.314642907117948e-26	typeI_mH125-220/random_20260823_003839.md
1.799474907936133e+02	4.526909115039502e+02	4.578864081657733e+02	3.187093704548071e+03	9.961011546044632e-01	9.548359193904725e+00	3.592617748138273e-04	-3.444588988947757e+00	success	139	340	0	true	2.550681520581909e-01	true	1.533571441592891e+01	true	3.316945610000000e-04	3.459198660000000e-09	8.295795539687606e-01	1.006127774026195e-03	true	2.161399115068765e+00	8.037412824592434e+01	2.495185353392791e+00	2.314109456893622e-01	true	true	7.716585507237239e-01	3.203749644639989e-02	1.513577323274645e-02	3.744498593523237e-04	3.881945122989461e+00	2.789570701751585e-02	1.336749465554848e-02	2.789071120943570e-04	CMS:2012qwq	CMS:2013yea	ATLAS:2022enb	ATLAS:2021upq	LHC8 [vbfH;HW;Htt;H;HZ]>[bb;tautau;WW;ZZ;gamgam]	LHC8 [vbfH>WW]	LHC13 [H]->X1->Z(X2->[bb])	LHC13 [Hpmtb>tb]	5.911755865613998e+00	true	all checks passed	1	2.962840774009948e+00	2.555238375692891e-01	6.377890959419061e+00	-3.034330826463512e+00	-2.877978740249096e+00	3.187093704548071e+03	9.548359193904725e+00	16077.323865589968	10332.298046458829	-78.777801029774295	1.1971141871981608	-0.49034704757300152	-0.64021864821085206	0	-0.015690188424732788	0	0	0	success	non_bfb	success	success	527.44600000000003	success	144.32232256949777	0	0	0	0	9.0273958264255784e-10	28.17837570800814	227.58315960146655	4.9726319499558172e-09	success	success	115.33604364622838	0	0	0	0	-1.6081644361852201e-09	27.354632444096019	240.67111787948701	-5.5505846351882321e-09	success	116.85954287823837	0	0	0	0	7.4871973450968128e-10	27.401409161027424	240.23930104351396	-3.3869127947409076e-09	success	113.28899846795187	0	0	0	0	3.1860413302425101e-09	27.291829573213032	241.18218300387105	3.4649070738496412e-09	success	112.80510159371775	0	0	0	0	-1.2063573385801229e-09	27.276943367528485	241.28451998398782	-9.1937263544359586e-09	success	113.2889953711308	113.2889953711308	0.94999999999999996	0.0072539214188597429	581.48606850800479	0	0.011339708868710821	0.10000000000000001	0.57752061820245859	0.57672069629200307	0.0012091042010077388	0	0.00054858745975448081	0.0034904030413004101	6.7579025900038112e-18	2.6291177279938212e-06	0.0060344620572992886	7.9679781230675635e-23	0	0.00035925719572704203	4.685655680792489e-09	0.00035926177481382734	0-(0)->1	nan	nan	nan	nan	nan	nan	nan	nan	nan	nan	nan	nan	nan	nan	nan	nan	nan	nan	nan	nan	nan	nan	nan	nan	nan	nan	nan	nan	nan	nan	nan	nan	nan	nan	nan	nan	nan	nan	nan	nan	nan	nan	nan	nan	nan	nan	nan	nan	nan	nan	nan	nan	nan	nan	nan	nan	nan	nan	nan	nan	nan	nan	nan	nan	nan	nan	nan	nan	nan	nan	nan	nan	nan	nan	nan	nan	nan	nan	nan	nan	nan	nan	nan	nan	nan	nan	nan	nan	nan	nan	nan	nan	nan	nan	nan	nan	nan	nan	nan	nan	nan	nan	nan	nan	nan	nan	nan	nan	nan	nan	nan	nan	nan	nan	nan	nan	nan	nan	nan	nan	nan	nan	nan	nan	nan	nan	nan	nan	nan	nan	nan	nan	nan	nan	nan	nan	nan	nan	nan	nan	nan	nan	nan	nan	nan	nan	nan	nan	single_step	3.592617748138273e-04	typeI_mH125-220/async_mcmc_20260903_212216.md
2.127110000000000e+02	2.412980000000000e+02	2.426450000000000e+02	5.573840000000000e+03	9.967930000000000e-01	6.698130000000000e+00	4.935527989135255e-28	-2.730666638088646e+01	success	0	0	0	true	2.517604338387223e-01	true	1.783907192650103e+01	true	3.297268780000000e-04	3.485452250000000e-09	1.028956320296082e+00	1.494485172488128e-02	true	2.267356888335068e-01	8.035989835225946e+01	2.494426446795063e+00	2.315103606749945e-01	true	true	7.763116621992980e-01	1.717235905727283e-01	6.368504717043216e-01	3.377551489713857e-02	3.905353304473863e+00	1.748981052184055e-01	6.805412421781462e-01	5.494768631668407e-02	CMS:2012qwq	ATLAS:2020tlo	CMS:2019qcx	CMS:2020imj	LHC8 [vbfH;HW;Htt;H;HZ]>[bb;tautau;WW;ZZ;gamgam]	LHC13 [ggH>ZZ]	LHC13 [ggH]->X1->Z(X2->[bb])	LHC13 [Hpmtb>tb]	4.102374027077303e+00	true	all checks passed	1	5.892306182176148e+00	2.522102100300749e-01	1.087621203229128e+00	-3.529977799667612e-01	-3.314540156399713e-01	5.573840000000000e+03	6.698130000000000e+00	6533.0306289392565	-402.06908584940459	5.6664870687371467	0.10535231639431193	-0.021972056874127198	0.019528844006198982	0	-0.00080204986844604228	0	0	0	success	non_bfb	success	success	399.78399999999999	success	176.4356840867311	-1.4489393514354921e-09	8.2123093536140774e-08	2.9423122905553928e-08	2.9381013466423594e-10	-4.2965713884671379e-10	5.4917242662819126	17.406347011626568	1.1309580026646547e-08	success	success	176.42783856444436	-1.4489393514354921e-09	8.2123093536140774e-08	2.9423122905553928e-08	2.9381013466423594e-10	1.5021852164384915e-08	5.6642899944484446	17.959744791039203	-7.752949374777012e-09	success	176.42808591524351	-1.4489393514354921e-09	8.2123093536140774e-08	2.9423122905553928e-08	2.9381013466423594e-10	8.1885956250024008e-09	5.659366149665086	17.943943073611511	1.066302426849366e-09	success	176.42578439530106	-1.4489393514354921e-09	8.2123093536140774e-08	2.9423122905553928e-08	2.9381013466423594e-10	-7.3638237816506648e-09	5.7063837442121166	18.094841869540105	8.7317514149725136e-09	success	176.42563217198551	-1.4489393514354921e-09	8.2123093536140774e-08	2.9423122905553928e-08	2.9381013466423594e-10	1.2378782217965118e-08	5.7094498367787461	18.10468404465345	7.6162077180806017e-09	success	176.42578437591459	176.42578437591459	0.94999999999999996	2.0299518164198167e-05	2928983.5685230233	0	3.2377236769050321e-05	0.10000000000000001	0.57763853853902503	0.57762628154528528	9.5040029949812688	0	4.265681347396213	27.206520487288532	1.4867811463422582e-32	5.7995329852188758e-05	46.922494821358349	2.0700152649383387e-40	0	4.9219748514271907e-28	2.598756380703739e-30	4.935527989135255e-28	0-(0)->1	nan	nan	nan	nan	nan	nan	nan	nan	nan	nan	nan	nan	nan	nan	nan	nan	nan	nan	nan	nan	nan	nan	nan	nan	nan	nan	nan	nan	nan	nan	nan	nan	nan	nan	nan	nan	nan	nan	nan	nan	nan	nan	nan	nan	nan	nan	nan	nan	nan	nan	nan	nan	nan	nan	nan	nan	nan	nan	nan	nan	nan	nan	nan	nan	nan	nan	nan	nan	nan	nan	nan	nan	nan	nan	nan	nan	nan	nan	nan	nan	nan	nan	nan	nan	nan	nan	nan	nan	nan	nan	nan	nan	nan	nan	nan	nan	nan	nan	nan	nan	nan	nan	nan	nan	nan	nan	nan	nan	nan	nan	nan	nan	nan	nan	nan	nan	nan	nan	nan	nan	nan	nan	nan	nan	nan	nan	nan	nan	nan	nan	nan	nan	nan	nan	nan	nan	nan	nan	nan	nan	nan	nan	nan	nan	nan	nan	nan	nan	single_step	4.935527989135255e-28	typeI_mH125-220/random_20260823_003832.md
2.005450000000000e+02	2.747130000000000e+02	2.821310000000000e+02	2.465210000000000e+03	9.947920000000000e-01	1.603330000000000e+01	1.462928527378423e-23	-2.283477689118391e+01	success	0	0	0	true	2.568374489539715e-01	true	9.882001133327998e+00	true	3.320183910000000e-04	3.455148570000000e-09	7.988228371991173e-01	3.151934963721972e-04	true	3.233899233933563e-01	8.036587367412980e+01	2.494768774242372e+00	2.314695043655694e-01	true	true	7.642235870379646e-01	5.915851477293503e-02	9.153145080056452e-02	6.305309703546428e-03	1.250289480974153e+00	4.199218489028772e-02	1.247132919035209e-01	4.563718707715429e-03	ATLAS:2014vuz	CMS:2018amk	CMS:2019qcx	ATLAS:2021upq	LHC8 [HW;HZ]>[bb]	LHC13 [vbfH;H]>[ZZ]	LHC13 [ggH]->X1->Z(X2->[bb])	LHC13 [Hpmtb>tb]	5.121430514674188e+00	true	all checks passed	1	2.788441753579109e+00	2.572962953573793e-01	2.235111417436601e+00	-7.278961405064184e-01	-5.913812091824719e-01	2.465210000000000e+03	1.603330000000000e+01	4474.5317670134255	641.3432107251889	14.705805910560377	-1.7316485325435453	-0.031974809825971721	-0.0002248219881062741	0	0.00048792562349214209	0	0	0	success	ew_sym_res	success	success	207.84200000000001	success	156.65717869382206	6.9765019517116973e-10	8.1303371096942093e-08	1.2681501710972849e-08	6.9765019517230224e-10	1.7946393566994991e-08	4.2260614209588621	31.391296163391939	1.8556687209009904e-08	success	success	156.63814689618289	6.9765019517116973e-10	8.1303371096942093e-08	1.2681501710972849e-08	6.9765019517230224e-10	-1.2936232025807996e-08	4.4413902881952447	33.040092006106818	1.4991570552380805e-08	success	156.63881134975168	6.9765019517116973e-10	8.1303371096942093e-08	1.2681501710972849e-08	6.9765019517230224e-10	-5.5640867942391045e-09	4.4345875438242199	32.987881344635383	5.8131465159648445e-08	success	156.63354027849223	6.9765019517116973e-10	8.1303371096942093e-08	1.2681501710972849e-08	6.9765019517230224e-10	-2.9997942123879935e-09	4.4878277879364976	33.39671007419237	-3.2475912779738712e-08	success	156.63317519870736	6.9765019517116973e-10	8.1303371096942093e-08	1.2681501710972849e-08	6.9765019517230224e-10	1.2319187302650582e-08	4.4914221292030394	33.424328844299232	1.4160340538263962e-08	success	156.63354027849223	156.63354027849223	0.94999999999999996	0.00010418732732659557	1081984.1388204226	0	0.00016576532379516804	0.10000000000000001	0.57740190436329641	0.57733944661238823	3.1158903496748507	0	1.3969544861787644	8.9029194920549823	1.5491364809648613e-29	9.7355432687441586e-05	15.366499347966409	1.0503270618421413e-36	0	1.4608316854228923e-23	4.0264501821270661e-26	1.462928527378423e-23	0-(0)->1	nan	nan	nan	nan	nan	nan	nan	nan	nan	nan	nan	nan	nan	nan	nan	nan	nan	nan	nan	nan	nan	nan	nan	nan	nan	nan	nan	nan	nan	nan	nan	nan	nan	nan	nan	nan	nan	nan	nan	nan	nan	nan	nan	nan	nan	nan	nan	nan	nan	nan	nan	nan	nan	nan	nan	nan	nan	nan	nan	nan	nan	nan	nan	nan	nan	nan	nan	nan	nan	nan	nan	nan	nan	nan	nan	nan	nan	nan	nan	nan	nan	nan	nan	nan	nan	nan	nan	nan	nan	nan	nan	nan	nan	nan	nan	nan	nan	nan	nan	nan	nan	nan	nan	nan	nan	nan	nan	nan	nan	nan	nan	nan	nan	nan	nan	nan	nan	nan	nan	nan	nan	nan	nan	nan	nan	nan	nan	nan	nan	nan	nan	nan	nan	nan	nan	nan	nan	nan	nan	nan	nan	nan	nan	nan	nan	nan	nan	nan	single_step	1.462928527378423e-23	typeI_mH125-220/random_20260822_000930.md
1.556780000000000e+02	3.475680000000000e+02	3.546930000000000e+02	2.780890000000000e+03	9.970500000000000e-01	7.881570000000000e+00	1.750969928721877e-10	-9.756721312455843e+00	success	0	0	0	true	2.563225851961258e-01	true	1.047798501678193e+01	true	3.310288690000000e-04	3.467937360000000e-09	8.946303308009999e-01	3.825789343277170e-03	true	2.113968360156544e+00	8.037398140008541e+01	2.495162352478690e+00	2.314130443708516e-01	true	true	7.688738388837655e-01	2.196743098258552e-01	2.196743098258552e-01	1.753270681916028e-03	1.257897412821978e+00	2.573802102202170e-01	2.573802102202170e-01	1.256214716742334e-03	ATLAS:2014vuz	ATLAS:2020gxx	ATLAS:2020gxx	CMS:2020imj	LHC8 [HW;HZ]>[bb]	LHC13 [ggH]->X1->Z(X2->[bb])	LHC13 [ggH]->X1->Z(X2->[bb])	LHC13 [Hpmtb>tb]	5.823159848040177e+00	true	all checks passed	1	2.395689425591510e+00	2.567805117827992e-01	3.733631899973612e+00	-1.793577238294237e+00	-1.628212388502447e+00	2.780890000000000e+03	7.881570000000000e+00	8032.2406691961878	3028.4001630689504	116.37903469938675	-1.2155263732581099	-0.1144303940594955	-0.11327839800069252	0	-0.0014835459150380462	0	0	0	success	ew_sym_res	success	success	204.83000000000001	success	142.07455897783177	3.6019252431255933e-08	8.8138666878157516e-08	-4.132722274901916e-08	3.6018910161554109e-08	-7.1000897592969281e-09	21.911685975426693	141.99117640502979	5.7719419435399513e-10	success	success	140.72670862730678	3.6019252431255933e-08	8.8138666878157516e-08	-4.132722274901916e-08	3.6018910161554109e-08	-6.3636676881429994e-09	23.384755423949244	152.29657616935071	2.6758615807267116e-09	success	140.77769143169274	3.6019252431255933e-08	8.8138666878157516e-08	-4.132722274901916e-08	3.6018910161554109e-08	-2.9232466549437946e-11	23.339082187944424	151.96963170365814	-9.7243602490025689e-11	success	140.54929550712194	3.6019252431255933e-08	8.8138666878157516e-08	-4.132722274901916e-08	3.6018910161554109e-08	-2.4069995849880044e-09	23.53931007213842	153.40694190130455	1.7740311571053755e-10	success	140.5289737269398	3.6019252431255933e-08	8.8138666878157516e-08	-4.132722274901916e-08	3.6018910161554109e-08	-4.1527148951238531e-09	23.556597669277693	153.53153314584546	-2.7219847162753845e-09	success	140.54929550712194	140.54929550712194	0.94999999999999996	0.0026022362725182544	17542.395331131196	0	0.0040770380774395754	0.10000000000000001	0.57737979575539577	0.57598632825369267	0.045310422856490506	0	0.020174396618159909	0.12810812969593763	8.3393979030895123e-22	3.4803925675346127e-05	0.22191836279975896	1.522561174288637e-27	0	1.7509425712691061e-10	4.039725800145024e-15	1.7509699287218766e-10	0-(0)->1	nan	nan	nan	nan	nan	nan	nan	nan	nan	nan	nan	nan	nan	nan	nan	nan	nan	nan	nan	nan	nan	nan	nan	nan	nan	nan	nan	nan	nan	nan	nan	nan	nan	nan	nan	nan	nan	nan	nan	nan	nan	nan	nan	nan	nan	nan	nan	nan	nan	nan	nan	nan	nan	nan	nan	nan	nan	nan	nan	nan	nan	nan	nan	nan	nan	nan	nan	nan	nan	nan	nan	nan	nan	nan	nan	nan	nan	nan	nan	nan	nan	nan	nan	nan	nan	nan	nan	nan	nan	nan	nan	nan	nan	nan	nan	nan	nan	nan	nan	nan	nan	nan	nan	nan	nan	nan	nan	nan	nan	nan	nan	nan	nan	nan	nan	nan	nan	nan	nan	nan	nan	nan	nan	nan	nan	nan	nan	nan	nan	nan	nan	nan	nan	nan	nan	nan	nan	nan	nan	nan	nan	nan	nan	nan	nan	nan	nan	nan	single_step	1.750969928721877e-10	typeI_mH125-220/random_20260822_000930.md
1.946650000000000e+02	3.122280000000000e+02	2.814250000000000e+02	4.541620000000000e+03	9.960980000000000e-01	8.281010000000000e+00	3.698277408721385e-23	-2.243200051541635e+01	success	0	0	0	true	2.526926476571444e-01	true	4.227381589801657e+00	true	3.308653890000000e-04	3.470248120000000e-09	9.109809310839967e-01	4.874986486734894e-03	true	7.791021488963594e+00	8.033878671045021e+01	2.493250045306247e+00	2.316188946900607e-01	true	true	7.676887446883464e-01	4.830363336888622e-02	6.049835148575267e-02	3.281963266358244e-02	1.255958568180662e+00	3.036972713202847e-02	3.991870154224689e-02	2.387272369770355e-02	ATLAS:2014vuz	CMS:2018amk	CMS:2019qcx	ATLAS:2021upq	LHC8 [HW;HZ]>[bb]	LHC13 [vbfH>ZZ]	LHC13 [ggH]->X1->Z(X2->[bb])	LHC13 [Hpmtb>tb]	4.771636712098740e+00	true	all checks passed	1	3.020705820205045e-01	2.531440892713532e-01	1.888677326137417e+00	-3.760344156539103e-01	-9.803801542684917e-01	4.541620000000000e+03	8.281010000000000e+00	1246.9355366571226	569.19291482849587	-36.0394068552202	0.051886207922281498	-0.036883732815173501	0.0033137318514364906	0	-0.012275928348882635	0	0	0	success	ew_sym_res	success	success	222.95699999999999	success	145.46021399271245	3.1808555343429367e-09	7.6331172160542825e-09	-1.9805865660349849e-09	3.1808963106520602e-09	9.0158195900504035e-09	5.4940695133895936	31.016288114014689	-4.4718251683383212e-09	success	success	145.44410914416375	3.1808555343429367e-09	7.6331172160542825e-09	-1.9805865660349849e-09	3.1808963106520602e-09	-2.1734198251149509e-09	5.7925601956122801	32.722584649004702	6.6371485452435017e-09	success	145.44469299540413	3.1808555343429367e-09	7.6331172160542825e-09	-1.9805865660349849e-09	3.1808963106520602e-09	-1.4203383802310972e-08	5.7827835530624716	32.666639931793533	1.6050325569551879e-09	success	145.44018049490123	3.1808555343429367e-09	7.6331172160542825e-09	-1.9805865660349849e-09	3.1808963106520602e-09	3.0911587361498809e-09	5.8572161671931813	33.092662074869089	-4.5854835017884485e-10	success	145.43986893205297	3.1808555343429367e-09	7.6331172160542825e-09	-1.9805865660349849e-09	3.1808963106520602e-09	6.8670992139522239e-09	5.8621774824947295	33.121067173493955	-9.7484408887718774e-09	success	145.44018049490123	145.44018049490123	0.94999999999999996	0.00015078775326140544	1177712.7021556154	0	0.00023894406653640586	0.10000000000000001	0.5769385177876204	0.57685327478395698	3.1482468771528791	0	1.4113530178043141	8.9829635121266023	4.0304616059568232e-29	0.00014206279062267221	15.524883195847456	3.8608598830231889e-36	0	3.6906419301947486e-23	1.4649637825691727e-25	3.6982774087213849e-23	0-(0)->1	nan	nan	nan	nan	nan	nan	nan	nan	nan	nan	nan	nan	nan	nan	nan	nan	nan	nan	nan	nan	nan	nan	nan	nan	nan	nan	nan	nan	nan	nan	nan	nan	nan	nan	nan	nan	nan	nan	nan	nan	nan	nan	nan	nan	nan	nan	nan	nan	nan	nan	nan	nan	nan	nan	nan	nan	nan	nan	nan	nan	nan	nan	nan	nan	nan	nan	nan	nan	nan	nan	nan	nan	nan	nan	nan	nan	nan	nan	nan	nan	nan	nan	nan	nan	nan	nan	nan	nan	nan	nan	nan	nan	nan	nan	nan	nan	nan	nan	nan	nan	nan	nan	nan	nan	nan	nan	nan	nan	nan	nan	nan	nan	nan	nan	nan	nan	nan	nan	nan	nan	nan	nan	nan	nan	nan	nan	nan	nan	nan	nan	nan	nan	nan	nan	nan	nan	nan	nan	nan	nan	nan	nan	nan	nan	nan	nan	nan	nan	single_step	3.698277408721385e-23	typeI_mH125-220/random_20260822_062750.md
3.203980000000000e+02	2.033740000000000e+02	3.278250000000000e+02	1.409150000000000e+04	9.983630000000000e-01	6.558410000000000e+00	9.964654388021650e-28	-2.700153775968081e+01	success	0	0	0	true	1.891756263273132e-01	true	2.066077640161551e+01	true	3.302490580000000e-04	3.478187650000000e-09	9.739551963638917e-01	9.447605380767056e-03	true	9.023995351445054e-01	8.036964653685934e+01	2.494938099208922e+00	2.314449169781204e-01	true	true	7.704175355694951e-01	1.719776017146991e-01	3.176251021022719e-01	1.565515153806801e-02	1.260422940377943e+00	2.158217359480425e-01	2.255543486660833e-01	9.688598372065049e-03	ATLAS:2014vuz	ATLAS:2020gxx	CMS:2022goy	ATLAS:2021upq	LHC8 [HW;HZ]>[bb]	LHC13 [ggH]->X1->Z(X2->[bb])	2d likelihood {LHC13 [ggH>tautau]; LHC13 [bbH>tautau]}	LHC13 [Hpmtb>tb]	2.205386411517338e+00	true	all checks passed	1	6.886678635666348e+00	2.408561737774572e-01	1.086427463152268e+00	-1.305622109353286e+00	8.791966740758901e-01	1.409150000000000e+04	6.558410000000000e+00	8094.3587238428336	-725.01121838515064	-4.0085184814827279	-0.18337139029187896	-0.02582968850251097	-0.036204017557022621	0	-0.020183413758729101	0	0	0	success	non_bfb	success	success	144.70699999999999	success	172.86491353435517	0	0	0	0	6.0520120217396787e-09	4.2777737267864229	18.360228431592777	4.2307236528152418e-09	success	success	172.85728709652437	0	0	0	0	1.4247848161016203e-09	4.4185696049500036	18.967431796894488	-4.7325416520790816e-10	success	172.85753160553719	0	0	0	0	2.4361121480441112e-09	4.4142976888437753	18.949003754212185	-9.3858016136019426e-10	success	172.85529302230105	0	0	0	0	1.8140633199037478e-09	4.4525485778749472	19.114021354547681	-1.0347017696066545e-08	success	172.85514484892337	0	0	0	0	-3.4545841026640364e-09	4.4550445945114951	19.124790222455267	-4.7543783373473624e-09	success	172.85529291442327	172.85529291442327	0.94999999999999996	2.5179416287716837e-05	2945913.6738507729	0	4.034928320245561e-05	0.10000000000000001	0.57822026717898045	0.57820554601119767	9.3651048980513139	0	4.2062618705261441	26.869340936431687	2.8812849220630586e-32	7.1101349906305057e-05	46.268880575787584	4.8832246977398088e-40	0	9.9322083658427234e-28	6.2171416589691185e-30	9.9646543880216502e-28	0-(0)->1	nan	nan	nan	nan	nan	nan	nan	nan	nan	nan	nan	nan	nan	nan	nan	nan	nan	nan	nan	nan	nan	nan	nan	nan	nan	nan	nan	nan	nan	nan	nan	nan	nan	nan	nan	nan	nan	nan	nan	nan	nan	nan	nan	nan	nan	nan	nan	nan	nan	nan	nan	nan	nan	nan	nan	nan	nan	nan	nan	nan	nan	nan	nan	nan	nan	nan	nan	nan	nan	nan	nan	nan	nan	nan	nan	nan	nan	nan	nan	nan	nan	nan	nan	nan	nan	nan	nan	nan	nan	nan	nan	nan	nan	nan	nan	nan	nan	nan	nan	nan	nan	nan	nan	nan	nan	nan	nan	nan	nan	nan	nan	nan	nan	nan	nan	nan	nan	nan	nan	nan	nan	nan	nan	nan	nan	nan	nan	nan	nan	nan	nan	nan	nan	nan	nan	nan	nan	nan	nan	nan	nan	nan	nan	nan	nan	nan	nan	nan	single_step	9.964654388021650e-28	typeI_mH220-500/random_20260902_194953.md
1.465270000000000e+02	2.578610000000000e+02	2.363580000000000e+02	2.099270000000000e+03	9.954360000000000e-01	7.577450000000000e+00	1.587665200188578e-26	-2.579924107435250e+01	success	0	0	0	true	2.576996098379519e-01	true	1.649683974260195e+01	true	3.302746970000000e-04	3.478229650000000e-09	9.712935524703867e-01	9.475780488971677e-03	true	4.011496118978298e+00	8.034557594326098e+01	2.493602705337401e+00	2.315779232548944e-01	true	true	7.673679690316345e-01	6.246959797095469e-01	9.468382529766653e-02	1.286249504400091e-02	1.255433770940506e+00	5.274913123447276e-01	9.661630329559077e-02	1.880981070160594e-02	ATLAS:2014vuz	CMS:2015mca	ATLAS:2020gxx	CMS:2020imj	LHC8 [HW;HZ]>[bb]	2d likelihood {LHC8 [ggH>tautau]; LHC8 [bbH>tautau]}	LHC13 [ggH]->X1->Z(X2->[bb])	LHC13 [Hpmtb>tb]	6.161469373043104e+00	true	all checks passed	1	5.363000268019827e+00	2.581599965129296e-01	1.552342911682593e+00	-4.801004328876117e-01	-8.313196528294450e-01	2.099270000000000e+03	7.577450000000000e+00	5669.3702038057381	-88.07920034419449	54.407803248776801	0.15310289522762738	-0.021939326906873516	0.041000464910312	0	-0.011397795740126887	0	0	0	success	non_bfb	success	success	193.48699999999999	success	173.66295940281682	6.0184449210897548e-09	5.4330216099183297e-08	4.3782947870483248e-08	4.9398987999902747e-09	1.742402622716875e-08	7.8446142174069768	20.815295164864192	-9.3103918505452497e-10	success	success	173.65018974714766	6.0184449210897548e-09	5.4330216099183297e-08	4.3782947870483248e-08	4.9398987999902747e-09	-1.3726865015164424e-08	8.1328662677945562	21.607984369875496	-1.7675646062624943e-08	success	173.65060084793635	6.0184449210897548e-09	5.4330216099183297e-08	4.3782947870483248e-08	4.9398987999902747e-09	-1.6547663201173735e-08	8.1241861916163032	21.584061100127723	-6.31132444394445e-09	success	173.64698841574159	6.0184449210897548e-09	5.4330216099183297e-08	4.3782947870483248e-08	4.9398987999902747e-09	-2.9019490899945971e-08	8.1992500944588311	21.791058592629486	-1.2166050973145195e-08	success	173.64674426372966	6.0184449210897548e-09	5.4330216099183297e-08	4.3782947870483248e-08	4.9398987999902747e-09	1.2859968591692593e-08	8.2040277047362462	21.80424695584912	-1.3483414806634719e-08	success	173.64698841574159	173.64698841574159	0.94999999999999996	2.8216689733612224e-05	1793869.1343960366	0	4.4946746470125451e-05	0.10000000000000001	0.57748550216713967	0.57746850655427373	5.7289136997518026	0	2.5687029137236372	16.376251477869854	1.0453718538424971e-31	4.8512781781086467e-05	28.255732050960006	2.0591299557332815e-39	0	1.5854302181657423e-26	4.2928956564348641e-29	1.5876652001885782e-26	0-(0)->1	nan	nan	nan	nan	nan	nan	nan	nan	nan	nan	nan	nan	nan	nan	nan	nan	nan	nan	nan	nan	nan	nan	nan	nan	nan	nan	nan	nan	nan	nan	nan	nan	nan	nan	nan	nan	nan	nan	nan	nan	nan	nan	nan	nan	nan	nan	nan	nan	nan	nan	nan	nan	nan	nan	nan	nan	nan	nan	nan	nan	nan	nan	nan	nan	nan	nan	nan	nan	nan	nan	nan	nan	nan	nan	nan	nan	nan	nan	nan	nan	nan	nan	nan	nan	nan	nan	nan	nan	nan	nan	nan	nan	nan	nan	nan	nan	nan	nan	nan	nan	nan	nan	nan	nan	nan	nan	nan	nan	nan	nan	nan	nan	nan	nan	nan	nan	nan	nan	nan	nan	nan	nan	nan	nan	nan	nan	nan	nan	nan	nan	nan	nan	nan	nan	nan	nan	nan	nan	nan	nan	nan	nan	nan	nan	nan	nan	nan	nan	single_step	1.587665200188578e-26	typeI_mH125-220/random_20260823_112743.md
2.090850000000000e+02	4.601540000000000e+02	2.048160000000000e+02	5.602170000000000e+03	9.916130000000000e-01	7.198090000000000e+00	6.343149684423500e-12	-1.119769504008415e+01	success	0	0	0	true	2.496580765423053e-01	true	1.469487980579461e+01	true	3.297730220000000e-04	3.485223760000000e-09	1.024035132998571e+00	1.475283315740310e-02	true	9.630020484695259e-01	8.035575920498150e+01	2.494428538291928e+00	2.315921242330512e-01	true	true	7.632428331596260e-01	3.177831479822099e-01	1.901447521965066e-02	3.592223813769771e-02	1.248684942357039e+00	2.141964904484040e-01	1.858558998513410e-02	4.312528976684616e-02	ATLAS:2014vuz	ATLAS:2020tlo	ATLAS:2022enb	ATLAS:2021upq	LHC8 [HW;HZ]>[bb]	LHC13 [vbfH>ZZ]	LHC13 [H]->X1->Z(X2->[bb])	LHC13 [Hpmtb>tb]	4.674667126935361e+00	true	all checks passed	1	2.958126382964758e+00	2.501040968207721e-01	6.784507382779970e-01	2.791753015530582e+00	-2.819725266576629e+00	5.602170000000000e+03	7.198090000000000e+00	3218.1537694480357	2875.2634265447305	-559.42018555814855	3.6052229528768631	-0.17595145516743449	-0.11978495032523977	0	-0.14499849369823439	0	0	0	success	ew_sym_res	success	success	203.63399999999999	success	144.4006239174729	1.3568191484729646e-09	2.5683515345555609e-08	1.7712221265480376e-08	1.3568191484736628e-09	4.9183769848604565e-09	24.389014933883352	120.6151454190332	-8.5239430905867152e-10	success	success	143.57994821946241	1.3568191484729646e-09	2.5683515345555609e-08	1.7712221265480376e-08	1.3568191484736628e-09	-1.0164501797904194e-09	25.725594481693673	129.7408924590427	1.8294893344912112e-09	success	143.61082529493345	1.3568191484729646e-09	2.5683515345555609e-08	1.7712221265480376e-08	1.3568191484736628e-09	-6.6706189249328018e-09	25.684359632222666	129.44924118890373	-1.0778045189285586e-09	success	143.46119601847747	1.3568191484729646e-09	2.5683515345555609e-08	1.7712221265480376e-08	1.3568191484736628e-09	1.1741807265154765e-08	25.87960231288907	130.83633021219629	-2.6563864908730044e-09	success	143.44837354707522	1.3568191484729646e-09	2.5683515345555609e-08	1.7712221265480376e-08	1.3568191484736628e-09	7.0658865152128908e-10	25.895817420680533	130.95223688516586	6.0725861716307054e-10	success	143.46119575428685	143.46119575428685	0.94999999999999996	0.0018332143229044676	28355.109887050516	0	0.002885793612216333	0.10000000000000001	0.57740545238248142	0.57640323716142461	0.074762727013299557	0	0.03332355715736434	0.21184190046886681	1.1415646367884618e-22	4.0610577157325993e-05	0.36655912873100777	1.4478554834730895e-28	0	6.3430070810107071e-12	2.3264048230698593e-16	6.3431496844234999e-12	0-(0)->1	nan	nan	nan	nan	nan	nan	nan	nan	nan	nan	nan	nan	nan	nan	nan	nan	nan	nan	nan	nan	nan	nan	nan	nan	nan	nan	nan	nan	nan	nan	nan	nan	nan	nan	nan	nan	nan	nan	nan	nan	nan	nan	nan	nan	nan	nan	nan	nan	nan	nan	nan	nan	nan	nan	nan	nan	nan	nan	nan	nan	nan	nan	nan	nan	nan	nan	nan	nan	nan	nan	nan	nan	nan	nan	nan	nan	nan	nan	nan	nan	nan	nan	nan	nan	nan	nan	nan	nan	nan	nan	nan	nan	nan	nan	nan	nan	nan	nan	nan	nan	nan	nan	nan	nan	nan	nan	nan	nan	nan	nan	nan	nan	nan	nan	nan	nan	nan	nan	nan	nan	nan	nan	nan	nan	nan	nan	nan	nan	nan	nan	nan	nan	nan	nan	nan	nan	nan	nan	nan	nan	nan	nan	nan	nan	nan	nan	nan	nan	single_step	6.343149684423500e-12	typeI_mH125-220/random_20260823_112743.md
2.128110000000000e+02	4.030800000000000e+02	2.143320000000000e+02	7.552990000000000e+03	9.947549999999999e-01	5.686380000000000e+00	3.479983364639018e-20	-1.945842283210593e+01	success	0	0	0	true	2.457017539868703e-01	true	1.021912709860620e+01	true	3.283101360000000e-04	3.504624680000000e-09	1.185790782101099e+00	3.547985333058757e-02	true	2.837467525718662e+00	8.034888580039875e+01	2.493959967800743e+00	2.316135888551130e-01	true	true	7.680555052788791e-01	1.909642222537898e-01	3.886876623624075e-02	7.791617333714480e-02	1.256558597957492e+00	1.954364595920317e-01	3.259684861846926e-02	7.314555396126733e-02	ATLAS:2014vuz	ATLAS:2020tlo	ATLAS:2022enb	ATLAS:2021upq	LHC8 [HW;HZ]>[bb]	LHC13 [ggH>ZZ]	LHC13 [H]->X1->Z(X2->[bb])	LHC13 [Hpmtb>tb]	3.943217828300476e+00	true	all checks passed	1	1.204962828106926e+00	2.461407061980334e-01	5.814717301557019e-01	1.898250132774248e+00	-1.953137274721291e+00	7.552990000000000e+03	5.686380000000000e+00	-358.85646980441379	980.37505487706278	-612.83188637260866	1.9015763771349152	-0.081432230296536665	0.00032212438875223615	0	-0.12080081923102792	0	0	0	success	ew_sym_res	success	success	243.946	success	147.02491477200903	-4.0399626618861526e-09	7.5667101230828291e-08	2.717246058533447e-08	-4.0392688817807997e-09	6.0659898224077963e-09	11.323705979373036	46.679462641992409	-1.5057197471702056e-09	success	success	146.98252521525922	-4.0399626618861526e-09	7.5667101230828291e-08	2.717246058533447e-08	-4.0392688817807997e-09	-4.3849707812128413e-09	12.068469847823549	49.836647048455056	-3.7976539906399592e-10	success	146.98409768147275	-4.0399626618861526e-09	7.5667101230828291e-08	2.717246058533447e-08	-4.0392688817807997e-09	-3.4321070651838993e-10	12.044177814051988	49.733388203121343	-9.3089610926916732e-10	success	146.97307507132507	-4.0399626618861526e-09	7.5667101230828291e-08	2.717246058533447e-08	-4.0392688817807997e-09	1.6855501140092151e-09	12.210220600413942	50.439582354201512	6.8914957115796413e-10	success	146.97227908705366	-4.0399626618861526e-09	7.5667101230828291e-08	2.717246058533447e-08	-4.0392688817807997e-09	-3.1934771837821463e-09	12.221851647158593	50.489084713636593	-4.0364454148482041e-09	success	146.97307491479594	146.97307491479594	0.94999999999999996	0.00031945598613691378	466215.10773960041	0	0.00050606477096968195	0.10000000000000001	0.57703182003769038	0.5768518621265567	1.2594721934289663	0	0.56412932890179457	3.590550293985844	2.4297474135114171e-27	0.00012027189530345521	6.2054226179197398	4.9666997610418359e-34	0	3.4775264204793441e-20	4.7148572611798432e-23	3.4799833646390183e-20	0-(0)->1	nan	nan	nan	nan	nan	nan	nan	nan	nan	nan	nan	nan	nan	nan	nan	nan	nan	nan	nan	nan	nan	nan	nan	nan	nan	nan	nan	nan	nan	nan	nan	nan	nan	nan	nan	nan	nan	nan	nan	nan	nan	nan	nan	nan	nan	nan	nan	nan	nan	nan	nan	nan	nan	nan	nan	nan	nan	nan	nan	nan	nan	nan	nan	nan	nan	nan	nan	nan	nan	nan	nan	nan	nan	nan	nan	nan	nan	nan	nan	nan	nan	nan	nan	nan	nan	nan	nan	nan	nan	nan	nan	nan	nan	nan	nan	nan	nan	nan	nan	nan	nan	nan	nan	nan	nan	nan	nan	nan	nan	nan	nan	nan	nan	nan	nan	nan	nan	nan	nan	nan	nan	nan	nan	nan	nan	nan	nan	nan	nan	nan	nan	nan	nan	nan	nan	nan	nan	nan	nan	nan	nan	nan	nan	nan	nan	nan	nan	nan	single_step	3.479983364639018e-20	typeI_mH125-220/random_20260824_004325.md
2.171820000000000e+02	3.743630000000000e+02	3.603730000000000e+02	4.775830000000000e+03	9.959000000000000e-01	9.273730000000000e+00	1.105854592514087e-16	-1.595630197413468e+01	success	0	0	0	true	2.522881948199029e-01	true	1.468085883026468e+01	true	3.314349680000000e-04	3.462652570000000e-09	8.546547068172429e-01	1.903537783649235e-03	true	4.054224848953406e+00	8.034546554123980e+01	2.493605031125710e+00	2.315758163040774e-01	true	true	7.670906068115296e-01	1.367549574921474e-01	4.501758473944666e-02	2.241241402546442e-03	1.254979999201321e+00	1.005166395646963e-01	4.562732549085916e-02	1.636040699458604e-03	ATLAS:2014vuz	ATLAS:2020tlo	ATLAS:2022enb	CMS:2020imj	LHC8 [HW;HZ]>[bb]	LHC13 [vbfH>ZZ]	LHC13 [H]->X1->Z(X2->[bb])	LHC13 [Hpmtb>tb]	5.211976966720414e+00	true	all checks passed	1	4.125147923063889e+00	2.527389138691958e-01	3.469375698951549e+00	-1.235788878014849e+00	-1.575499256757661e+00	4.775830000000000e+03	9.273730000000000e+00	9423.0101212670597	2946.752986677669	-30.255539643246006	-0.055873950129834378	-0.11791541171127809	-0.18778259747711334	0	0.0099214547277073455	0	0	0	success	non_bfb	success	success	253.13200000000001	success	168.28393024657828	0	0	0	0	5.8436885108160293e-09	14.211530643083304	83.849861206883702	4.078880763994334e-09	success	success	168.0559525161444	0	0	0	0	6.5436988615087397e-09	15.170326835927879	90.068587032513506	-7.9730428759669391e-09	success	168.06403353635065	0	0	0	0	-1.0789211139576047e-08	15.141668609423123	89.880491293419681	-7.5298486834920789e-09	success	168.0134511973111	0	0	0	0	-1.4687420601123782e-08	15.316461873854239	91.030000761016382	-1.0353745392922788e-08	success	168.00948586777139	0	0	0	0	8.4696352527933255e-09	15.329723705775077	91.117439487826161	1.143247410589586e-08	success	168.0134511973111	168.0134511973111	0.94999999999999996	0.00047790519526214108	107198.65587139486	0	0.00075953579567545725	0.10000000000000001	0.57757639995256438	0.5772874113364399	0.33121660650761109	0	0.14796859166346368	0.94288579428142316	1.4284130347750919e-25	4.7266892796520298e-05	1.6276545082981004	4.7545222203729565e-32	0	1.1057632378164229e-16	1.720738998979742e-20	1.105854592514087e-16	0-(0)->1	nan	nan	nan	nan	nan	nan	nan	nan	nan	nan	nan	nan	nan	nan	nan	nan	nan	nan	nan	nan	nan	nan	nan	nan	nan	nan	nan	nan	nan	nan	nan	nan	nan	nan	nan	nan	nan	nan	nan	nan	nan	nan	nan	nan	nan	nan	nan	nan	nan	nan	nan	nan	nan	nan	nan	nan	nan	nan	nan	nan	nan	nan	nan	nan	nan	nan	nan	nan	nan	nan	nan	nan	nan	nan	nan	nan	nan	nan	nan	nan	nan	nan	nan	nan	nan	nan	nan	nan	nan	nan	nan	nan	nan	nan	nan	nan	nan	nan	nan	nan	nan	nan	nan	nan	nan	nan	nan	nan	nan	nan	nan	nan	nan	nan	nan	nan	nan	nan	nan	nan	nan	nan	nan	nan	nan	nan	nan	nan	nan	nan	nan	nan	nan	nan	nan	nan	nan	nan	nan	nan	nan	nan	nan	nan	nan	nan	nan	nan	single_step	1.105854592514087e-16	typeI_mH125-220/random_20260824_004325.md
2.109470000000000e+02	4.265670000000000e+02	2.009300000000000e+02	7.891100000000000e+03	9.961780000000000e-01	4.872040000000000e+00	1.003678065978806e-16	-1.599840556666265e+01	success	0	0	0	true	2.472849646594802e-01	true	1.207790163715184e+01	true	3.265570590000000e-04	3.528839280000000e-09	1.395250971549814e+00	7.390763461258543e-02	true	3.705860629298116e-01	8.036670710301784e+01	2.494972692585026e+00	2.315307851097213e-01	true	true	7.702128789052056e-01	5.293226195744566e-01	3.560431159201713e-02	7.134373613208293e-02	1.260088116801554e+00	4.944082971027239e-01	2.276699443094038e-02	9.231717019547514e-02	ATLAS:2014vuz	ATLAS:2020tlo	ATLAS:2022enb	ATLAS:2021upq	LHC8 [HW;HZ]>[bb]	LHC13 [ggH>ZZ]	LHC13 [H]->X1->Z(X2->[bb])	LHC13 [Hpmtb>tb]	3.619937145466253e+00	true	all checks passed	1	2.318844822134349e+00	2.477267453153499e-01	3.961255719301307e-01	2.334574346342417e+00	-2.344734946704050e+00	7.891100000000000e+03	4.872040000000000e+00	663.80872993213688	1363.553954547891	-922.43424133769736	1.7986088422035391	-0.10925994063571556	-0.03295156643246392	0	-0.15762463074174943	0	0	0	success	ew_sym_res	success	success	247.393	success	146.87217886761243	1.4356582235658403e-08	-1.9082931672093089e-08	-4.9583542500334033e-09	1.3393264727698788e-08	3.8638460061835957e-09	19.054393259481039	71.99810729399853	9.0673027731156978e-10	success	success	146.73373408833714	1.4356582235658403e-08	-1.9082931672093089e-08	-4.9583542500334033e-09	1.3393264727698788e-08	6.4089011531400293e-09	20.377608677443202	77.257220313264781	-4.6167118054499581e-10	success	146.73892731973649	1.4356582235658403e-08	-1.9082931672093089e-08	-4.9583542500334033e-09	1.3393264727698788e-08	8.2614432740358496e-10	20.335379955374144	77.088435521100493	-1.4931567199314794e-09	success	146.707173274436	1.4356582235658403e-08	-1.9082931672093089e-08	-4.9583542500334033e-09	1.3393264727698788e-08	1.9235395791695441e-09	20.587115982283141	78.095569123742024	1.0440287571305278e-09	success	146.70474105603427	1.4356582235658403e-08	-1.9082931672093089e-08	-4.9583542500334033e-09	1.3393264727698788e-08	-1.9918950467606443e-09	20.605790529288242	78.170374351582396	1.7406794780163789e-09	success	146.70717314963002	146.70717314963002	0.94999999999999996	0.00071111997291935247	152610.47401029672	0	0.0011257334726446646	0.10000000000000001	0.57725504710380315	0.5768517513689263	0.41152555237985311	0	0.18390552021856885	1.1705149685720078	2.4663110469066884e-25	8.723201335656105e-05	2.0229607224042576	1.1408945153534768e-31	0	1.0035028120677416e-16	3.3222260458679004e-20	1.0036780659788064e-16	0-(0)->1	nan	nan	nan	nan	nan	nan	nan	nan	nan	nan	nan	nan	nan	nan	nan	nan	nan	nan	nan	nan	nan	nan	nan	nan	nan	nan	nan	nan	nan	nan	nan	nan	nan	nan	nan	nan	nan	nan	nan	nan	nan	nan	nan	nan	nan	nan	nan	nan	nan	nan	nan	nan	nan	nan	nan	nan	nan	nan	nan	nan	nan	nan	nan	nan	nan	nan	nan	nan	nan	nan	nan	nan	nan	nan	nan	nan	nan	nan	nan	nan	nan	nan	nan	nan	nan	nan	nan	nan	nan	nan	nan	nan	nan	nan	nan	nan	nan	nan	nan	nan	nan	nan	nan	nan	nan	nan	nan	nan	nan	nan	nan	nan	nan	nan	nan	nan	nan	nan	nan	nan	nan	nan	nan	nan	nan	nan	nan	nan	nan	nan	nan	nan	nan	nan	nan	nan	nan	nan	nan	nan	nan	nan	nan	nan	nan	nan	nan	nan	single_step	1.003678065978806e-16	typeI_mH125-220/random_20260825_210947.md
2.998130000000000e+02	2.963460000000000e+02	3.015200000000000e+02	1.217110000000000e+04	9.961520000000000e-01	7.278700000000000e+00	2.068620683035819e-27	-2.668431913735120e+01	success	0	0	0	true	2.374647753966365e-01	true	4.221692279564973e+00	true	3.305213190000000e-04	3.474696980000000e-09	9.458771509688708e-01	7.252566244000193e-03	true	3.364773633379727e-01	8.035862592784582e+01	2.494398035781207e+00	2.315228465662711e-01	true	true	7.681659171863313e-01	4.745929371663308e-02	7.682996087542669e-01	6.841451972363950e-02	1.256739234683188e+00	5.734664657426497e-02	8.202154653018029e-01	4.245360674760000e-02	ATLAS:2014vuz	ATLAS:2020tlo	CMS:2019qcx	ATLAS:2021upq	LHC8 [HW;HZ]>[bb]	LHC13 [ggH>ZZ]	LHC13 [ggH]->X1->Z(X2->[bb])	LHC13 [Hpmtb>tb]	2.812199377007914e+00	true	all checks passed	1	1.000363752724418e+00	2.378890120434749e-01	1.069892455964959e+00	-6.189653182045513e-02	4.033622262465002e-02	1.217110000000000e+04	7.278700000000000e+00	1183.8144216158514	-206.85539263329287	14.006908638834211	0.047321095598231964	-0.027570632851762995	0.0047200977686371673	0	-0.00072308098415012844	0	0	0	success	ew_sym_res	success	success	184.26599999999999	success	160.58280241824386	6.9655496559918289e-09	-1.5597425205161316e-08	2.6300281539192935e-09	6.9654041415489129e-09	-3.3738777695885535e-09	3.5562459704890279	18.259712327980594	2.4436323551176834e-09	success	success	160.57662115647074	6.9655496559918289e-09	-1.5597425205161316e-08	2.6300281539192935e-09	6.9654041415489129e-09	-6.5529086782900557e-09	3.67880619344733	18.891675214398539	2.1944677500073316e-09	success	160.57682618374318	6.9655496559918289e-09	-1.5597425205161316e-08	2.6300281539192935e-09	6.9654041415489129e-09	9.7046549689174195e-10	3.6749732742078529	18.871907097407846	1.4087552906701812e-09	success	160.57498672752021	6.9655496559918289e-09	-1.5597425205161316e-08	2.6300281539192935e-09	6.9654041415489129e-09	-6.8652692376350225e-10	3.7087364270646406	19.046048874732261	8.5881072371578026e-10	success	160.5748657490503	6.9655496559918289e-09	-1.5597425205161316e-08	2.6300281539192935e-09	6.9654041415489129e-09	-4.96318170791271e-09	3.7107572390303711	19.056472578590498	4.0058716510856374e-09	success	160.57498689838923	160.57498689838923	0.94999999999999996	3.6522704496052099e-05	3344603.3704507509	0	5.7807504816398065e-05	0.10000000000000001	0.57670439881614921	0.57668382776136351	9.8750330238582489	0	4.4310432691912096	28.18985232068113	6.950360485534901e-32	0.00010797367979301823	48.741475961103305	1.6398316233498021e-39	0	2.0582536054236612e-27	1.9818605659879319e-29	2.0686206830358192e-27	0-(0)->1	nan	nan	nan	nan	nan	nan	nan	nan	nan	nan	nan	nan	nan	nan	nan	nan	nan	nan	nan	nan	nan	nan	nan	nan	nan	nan	nan	nan	nan	nan	nan	nan	nan	nan	nan	nan	nan	nan	nan	nan	nan	nan	nan	nan	nan	nan	nan	nan	nan	nan	nan	nan	nan	nan	nan	nan	nan	nan	nan	nan	nan	nan	nan	nan	nan	nan	nan	nan	nan	nan	nan	nan	nan	nan	nan	nan	nan	nan	nan	nan	nan	nan	nan	nan	nan	nan	nan	nan	nan	nan	nan	nan	nan	nan	nan	nan	nan	nan	nan	nan	nan	nan	nan	nan	nan	nan	nan	nan	nan	nan	nan	nan	nan	nan	nan	nan	nan	nan	nan	nan	nan	nan	nan	nan	nan	nan	nan	nan	nan	nan	nan	nan	nan	nan	nan	nan	nan	nan	nan	nan	nan	nan	nan	nan	nan	nan	nan	nan	single_step	2.068620683035819e-27	typeI_mH220-500/random_20260826_184030.md
2.494320000000000e+02	2.513560000000000e+02	2.103960000000000e+02	9.241719999999999e+03	9.938620000000000e-01	6.565880000000000e+00	2.449405886013302e-27	-2.661093924286628e+01	success	0	0	0	true	2.412337869931107e-01	true	3.583489079486335e+00	true	3.292974340000000e-04	3.491525730000000e-09	1.075321625995450e+00	2.050399824058162e-02	true	4.770949651217606e-01	8.036794567131483e+01	2.494964546082638e+00	2.314928311654016e-01	true	true	7.662436113854458e-01	8.372531761227373e-02	5.995919743151940e-01	5.083413433804829e-02	1.253594292858796e+00	1.380037033980051e-01	7.271576706203043e-01	5.354103576706488e-02	ATLAS:2014vuz	ATLAS:2020tlo	CMS:2019qcx	ATLAS:2021upq	LHC8 [HW;HZ]>[bb]	LHC13 [vbfH>ZZ]	LHC13 [ggH]->X1->Z(X2->[bb])	LHC13 [Hpmtb>tb]	2.639693782337503e+00	true	all checks passed	1	1.064733986146397e+00	2.416647570716293e-01	2.288450532707519e-01	6.070204039292417e-01	-1.804939314921694e-02	9.241719999999999e+03	6.565880000000000e+00	705.01967005927202	-683.79334963270787	-10.380080217522911	0.39171686655714683	-0.022467736969884328	0.013750818737029595	0	-0.0092196456627269968	0	0	0	success	ew_sym_res	success	success	154.28100000000001	success	160.63848673159501	1.8179142341339063e-08	-7.944686935301465e-09	1.9119809992695215e-08	1.8179294616473704e-08	-7.0205022038421114e-09	4.093936402628116	18.2113733992338	6.5714286015434908e-09	success	success	160.63204050282152	1.8179142341339063e-08	-7.944686935301465e-09	1.9119809992695215e-08	1.8179294616473704e-08	-7.9578150905988041e-10	4.2348301104010941	18.841074168428307	-3.0123968451997132e-09	success	160.63225216673084	1.8179142341339063e-08	-7.944686935301465e-09	1.9119809992695215e-08	1.8179294616473704e-08	5.8172152292699812e-09	4.2304560703841796	18.821520397750096	3.3725368881348422e-10	success	160.63033936695393	1.8179142341339063e-08	-7.944686935301465e-09	1.9119809992695215e-08	1.8179294616473704e-08	-1.7307751566087246e-09	4.2692736194866567	18.995061913714135	5.0269830411079247e-09	success	160.63021201337574	1.8179142341339063e-08	-7.944686935301465e-09	1.9119809992695215e-08	1.8179294616473704e-08	-3.7737788843110409e-09	4.2716763396769002	19.005804747664623	-1.8362086232308019e-09	success	160.63033936695393	160.63033936695393	0.94999999999999996	3.5492051487158881e-05	3200931.5880175908	0	5.6232315252268917e-05	0.10000000000000001	0.57682647013660027	0.57680664584006802	9.4541074397446536	0	4.2080061491708163	26.779722877909968	7.0552126343247102e-32	9.9695018535975421e-05	46.288067640878978	1.6259178354004008e-39	0	2.43859046191016e-27	2.0691988957967687e-29	2.4494058860133024e-27	0-(0)->1	nan	nan	nan	nan	nan	nan	nan	nan	nan	nan	nan	nan	nan	nan	nan	nan	nan	nan	nan	nan	nan	nan	nan	nan	nan	nan	nan	nan	nan	nan	nan	nan	nan	nan	nan	nan	nan	nan	nan	nan	nan	nan	nan	nan	nan	nan	nan	nan	nan	nan	nan	nan	nan	nan	nan	nan	nan	nan	nan	nan	nan	nan	nan	nan	nan	nan	nan	nan	nan	nan	nan	nan	nan	nan	nan	nan	nan	nan	nan	nan	nan	nan	nan	nan	nan	nan	nan	nan	nan	nan	nan	nan	nan	nan	nan	nan	nan	nan	nan	nan	nan	nan	nan	nan	nan	nan	nan	nan	nan	nan	nan	nan	nan	nan	nan	nan	nan	nan	nan	nan	nan	nan	nan	nan	nan	nan	nan	nan	nan	nan	nan	nan	nan	nan	nan	nan	nan	nan	nan	nan	nan	nan	nan	nan	nan	nan	nan	nan	single_step	2.449405886013302e-27	typeI_mH220-500/random_20260828_001210.md
2.394270000000000e+02	2.571230000000000e+02	2.189160000000000e+02	8.041920000000000e+03	9.956990000000000e-01	6.142420000000000e+00	7.587498105675151e-28	-2.711990140434435e+01	success	0	0	0	true	2.457166103127990e-01	true	1.492820335278872e+01	true	3.243592130000000e-04	3.152157680000000e-09	1.681906880829282e+00	1.054816261390991e+00	true	1.131452268531165e-01	8.036246055263373e+01	2.494631419656956e+00	2.315163317826948e-01	true	true	7.787919925165242e-01	9.014376290966473e-02	6.991211967878654e-01	8.128898749891186e-02	3.917830981510330e+00	1.720926382820872e-01	8.293942058921262e-01	6.443296869407406e-02	CMS:2012qwq	ATLAS:2020tlo	CMS:2019qcx	ATLAS:2021upq	LHC8 [vbfH;HW;Htt;H;HZ]>[bb;tautau;WW;ZZ;gamgam]	LHC13 [ggH>ZZ]	LHC13 [ggH]->X1->Z(X2->[bb])	LHC13 [Hpmtb>tb]	3.093846289688486e+00	true	all checks passed	1	4.948664153943176e+00	2.461555890651528e-01	4.488118583984097e-01	3.465182794669669e-01	-2.545796805105596e-01	8.041920000000000e+03	6.142420000000000e+00	5055.0371456799548	-627.16480601398871	-51.78837519154397	0.33963340201095649	-0.022488349456160642	0.015269523189220051	0	-0.010271512483603182	0	0	0	success	non_bfb	success	success	196.58600000000001	success	169.93266893786162	0	0	0	0	1.1237468800187582e-08	4.7841218964353418	17.618231876210039	-2.5355669867520941e-09	success	success	169.92577101467293	0	0	0	0	-7.1688185748621893e-11	4.9393245430603843	18.193578992543667	6.0133474700639396e-09	success	169.92599255476591	0	0	0	0	4.2761808097287055e-09	4.9348133991360656	18.176849492834798	-4.4908776229231775e-11	success	169.9239516479488	0	0	0	0	-1.663365526876822e-09	4.9773559105769465	18.334626022002809	-8.5866731457662583e-11	success	169.92381765461431	0	0	0	0	5.644048562829858e-09	4.9801585395157959	18.345020972775298	-9.1518693962059405e-09	success	169.9239516479488	169.9239516479488	0.94999999999999996	2.5809089912457528e-05	3195622.4193110308	0	4.1145622504360051e-05	0.10000000000000001	0.57758506261434273	0.57756982880600349	9.986241368957625	0	4.4804175913391733	28.571776946308987	2.6454484724790201e-32	7.7429654058540056e-05	49.284593504730914	4.543968519213076e-40	0	7.5591355797791985e-28	5.4312167129008045e-30	7.5874981056751509e-28	0-(0)->1	nan	nan	nan	nan	nan	nan	nan	nan	nan	nan	nan	nan	nan	nan	nan	nan	nan	nan	nan	nan	nan	nan	nan	nan	nan	nan	nan	nan	nan	nan	nan	nan	nan	nan	nan	nan	nan	nan	nan	nan	nan	nan	nan	nan	nan	nan	nan	nan	nan	nan	nan	nan	nan	nan	nan	nan	nan	nan	nan	nan	nan	nan	nan	nan	nan	nan	nan	nan	nan	nan	nan	nan	nan	nan	nan	nan	nan	nan	nan	nan	nan	nan	nan	nan	nan	nan	nan	nan	nan	nan	nan	nan	nan	nan	nan	nan	nan	nan	nan	nan	nan	nan	nan	nan	nan	nan	nan	nan	nan	nan	nan	nan	nan	nan	nan	nan	nan	nan	nan	nan	nan	nan	nan	nan	nan	nan	nan	nan	nan	nan	nan	nan	nan	nan	nan	nan	nan	nan	nan	nan	nan	nan	nan	nan	nan	nan	nan	nan	single_step	7.587498105675151e-28	typeI_mH220-500/random_20260820_084408.md
2.094670000000000e+02	4.083070000000000e+02	2.153510000000000e+02	5.867630000000000e+03	9.906000000000000e-01	6.621160000000000e+00	4.282152763957253e-20	-1.936833784349645e+01	success	0	0	0	true	2.487400885815197e-01	true	1.223542360823869e+01	true	3.248088130000000e-04	3.146607640000000e-09	1.621090106562244e+00	1.094493746805821e+00	true	6.565310176297629e+00	8.034134628934099e+01	2.493556855693848e+00	2.316535710664864e-01	true	true	7.783577789398163e-01	3.548355797488087e-01	5.665034757905266e-02	5.871575362076469e-02	3.915646604398386e+00	2.393627854608601e-01	4.295221301947075e-02	5.328709201067024e-02	CMS:2012qwq	ATLAS:2020tlo	ATLAS:2022enb	ATLAS:2021upq	LHC8 [vbfH;HW;Htt;H;HZ]>[bb;tautau;WW;ZZ;gamgam]	LHC13 [vbfH>ZZ]	LHC13 [H]->X1->Z(X2->[bb])	LHC13 [Hpmtb>tb]	5.526498950014201e+00	true	all checks passed	1	3.720617423247057e+00	2.491844688519740e-01	8.359802244183820e-01	1.878828913935305e+00	-2.098253280790057e+00	5.867630000000000e+03	6.621160000000000e+00	4387.8949605438802	1481.7694388015168	-338.10038107854103	1.6507185520954788	-0.09409350278214379	-0.05855459253163843	0	-0.080464317401846355	0	0	0	success	ew_sym_res	success	success	264.48399999999998	success	158.43654433275822	9.5565376792654448e-09	1.9965293476575984e-07	4.3074088339430329e-08	1.0287438217801068e-08	6.589615261288899e-09	12.757214602025467	50.069473338600687	-4.091167767602658e-09	success	success	158.37787588128501	9.5565376792654448e-09	1.9965293476575984e-07	4.3074088339430329e-08	1.0287438217801068e-08	-4.9689597965023423e-11	13.56436565804133	53.414576234313621	-1.8064617792694966e-09	success	158.37998126778092	9.5565376792654448e-09	1.9965293476575984e-07	4.3074088339430329e-08	1.0287438217801068e-08	5.6714203715658534e-09	13.538961993595038	53.308735623590088	-6.6929105356072753e-09	success	158.3650959841604	9.5565376792654448e-09	1.9965293476575984e-07	4.3074088339430329e-08	1.0287438217801068e-08	-3.4872999059471096e-10	13.714256454641468	54.039843020971119	8.8113252166208524e-09	success	158.36400697130978	9.5565376792654448e-09	1.9965293476575984e-07	4.3074088339430329e-08	1.0287438217801068e-08	-3.5710599365957097e-09	13.726709179201148	54.09184887305576	-4.6761578330209812e-09	success	158.3650959841604	158.3650959841604	0.94999999999999996	0.0002498384765324493	367307.34738143138	0	0.00039735460579002805	0.10000000000000001	0.57747447756697889	0.57732605489877198	1.0695065602276901	0	0.47879689455119817	3.0513070191966807	1.8324240398709934e-27	7.9994869214462065e-05	5.2667658400631803	3.0190292450788605e-34	0	4.2803925738060489e-20	3.3767278538751733e-23	4.2821527639572532e-20	0-(0)->1	nan	nan	nan	nan	nan	nan	nan	nan	nan	nan	nan	nan	nan	nan	nan	nan	nan	nan	nan	nan	nan	nan	nan	nan	nan	nan	nan	nan	nan	nan	nan	nan	nan	nan	nan	nan	nan	nan	nan	nan	nan	nan	nan	nan	nan	nan	nan	nan	nan	nan	nan	nan	nan	nan	nan	nan	nan	nan	nan	nan	nan	nan	nan	nan	nan	nan	nan	nan	nan	nan	nan	nan	nan	nan	nan	nan	nan	nan	nan	nan	nan	nan	nan	nan	nan	nan	nan	nan	nan	nan	nan	nan	nan	nan	nan	nan	nan	nan	nan	nan	nan	nan	nan	nan	nan	nan	nan	nan	nan	nan	nan	nan	nan	nan	nan	nan	nan	nan	nan	nan	nan	nan	nan	nan	nan	nan	nan	nan	nan	nan	nan	nan	nan	nan	nan	nan	nan	nan	nan	nan	nan	nan	nan	nan	nan	nan	nan	nan	single_step	4.282152763957253e-20	typeI_mH125-220/random_20260822_062803.md
2.083270000000000e+02	4.541570000000000e+02	4.612270000000000e+02	6.182560000000000e+03	9.978790000000000e-01	6.743430000000000e+00	1.174913403396394e-04	-3.929994141743753e+00	success	0	0	0	true	2.510950355878981e-01	true	1.142987307292877e+01	true	3.263733890000000e-04	3.126746140000000e-09	1.418181510651863e+00	1.242485826455405e+00	true	3.011073706770306e+00	8.037655365576798e+01	2.495320691326438e+00	2.314004676861992e-01	true	true	7.749423119347932e-01	1.634524019514742e-01	1.984204885004883e-02	1.787573506957707e-03	3.898464580729438e+00	1.094497610698951e-01	1.786029263606930e-02	1.339629453663895e-03	CMS:2012qwq	CMS:2018amk	ATLAS:2022enb	ATLAS:2021upq	LHC8 [vbfH;HW;Htt;H;HZ]>[bb;tautau;WW;ZZ;gamgam]	LHC13 [vbfH;H]>[ZZ]	LHC13 [H]->X1->Z(X2->[bb])	LHC13 [Hpmtb>tb]	5.442618629303695e+00	true	all checks passed	1	1.168669693256994e+00	2.515436230289519e-01	6.068007230521332e+00	-2.918131116314976e+00	-2.704245040566413e+00	6.182560000000000e+03	6.743430000000000e+00	11046.55946395663	8954.2305687210282	-79.800507547936874	0.40462021140560045	-0.44737137144284506	-0.46627415113717652	0	-0.018771835789430435	0	0	0	success	ew_sym_res	success	success	198.32300000000001	success	125.69458085723366	-8.1087093953070074e-09	9.3799306499206997e-08	-2.0826966197124539e-09	7.3915856950832777e-09	8.0814869708396639e-10	34.74300207531212	212.93495494244843	1.2182440670615652e-09	success	success	112.81128858936191	-8.1087093953070074e-09	9.3799306499206997e-08	-2.0826966197124539e-09	7.3915856950832777e-09	-6.9537438592865462e-10	35.728668690004916	226.15924184325905	-3.5218648936749353e-10	success	113.3758430647124	-8.1087093953070074e-09	9.3799306499206997e-08	-2.0826966197124539e-09	7.3915856950832777e-09	-5.6590262264155752e-11	35.701780370281831	225.72255533108523	-1.5361774163628125e-09	success	111.8136608593089	-8.1087093953070074e-09	9.3799306499206997e-08	-2.0826966197124539e-09	7.3915856950832777e-09	9.5287014146959993e-11	35.773753540335385	226.90766523876096	2.9690336294533183e-11	success	111.6333745146008	-8.1087093953070074e-09	9.3799306499206997e-08	-2.0826966197124539e-09	7.3915856950832777e-09	5.0706539251781322e-10	35.781583501705079	227.03984721052393	-2.0583925435718293e-09	success	111.81366061861466	111.81366061861466	0.94999999999999996	0.0094075360702729535	1566.4884014722284	0	0.014450205588525684	0.10000000000000001	0.57725555939709949	0.57499901041874946	0.0032144227421524942	0	0.0014354977293689032	0.009091461628029809	3.7042700072244733e-18	8.8346726672821174e-06	0.015790475023057936	3.0827927373267411e-23	0	0.00011749031444516591	1.0351495085137322e-09	0.00011749134033963944	0-(0)->1	nan	nan	nan	nan	nan	nan	nan	nan	nan	nan	nan	nan	nan	nan	nan	nan	nan	nan	nan	nan	nan	nan	nan	nan	nan	nan	nan	nan	nan	nan	nan	nan	nan	nan	nan	nan	nan	nan	nan	nan	nan	nan	nan	nan	nan	nan	nan	nan	nan	nan	nan	nan	nan	nan	nan	nan	nan	nan	nan	nan	nan	nan	nan	nan	nan	nan	nan	nan	nan	nan	nan	nan	nan	nan	nan	nan	nan	nan	nan	nan	nan	nan	nan	nan	nan	nan	nan	nan	nan	nan	nan	nan	nan	nan	nan	nan	nan	nan	nan	nan	nan	nan	nan	nan	nan	nan	nan	nan	nan	nan	nan	nan	nan	nan	nan	nan	nan	nan	nan	nan	nan	nan	nan	nan	nan	nan	nan	nan	nan	nan	nan	nan	nan	nan	nan	nan	nan	nan	nan	nan	nan	nan	nan	nan	nan	nan	nan	nan	single_step	1.174913403396394e-04	typeI_mH125-220/random_20260822_062803.md
2.124810000000000e+02	2.794900000000000e+02	2.857580000000000e+02	5.352570000000000e+03	9.932430000000000e-01	8.102320000000001e+00	2.587429008374375e-25	-2.458713155716564e+01	success	0	0	0	true	2.506195633393893e-01	true	7.408602088069655e+00	true	3.262289560000000e-04	3.128837180000000e-09	1.436344722576004e+00	1.226463221763999e+00	true	2.002253592286203e-01	8.036427704718886e+01	2.494668859064880e+00	2.314801222141714e-01	true	true	7.740042347992339e-01	2.489341267939138e-01	3.619638514893983e-01	4.398042150592932e-02	3.893745441729479e+00	1.689701917861678e-01	5.330186303187793e-01	3.099606651589772e-02	CMS:2012qwq	ATLAS:2020tlo	CMS:2019qcx	ATLAS:2021upq	LHC8 [vbfH;HW;Htt;H;HZ]>[bb;tautau;WW;ZZ;gamgam]	LHC13 [vbfH>ZZ]	LHC13 [ggH]->X1->Z(X2->[bb])	LHC13 [Hpmtb>tb]	5.493829388872882e+00	true	all checks passed	1	1.958919703164618e+00	2.510673013376066e-01	1.945130917159277e+00	-6.803449033255532e-01	-5.632527470693570e-01	5.352570000000000e+03	8.102320000000001e+00	3278.350792798482	384.50628648804934	9.9138251589868762	-0.33200295150889914	-0.031359966929689259	-0.0017391429181851156	0	0.0002953560325850663	0	0	0	success	ew_sym_res	success	success	156.56999999999999	success	156.27126001736747	9.0889315981452568e-09	-2.2294137825250643e-08	-1.9727926608649791e-09	9.0886079993700361e-09	8.1445535997486375e-09	4.701112478337067	24.146153352890561	-7.9674658424871965e-09	success	success	156.26044258336077	9.0889315981452568e-09	-2.2294137825250643e-08	-1.9727926608649791e-09	9.0886079993700361e-09	1.679175604911296e-09	4.9048494081519536	25.202492091270663	-1.1627662900804246e-08	success	156.26081317372126	9.0889315981452568e-09	-2.2294137825250643e-08	-1.9727926608649791e-09	9.0886079993700361e-09	5.6639609521383945e-09	4.8983896132204379	25.168978906594148	8.2291315350052985e-09	success	156.25770271362427	9.0889315981452568e-09	-2.2294137825250643e-08	-1.9727926608649791e-09	9.0886079993700361e-09	1.2091623952077919e-09	4.9516166296525466	25.445159439886009	1.1502474313373945e-08	success	156.25749262113297	9.0889315981452568e-09	-2.2294137825250643e-08	-1.9727926608649791e-09	9.0886079993700361e-09	-2.2410684360926268e-09	4.9551163975665489	25.463322092294398	1.7242687386848954e-10	success	156.25770263344918	156.25770263344918	0.94999999999999996	6.7649505783747244e-05	1878819.851605816	0	0.00010752601785107188	0.10000000000000001	0.57724908758206495	0.57720938942378841	5.3975802481294615	0	2.4173149122751285	15.400395701435569	1.4168941722613795e-30	0.00010933366403306835	26.590464035026411	6.1930829226952478e-38	0	2.580272949054196e-25	1.3719979271955392e-27	2.5874290083743746e-25	0-(0)->1	nan	nan	nan	nan	nan	nan	nan	nan	nan	nan	nan	nan	nan	nan	nan	nan	nan	nan	nan	nan	nan	nan	nan	nan	nan	nan	nan	nan	nan	nan	nan	nan	nan	nan	nan	nan	nan	nan	nan	nan	nan	nan	nan	nan	nan	nan	nan	nan	nan	nan	nan	nan	nan	nan	nan	nan	nan	nan	nan	nan	nan	nan	nan	nan	nan	nan	nan	nan	nan	nan	nan	nan	nan	nan	nan	nan	nan	nan	nan	nan	nan	nan	nan	nan	nan	nan	nan	nan	nan	nan	nan	nan	nan	nan	nan	nan	nan	nan	nan	nan	nan	nan	nan	nan	nan	nan	nan	nan	nan	nan	nan	nan	nan	nan	nan	nan	nan	nan	nan	nan	nan	nan	nan	nan	nan	nan	nan	nan	nan	nan	nan	nan	nan	nan	nan	nan	nan	nan	nan	nan	nan	nan	nan	nan	nan	nan	nan	nan	single_step	2.587429008374375e-25	typeI_mH125-220/random_20260823_011757.md
1.840340000000000e+02	2.172480000000000e+02	2.254560000000000e+02	3.256250000000000e+03	9.954220000000000e-01	1.015630000000000e+01	2.885276750755963e-26	-2.553981252373469e+01	success	0	0	0	true	2.548963261083412e-01	true	4.958823216176100e+00	true	3.266018430000000e-04	3.124482100000000e-09	1.389688191126457e+00	1.259951286806300e+00	true	1.548163027600067e-01	8.036316235275400e+01	2.494610782149039e+00	2.314883965824299e-01	true	true	7.708370363615149e-01	3.489557983931004e-02	1.408996754551881e-01	3.958003753204246e-02	3.877812370661567e+00	2.824563436455708e-02	1.953093463056352e-01	2.268766350501385e-02	CMS:2012qwq	CMS:2013yea	CMS:2019qcx	ATLAS:2021upq	LHC8 [vbfH;HW;Htt;H;HZ]>[bb;tautau;WW;ZZ;gamgam]	LHC8 [vbfH>WW]	LHC13 [ggH]->X1->Z(X2->[bb])	LHC13 [Hpmtb>tb]	4.321095753761767e+00	true	all checks passed	1	1.371589934915599e+00	2.553517046481648e-01	1.120625794814179e+00	-3.482063699978685e-01	-2.281153384690166e-01	3.256250000000000e+03	1.015630000000000e+01	1719.6352149493453	-441.72732539594199	19.084476195007152	-0.4673855202214855	-0.019019384822731959	0.017202638623432687	0	0.0015463634913186082	0	0	0	success	ew_sym_res	success	success	158.608	success	154.67496858148223	-1.8755940034368766e-08	-2.5248635207480419e-08	-1.220043514571302e-09	-1.8755873225820733e-08	-5.66974600518817e-09	3.1341976753280276	20.915330998543759	-4.4973312332114077e-09	success	success	154.66699011816129	-1.8755940034368766e-08	-2.5248635207480419e-08	-1.220043514571302e-09	-1.8755873225820733e-08	3.6068903485791509e-09	3.2562341026171606	21.73468391568197	2.5762517189421904e-08	success	154.66726206548867	-1.8755940034368766e-08	-2.5248635207480419e-08	-1.220043514571302e-09	-1.8755873225820733e-08	-5.5267792101982415e-09	3.2523323834219884	21.708478312660102	-8.4468014400258081e-09	success	154.66492521788791	-1.8755940034368766e-08	-2.5248635207480419e-08	-1.220043514571302e-09	-1.8755873225820733e-08	8.5249749081539599e-09	3.2852337517360612	21.92947821176864	-6.704874235691519e-09	success	154.6647695112932	-1.8755940034368766e-08	-2.5248635207480419e-08	-1.220043514571302e-09	-1.8755873225820733e-08	-1.607946650306074e-08	3.2873599359168617	21.94376154666687	-1.3461163380017698e-08	success	154.66492521788791	154.66492521788791	0.94999999999999996	5.2119688211678842e-05	2499664.0121809668	0	8.2803812973761579e-05	0.10000000000000001	0.57717933334870941	0.57714909124815172	7.107695046434336	0	3.1937780221074292	20.343849577562665	3.6396533103013853e-31	0.00011126683856789232	35.131558243181722	1.2235623373828227e-38	0	2.8745628087224787e-26	2.0516398073289413e-28	2.8852767507559631e-26	0-(0)->1	nan	nan	nan	nan	nan	nan	nan	nan	nan	nan	nan	nan	nan	nan	nan	nan	nan	nan	nan	nan	nan	nan	nan	nan	nan	nan	nan	nan	nan	nan	nan	nan	nan	nan	nan	nan	nan	nan	nan	nan	nan	nan	nan	nan	nan	nan	nan	nan	nan	nan	nan	nan	nan	nan	nan	nan	nan	nan	nan	nan	nan	nan	nan	nan	nan	nan	nan	nan	nan	nan	nan	nan	nan	nan	nan	nan	nan	nan	nan	nan	nan	nan	nan	nan	nan	nan	nan	nan	nan	nan	nan	nan	nan	nan	nan	nan	nan	nan	nan	nan	nan	nan	nan	nan	nan	nan	nan	nan	nan	nan	nan	nan	nan	nan	nan	nan	nan	nan	nan	nan	nan	nan	nan	nan	nan	nan	nan	nan	nan	nan	nan	nan	nan	nan	nan	nan	nan	nan	nan	nan	nan	nan	nan	nan	nan	nan	nan	nan	single_step	2.885276750755963e-26	typeI_mH125-220/random_20260823_011757.md
1.819630000000000e+02	2.572770000000000e+02	2.612250000000000e+02	3.082400000000000e+03	9.928169999999999e-01	9.729690000000000e+00	3.036829315835773e-26	-2.551757961679882e+01	success	0	0	0	true	2.552667525472628e-01	true	1.533789807543367e+01	true	3.266387560000000e-04	3.123919300000000e-09	1.385111449383761e+00	1.264311806331629e+00	true	1.785933902103944e-01	8.036352961676317e+01	2.494620440340674e+00	2.314817809552700e-01	true	true	7.706621385240160e-01	5.714890748555921e-02	2.417826119801798e-01	1.136745946432763e-02	3.876932520620815e+00	4.791710758940168e-02	2.878539547570489e-01	1.900347707653942e-02	CMS:2012qwq	CMS:2013yea	CMS:2019qcx	CMS:2020imj	LHC8 [vbfH;HW;Htt;H;HZ]>[bb;tautau;WW;ZZ;gamgam]	LHC8 [vbfH>WW]	LHC13 [ggH]->X1->Z(X2->[bb])	LHC13 [Hpmtb>tb]	5.806304202326913e+00	true	all checks passed	1	4.923368104069735e+00	2.557227928630070e-01	1.804142251433072e+00	-6.606177961062105e-01	-5.929647491103738e-01	3.082400000000000e+03	9.729690000000000e+00	6185.3555601986673	131.36624285484757	39.526737104651566	-0.6559798313621289	-0.024534947576160451	0.019193367024758944	0	9.1589249639885485e-05	0	0	0	success	non_bfb	success	success	171.44	success	172.53991885972869	1.9009535323508059e-09	1.4289163276234667e-07	2.0018602158694853e-08	3.6157228271333092e-10	-1.3252554576097435e-08	5.285993766424391	22.762161266636749	-8.1002486050401914e-09	success	success	172.52785895197061	1.9009535323508059e-09	1.4289163276234667e-07	2.0018602158694853e-08	3.6157228271333092e-10	3.296371550388518e-09	5.4894521162324716	23.65183450525824	3.7030228918276925e-09	success	172.52824999027936	1.9009535323508059e-09	1.4289163276234667e-07	2.0018602158694853e-08	3.6157228271333092e-10	-1.3051416311353971e-08	5.4832920305047912	23.624871331899449	-1.4596388081100033e-08	success	172.52480848228606	1.9009535323508059e-09	1.4289163276234667e-07	2.0018602158694853e-08	3.6157228271333092e-10	4.4072250426664565e-09	5.5365687546451978	23.858125280092313	-7.5960111932127027e-09	success	172.5245764051586	1.9009535323508059e-09	1.4289163276234667e-07	2.0018602158694853e-08	3.6157228271333092e-10	-8.9661252147441777e-09	5.5401108400575598	23.873637404035133	2.5767454113839581e-08	success	172.52480848228606	172.52480848228606	0.94999999999999996	3.7012965834528786e-05	1881992.1196231951	0	5.8970813550567191e-05	0.10000000000000001	0.57751870610176514	0.57749628649623153	5.9714174302400282	0	2.6664264354730531	17.000535980386768	2.2355516271065186e-31	6.6063767574838509e-05	29.330690790203587	5.5871022870135938e-39	0	3.0309833052056842e-26	1.1221150974841569e-28	3.036829315835773e-26	0-(0)->1	nan	nan	nan	nan	nan	nan	nan	nan	nan	nan	nan	nan	nan	nan	nan	nan	nan	nan	nan	nan	nan	nan	nan	nan	nan	nan	nan	nan	nan	nan	nan	nan	nan	nan	nan	nan	nan	nan	nan	nan	nan	nan	nan	nan	nan	nan	nan	nan	nan	nan	nan	nan	nan	nan	nan	nan	nan	nan	nan	nan	nan	nan	nan	nan	nan	nan	nan	nan	nan	nan	nan	nan	nan	nan	nan	nan	nan	nan	nan	nan	nan	nan	nan	nan	nan	nan	nan	nan	nan	nan	nan	nan	nan	nan	nan	nan	nan	nan	nan	nan	nan	nan	nan	nan	nan	nan	nan	nan	nan	nan	nan	nan	nan	nan	nan	nan	nan	nan	nan	nan	nan	nan	nan	nan	nan	nan	nan	nan	nan	nan	nan	nan	nan	nan	nan	nan	nan	nan	nan	nan	nan	nan	nan	nan	nan	nan	nan	nan	single_step	3.036829315835773e-26	typeI_mH125-220/random_20260821_235905.md
2.132450000000000e+02	2.263560000000000e+02	2.732620000000000e+02	7.157780000000000e+03	9.971790000000000e-01	4.739600000000000e+00	1.777674284546119e-26	-2.575014780994776e+01	success	0	0	0	true	2.522065805093968e-01	true	1.315178699517827e+01	true	3.229320040000000e-04	3.169240400000000e-09	1.882383422315839e+00	9.372883827843048e-01	true	6.966199973348933e+00	8.038467455852592e+01	2.495728065855062e+00	2.313656467876526e-01	true	true	7.820937465635586e-01	6.468382462251990e-01	9.569038800416056e-01	1.565487328617203e-01	3.934440954934683e+00	6.759568801388841e-01	8.660458605520469e-01	1.156491736712711e-01	CMS:2012qwq	ATLAS:2020tlo	ATLAS:2022enb	ATLAS:2021upq	LHC8 [vbfH;HW;Htt;H;HZ]>[bb;tautau;WW;ZZ;gamgam]	LHC13 [ggH>ZZ]	LHC13 [H]->X1->Z(X2->[bb])	LHC13 [Hpmtb>tb]	5.248543835348102e+00	true	all checks passed	1	4.274728266617780e+00	2.526571537527217e-01	1.561807510879280e+00	-1.035626625215534e+00	-2.611180024380863e-01	7.157780000000000e+03	4.739600000000000e+00	5628.8103585684803	-211.84554953259706	77.293395536500924	-0.14438515266979915	-0.026940731886450409	0.0016998027648314495	0	0.0089923899655162814	0	0	0	success	ew_sym_res	success	success	174.27600000000001	success	166.98724501842685	-1.1542413990033871e-09	1.0309660848840629e-07	3.1962351921235768e-08	1.1401699054282555e-09	1.6930679054894956e-09	6.4122434598635429	21.01055141224812	-9.2718886955949716e-09	success	success	166.97744949761258	-1.1542413990033871e-09	1.0309660848840629e-07	3.1962351921235768e-08	1.1401699054282555e-09	7.4178915931787395e-10	6.6555895599044659	21.812335894767514	-1.2944076209710211e-09	success	166.97777128715833	-1.1542413990033871e-09	1.0309660848840629e-07	3.1962351921235768e-08	1.1401699054282555e-09	1.0284657112409173e-09	6.6482878072841753	21.788268911843748	-5.9574680367248128e-12	success	166.97493586965174	-1.1542413990033871e-09	1.0309660848840629e-07	3.1962351921235768e-08	1.1401699054282555e-09	2.7859548474177206e-09	6.7129400183208405	22.00137988225632	1.8881118459180901e-09	success	166.9747459125395	-1.1542413990033871e-09	1.0309660848840629e-07	3.1962351921235768e-08	1.1401699054282555e-09	-2.4170455373973627e-09	6.7172218451342385	22.015495284933838	-1.0564991180095839e-08	success	166.97493586965174	166.97493586965174	0.94999999999999996	3.9352854681436998e-05	2214921.503666121	0	6.2685410117375024e-05	0.10000000000000001	0.57749396710780765	0.57747039684734536	6.8011226372452764	0	3.0509217080580631	19.450639614454129	1.9587169307396069e-31	8.0360039232548061e-05	33.560138788638689	5.106044024798428e-39	0	1.7730006386336868e-26	8.9625950351246818e-29	1.7776742845461194e-26	0-(0)->1	nan	nan	nan	nan	nan	nan	nan	nan	nan	nan	nan	nan	nan	nan	nan	nan	nan	nan	nan	nan	nan	nan	nan	nan	nan	nan	nan	nan	nan	nan	nan	nan	nan	nan	nan	nan	nan	nan	nan	nan	nan	nan	nan	nan	nan	nan	nan	nan	nan	nan	nan	nan	nan	nan	nan	nan	nan	nan	nan	nan	nan	nan	nan	nan	nan	nan	nan	nan	nan	nan	nan	nan	nan	nan	nan	nan	nan	nan	nan	nan	nan	nan	nan	nan	nan	nan	nan	nan	nan	nan	nan	nan	nan	nan	nan	nan	nan	nan	nan	nan	nan	nan	nan	nan	nan	nan	nan	nan	nan	nan	nan	nan	nan	nan	nan	nan	nan	nan	nan	nan	nan	nan	nan	nan	nan	nan	nan	nan	nan	nan	nan	nan	nan	nan	nan	nan	nan	nan	nan	nan	nan	nan	nan	nan	nan	nan	nan	nan	single_step	1.777674284546119e-26	typeI_mH125-220/random_20260823_112730.md
2.154450000000000e+02	4.093100000000000e+02	2.035720000000000e+02	6.983650000000000e+03	9.961800000000000e-01	4.706090000000000e+00	3.931824786743653e-21	-2.040540584380172e+01	success	0	0	0	true	2.516442243563237e-01	true	1.559085616616842e+01	true	3.215913930000000e-04	3.187090330000000e-09	2.080974342605129e+00	8.218964872712108e-01	true	6.529993567295045e-01	8.036885179050847e+01	2.495072926085685e+00	2.315157741776326e-01	true	true	7.841755029291665e-01	5.302299222381013e-01	4.256977385056412e-02	8.164642642747093e-02	3.944913545386956e+00	5.744157490912765e-01	3.154660764574061e-02	1.005227707579759e-01	CMS:2012qwq	ATLAS:2020tlo	ATLAS:2022enb	ATLAS:2021upq	LHC8 [vbfH;HW;Htt;H;HZ]>[bb;tautau;WW;ZZ;gamgam]	LHC13 [ggH>ZZ]	LHC13 [H]->X1->Z(X2->[bb])	LHC13 [Hpmtb>tb]	4.388677483486390e+00	true	all checks passed	1	5.008920320109715e+00	2.520937929365852e-01	4.998328128058969e-01	1.966441987338201e+00	-2.200823427295945e+00	6.983650000000000e+03	4.706090000000000e+00	5904.6961546655966	1166.0399673539218	-494.4654020871464	0.88475448521227185	-0.091414298879439138	-0.081002344123708769	0	-0.082488245148454958	0	0	0	success	non_bfb	success	success	263.77800000000002	success	164.92520593989468	0	0	0	0	6.9343374676636933e-10	15.144603345761128	43.664090046972831	3.1921008846622513e-09	success	success	164.87400268673977	0	0	0	0	-1.610283277559541e-09	16.057552323091777	46.405285849469529	3.8043482845972376e-09	success	164.87579141285784	0	0	0	0	9.3433380192558547e-10	16.029226377448456	46.319904026787142	-3.3675691306354942e-09	success	164.86263100299917	0	0	0	0	-3.1650659933164089e-10	16.233277115809415	46.935452061276443	-4.7665024976058175e-10	success	164.86167630509283	0	0	0	0	4.2207846240568154e-09	16.247642710942483	46.978831715223663	4.768356424794683e-10	success	164.86263100299917	164.86263100299917	0.94999999999999996	0.00015726870605865342	436064.99887615436	0	0.00025047398533075798	0.10000000000000001	0.57757125364444217	0.57747647518629863	1.3219884434658942	0	0.59170841826842868	3.7723993245535592	3.1737613055229621e-28	6.2276233110887742e-05	6.5087926009527157	3.3736118151707195e-35	0	3.9302346154955806e-21	3.0532870316193171e-24	3.9318247867436529e-21	0-(0)->1	nan	nan	nan	nan	nan	nan	nan	nan	nan	nan	nan	nan	nan	nan	nan	nan	nan	nan	nan	nan	nan	nan	nan	nan	nan	nan	nan	nan	nan	nan	nan	nan	nan	nan	nan	nan	nan	nan	nan	nan	nan	nan	nan	nan	nan	nan	nan	nan	nan	nan	nan	nan	nan	nan	nan	nan	nan	nan	nan	nan	nan	nan	nan	nan	nan	nan	nan	nan	nan	nan	nan	nan	nan	nan	nan	nan	nan	nan	nan	nan	nan	nan	nan	nan	nan	nan	nan	nan	nan	nan	nan	nan	nan	nan	nan	nan	nan	nan	nan	nan	nan	nan	nan	nan	nan	nan	nan	nan	nan	nan	nan	nan	nan	nan	nan	nan	nan	nan	nan	nan	nan	nan	nan	nan	nan	nan	nan	nan	nan	nan	nan	nan	nan	nan	nan	nan	nan	nan	nan	nan	nan	nan	nan	nan	nan	nan	nan	nan	single_step	3.931824786743653e-21	typeI_mH125-220/random_20260823_112730.md
1.385871425597430e+02	2.938984539617591e+02	2.899478170324641e+02	1.480596288695850e+03	9.979023991845395e-01	1.237605233572231e+01	6.434057115496535e-19	-1.819151508815974e+01	success	11	48	1	true	2.574471120182268e-01	true	8.631715725499999e+00	true	3.271660970000000e-04	3.117472030000000e-09	1.320552133555155e+00	1.314802031299890e+00	true	4.391282416413319e-01	8.035805899767450e+01	2.494284714385986e+00	2.315008870014531e-01	true	true	7.691172277557248e-01	7.687135816267436e-01	5.194129281121317e-02	6.242656774255870e-04	3.869160613192592e+00	1.257714061903070e+00	3.849456721906053e-02	4.255377639238505e-04	CMS:2012qwq	ATLAS:2014vuz	ATLAS:2020gxx	ATLAS:2021upq	LHC8 [vbfH;HW;Htt;H;HZ]>[bb;tautau;WW;ZZ;gamgam]	LHC8 [HW;HZ]>[bb]	LHC13 [ggH]->X1->Z(X2->[bb])	LHC13 [Hpmtb>tb]	5.048516492963273e+00	true	all checks passed	1	2.245805371279608e+00	2.579070475996553e-01	2.461979604201257e+00	-1.046328257559897e+00	-1.122558168301551e+00	1.480596288695850e+03	1.237605233572231e+01	4889.3546967578932	909.94701063635421	63.521374254847601	-2.4823411257881181	-0.041169776253374028	-0.0041699591155800343	0	-0.0030496361532619701	0	0	0	success	ew_sym_res	success	success	192.63499999999999	success	147.63066144685027	6.8004841585767869e-09	-8.7566631315948786e-09	7.3058365557913754e-09	-3.5896465420928085e-09	-5.18346728108085e-09	5.5104834307985842	56.890840521693519	-5.2430398961965248e-08	success	success	147.56477505348838	6.8004841585767869e-09	-8.7566631315948786e-09	7.3058365557913754e-09	-3.5896465420928085e-09	1.2587130851578266e-09	5.919122766156236	61.06030818875923	3.1910840230086431e-08	success	147.56724012610539	6.8004841585767869e-09	-8.7566631315948786e-09	7.3058365557913754e-09	-3.5896465420928085e-09	7.0752860353651998e-08	5.9058380491285005	60.924838069140016	-5.235215570253107e-08	success	147.55075729465241	6.8004841585767869e-09	-8.7566631315948786e-09	7.3058365557913754e-09	-3.5896465420928085e-09	-3.4556677090894969e-08	5.9924722485093032	61.808200235048176	4.0730473014394852e-08	success	147.54954139702335	6.8004841585767869e-09	-8.7566631315948786e-09	7.3058365557913754e-09	-3.5896465420928085e-09	-1.3525738052606127e-08	5.9986682190459177	61.871369637396143	-3.0173663688690154e-08	success	147.55075729465241	147.55075729465241	0.94999999999999996	0.00042195598382464459	306470.52544002456	0	0.00066976765954624698	0.10000000000000001	0.57736933739386431	0.57711907704509313	0.83119292653108712	0	0.37196740505653991	2.3691815070842766	1.2925839166961461e-26	0.00010484680602607033	4.0916414556219394	3.5178895332540932e-33	0	6.4314127843528988e-19	5.0647362165701853e-22	6.4340571154965353e-19	0-(0)->1	nan	nan	nan	nan	nan	nan	nan	nan	nan	nan	nan	nan	nan	nan	nan	nan	nan	nan	nan	nan	nan	nan	nan	nan	nan	nan	nan	nan	nan	nan	nan	nan	nan	nan	nan	nan	nan	nan	nan	nan	nan	nan	nan	nan	nan	nan	nan	nan	nan	nan	nan	nan	nan	nan	nan	nan	nan	nan	nan	nan	nan	nan	nan	nan	nan	nan	nan	nan	nan	nan	nan	nan	nan	nan	nan	nan	nan	nan	nan	nan	nan	nan	nan	nan	nan	nan	nan	nan	nan	nan	nan	nan	nan	nan	nan	nan	nan	nan	nan	nan	nan	nan	nan	nan	nan	nan	nan	nan	nan	nan	nan	nan	nan	nan	nan	nan	nan	nan	nan	nan	nan	nan	nan	nan	nan	nan	nan	nan	nan	nan	nan	nan	nan	nan	nan	nan	nan	nan	nan	nan	nan	nan	nan	nan	nan	nan	nan	nan	single_step	6.434057115496535e-19	typeI_mH125-220/async_mcmc_20260903_095854.md
1.360437227022400e+02	3.011746762250863e+02	3.116439246328076e+02	1.519173664108886e+03	9.976905420780259e-01	1.050104486024376e+01	4.320544488282441e-19	-1.836446151861201e+01	success	6	46	0	true	2.576999233045382e-01	true	1.538640876627721e+01	true	3.269573040000000e-04	3.119968720000000e-09	1.345929215923595e+00	1.295132530064665e+00	true	3.425221403317490e+00	8.037756389835361e+01	2.495361088440538e+00	2.313929933873443e-01	true	true	7.704301595506073e-01	7.691090128391525e-01	2.823733827389713e-01	8.962040747461503e-04	3.875765515287154e+00	1.258508183079432e+00	1.669420690709104e-01	5.555891651144644e-04	CMS:2012qwq	ATLAS:2014vuz	ATLAS:2020gxx	ATLAS:2021upq	LHC8 [vbfH;HW;Htt;H;HZ]>[bb;tautau;WW;ZZ;gamgam]	LHC8 [HW;HZ]>[bb]	LHC13 [ggH]->X1->Z(X2->[bb])	LHC13 [Hpmtb>tb]	5.471538615711353e+00	true	all checks passed	1	4.694044248613854e+00	2.581603105395318e-01	2.930182373218132e+00	-1.444908888797080e+00	-1.232874049704825e+00	1.519173664108886e+03	1.050104486024376e+01	8929.1731100065481	1472.0778287820526	129.34033272569854	-2.4266482293887477	-0.056820579256854228	-0.046983304543065547	0	0.0017343787519727477	0	0	0	success	non_bfb	success	success	169.83600000000001	success	166.23360848272409	-8.131452203477289e-09	1.043890962386321e-08	1.10865973461732e-08	-8.4189249755776728e-09	3.183123747155352e-08	9.0208928848903334	61.308884918239819	3.8827970388483567e-08	success	success	166.13575684297314	-8.131452203477289e-09	1.043890962386321e-08	1.10865973461732e-08	-8.4189249755776728e-09	-2.0277449944364684e-08	9.7049528688381486	65.725493472734584	7.0880765543516563e-08	success	166.13922757159122	-8.131452203477289e-09	1.043890962386321e-08	1.10865973461732e-08	-8.4189249755776728e-09	2.2504195008215194e-11	9.6837671018197629	65.589073294927672	6.9953521550904899e-09	success	166.11539117588006	-8.131452203477289e-09	1.043890962386321e-08	1.10865973461732e-08	-8.4189249755776728e-09	2.5464189307308868e-10	9.8258389672835218	66.503489674977928	2.0661848658863431e-08	success	166.11360449234633	-8.131452203477289e-09	1.043890962386321e-08	1.10865973461732e-08	-8.4189249755776728e-09	-1.0980713047817113e-08	9.8361668060576033	66.569926951393342	-2.9598902692067768e-08	success	166.11539117588006	166.11539117588006	0.94999999999999996	0.00027178049068978942	234860.568958341	0	0.0004321861883098389	0.10000000000000001	0.57747667042169726	0.57731204132302105	0.71743788160644961	0	0.3210742740961231	2.0460854267610533	5.5950235981823789e-27	5.8349528038971584e-05	3.5318170150573542	1.0340555809381615e-33	0	4.3196430575934889e-19	1.7247187104512916e-22	4.3205444882824414e-19	0-(0)->1	nan	nan	nan	nan	nan	nan	nan	nan	nan	nan	nan	nan	nan	nan	nan	nan	nan	nan	nan	nan	nan	nan	nan	nan	nan	nan	nan	nan	nan	nan	nan	nan	nan	nan	nan	nan	nan	nan	nan	nan	nan	nan	nan	nan	nan	nan	nan	nan	nan	nan	nan	nan	nan	nan	nan	nan	nan	nan	nan	nan	nan	nan	nan	nan	nan	nan	nan	nan	nan	nan	nan	nan	nan	nan	nan	nan	nan	nan	nan	nan	nan	nan	nan	nan	nan	nan	nan	nan	nan	nan	nan	nan	nan	nan	nan	nan	nan	nan	nan	nan	nan	nan	nan	nan	nan	nan	nan	nan	nan	nan	nan	nan	nan	nan	nan	nan	nan	nan	nan	nan	nan	nan	nan	nan	nan	nan	nan	nan	nan	nan	nan	nan	nan	nan	nan	nan	nan	nan	nan	nan	nan	nan	nan	nan	nan	nan	nan	nan	single_step	4.320544488282441e-19	typeI_mH125-220/async_mcmc_20260903_210907.md
1.989640000000000e+02	2.350800000000000e+02	2.339360000000000e+02	7.380910000000000e+03	9.988380000000000e-01	3.881830000000000e+00	2.385719387393525e-26	-2.562238064016000e+01	success	0	0	0	true	2.586790186957465e-01	true	8.241592611448707e+00	true	3.195600180000000e-04	3.211692920000000e-09	2.400865762216965e+00	6.752706822607182e-01	true	2.580746823850615e-01	8.035934036095695e+01	2.494295358854104e+00	2.315122506495993e-01	true	true	7.800922366373042e-01	8.175430263911795e-01	9.542231573721910e-01	2.910847903538439e-01	3.924372056340155e+00	5.870170534946071e-01	9.312053917453242e-01	1.643573484197213e-01	CMS:2012qwq	CMS:2018amk	ATLAS:2022enb	ATLAS:2021upq	LHC8 [vbfH;HW;Htt;H;HZ]>[bb;tautau;WW;ZZ;gamgam]	LHC13 [vbfH;H]>[ZZ]	LHC13 [H]->X1->Z(X2->[bb])	LHC13 [Hpmtb>tb]	4.273258575139891e+00	true	all checks passed	1	2.642679896276077e+00	2.591411551086761e-01	9.787380117081028e-01	-3.905853051934621e-01	-4.083179479325724e-01	7.380910000000000e+03	3.881830000000000e+00	2895.9355472101315	-563.19783661465965	-15.255139464348602	0.037184480245613841	-0.024055708108179485	0.014939316301160816	0	-0.0014943042356719465	0	0	0	success	ew_sym_res	success	success	156.44200000000001	success	158.61370166598729	-6.8377431940835102e-10	1.9967607602306217e-08	1.1102869184682317e-09	-6.8368953949674266e-10	9.5335880097863856e-10	6.4355021949168307	20.369599112847688	2.5229963689982452e-09	success	success	158.60520027590107	-6.8377431940835102e-10	1.9967607602306217e-08	1.1102869184682317e-09	-6.8368953949674266e-10	2.8064061996176979e-09	6.6842402041187636	21.158823087423798	1.0725032615093753e-09	success	158.60548645014953	-6.8377431940835102e-10	1.9967607602306217e-08	1.1102869184682317e-09	-6.8368953949674266e-10	-2.6490789349524041e-09	6.6764024883320721	21.133950770539268	-3.1574324383316119e-09	success	158.60300504401721	-6.8377431940835102e-10	1.9967607602306217e-08	1.1102869184682317e-09	-6.8368953949674266e-10	6.5324849701314305e-09	6.7432326609498903	21.346039088639628	-6.9331868198779259e-09	success	158.60283928709322	-6.8377431940835102e-10	1.9967607602306217e-08	1.1102869184682317e-09	-6.8368953949674266e-10	-3.1054478887193865e-09	6.747646963775896	21.36004867626206	3.5524358627753845e-09	success	158.60300504401721	158.60300504401721	0.94999999999999996	4.7248109002444663e-05	2413871.2782862065	0	7.5135654020970781e-05	0.10000000000000001	0.57729304328241415	0.57726529164764939	7.0391834271032812	0	3.1551988751748401	20.104372253566623	2.90385806886415e-31	9.9696060110334139e-05	34.707187626923243	8.9203558142122171e-39	0	2.3778171149263886e-26	1.5140333663447139e-28	2.3857193873935254e-26	0-(0)->1	nan	nan	nan	nan	nan	nan	nan	nan	nan	nan	nan	nan	nan	nan	nan	nan	nan	nan	nan	nan	nan	nan	nan	nan	nan	nan	nan	nan	nan	nan	nan	nan	nan	nan	nan	nan	nan	nan	nan	nan	nan	nan	nan	nan	nan	nan	nan	nan	nan	nan	nan	nan	nan	nan	nan	nan	nan	nan	nan	nan	nan	nan	nan	nan	nan	nan	nan	nan	nan	nan	nan	nan	nan	nan	nan	nan	nan	nan	nan	nan	nan	nan	nan	nan	nan	nan	nan	nan	nan	nan	nan	nan	nan	nan	nan	nan	nan	nan	nan	nan	nan	nan	nan	nan	nan	nan	nan	nan	nan	nan	nan	nan	nan	nan	nan	nan	nan	nan	nan	nan	nan	nan	nan	nan	nan	nan	nan	nan	nan	nan	nan	nan	nan	nan	nan	nan	nan	nan	nan	nan	nan	nan	nan	nan	nan	nan	nan	nan	single_step	2.385719387393525e-26	typeI_mH125-220/random_20260824_002709.md
1.650260000000000e+02	2.052720000000000e+02	2.151900000000000e+02	4.261430000000000e+03	9.984499999999999e-01	4.785290000000000e+00	4.002887764438803e-26	-2.539762658675431e+01	success	0	0	0	true	2.581423487891144e-01	true	8.126268030565498e+00	true	3.220322960000000e-04	3.181244930000000e-09	2.014562490392293e+00	8.588500315184886e-01	true	2.549499606229336e-01	8.036498998126268e+01	2.494618024750316e+00	2.314753400005226e-01	true	true	7.784505438289732e-01	1.019657146076272e-01	4.902027546915722e-01	1.144287962790587e-01	3.916113272212420e+00	2.882799562190300e-01	3.434187761720179e-01	1.044189419142406e-01	CMS:2012qwq	CMS:2013cul	CMS:2022goy	ATLAS:2021upq	LHC8 [vbfH;HW;Htt;H;HZ]>[bb;tautau;WW;ZZ;gamgam]	LHC8 [H>WW]	2d likelihood {LHC13 [ggH>tautau]; LHC13 [bbH>tautau]}	LHC13 [Hpmtb>tb]	4.952278689951328e+00	true	all checks passed	1	2.598990146566127e+00	2.586035264280900e-01	1.036853448608843e+00	-4.824207290699623e-01	-3.446012394804320e-01	4.261430000000000e+03	4.785290000000000e+00	2705.2128784762735	-602.23073577390471	60.401613756739714	-0.025446383997538711	-0.021002121092872372	0.02392376975261342	0	0.0025635094206943685	0	0	0	success	ew_sym_res	success	success	163.815	success	157.29342786445434	6.3149898467065066e-10	3.336382277938786e-08	-2.188672268752158e-09	6.3149898467202916e-10	-3.5546661870363515e-09	5.5512724973332785	21.184046120798762	-6.7958493067240123e-09	success	success	157.28446974288758	6.3149898467065066e-10	3.336382277938786e-08	-2.188672268752158e-09	6.3149898467202916e-10	1.017045716927221e-08	5.7716498454887359	22.026896529341272	2.0964018145020627e-09	success	157.2847728173877	6.3149898467065066e-10	3.336382277938786e-08	-2.188672268752158e-09	6.3149898467202916e-10	-1.9232287110767799e-09	5.7646867906933599	22.000261470861901	7.4474166426514218e-09	success	157.28217036581046	6.3149898467065066e-10	3.336382277938786e-08	-2.188672268752158e-09	6.3149898467202916e-10	-1.5635952513919679e-09	5.8235421953917408	22.225404015557299	4.2836687671132435e-09	success	157.28199645927205	6.3149898467065066e-10	3.336382277938786e-08	-2.188672268752158e-09	6.3149898467202916e-10	1.6410271438928089e-08	5.8274215449711972	22.240244550142808	4.2892149675940136e-09	success	157.28217024315791	157.28217024315791	0.94999999999999996	5.0732935610750266e-05	2294897.8222552091	0	8.0716251087241593e-05	0.10000000000000001	0.57735536395808318	0.57732548788699778	6.6363018753168568	0	2.9598866246412627	18.862923288382671	4.0237662884591277e-31	0.00010044673238464911	32.55875287105389	1.3263544068186149e-38	0	3.9903656278165271e-26	2.3997417113693624e-28	4.0028877644388029e-26	0-(0)->1	nan	nan	nan	nan	nan	nan	nan	nan	nan	nan	nan	nan	nan	nan	nan	nan	nan	nan	nan	nan	nan	nan	nan	nan	nan	nan	nan	nan	nan	nan	nan	nan	nan	nan	nan	nan	nan	nan	nan	nan	nan	nan	nan	nan	nan	nan	nan	nan	nan	nan	nan	nan	nan	nan	nan	nan	nan	nan	nan	nan	nan	nan	nan	nan	nan	nan	nan	nan	nan	nan	nan	nan	nan	nan	nan	nan	nan	nan	nan	nan	nan	nan	nan	nan	nan	nan	nan	nan	nan	nan	nan	nan	nan	nan	nan	nan	nan	nan	nan	nan	nan	nan	nan	nan	nan	nan	nan	nan	nan	nan	nan	nan	nan	nan	nan	nan	nan	nan	nan	nan	nan	nan	nan	nan	nan	nan	nan	nan	nan	nan	nan	nan	nan	nan	nan	nan	nan	nan	nan	nan	nan	nan	nan	nan	nan	nan	nan	nan	single_step	4.002887764438803e-26	typeI_mH125-220/random_20260824_002709.md
1.850240000000000e+02	2.049500000000000e+02	2.131940000000000e+02	4.130420000000000e+03	9.923250000000000e-01	7.838810000000000e+00	1.059207380736718e-26	-2.597501900165621e+01	success	0	0	0	true	2.530997870009092e-01	true	6.225141900676672e+00	true	3.256641580000000e-04	3.136123420000000e-09	1.508480669941732e+00	1.171444797532655e+00	true	1.475214890219523e-01	8.036178664658863e+01	2.494527288907268e+00	2.314984139010686e-01	true	true	7.745178674909370e-01	5.364013563113117e-02	1.466776074478586e-01	3.863645393098069e-02	3.896329348718774e+00	4.634405026251508e-02	2.033184784547422e-01	3.758753800972243e-02	CMS:2012qwq	CMS:2018amk	CMS:2019qcx	ATLAS:2021upq	LHC8 [vbfH;HW;Htt;H;HZ]>[bb;tautau;WW;ZZ;gamgam]	LHC13 [vbfH>ZZ]	LHC13 [ggH]->X1->Z(X2->[bb])	LHC13 [Hpmtb>tb]	5.255635251853192e+00	true	all checks passed	1	1.915371151163432e+00	2.535519559795438e-01	9.512756242921045e-01	-2.642997539042365e-01	-1.503735480743734e-01	4.130420000000000e+03	7.838810000000000e+00	2025.9768205166777	-566.62284690757326	23.494622861079705	-0.17559478583645452	-0.019161983015854415	0.020545639862300753	0	0.0014458435888474791	0	0	0	success	ew_sym_res	success	success	173.333	success	157.79739992324704	-4.2958885500966719e-09	2.4154764508982533e-09	-4.0931714099050716e-09	-4.2958885955162726e-09	-1.0360970038288418e-08	3.8657356895664434	19.772576423927514	3.343824714317883e-09	success	success	157.78995461599956	-4.2958885500966719e-09	2.4154764508982533e-09	-4.0931714099050716e-09	-4.2958885955162726e-09	-4.993019349459885e-09	4.0089392735699958	20.509296003633846	-8.2131429115222187e-10	success	157.79020520184656	-4.2958885500966719e-09	2.4154764508982533e-09	-4.0931714099050716e-09	-4.2958885955162726e-09	8.0295849766698306e-09	4.0043405139714059	20.485629866705843	-8.4028426677785147e-09	success	157.7880166411698	-4.2958885500966719e-09	2.4154764508982533e-09	-4.0931714099050716e-09	-4.2958885955162726e-09	-4.6932445326754561e-09	4.043210131739885	20.68567895683859	-4.1463769832913873e-09	success	157.78787026452335	-4.2958885500966719e-09	2.4154764508982533e-09	-4.0931714099050716e-09	-4.2958885955162726e-09	-5.7826754876579892e-09	4.0458476716445064	20.699254872284612	-2.7505163245677727e-09	success	157.78801669859473	157.78801669859473	0.94999999999999996	4.3563496943622743e-05	2737932.5336746573	0	6.9256441850907048e-05	0.10000000000000001	0.57725458157507059	0.5772292257999514	7.9430127499093919	0	3.5293973576937478	22.486523366835225	1.8033890950771482e-31	0.0001028084513178792	38.823370934631228	5.0964500017330411e-39	0	1.0551686250432934e-26	7.7329848116783254e-29	1.0592073807367184e-26	0-(0)->1	nan	nan	nan	nan	nan	nan	nan	nan	nan	nan	nan	nan	nan	nan	nan	nan	nan	nan	nan	nan	nan	nan	nan	nan	nan	nan	nan	nan	nan	nan	nan	nan	nan	nan	nan	nan	nan	nan	nan	nan	nan	nan	nan	nan	nan	nan	nan	nan	nan	nan	nan	nan	nan	nan	nan	nan	nan	nan	nan	nan	nan	nan	nan	nan	nan	nan	nan	nan	nan	nan	nan	nan	nan	nan	nan	nan	nan	nan	nan	nan	nan	nan	nan	nan	nan	nan	nan	nan	nan	nan	nan	nan	nan	nan	nan	nan	nan	nan	nan	nan	nan	nan	nan	nan	nan	nan	nan	nan	nan	nan	nan	nan	nan	nan	nan	nan	nan	nan	nan	nan	nan	nan	nan	nan	nan	nan	nan	nan	nan	nan	nan	nan	nan	nan	nan	nan	nan	nan	nan	nan	nan	nan	nan	nan	nan	nan	nan	nan	single_step	1.059207380736718e-26	typeI_mH125-220/random_20260824_002709.md
8.719267187026389e+01	2.888100544067120e+02	3.007552570392428e+02	3.877062462805914e+02	1.576486434033953e-01	5.860668380777163e+00	3.819489448631017e-10	-9.417994685376492e+00	success	0	0	0	true	2.500405136809068e-01	true	1.270696358982246e+01	true	3.294777660000000e-04	3.488426950000000e-09	1.055727480196005e+00	1.755803194176585e-02	true	6.649136580122412e+00	8.038428901175091e+01	2.495699336297450e+00	2.313347128205900e-01	true	true	5.118555926006022e-01	7.118488760505225e-01	5.118555926006022e-01	7.980042429850149e-04	6.071348449676862e-01	3.581063502890176e+00	6.071348449676862e-01	4.952242640361670e-04	CMS:2019ogx	CMS:2012qwq	CMS:2019ogx	ATLAS:2021upq	LHC13 [H]->X1->Z(X2->[bb])	LHC8 [vbfH;HW;Htt;H;HZ]>[bb;tautau;WW;ZZ;gamgam]	LHC13 [H]->X1->Z(X2->[bb])	LHC13 [Hpmtb>tb]	4.443283107070840e+00	true	all checks passed	1	3.597796171157099e+00	2.504872171927037e-01	3.194181799693644e+00	-1.572440843386678e+00	-1.339693235800814e+00	3.877062462805914e+02	5.860668380777163e+00	8031.8308862655786	1699.7073137125071	460.08233933936816	-1.128332035966237	-0.058481854311993133	-0.0069651052619563621	0	0.0064445939767926886	0	0	0	success	ew_sym_res	success	success	515.80100000000004	success	147.46176681446539	7.2407101688533618e-07	0	7.2407101688533618e-07	7.2407101688533618e-07	-3.479565381476091e-10	56.85769368411993	123.96608435773513	2.4516980156557226e-10	success	success	145.34139927392644	7.2407101688533618e-07	0	7.2407101688533618e-07	7.2407101688533618e-07	-1.3187437397575596e-09	58.359676698599962	137.31640499903656	1.6447732561067491e-09	success	145.42432278102609	7.2407101688533618e-07	0	7.2407101688533618e-07	7.2407101688533618e-07	2.3441766082279939e-09	58.320872913093019	136.86445723381462	-2.0088221903699695e-10	success	145.06877470375065	7.2407101688533618e-07	0	7.2407101688533618e-07	7.2407101688533618e-07	1.6408301535638974e-10	58.479778686554504	138.77794234781032	2.52128672003751e-10	success	145.03547115716557	7.2407101688533618e-07	0	7.2407101688533618e-07	7.2407101688533618e-07	-1.2564511818230292e-10	58.493739818605206	138.95439717852958	-6.8614531423051737e-10	success	145.06875599617018	145.06875599617018	0.94999999999999996	0.0018241939552775864	11035.730554468624	0	0.0028695316130291693	0.10000000000000001	0.57729586654445531	0.57631254041649238	0.029424915384988808	0	0.013120663247333211	0.083389405807589662	6.249185675106523e-22	1.5905499407343436e-05	0.1443272957206653	9.3499670521586563e-28	0	3.8194610027694804e-10	3.8117565597591616e-15	3.8194894486310167e-10	0-(0)->1	nan	nan	nan	nan	nan	nan	nan	nan	nan	nan	nan	nan	nan	nan	nan	nan	nan	nan	nan	nan	nan	nan	nan	nan	nan	nan	nan	nan	nan	nan	nan	nan	nan	nan	nan	nan	nan	nan	nan	nan	nan	nan	nan	nan	nan	nan	nan	nan	nan	nan	nan	nan	nan	nan	nan	nan	nan	nan	nan	nan	nan	nan	nan	nan	nan	nan	nan	nan	nan	nan	nan	nan	nan	nan	nan	nan	nan	nan	nan	nan	nan	nan	nan	nan	nan	nan	nan	nan	nan	nan	nan	nan	nan	nan	nan	nan	nan	nan	nan	nan	nan	nan	nan	nan	nan	nan	nan	nan	nan	nan	nan	nan	nan	nan	nan	nan	nan	nan	nan	nan	nan	nan	nan	nan	nan	nan	nan	nan	nan	nan	nan	nan	nan	nan	nan	nan	nan	nan	nan	nan	nan	nan	nan	nan	nan	nan	nan	nan	single_step	3.819489448631017e-10	typeI_mH62-125/random_20260901_123251.md
1.183583684784172e+02	2.431643896040807e+02	2.532277243149223e+02	1.185502842805143e+03	1.289816212228317e-01	7.732898719213428e+00	1.169922991847022e-23	-2.293184272399450e+01	success	0	0	0	true	2.577108306787066e-01	true	1.550934772010008e+01	true	3.304704860000000e-04	3.475563320000000e-09	9.510883353911292e-01	7.770313072799029e-03	true	2.104670975747011e+00	8.037409464642742e+01	2.495125430877613e+00	2.314104793359285e-01	true	true	7.760211674137186e-01	7.310640736251991e-01	6.061737509018373e-01	1.657127243335181e-03	1.264680376510078e+00	3.677728462336729e+00	7.216363687553748e-01	2.997714124311394e-03	ATLAS:2014vuz	CMS:2012qwq	CMS:2019qcx	CMS:2020imj	LHC8 [HW;HZ]>[bb]	LHC8 [vbfH;HW;Htt;H;HZ]>[bb;tautau;WW;ZZ;gamgam]	LHC13 [ggH]->X1->Z(X2->[bb])	LHC13 [Hpmtb>tb]	5.951989693830797e+00	true	all checks passed	1	4.969535585805801e+00	2.581712373999918e-01	2.017025193021523e+00	-9.881512416537671e-01	-8.230590349583753e-01	1.185502842805143e+03	7.732898719213428e+00	6286.6271069948561	135.46985259151128	204.20498284698448	-0.849097065412727	-0.023597329201986764	0.039934242779085735	0	0.0044693765084070696	0	0	0	success	non_bfb	success	success	500.35300000000001	success	169.07910657964794	2.2820509177097105e-09	2.6935209506347992e-07	1.0883624510619569e-07	-4.7516738921574911e-09	1.1377207908875124e-10	11.476053153959784	30.830709430309007	-1.9283301434226727e-08	success	success	169.05155319040119	2.2820509177097105e-09	2.6935209506347992e-07	1.0883624510619569e-07	-4.7516738921574911e-09	-5.6515481385668823e-09	12.035991496892917	32.402640651580342	-1.130872957892102e-08	success	169.05247972905414	2.2820509177097105e-09	2.6935209506347992e-07	1.0883624510619569e-07	-4.7516738921574911e-09	-1.6090437478711163e-08	12.018805137903083	32.354192518285885	-9.232471709967941e-09	success	169.04507876172522	2.2820509177097105e-09	2.6935209506347992e-07	1.0883624510619569e-07	-4.7516738921574911e-09	3.2640697145187785e-09	12.153528060407382	32.734325026913474	-6.1912791490845033e-09	success	169.04455910031913	2.2820509177097105e-09	2.6935209506347992e-07	1.0883624510619569e-07	-4.7516738921574911e-09	-4.9990852293488955e-11	12.162782931051831	32.760467722605242	-7.8242360552363323e-09	success	169.04507876172522	169.04507876172522	0.94999999999999996	6.7192878603533531e-05	821355.48135467386	0	0.00010695591504359581	0.10000000000000001	0.57742871888460512	0.57738888502817054	2.5534051526356105	0	1.143776916243435	7.2903627050511686	6.8073712113410761e-30	5.1420586986630152e-05	12.581546078677786	3.1601887463774573e-37	0	1.1691531284458771e-23	1.4796265435488397e-26	1.1699229918470219e-23	0-(0)->1	nan	nan	nan	nan	nan	nan	nan	nan	nan	nan	nan	nan	nan	nan	nan	nan	nan	nan	nan	nan	nan	nan	nan	nan	nan	nan	nan	nan	nan	nan	nan	nan	nan	nan	nan	nan	nan	nan	nan	nan	nan	nan	nan	nan	nan	nan	nan	nan	nan	nan	nan	nan	nan	nan	nan	nan	nan	nan	nan	nan	nan	nan	nan	nan	nan	nan	nan	nan	nan	nan	nan	nan	nan	nan	nan	nan	nan	nan	nan	nan	nan	nan	nan	nan	nan	nan	nan	nan	nan	nan	nan	nan	nan	nan	nan	nan	nan	nan	nan	nan	nan	nan	nan	nan	nan	nan	nan	nan	nan	nan	nan	nan	nan	nan	nan	nan	nan	nan	nan	nan	nan	nan	nan	nan	nan	nan	nan	nan	nan	nan	nan	nan	nan	nan	nan	nan	nan	nan	nan	nan	nan	nan	nan	nan	nan	nan	nan	nan	single_step	1.169922991847022e-23	typeI_mH62-125/random_20260901_123251.md
9.398045114018380e+01	2.816157150951616e+02	2.861383313093682e+02	1.006879457685671e+03	1.301869386917164e-01	6.047987090579792e+00	1.862093965388972e-10	-9.729998407339501e+00	success	0	0	0	true	2.522677274759090e-01	true	8.533504731659734e+00	true	3.295349770000000e-04	3.487744800000000e-09	1.049548809946069e+00	1.694018938216427e-02	true	1.261302126522315e+00	8.037121655019928e+01	2.494951450828707e+00	2.314111577414898e-01	true	true	4.090613444774082e-01	7.246133499038411e-01	4.090613444774082e-01	5.578577682296545e-03	5.253114618709376e-01	3.645277120397484e+00	5.253114618709376e-01	3.920198099589789e-03	CMS:2019ogx	CMS:2012qwq	CMS:2019ogx	ATLAS:2021upq	LHC13 [H]->X1->Z(X2->[bb])	LHC8 [vbfH;HW;Htt;H;HZ]>[bb;tautau;WW;ZZ;gamgam]	LHC13 [H]->X1->Z(X2->[bb])	LHC13 [Hpmtb>tb]	3.767898689902580e+00	true	all checks passed	1	2.058316366415907e+00	2.527184099597897e-01	2.796194172787094e+00	-1.292002157965496e+00	-1.207140843405692e+00	1.006879457685671e+03	6.047987090579792e+00	5487.9648233338094	1134.3984149145936	305.11448693897432	-1.0901529339902181	-0.04426401663239591	0.011237662866223432	0	0.0020953381749042139	0	0	0	success	ew_sym_res	success	success	415.93799999999999	success	136.44287383127769	5.6982005082794858e-07	1.2764763412424378e-06	5.6984187168235797e-07	5.6982005082794858e-07	-1.9942588001039056e-09	35.692978258595502	127.23646619786399	-1.4106182977316107e-09	success	success	135.21010698254753	5.6982005082794858e-07	1.2764763412424378e-06	5.6984187168235797e-07	5.6982005082794858e-07	-3.9337761635431565e-09	37.979059301619955	137.67862913818263	-4.1235404130641797e-10	success	135.25818257509417	5.6982005082794858e-07	1.2764763412424378e-06	5.6984187168235797e-07	5.6982005082794858e-07	2.8039312535394399e-09	37.90827148219757	137.32901872145257	-1.5220680562933101e-09	success	135.04514660283405	5.6982005082794858e-07	1.2764763412424378e-06	5.6984187168235797e-07	5.6982005082794858e-07	-1.2634536290851158e-09	38.214563816884443	138.85741907319715	-6.7238172002500559e-10	success	135.02617088033423	5.6982005082794858e-07	1.2764763412424378e-06	5.6984187168235797e-07	5.6982005082794858e-07	-6.5614915072846053e-10	38.241002748642103	138.99135481190766	-5.674387270938744e-10	success	135.04514872768684	135.04514872768684	0.94999999999999996	0.0026748673119790433	18039.022603809481	0	0.0041885366907286848	0.10000000000000001	0.57741251302975294	0.5759343881375677	0.044760649759198523	0	0.019944564311101327	0.12663110089971596	8.6106709614672238e-22	3.5356807039725038e-05	0.21939020742211462	1.603653768094537e-27	0	1.8620647460810675e-10	4.3038656044997378e-15	1.8620939653889719e-10	0-(0)->1	nan	nan	nan	nan	nan	nan	nan	nan	nan	nan	nan	nan	nan	nan	nan	nan	nan	nan	nan	nan	nan	nan	nan	nan	nan	nan	nan	nan	nan	nan	nan	nan	nan	nan	nan	nan	nan	nan	nan	nan	nan	nan	nan	nan	nan	nan	nan	nan	nan	nan	nan	nan	nan	nan	nan	nan	nan	nan	nan	nan	nan	nan	nan	nan	nan	nan	nan	nan	nan	nan	nan	nan	nan	nan	nan	nan	nan	nan	nan	nan	nan	nan	nan	nan	nan	nan	nan	nan	nan	nan	nan	nan	nan	nan	nan	nan	nan	nan	nan	nan	nan	nan	nan	nan	nan	nan	nan	nan	nan	nan	nan	nan	nan	nan	nan	nan	nan	nan	nan	nan	nan	nan	nan	nan	nan	nan	nan	nan	nan	nan	nan	nan	nan	nan	nan	nan	nan	nan	nan	nan	nan	nan	nan	nan	nan	nan	nan	nan	single_step	1.862093965388972e-10	typeI_mH62-125/random_20260901_123251.md
1.115674666221375e+02	2.124815625153846e+02	1.695097687082173e+02	8.161046783897464e+02	1.111278083436788e-01	1.490002715644189e+01	4.425474875477682e-25	-2.435404012050648e+01	success	0	0	0	true	2.563315858845248e-01	true	5.009484693813116e+00	true	3.317306220000000e-04	3.110453410000000e-09	8.261258074982982e-01	1.370890449234580e+00	true	7.255264720053229e+00	8.033979645789135e+01	2.493329562057337e+00	2.316137554697303e-01	true	true	7.850532526067956e-01	7.462372309114542e-01	1.722151841230149e-01	0.000000000000000e+00	1.275145221647751e+00	3.754059326385975e+00	2.387176189463121e-01	0.000000000000000e+00	ATLAS:2014vuz	CMS:2012qwq	CMS:2019qcx		LHC8 [HW;HZ]>[bb]	LHC8 [vbfH;HW;Htt;H;HZ]>[bb;tautau;WW;ZZ;gamgam]	LHC13 [ggH]->X1->Z(X2->[bb])		5.187163043886585e+00	true	all checks passed	1	1.427454774374621e+00	2.567895285511488e-01	8.850072866289784e-01	-1.717811311071670e-03	-5.442141006053398e-01	8.161046783897464e+02	1.490002715644189e+01	501.95973060620366	-665.47561324746835	-34.101810593141167	1.6303378071378964	-0.015239445697965955	0.039584341753455592	0	-0.023672156459517164	0	0	0	success	ew_sym_res	success	success	329.67099999999999	success	150.43890382652972	5.2652381048504805e-09	-7.6714903499829051e-09	5.1425214047243508e-09	5.2652379622300375e-09	3.5169813318817576e-08	2.7147997870588276	24.233339297331128	-3.6019958556984171e-08	success	success	150.42817193021997	5.2652381048504805e-09	-7.6714903499829051e-09	5.1425214047243508e-09	5.2652379622300375e-09	3.6322920600602225e-08	2.8351797111095998	25.316044218668345	-6.9845274996345535e-08	success	150.42854538477491	5.2652381048504805e-09	-7.6714903499829051e-09	5.1425214047243508e-09	5.2652379622300375e-09	-6.6644599756653579e-08	2.831319379410854	25.281303830713529	-8.7228711020989467e-08	success	150.4254688569161	5.2652381048504805e-09	-7.6714903499829051e-09	5.1425214047243508e-09	5.2652379622300375e-09	-7.2400028304862082e-08	2.8626648281700766	25.563429640820573	-1.6571013312525979e-10	success	150.42526031998074	5.2652381048504805e-09	-7.6714903499829051e-09	5.1425214047243508e-09	5.2652379622300375e-09	-1.9020723839323601e-08	2.8646397041788347	25.581208449427958	-6.7462432269217925e-08	success	150.42546875081121	150.42546875081121	0.94999999999999996	7.3847928779695446e-05	1822483.2617457621	0	0.00011753207166724661	0.10000000000000001	0.57741522796870237	0.57737232313304976	5.0395485450494455	0	2.2558909126400359	14.378268846178891	1.9708441001153478e-30	0.00011145400530194238	24.814800039040396	9.3826323981823801e-38	0	4.4138595235799658e-25	2.2273391049548188e-27	4.4254748754776817e-25	0-(0)->1	nan	nan	nan	nan	nan	nan	nan	nan	nan	nan	nan	nan	nan	nan	nan	nan	nan	nan	nan	nan	nan	nan	nan	nan	nan	nan	nan	nan	nan	nan	nan	nan	nan	nan	nan	nan	nan	nan	nan	nan	nan	nan	nan	nan	nan	nan	nan	nan	nan	nan	nan	nan	nan	nan	nan	nan	nan	nan	nan	nan	nan	nan	nan	nan	nan	nan	nan	nan	nan	nan	nan	nan	nan	nan	nan	nan	nan	nan	nan	nan	nan	nan	nan	nan	nan	nan	nan	nan	nan	nan	nan	nan	nan	nan	nan	nan	nan	nan	nan	nan	nan	nan	nan	nan	nan	nan	nan	nan	nan	nan	nan	nan	nan	nan	nan	nan	nan	nan	nan	nan	nan	nan	nan	nan	nan	nan	nan	nan	nan	nan	nan	nan	nan	nan	nan	nan	nan	nan	nan	nan	nan	nan	nan	nan	nan	nan	nan	nan	single_step	4.425474875477682e-25	typeI_mH62-125/random_20260901_123251.md
1.249483646178002e+02	2.301625471202860e+02	1.527759653795568e+02	1.475979520582327e+03	1.246579022904126e-01	1.057017883342730e+01	3.299482110697364e-25	-2.448155422197574e+01	success	0	0	0	true	2.108114166708876e-02	true	3.080296090346751e+00	true	3.309432900000000e-04	3.469185250000000e-09	9.031711247204985e-01	4.376620898483924e-03	true	7.678064718829116e+00	8.033924400478944e+01	2.493375988666807e+00	2.316399720612505e-01	true	true	7.712613549486073e-01	7.712613549486073e-01	3.583754311070059e-01	0.000000000000000e+00	3.879946969530732e+00	3.879946969530732e+00	3.355665421085926e-01	0.000000000000000e+00	CMS:2012qwq	CMS:2012qwq	ATLAS:2022enb		LHC8 [vbfH;HW;Htt;H;HZ]>[bb;tautau;WW;ZZ;gamgam]	LHC8 [vbfH;HW;Htt;H;HZ]>[bb;tautau;WW;ZZ;gamgam]	LHC13 [H]->X1->Z(X2->[bb])		3.383511305076695e+00	true	all checks passed	1	2.111880364384904e-02	2.581688383648076e-01	5.117525087771611e-01	3.641154501383634e-01	-6.152719019418245e-01	1.475979520582327e+03	1.057017883342730e+01	-928.60576439329566	-693.22842455619866	-115.39294499759893	2.1219520254880049	-0.018669233317010255	0.025119630935445055	0	-0.038041586437964778	0	0	0	success	ew_sym_res	success	success	374.721	success	148.99118838567244	-1.2268523869388191e-08	-7.5234273657146645e-08	2.4897136305269144e-09	-1.2268523869388826e-08	3.3324916339002241e-08	3.434141404527471	23.575752918956862	-9.1974438871846583e-09	success	success	148.98132939124713	-1.2268523869388191e-08	-7.5234273657146645e-08	2.4897136305269144e-09	-1.2268523869388826e-08	-4.1895568352948539e-08	3.584900696453178	24.61718561226316	-2.793367366141268e-08	success	148.98167453804029	-1.2268523869388191e-08	-7.5234273657146645e-08	2.4897136305269144e-09	-1.2268523869388826e-08	-2.1488093147847305e-09	3.5800313290147563	24.583531293746564	3.2235396537489406e-09	success	148.97883109491528	-1.2268523869388191e-08	-7.5234273657146645e-08	2.4897136305269144e-09	-1.2268523869388826e-08	-2.4042605725487665e-08	3.6195306780584113	24.856560796662247	9.4247092836966754e-09	success	148.97864038023693	-1.2268523869388191e-08	-7.5234273657146645e-08	2.4897136305269144e-09	-1.2268523869388826e-08	-5.04161363980815e-08	3.6221212666538518	24.87447035078964	6.4680888891593868e-09	success	148.97883109491528	148.97883109491528	0.94999999999999996	7.5549972369713263e-05	1978036.0444723016	0	0.00012000016699731607	0.10000000000000001	0.5771679663315894	0.57712556662667747	5.4168653808044205	0	2.4173922295821981	15.397426134361734	1.8060278451001578e-30	0.00012206328753163872	26.591314525404176	8.7440865330277088e-38	0	3.2893746935214654e-25	1.9370763349895981e-27	3.2994821106973637e-25	0-(0)->1	nan	nan	nan	nan	nan	nan	nan	nan	nan	nan	nan	nan	nan	nan	nan	nan	nan	nan	nan	nan	nan	nan	nan	nan	nan	nan	nan	nan	nan	nan	nan	nan	nan	nan	nan	nan	nan	nan	nan	nan	nan	nan	nan	nan	nan	nan	nan	nan	nan	nan	nan	nan	nan	nan	nan	nan	nan	nan	nan	nan	nan	nan	nan	nan	nan	nan	nan	nan	nan	nan	nan	nan	nan	nan	nan	nan	nan	nan	nan	nan	nan	nan	nan	nan	nan	nan	nan	nan	nan	nan	nan	nan	nan	nan	nan	nan	nan	nan	nan	nan	nan	nan	nan	nan	nan	nan	nan	nan	nan	nan	nan	nan	nan	nan	nan	nan	nan	nan	nan	nan	nan	nan	nan	nan	nan	nan	nan	nan	nan	nan	nan	nan	nan	nan	nan	nan	nan	nan	nan	nan	nan	nan	nan	nan	nan	nan	nan	nan	single_step	3.299482110697364e-25	typeI_mH62-125/random_20260901_123251.md
1.155960374744442e+02	2.749653054860094e+02	2.740916673409351e+02	1.178970203059184e+03	7.109941806132747e-02	8.498653124770586e+00	1.780587217078900e-20	-1.974943674876962e+01	success	0	0	0	true	2.576585420290020e-01	true	1.346517491360209e+01	true	3.309110930000000e-04	3.469681880000000e-09	9.063948932261786e-01	4.606140313132073e-03	true	2.135444921854093e-01	8.036232744575673e+01	2.494479523815063e+00	2.314723864724593e-01	true	true	7.721733046152590e-01	7.505991956247764e-01	4.912182460979675e-01	1.064760956798970e-03	1.260959773101073e+00	3.776002850020426e+00	6.740127223216574e-01	7.966189364969210e-04	ATLAS:2014vuz	CMS:2012qwq	CMS:2019qcx	ATLAS:2021upq	LHC8 [HW;HZ]>[bb]	LHC8 [vbfH;HW;Htt;H;HZ]>[bb;tautau;WW;ZZ;gamgam]	LHC13 [ggH]->X1->Z(X2->[bb])	LHC13 [Hpmtb>tb]	5.151223577951242e+00	true	all checks passed	1	4.140839886623733e+00	2.581188553353317e-01	2.374224826464925e+00	-1.065638539091943e+00	-1.081491441308897e+00	1.178970203059184e+03	8.498653124770586e+00	6557.8089404474176	662.65872741138742	169.73964543531187	-1.3781402419660076	-0.033778256706551858	0.015879946762794077	0	-0.0016318831939824336	0	0	0	success	non_bfb	success	success	509.05700000000002	success	159.76634087826463	0	0	0	0	-4.7278164951943279e-08	8.7918034091341291	48.766956223370904	2.4348983517694401e-08	success	success	159.71162125323943	0	0	0	0	-3.4810113555614543e-09	9.4125443297623885	52.059080751881517	1.2262173193428786e-09	success	159.71357653371922	0	0	0	0	7.1830847617138455e-09	9.3928842624038662	51.955092010675138	-1.0838559243703627e-08	success	159.69956841747347	0	0	0	0	1.5494729188022339e-08	9.53066941741492	52.683507630331853	-3.0059424898590031e-09	success	159.69854738568245	0	0	0	0	-2.8418768928089448e-08	9.540420591081423	52.735026704728995	1.4037472792042073e-08	success	159.69956845464515	159.69956845464515	0.94999999999999996	0.00021277159495385493	394862.89374970255	0	0.00033835604220469514	0.10000000000000001	0.5774282683853752	0.57730126193289566	1.1594650869825331	0	0.51933197395647546	3.3094113614212279	9.718235873226166e-28	7.3890553918954689e-05	5.7126517135212307	1.3724628739036827e-34	0	1.7798497608808957e-20	1.4152582601670923e-23	1.7805872170789e-20	0-(0)->1	nan	nan	nan	nan	nan	nan	nan	nan	nan	nan	nan	nan	nan	nan	nan	nan	nan	nan	nan	nan	nan	nan	nan	nan	nan	nan	nan	nan	nan	nan	nan	nan	nan	nan	nan	nan	nan	nan	nan	nan	nan	nan	nan	nan	nan	nan	nan	nan	nan	nan	nan	nan	nan	nan	nan	nan	nan	nan	nan	nan	nan	nan	nan	nan	nan	nan	nan	nan	nan	nan	nan	nan	nan	nan	nan	nan	nan	nan	nan	nan	nan	nan	nan	nan	nan	nan	nan	nan	nan	nan	nan	nan	nan	nan	nan	nan	nan	nan	nan	nan	nan	nan	nan	nan	nan	nan	nan	nan	nan	nan	nan	nan	nan	nan	nan	nan	nan	nan	nan	nan	nan	nan	nan	nan	nan	nan	nan	nan	nan	nan	nan	nan	nan	nan	nan	nan	nan	nan	nan	nan	nan	nan	nan	nan	nan	nan	nan	nan	single_step	1.780587217078900e-20	typeI_mH62-125/random_20260831_095833.md
1.077049968693094e+02	2.130412359934982e+02	1.902245860122718e+02	1.017943735742100e+03	1.054779630397146e-01	5.927825045660233e+00	9.153794241889286e-25	-2.403839885382880e+01	success	0	0	0	true	2.572010812262056e-01	true	1.089203153739221e+01	true	3.283069030000000e-04	3.506883840000000e-09	1.186161394602242e+00	3.847528243930567e-02	true	3.644637670156196e+00	8.034651179940887e+01	2.493596550870083e+00	2.315659268052516e-01	true	true	5.065664854046029e-01	7.337886149532361e-01	1.412348297920672e-01	4.767385955104542e-01	4.377581359571582e-01	3.691434679822218e+00	8.340703568197387e-02	4.362174031573416e-01	CMS:2015mca	CMS:2012qwq	CMS:2016xnc	ATLAS:2018gfm	2d likelihood {LHC8 [ggH>tautau]; LHC8 [bbH>tautau]}	LHC8 [vbfH;HW;Htt;H;HZ]>[bb;tautau;WW;ZZ;gamgam]	LHC8 [H]->X1->Z(X2->[tautau])	LHC13 [Hpmtb>taunu]	6.078859012755203e+00	true	all checks passed	1	3.498489716686998e+00	2.576605772675884e-01	1.198544557008067e+00	-3.433522154372561e-01	-6.474428727872852e-01	1.017943735742100e+03	5.927825045660233e+00	2278.1488008072479	-590.50649234143827	58.071302135208754	0.30961906900236075	-0.01594125557953777	0.062129518732555275	0	-0.014676939067599181	0	0	0	success	ew_sym_res	success	success	416.90899999999999	success	157.56445190682007	-3.0078806472959146e-07	-1.0403114542081089e-06	-3.0086316391415803e-07	-3.0078806472959156e-07	-3.240837680351549e-09	8.9963247775785788	25.043420857336052	-3.728068303902876e-08	success	success	157.55007369007791	-3.0078806472959146e-07	-1.0403114542081089e-06	-3.0086316391415803e-07	-3.0078806472959156e-07	4.8964683831580486e-09	9.4130445142036532	26.235320052672211	5.2865348998447087e-09	success	157.55056825075854	-3.0078806472959146e-07	-1.0403114542081089e-06	-3.0086316391415803e-07	-3.0078806472959156e-07	6.8819883400363254e-09	9.3998319875420862	26.197454249314649	1.4460985073542086e-09	success	157.54651671477239	-3.0078806472959146e-07	-1.0403114542081089e-06	-3.0086316391415803e-07	-3.0078806472959156e-07	1.5469206203854576e-08	9.5064023227736882	26.503011945040221	-1.1392502011016558e-08	success	157.5462398863317	-3.0078806472959146e-07	-1.0403114542081089e-06	-3.0086316391415803e-07	-3.0078806472959156e-07	-3.5921740371702157e-08	9.5135458523832241	26.523505155300349	-9.5124323446170634e-09	success	157.54651671477239	157.54651671477239	0.94999999999999996	6.6817248657355307e-05	1434980.9688431132	0	0.00010636764670967096	0.10000000000000001	0.57743898809934979	0.57739998876669285	4.1566261527149893	0	1.8636273561946348	11.878998490396723	2.3009290264286417e-30	8.3318204719786985e-05	20.499900918140984	1.011184878174697e-37	0	9.1386600679405253e-25	2.9057064141682021e-27	9.153794241889286e-25	0-(0)->1	nan	nan	nan	nan	nan	nan	nan	nan	nan	nan	nan	nan	nan	nan	nan	nan	nan	nan	nan	nan	nan	nan	nan	nan	nan	nan	nan	nan	nan	nan	nan	nan	nan	nan	nan	nan	nan	nan	nan	nan	nan	nan	nan	nan	nan	nan	nan	nan	nan	nan	nan	nan	nan	nan	nan	nan	nan	nan	nan	nan	nan	nan	nan	nan	nan	nan	nan	nan	nan	nan	nan	nan	nan	nan	nan	nan	nan	nan	nan	nan	nan	nan	nan	nan	nan	nan	nan	nan	nan	nan	nan	nan	nan	nan	nan	nan	nan	nan	nan	nan	nan	nan	nan	nan	nan	nan	nan	nan	nan	nan	nan	nan	nan	nan	nan	nan	nan	nan	nan	nan	nan	nan	nan	nan	nan	nan	nan	nan	nan	nan	nan	nan	nan	nan	nan	nan	nan	nan	nan	nan	nan	nan	nan	nan	nan	nan	nan	nan	single_step	9.153794241889286e-25	typeI_mH62-125/random_20260831_095833.md
6.580150000000000e+01	2.959240000000000e+02	2.945310000000000e+02	2.422060000000000e+02	1.440250000000000e-01	6.255110000000000e+00	1.206147077007235e-09	-8.918599731301944e+00	success	0	0	0	true	2.466496956718565e-01	true	1.019146063465423e+01	true	3.297905400000000e-04	3.484393670000000e-09	1.022169954270362e+00	1.406569008405345e-02	true	2.738781206043644e-01	8.036352841024096e+01	2.494765528745238e+00	2.314283386795543e-01	true	true	6.944701443941299e-01	7.197925484815919e-01	6.944701443941299e-01	3.980272562945658e-03	6.597923311717054e-01	3.621025349257970e+00	6.597923311717054e-01	2.606559795802474e-03	CMS:2019ogx	CMS:2012qwq	CMS:2019ogx	ATLAS:2021upq	LHC13 [H]->X1->Z(X2->[bb])	LHC8 [vbfH;HW;Htt;H;HZ]>[bb;tautau;WW;ZZ;gamgam]	LHC13 [H]->X1->Z(X2->[bb])	LHC13 [Hpmtb>tb]	4.599980666043109e+00	true	all checks passed	1	2.533472882589388e+00	2.470903414040952e-01	3.182333784495772e+00	-1.394214086718820e+00	-1.421397106581335e+00	2.422060000000000e+02	6.255110000000000e+00	7051.6189081385082	1724.5064133018152	444.3987207924086	-1.6071066861997416	-0.05780909588701074	0.016252903923655544	0	-0.0024153096846694731	0	0	0	success	ew_sym_res	success	success	727.92100000000005	success	145.04031993000484	3.1434678737583323e-07	3.6504022140743348e-06	3.1448448644086801e-07	3.1434678737583296e-07	-1.1875268792856109e-09	101.1392353977071	58.656873455414022	-5.9548732543475357e-10	success	success	141.06741153127615	3.1434678737583323e-07	3.6504022140743348e-06	3.1448448644086801e-07	3.1434678737583296e-07	-8.5210844373222424e-11	104.52709996784512	76.95217446762382	9.332165384608395e-10	success	141.2254052461906	3.1434678737583323e-07	3.6504022140743348e-06	3.1448448644086801e-07	3.1434678737583296e-07	-1.8476381421476647e-10	104.45843449481951	76.171638762371302	3.0913928964150542e-10	success	140.61536175499901	3.1434678737583323e-07	3.6504022140743348e-06	3.1448448644086801e-07	3.1434678737583296e-07	1.8439166955097252e-10	104.69615845184676	79.20517572353333	4.9477327663804281e-11	success	140.55445291903078	3.1434678737583323e-07	3.6504022140743348e-06	3.1448448644086801e-07	3.1434678737583296e-07	3.8810481750285443e-11	104.71588108155348	79.51085473190858	-2.5100900572661929e-10	success	140.6152525338689	140.6152525338689	0.94999999999999996	0.0012035962605100661	5856.9262164239708	0	0.0019018105505102098	0.10000000000000001	0.57730206834452347	0.57673040680890952	0.015135041772080991	0	0.0067441032647195679	0.042910661746586878	4.4346301002138771e-22	5.4079580948585301e-06	0.074185135911915237	6.365912517118308e-28	0	1.2061427561722379e-09	5.0305997271696359e-15	1.2061470770072349e-09	0-(0)->1	nan	nan	nan	nan	nan	nan	nan	nan	nan	nan	nan	nan	nan	nan	nan	nan	nan	nan	nan	nan	nan	nan	nan	nan	nan	nan	nan	nan	nan	nan	nan	nan	nan	nan	nan	nan	nan	nan	nan	nan	nan	nan	nan	nan	nan	nan	nan	nan	nan	nan	nan	nan	nan	nan	nan	nan	nan	nan	nan	nan	nan	nan	nan	nan	nan	nan	nan	nan	nan	nan	nan	nan	nan	nan	nan	nan	nan	nan	nan	nan	nan	nan	nan	nan	nan	nan	nan	nan	nan	nan	nan	nan	nan	nan	nan	nan	nan	nan	nan	nan	nan	nan	nan	nan	nan	nan	nan	nan	nan	nan	nan	nan	nan	nan	nan	nan	nan	nan	nan	nan	nan	nan	nan	nan	nan	nan	nan	nan	nan	nan	nan	nan	nan	nan	nan	nan	nan	nan	nan	nan	nan	nan	nan	nan	nan	nan	nan	nan	single_step	1.206147077007235e-09	random_20260820_005445.md
9.059814283212802e+01	2.056124394963653e+02	1.914108004643792e+02	6.159801359160294e+02	7.656893061945902e-02	7.912617453256711e+00	8.479673034396315e-32	-3.107162089327337e+01	success	0	0	0	true	2.555269324384187e-01	true	1.187782291965113e+01	true	3.301256690000000e-04	3.481438380000000e-09	9.868154312951857e-01	1.175233932252577e-02	true	1.858075777163526e+00	8.035154409845886e+01	2.493914148799259e+00	2.315248538036653e-01	true	true	2.394619584627532e-01	7.482828051380565e-01	2.394619584627532e-01	1.655067158190059e-03	3.132707857693117e-01	3.764349897112138e+00	3.132707857693117e-01	1.517582783509224e-03	CMS:2019ogx	CMS:2012qwq	CMS:2019ogx	ATLAS:2018gfm	LHC13 [H]->X1->Z(X2->[bb])	LHC8 [vbfH;HW;Htt;H;HZ]>[bb;tautau;WW;ZZ;gamgam]	LHC13 [H]->X1->Z(X2->[bb])	LHC13 [Hpmtb>taunu]	5.613088758206459e+00	true	all checks passed	1	3.819346891308577e+00	2.559834375719213e-01	1.323009357118693e+00	-4.304291556634087e-01	-6.167726265217637e-01	6.159801359160294e+02	7.912617453256711e+00	2514.717659603476	-577.39982704944657	100.02909143700035	-0.093733918478658501	-0.013641601102552678	0.077658297655821731	0	-0.010453178600645371	0	0	0	success	ew_sym_res	success	success	293.221	success	162.60425327666843	6.2307625207172871e-07	1.7317312154442486e-06	6.2314099210744746e-07	6.230762520717286e-07	-7.9690479059444347e-10	5.978458779341925	6.9225352493695453	-8.1502492536517818e-09	success	success	162.60130398358754	6.2307625207172871e-07	1.7317312154442486e-06	6.2314099210744746e-07	6.230762520717286e-07	-2.2096724972282433e-09	6.0999870256889759	7.0706900400239707	-8.592178054954938e-10	success	162.60139745684887	6.2307625207172871e-07	1.7317312154442486e-06	6.2314099210744746e-07	6.230762520717286e-07	2.3708243840989421e-08	6.0974690548794834	7.0676030031696175	4.8136007165378445e-09	success	162.60048513853832	6.2307625207172871e-07	1.7317312154442486e-06	6.2314099210744746e-07	6.230762520717286e-07	9.4159302173963418e-09	6.1319618352790171	7.1097583071873922	-7.7681937071276443e-09	success	162.60042705459648	6.2307625207172871e-07	1.7317312154442486e-06	6.2314099210744746e-07	6.230762520717286e-07	8.72390619568756e-11	6.1342409576289576	7.1125440829724189	-1.5418355737617953e-08	success	162.60048513853832	162.60048513853832	0.94999999999999996	4.6278236755412028e-06	7060242.450033051	0	7.369103609812226e-06	0.10000000000000001	0.57742199789326731	0.57741950440050882	21.109414184907465	0	9.4687077954433647	60.357912665272394	2.790429851136042e-35	2.932457375798393e-05	104.15578574987701	9.6080227468537954e-44	0	8.4513113423190154e-32	5.4340520162606129e-34	8.4796730343963148e-32	0-(0)->1	nan	nan	nan	nan	nan	nan	nan	nan	nan	nan	nan	nan	nan	nan	nan	nan	nan	nan	nan	nan	nan	nan	nan	nan	nan	nan	nan	nan	nan	nan	nan	nan	nan	nan	nan	nan	nan	nan	nan	nan	nan	nan	nan	nan	nan	nan	nan	nan	nan	nan	nan	nan	nan	nan	nan	nan	nan	nan	nan	nan	nan	nan	nan	nan	nan	nan	nan	nan	nan	nan	nan	nan	nan	nan	nan	nan	nan	nan	nan	nan	nan	nan	nan	nan	nan	nan	nan	nan	nan	nan	nan	nan	nan	nan	nan	nan	nan	nan	nan	nan	nan	nan	nan	nan	nan	nan	nan	nan	nan	nan	nan	nan	nan	nan	nan	nan	nan	nan	nan	nan	nan	nan	nan	nan	nan	nan	nan	nan	nan	nan	nan	nan	nan	nan	nan	nan	nan	nan	nan	nan	nan	nan	nan	nan	nan	nan	nan	nan	single_step	8.479673034396315e-32	typeI_mH62-125/random_20260831_095833.md
1.222751961287711e+02	3.267581396754530e+02	1.167188147641081e+02	2.197933519571689e+03	1.766090186472461e-01	6.829449824002052e+00	2.987664349479098e-19	-1.852466819512877e+01	success	0	0	0	true	6.603329588526202e-03	true	7.874050343835347e+00	true	3.283243910000000e-04	3.505446170000000e-09	1.184157361553688e+00	3.655502696395832e-02	true	9.312498678924129e-01	8.035676646762539e+01	2.494486146946924e+00	2.316044700369931e-01	true	true	7.492341701019246e-01	7.084126372767459e-01	4.349969355011912e-01	0.000000000000000e+00	2.229059979501234e+00	3.563776983694893e+00	5.582428959606333e-01	0.000000000000000e+00	CMS:2013zmy	CMS:2012qwq	CMS:2019qcx		LHC8 [ggH;vbfH;HW;HZ]>[WW]	LHC8 [vbfH;HW;Htt;H;HZ]>[bb;tautau;WW;ZZ;gamgam]	LHC13 [ggH]->X1->Z(X2->[bb])		3.206134538167504e+00	true	all checks passed	1	6.615126598831954e-03	2.571544770289387e-01	2.202483042346312e-01	1.567466898065488e+00	-1.510978475859578e+00	2.197933519571689e+03	6.829449824002052e+00	-5961.0226916638321	-92.822530263596178	-1019.7848028371778	5.4510946878461102	-0.038568095428834673	0.10209809115049419	0	-0.23289752356759905	0	0	0	success	ew_sym_res	success	success	383.43000000000001	success	141.53720465541892	-4.7528065322572993e-07	-7.6956064850678424e-11	-4.752806565175455e-07	-4.7528065322572982e-07	-1.9900385708171067e-09	15.386493645617945	50.1241353282063	2.3967287855387478e-09	success	success	141.48547817533543	-4.7528065322572993e-07	-7.6956064850678424e-11	-4.752806565175455e-07	-4.7528065322572982e-07	-1.4734608408145628e-08	16.266730472034126	53.759944163638743	-4.1113329277395595e-10	success	141.487446581586	-4.7528065322572993e-07	-7.6956064850678424e-11	-4.752806565175455e-07	-4.7528065322572982e-07	1.7945232165832925e-08	16.238085124485657	53.639440837470488	-2.4042885749269138e-09	success	141.47424898605829	-4.7528065322572993e-07	-7.6956064850678424e-11	-4.752806565175455e-07	-4.7528065322572982e-07	5.3198657306797327e-09	16.424764297955377	54.427477661382966	-9.9715808124098105e-10	success	141.47328487325939	-4.7528065322572993e-07	-7.6956064850678424e-11	-4.752806565175455e-07	-4.7528065322572982e-07	-1.9926355510452699e-08	16.437932410843981	54.483309223842355	-2.047014625248119e-08	success	141.47424908510931	141.47424908510931	0.94999999999999996	0.0004287606542234323	370657.02884992672	0	0.00067954858386031554	0.10000000000000001	0.57717389880992143	0.57693557668419437	0.96370172799878961	0	0.43133766214042035	2.7459786663074617	9.3420669395982585e-27	0.00012344919997217047	4.7447142835446243	2.5562977366552968e-33	0	2.9860086909091736e-19	3.1737531316906714e-22	2.9876643494790975e-19	0-(0)->1	nan	nan	nan	nan	nan	nan	nan	nan	nan	nan	nan	nan	nan	nan	nan	nan	nan	nan	nan	nan	nan	nan	nan	nan	nan	nan	nan	nan	nan	nan	nan	nan	nan	nan	nan	nan	nan	nan	nan	nan	nan	nan	nan	nan	nan	nan	nan	nan	nan	nan	nan	nan	nan	nan	nan	nan	nan	nan	nan	nan	nan	nan	nan	nan	nan	nan	nan	nan	nan	nan	nan	nan	nan	nan	nan	nan	nan	nan	nan	nan	nan	nan	nan	nan	nan	nan	nan	nan	nan	nan	nan	nan	nan	nan	nan	nan	nan	nan	nan	nan	nan	nan	nan	nan	nan	nan	nan	nan	nan	nan	nan	nan	nan	nan	nan	nan	nan	nan	nan	nan	nan	nan	nan	nan	nan	nan	nan	nan	nan	nan	nan	nan	nan	nan	nan	nan	nan	nan	nan	nan	nan	nan	nan	nan	nan	nan	nan	nan	single_step	2.987664349479098e-19	typeI_mH62-125/random_20260831_095833.md
7.162584737074098e+01	4.162341335007673e+02	4.085161421705914e+02	6.211094965214281e+01	1.546881704039398e-01	5.725825420478090e+00	8.235143151691298e-25	-2.408432884707720e+01	success	0	0	0	true	2.468756382146979e-01	true	1.533285727402348e+01	true	3.301169180000000e-04	3.479697360000000e-09	9.877307086391273e-01	1.048672046337235e-02	true	3.224694371832090e+00	8.034790710211206e+01	2.493806333681786e+00	2.315160035768167e-01	true	true	7.525760851287544e-01	7.123778539153285e-01	7.525760851287544e-01	5.825861616644214e-04	1.232754159050345e+00	3.583724606095120e+00	1.232754159050345e+00	4.055367290186935e-04	CMS:2019ogx	CMS:2012qwq	CMS:2019ogx	ATLAS:2021upq	LHC13 [H]->X1->Z(X2->[bb])	LHC8 [vbfH;HW;Htt;H;HZ]>[bb;tautau;WW;ZZ;gamgam]	LHC13 [H]->X1->Z(X2->[bb])	LHC13 [Hpmtb>tb]	3.884112180343607e+00	true	all checks passed	1	3.274419244929091e+00	2.473166875988324e-01	5.821605216530298e+00	-2.646466041578141e+00	-2.856837364110752e+00	6.211094965214281e+01	5.725825420478090e+00	20643.781217187912	9231.2453389997081	1065.5168102129953	-3.468133979530442	-0.36399326011065614	-0.37384523800967545	0	0.00050822927445591569	0	0	0	success	non_bfb	success	success	356.46699999999998	success	109.23891004013635	7.4260925174904867e-11	138.98665508439214	180.58447609955437	-2.4715618038484779e-10	2.1248534759877019e-10	119.40701924642934	197.6961457985461	1.1027513012472123e-10	success	success	109.2369026146304	-3.5567230727579811e-11	138.36500849962729	181.17312610549345	1.5070044089072649e-11	1.0161252627995918e-12	118.92915224085526	198.07952797934263	7.6354999000488215e-11	success	109.23696784414307	-5.3666376808723068e-11	138.3869355282184	181.15241752121202	-1.2731907307667701e-10	4.6367086513067365e-11	118.9433209036076	198.06818250667632	-2.7526481371402194e-11	success	109.23645236076464	1.8633002865429946e-10	138.20625407021674	181.32294088557612	9.9270687616005227e-11	2.6730115627522586e-10	118.83101549501254	198.1580738509526	2.7125077319459416e-10	success	109.23642146062673	-8.1074506678044822e-11	138.19490357332953	181.33364427524558	-6.6661213666064507e-11	9.0504699966228978e-11	118.82442553412608	198.16334599372581	6.3688579701344485e-11	success	109.23645236076464	109.23645236076464	0.94999999999999996	0.00083562903403244001	8979137.1246015001	2.9072626764318616e-05	0.0013198193446901818	0.10000000000000001	0.5770486848456734	0.57660444756118323	17.996039189901218	5.8643313092440513e-36	8.0050492237058677	50.91649266341134	1.2429188491181647e-28	0.0044564896162396419	88.055541460764559	6.3347653382977552e-35	1.0956970482181392e-29	6.2440889084874816e-25	2.6587875697539657e-25	8.235143151691298e-25	0-(0)->1	nan	nan	nan	nan	nan	nan	nan	nan	nan	nan	nan	nan	nan	nan	nan	nan	nan	nan	nan	nan	nan	nan	nan	nan	nan	nan	nan	nan	nan	nan	nan	nan	nan	nan	nan	nan	nan	nan	nan	nan	nan	nan	nan	nan	nan	nan	nan	nan	nan	nan	nan	nan	nan	nan	nan	nan	nan	nan	nan	nan	nan	nan	nan	nan	nan	nan	nan	nan	nan	nan	nan	nan	nan	nan	nan	nan	nan	nan	nan	nan	nan	nan	nan	nan	nan	nan	nan	nan	nan	nan	nan	nan	nan	nan	nan	nan	nan	nan	nan	nan	nan	nan	nan	nan	nan	nan	nan	nan	nan	nan	nan	nan	nan	nan	nan	nan	nan	nan	nan	nan	nan	nan	nan	nan	nan	nan	nan	nan	nan	nan	nan	nan	nan	nan	nan	nan	nan	nan	nan	nan	nan	nan	nan	nan	nan	nan	nan	nan	single_step	8.235143151691298e-25	typeI_mH62-125/random_20260831_095833.md
1.229462858195677e+02	2.954636624266753e+02	9.684904870935620e+01	2.069973823645106e+03	1.502654333402795e-01	5.161363809758157e+00	1.167667645870462e-22	-2.193268075320332e+01	success	0	0	0	true	2.595655382248359e-01	true	6.578823712681988e+00	true	3.246517960000000e-04	3.556639920000000e-09	1.642202321400604e+00	1.352208387349156e-01	true	6.436234278264635e+00	8.038499986175771e+01	2.495983341321977e+00	2.314739526718633e-01	true	true	7.494613470663487e-01	7.105978435223383e-01	4.049961657295906e-01	0.000000000000000e+00	2.230153786019784e+00	3.574769994424637e+00	4.577331369120036e-01	0.000000000000000e+00	CMS:2013zmy	CMS:2012qwq	CMS:2019qcx		LHC8 [ggH;vbfH;HW;HZ]>[WW]	LHC8 [vbfH;HW;Htt;H;HZ]>[bb;tautau;WW;ZZ;gamgam]	LHC13 [ggH]->X1->Z(X2->[bb])		5.878734141285520e+00	true	all checks passed	1	2.050387009899220e+00	2.600292584266527e-01	1.410625638457864e-01	1.315755156345081e+00	-1.259399763962842e+00	2.069973823645106e+03	5.161363809758157e+00	-3971.1683372896478	-539.49188547286394	-1121.5079088028876	2.8065306077153025	-0.027600954645356154	0.094620816512473949	0	-0.19491744621034393	0	0	0	success	ew_sym_res	success	success	876.35199999999998	success	149.95180833872018	-2.2913568343299393e-09	-7.2428490187965236e-11	-6.9872943892575538e-09	-2.2913286069338904e-09	8.06312855700501e-09	10.148689983664321	32.888625789088486	1.166262402651448e-08	success	success	149.92962025642063	-2.2913568343299393e-09	-7.2428490187965236e-11	-6.9872943892575538e-09	-2.2913286069338904e-09	-4.2594360847521897e-09	10.694094366181993	34.756035567517408	-7.7304535505234434e-09	success	149.93041698591003	-2.2913568343299393e-09	-7.2428490187965236e-11	-6.9872943892575538e-09	-2.2913286069338904e-09	-8.7329284213501469e-09	10.676413268241204	34.695241902679861	-7.4673528824920357e-09	success	149.92435525529078	-2.2913568343299393e-09	-7.2428490187965236e-11	-6.9872943892575538e-09	-2.2913286069338904e-09	6.4382238733480286e-09	10.807940187984981	35.147898700661685	-8.9144827703454506e-09	success	149.92393141914508	-2.2913568343299393e-09	-7.2428490187965236e-11	-6.9872943892575538e-09	-2.2913286069338904e-09	8.4254407563425232e-09	10.816861081341273	35.178636444591667	1.2841442218820125e-08	success	149.92435531338231	149.92435531338231	0.94999999999999996	0.00014414573464247685	892382.95440414501	0	0.00022929494106032055	0.10000000000000001	0.57740703590505971	0.57732377706990268	2.4593717209970167	0	1.102357277526147	7.0251289807014983	6.0782246263598941e-29	0.00010627606725348953	12.125930052787616	5.659262524397037e-36	0	1.1662360266289748e-22	2.7492694224132921e-25	1.1676676458704619e-22	0-(0)->1	nan	nan	nan	nan	nan	nan	nan	nan	nan	nan	nan	nan	nan	nan	nan	nan	nan	nan	nan	nan	nan	nan	nan	nan	nan	nan	nan	nan	nan	nan	nan	nan	nan	nan	nan	nan	nan	nan	nan	nan	nan	nan	nan	nan	nan	nan	nan	nan	nan	nan	nan	nan	nan	nan	nan	nan	nan	nan	nan	nan	nan	nan	nan	nan	nan	nan	nan	nan	nan	nan	nan	nan	nan	nan	nan	nan	nan	nan	nan	nan	nan	nan	nan	nan	nan	nan	nan	nan	nan	nan	nan	nan	nan	nan	nan	nan	nan	nan	nan	nan	nan	nan	nan	nan	nan	nan	nan	nan	nan	nan	nan	nan	nan	nan	nan	nan	nan	nan	nan	nan	nan	nan	nan	nan	nan	nan	nan	nan	nan	nan	nan	nan	nan	nan	nan	nan	nan	nan	nan	nan	nan	nan	nan	nan	nan	nan	nan	nan	single_step	1.167667645870462e-22	typeI_mH62-125/random_20260831_095833.md
1.017430000000000e+02	2.566340000000000e+02	2.586450000000000e+02	8.542200000000000e+02	1.094340000000000e-01	8.736370000000001e+00	1.414636322649723e-17	-1.684935519502791e+01	success	0	0	0	true	2.551447780266959e-01	true	1.304477745849717e+01	true	3.309219970000000e-04	3.469594200000000e-09	9.053024722105538e-01	4.565192314387647e-03	true	4.348409281531754e-01	8.036639129844450e+01	2.494696314137022e+00	2.314437555656167e-01	true	true	1.897831250979284e-01	7.563660120011138e-01	1.897831250979284e-01	1.006190153656755e-04	2.219278614277775e-01	1.237434285739186e+00	2.219278614277775e-01	1.727745103168188e-04	CMS:2019ogx	ATLAS:2014vuz	CMS:2019ogx	CMS:2020imj	LHC13 [H]->X1->Z(X2->[bb])	LHC8 [HW;HZ]>[bb]	LHC13 [H]->X1->Z(X2->[bb])	LHC13 [Hpmtb>tb]	4.437971494137230e+00	true	all checks passed	1	4.022594978736657e+00	2.556006004319668e-01	2.252737450237206e+00	-9.976353800715303e-01	-9.633890297179054e-01	8.542200000000000e+02	8.736370000000001e+00	5762.5403089898509	386.60749404938622	192.46961488367015	-1.6402438904066259	-0.026338961172646724	0.041527562849554993	0	0.00015006116483262238	0	0	0	success	non_bfb	success	success	214.649	success	158.04100344788361	0	0	0	0	1.0594648595068065e-08	16.993064869876736	64.438286918978918	-1.7944194806167698e-08	success	success	157.88180197350474	0	0	0	0	-2.0940918832940455e-08	18.306616877957655	68.870187732892603	-5.6914769115398912e-10	success	157.88735817814347	0	0	0	0	-1.1402382047621199e-08	18.258854838274463	68.716888593568015	1.4380298629599129e-08	success	157.85235150399794	0	0	0	0	-1.1775801193564755e-08	18.591371047124863	69.744001194841417	-9.0380638239851756e-09	success	157.84967134667485	0	0	0	0	-8.1918146282808339e-09	18.616359674237941	69.822814342702003	-1.0281531559774779e-08	success	157.85235150399794	157.85235150399794	0.94999999999999996	0.00038854940240505418	148826.76152028577	0	0.00061703955980759947	0.10000000000000001	0.57739980480732511	0.57717131154567392	0.43193783377006711	0	0.19318158005110664	1.2306087670546442	4.0272477199762131e-26	5.0154193403824241e-05	2.1249973805621729	1.0743471398828151e-32	0	1.4144794164659724e-17	2.9782269891011247e-21	1.414636322649723e-17	0-(0)->1	nan	nan	nan	nan	nan	nan	nan	nan	nan	nan	nan	nan	nan	nan	nan	nan	nan	nan	nan	nan	nan	nan	nan	nan	nan	nan	nan	nan	nan	nan	nan	nan	nan	nan	nan	nan	nan	nan	nan	nan	nan	nan	nan	nan	nan	nan	nan	nan	nan	nan	nan	nan	nan	nan	nan	nan	nan	nan	nan	nan	nan	nan	nan	nan	nan	nan	nan	nan	nan	nan	nan	nan	nan	nan	nan	nan	nan	nan	nan	nan	nan	nan	nan	nan	nan	nan	nan	nan	nan	nan	nan	nan	nan	nan	nan	nan	nan	nan	nan	nan	nan	nan	nan	nan	nan	nan	nan	nan	nan	nan	nan	nan	nan	nan	nan	nan	nan	nan	nan	nan	nan	nan	nan	nan	nan	nan	nan	nan	nan	nan	nan	nan	nan	nan	nan	nan	nan	nan	nan	nan	nan	nan	nan	nan	nan	nan	nan	nan	single_step	1.414636322649723e-17	typeI_mH62-125/random_20260831_184047.md
7.160060000000000e+01	3.064470000000000e+02	3.134880000000000e+02	3.179600000000000e+02	1.677650000000000e-01	7.318060000000000e+00	1.462843852608338e-17	-1.683480202901464e+01	success	0	0	0	true	2.459744954248526e-01	true	1.263707388744610e+01	true	3.260179630000000e-04	3.131371220000000e-09	1.463085940912382e+00	1.207185486852417e+00	true	3.575266488490452e+00	8.037825046159092e+01	2.495510062921590e+00	2.313535958339480e-01	true	true	8.497113922091930e-01	7.144154542772544e-01	5.197202249430102e-01	2.011706339114940e-03	5.392438376076751e-01	3.593975063088257e+00	5.114000226848936e-01	1.246899560777283e-03	LEPWorkingGroupforHiggsbosonsearches:2003ing	CMS:2012qwq	CMS:2019ogx	ATLAS:2021upq	LEP [eeHZ>bb]	LHC8 [vbfH;HW;Htt;H;HZ]>[bb;tautau;WW;ZZ;gamgam]	LHC13 [H]->X1->Z(X2->[bb])	LHC13 [Hpmtb>tb]	5.181986161988561e+00	true	all checks passed	1	3.373975880303385e+00	2.464139348952858e-01	3.578484961887305e+00	-1.656907089824913e+00	-1.512648965196715e+00	3.179600000000000e+02	7.318060000000000e+00	9215.6105016724086	2394.4140895564251	462.11717876993157	-2.6452790958391343	-0.077696622880504079	-0.015185544787779955	0	0.0041387264383807906	0	0	0	success	ew_sym_res	success	success	262.50299999999999	success	317.51623327502864	1.8920903056861103e-07	5.1214488603506485e-10	1.8920908289592723e-07	1.8920903056861101e-07	-9.4895686636176882e-10	101.99130303493861	3.6738792841935681	-2.8155179167548208e-09	success	success	305.67088240270505	1.8920903056861103e-07	5.1214488603506485e-10	1.8920908289592723e-07	1.8920903056861101e-07	3.5892318032337809e-09	107.62506169890659	4.2397269335332259	3.233834250271821e-09	success	305.97050133044752	1.8920903056861103e-07	5.1214488603506485e-10	1.8920908289592723e-07	1.8920903056861101e-07	-1.3947929971158375e-09	107.48656874395715	4.2244595721479454	-9.2130441413051224e-10	success	304.27421491712437	1.8920903056861103e-07	5.1214488603506485e-10	1.8920908289592723e-07	1.8920903056861101e-07	2.2521581722173574e-09	108.26782458223786	4.3115948238034916	4.3667177865251934e-10	success	304.09953905297834	1.8920903056861103e-07	5.1214488603506485e-10	1.8920908289592723e-07	1.8920903056861101e-07	2.1128960355449468e-09	108.3478752699713	4.320664465383059	-1.2241888568559336e-09	success	304.27420490493876	304.27420490493876	0.94999999999999996	1.4701285233912136e-05	4388.7156491266869	0	2.3392289423191253e-05	0.10000000000000001	0.57734023453320138	0.57733075330777173	0.024591338508037932	0	0.011034669464285583	0.070323323457172168	1.5943522004172168e-29	1.0852165747021901e-07	0.12138136410714141	2.519113731215036e-35	0	1.4628343811036497e-17	1.2204817858479703e-22	1.4628438526083377e-17	0-(0)->1	nan	nan	nan	nan	nan	nan	nan	nan	nan	nan	nan	nan	nan	nan	nan	nan	nan	nan	nan	nan	nan	nan	nan	nan	nan	nan	nan	nan	nan	nan	nan	nan	nan	nan	nan	nan	nan	nan	nan	nan	nan	nan	nan	nan	nan	nan	nan	nan	nan	nan	nan	nan	nan	nan	nan	nan	nan	nan	nan	nan	nan	nan	nan	nan	nan	nan	nan	nan	nan	nan	nan	nan	nan	nan	nan	nan	nan	nan	nan	nan	nan	nan	nan	nan	nan	nan	nan	nan	nan	nan	nan	nan	nan	nan	nan	nan	nan	nan	nan	nan	nan	nan	nan	nan	nan	nan	nan	nan	nan	nan	nan	nan	nan	nan	nan	nan	nan	nan	nan	nan	nan	nan	nan	nan	nan	nan	nan	nan	nan	nan	nan	nan	nan	nan	nan	nan	nan	nan	nan	nan	nan	nan	nan	nan	nan	nan	nan	nan	single_step	1.462843852608338e-17	typeI_mH62-125/random_20260815_194920.md
1.147780000000000e+02	2.728320000000000e+02	2.540800000000000e+02	1.017030000000000e+03	6.697250000000000e-02	9.566970000000000e+00	5.539115365161274e-27	-2.625655958955070e+01	success	0	0	0	true	2.575931344701299e-01	true	1.678620976731000e+01	true	3.311550720000000e-04	3.466531530000000e-09	8.821092945295974e-01	3.249601476110638e-03	true	5.608864839924246e+00	8.034245261641949e+01	2.493392204138364e+00	2.315825866113279e-01	true	true	7.724379429938650e-01	7.724379429938650e-01	4.081166230450980e-01	1.055976730281841e-04	1.261424289974650e+00	1.261424289974650e+00	5.195310906662598e-01	1.895293740608427e-04	ATLAS:2014vuz	ATLAS:2014vuz	CMS:2019qcx	CMS:2020imj	LHC8 [HW;HZ]>[bb]	LHC8 [HW;HZ]>[bb]	LHC13 [ggH]->X1->Z(X2->[bb])	LHC13 [Hpmtb>tb]	5.181926677693696e+00	true	all checks passed	1	5.374634590302130e+00	2.580533309242511e-01	2.036748798337561e+00	-7.409576094172240e-01	-1.067504434190837e+00	1.017030000000000e+03	9.566970000000000e+00	6648.6707190908683	350.75360544943726	121.78178989303652	-0.95427112822142435	-0.027100538101589893	0.038990135419120997	0	-0.011897725333010447	0	0	0	success	non_bfb	success	success	192.31	success	176.13169371799324	7.203188310641536e-09	8.181214885755601e-06	5.7134436867568236e-06	1.4787283623842801e-08	1.8125276184845463e-09	10.380053785940179	17.438940001367758	5.9954811376574962e-09	success	success	176.11434624760966	7.203188310641536e-09	8.181214885755601e-06	5.7134436867568236e-06	1.4787283623842801e-08	-1.0341626287757764e-10	10.75171592477543	18.13379993668233	1.7905119214879317e-08	success	176.11490039182399	7.203188310641536e-09	8.181214885755601e-06	5.7134436867568236e-06	1.4787283623842801e-08	8.1336101170551656e-09	10.740612494393179	18.112905991261343	-3.1854513736750217e-09	success	176.11014096705412	7.203188310641536e-09	8.181214885755601e-06	5.7134436867568236e-06	1.4787283623842801e-08	7.6217917853271495e-09	10.835290643680658	18.291301072685886	-1.2582819891990239e-09	success	176.10981582391111	7.203188310641536e-09	8.181214885755601e-06	5.7134436867568236e-06	1.4787283623842801e-08	7.9094510126534014e-09	10.841244412856147	18.302561554073034	4.4950735727324859e-09	success	176.11014096705412	176.11014096705412	0.94999999999999996	1.3619854587335662e-05	1366606.7215426869	0	2.168740632714233e-05	0.10000000000000001	0.5774286662520447	0.577420710776957	4.4264353603083793	0	1.9840508024105943	12.647296272295669	1.6820713503721521e-32	1.808365195717133e-05	21.82455882651654	1.9257697551004716e-40	0	5.5364123530229576e-27	5.1979494229402938e-30	5.5391153651612743e-27	0-(0)->1	nan	nan	nan	nan	nan	nan	nan	nan	nan	nan	nan	nan	nan	nan	nan	nan	nan	nan	nan	nan	nan	nan	nan	nan	nan	nan	nan	nan	nan	nan	nan	nan	nan	nan	nan	nan	nan	nan	nan	nan	nan	nan	nan	nan	nan	nan	nan	nan	nan	nan	nan	nan	nan	nan	nan	nan	nan	nan	nan	nan	nan	nan	nan	nan	nan	nan	nan	nan	nan	nan	nan	nan	nan	nan	nan	nan	nan	nan	nan	nan	nan	nan	nan	nan	nan	nan	nan	nan	nan	nan	nan	nan	nan	nan	nan	nan	nan	nan	nan	nan	nan	nan	nan	nan	nan	nan	nan	nan	nan	nan	nan	nan	nan	nan	nan	nan	nan	nan	nan	nan	nan	nan	nan	nan	nan	nan	nan	nan	nan	nan	nan	nan	nan	nan	nan	nan	nan	nan	nan	nan	nan	nan	nan	nan	nan	nan	nan	nan	single_step	5.539115365161274e-27	typeI_mH62-125/random_20260821_011644.md
7.347839999999999e+01	2.919990000000000e+02	2.780930000000000e+02	3.540150000000000e+02	1.225040000000000e-01	5.407920000000000e+00	3.557310623541860e-09	-8.448878210664599e+00	success	0	0	0	true	2.496349133663251e-01	true	9.014898567933196e+00	true	3.241256530000000e-04	3.154573680000000e-09	1.713942212400025e+00	1.037773014848303e+00	true	4.874117388710041e+00	8.034427708090875e+01	2.493580367576588e+00	2.315417624795032e-01	true	true	7.629662395118285e-01	7.246227550875880e-01	7.629662395118285e-01	7.186477278787102e-03	7.994487904052250e-01	3.645324434597713e+00	7.994487904052250e-01	5.346516667018952e-03	CMS:2019ogx	CMS:2012qwq	CMS:2019ogx	ATLAS:2021upq	LHC13 [H]->X1->Z(X2->[bb])	LHC8 [vbfH;HW;Htt;H;HZ]>[bb;tautau;WW;ZZ;gamgam]	LHC13 [H]->X1->Z(X2->[bb])	LHC13 [Hpmtb>tb]	4.107321064032391e+00	true	all checks passed	1	2.204396020521220e+00	2.500808922632097e-01	2.794370922347269e+00	-1.114218887174832e+00	-1.376222302866551e+00	3.540150000000000e+02	5.407920000000000e+00	5331.6573848814432	1220.2262907917923	328.33325720621616	-0.72400898383180068	-0.045646050527107289	0.026317436755826828	0	-0.013267108082741352	0	0	0	success	ew_sym_res	success	success	208.75700000000001	success	135.03047846510026	-1.0369394974547701e-08	6.0291369287922705e-10	-1.0361490520896887e-08	-1.0369394943176142e-08	7.799475631145002e-10	63.030577782952825	124.36866363928438	-5.3828657687472881e-10	success	success	132.86721967372	-1.0369394974547701e-08	6.0291369287922705e-10	-1.0361490520896887e-08	-1.0369394943176142e-08	1.1573276594702488e-09	64.126169216064056	138.91590416615048	6.9084951694322072e-10	success	132.95585353968062	-1.0369394974547701e-08	6.0291369287922705e-10	-1.0361490520896887e-08	-1.0369394943176142e-08	-2.5489516471595764e-10	64.104387952275403	138.40623047616279	-1.117835188999317e-09	success	132.59643101921935	-1.0369394974547701e-08	6.0291369287922705e-10	-1.0361490520896887e-08	-1.0369394943176142e-08	-3.4774235385151072e-10	64.184564331436846	140.44175438863866	-7.4155576201168506e-10	success	132.56239980033448	-1.0369394974547701e-08	6.0291369287922705e-10	-1.0361490520896887e-08	-1.0369394943176142e-08	-9.0936150725520003e-10	64.191084182643493	140.63039554203337	1.1873205515315269e-09	success	132.59644059204561	132.59644059204561	0.94999999999999996	0.0029644945922277883	9845.2209467660869	0	0.0046352865563901837	0.10000000000000001	0.57735255472041513	0.57581676787386527	0.023984291152776699	0	0.010715846150603859	0.068015165893657914	3.6071118161335751e-21	2.1035051557529504e-05	0.11787430765664245	8.0516898791755945e-27	0	3.5572792487541697e-09	4.0165745546342808e-14	3.5573106235418603e-09	0-(0)->1	nan	nan	nan	nan	nan	nan	nan	nan	nan	nan	nan	nan	nan	nan	nan	nan	nan	nan	nan	nan	nan	nan	nan	nan	nan	nan	nan	nan	nan	nan	nan	nan	nan	nan	nan	nan	nan	nan	nan	nan	nan	nan	nan	nan	nan	nan	nan	nan	nan	nan	nan	nan	nan	nan	nan	nan	nan	nan	nan	nan	nan	nan	nan	nan	nan	nan	nan	nan	nan	nan	nan	nan	nan	nan	nan	nan	nan	nan	nan	nan	nan	nan	nan	nan	nan	nan	nan	nan	nan	nan	nan	nan	nan	nan	nan	nan	nan	nan	nan	nan	nan	nan	nan	nan	nan	nan	nan	nan	nan	nan	nan	nan	nan	nan	nan	nan	nan	nan	nan	nan	nan	nan	nan	nan	nan	nan	nan	nan	nan	nan	nan	nan	nan	nan	nan	nan	nan	nan	nan	nan	nan	nan	nan	nan	nan	nan	nan	nan	single_step	3.557310623541860e-09	typeI_mH62-125/random_20260815_194920.md
1.052410000000000e+02	2.290790000000000e+02	2.042770000000000e+02	1.102390000000000e+03	1.819560000000000e-01	4.124190000000000e+00	2.805303747178752e-21	-2.055202010817548e+01	success	0	0	0	true	2.549590273317817e-01	true	7.372366508194519e+00	true	3.243398780000000e-04	3.559029190000000e-09	1.684547415664502e+00	1.413479699412148e-01	true	5.413471450223271e+00	8.034283712938574e+01	2.493315908907906e+00	2.315816879530294e-01	true	true	9.206923675994357e-01	7.284893112607659e-01	9.206923675994357e-01	3.188908481568063e-02	1.070747839511827e+00	1.191827284998721e+00	1.070747839511827e+00	3.871018805138118e-02	CMS:2019ogx	ATLAS:2014vuz	CMS:2019ogx	ATLAS:2021upq	LHC13 [H]->X1->Z(X2->[bb])	LHC8 [HW;HZ]>[bb]	LHC13 [H]->X1->Z(X2->[bb])	LHC13 [Hpmtb>tb]	5.437761388861617e+00	true	all checks passed	1	2.168987857191180e+00	2.554145178888790e-01	1.421972327353078e+00	-4.324018913110415e-01	-7.876168926991044e-01	1.102390000000000e+03	4.124190000000000e+00	1779.7072858527747	-449.06772347231032	45.910709762256133	0.11760513699038434	-0.01825562401657755	0.047154615952824115	0	-0.016131124390116911	0	0	0	success	ew_sym_res	success	success	177.81899999999999	success	146.4288537376807	-4.1987466539755057e-09	1.4845426772821302e-08	5.3665995162852679e-10	-4.1986989259364351e-09	-1.5127214647412932e-09	17.062506915399521	36.884872804148479	9.5759263140130324e-11	success	success	146.39593470394178	-4.1987466539755057e-09	1.4845426772821302e-08	5.3665995162852679e-10	-4.1986989259364351e-09	1.3308475134737546e-09	18.154692963308477	39.382978643622351	5.8141980021537337e-09	success	146.39715019933078	-4.1987466539755057e-09	1.4845426772821302e-08	5.3665995162852679e-10	-4.1986989259364351e-09	1.6912053237149446e-08	18.118583627888473	39.299947343692466	5.8259562755553675e-09	success	146.38840653710994	-4.1987466539755057e-09	1.4845426772821302e-08	5.3665995162852679e-10	-4.1986989259364351e-09	-1.4089102298656296e-08	18.372747026471838	39.885035394177926	-8.7505311264975492e-09	success	146.38778209932676	-4.1987466539755057e-09	1.4845426772821302e-08	5.3665995162852679e-10	-4.1986989259364351e-09	-1.6716410314702102e-09	18.390455015812783	39.925855842963244	1.078251761151762e-08	success	146.38840653710994	146.38840653710994	0.94999999999999996	0.00020494113351090504	591789.23999478295	0	0.00032604508410966662	0.10000000000000001	0.57746985463219536	0.57735299013496355	1.5923217940199701	0	0.71342830993128292	4.5469095182072277	3.963929143239562e-28	9.7792489432641796e-05	7.8477114092441118	5.2643062129848189e-35	0	2.8032459393366894e-21	3.9515797879179946e-24	2.8053037471787517e-21	0-(0)->1	nan	nan	nan	nan	nan	nan	nan	nan	nan	nan	nan	nan	nan	nan	nan	nan	nan	nan	nan	nan	nan	nan	nan	nan	nan	nan	nan	nan	nan	nan	nan	nan	nan	nan	nan	nan	nan	nan	nan	nan	nan	nan	nan	nan	nan	nan	nan	nan	nan	nan	nan	nan	nan	nan	nan	nan	nan	nan	nan	nan	nan	nan	nan	nan	nan	nan	nan	nan	nan	nan	nan	nan	nan	nan	nan	nan	nan	nan	nan	nan	nan	nan	nan	nan	nan	nan	nan	nan	nan	nan	nan	nan	nan	nan	nan	nan	nan	nan	nan	nan	nan	nan	nan	nan	nan	nan	nan	nan	nan	nan	nan	nan	nan	nan	nan	nan	nan	nan	nan	nan	nan	nan	nan	nan	nan	nan	nan	nan	nan	nan	nan	nan	nan	nan	nan	nan	nan	nan	nan	nan	nan	nan	nan	nan	nan	nan	nan	nan	single_step	2.805303747178752e-21	typeI_mH62-125/random_20260901_134416.md
6.981710000000000e+01	3.028840000000000e+02	2.875440000000000e+02	5.003310000000000e+02	1.258720000000000e-01	5.961060000000000e+00	2.417979311722023e-08	-7.616547419291377e+00	success	0	0	0	true	2.484150682656580e-01	true	8.139065286259402e+00	true	3.248703170000000e-04	3.145426040000000e-09	1.612857622383632e+00	1.103035637456379e+00	true	6.592115794379083e+00	8.034114077681168e+01	2.493461981228665e+00	2.315546967148128e-01	true	true	8.077023414337682e-01	7.259526397315313e-01	8.077023414337682e-01	4.835647793117005e-03	7.567297221127943e-01	3.652014620565136e+00	7.567297221127943e-01	3.361130633880022e-03	CMS:2019ogx	CMS:2012qwq	CMS:2019ogx	ATLAS:2021upq	LHC13 [H]->X1->Z(X2->[bb])	LHC8 [vbfH;HW;Htt;H;HZ]>[bb;tautau;WW;ZZ;gamgam]	LHC13 [H]->X1->Z(X2->[bb])	LHC13 [Hpmtb>tb]	4.144520243860313e+00	true	all checks passed	1	1.681496377884104e+00	2.488588678793444e-01	2.982413027008101e+00	-1.165938761294518e+00	-1.465270029719398e+00	5.003310000000000e+02	5.961060000000000e+00	5519.8384611604688	1556.1163757728823	316.21498695202763	-1.0941329470242371	-0.054391638295824225	0.019771187391453955	0	-0.015612759390146622	0	0	0	success	ew_sym_res	success	success	247.81299999999999	success	131.68599408743518	5.5127399420059743e-07	1.2527033432616185e-06	5.5131542916713281e-07	5.5127399420059765e-07	-1.175176449658414e-10	90.688340451990868	111.84567853922086	-1.6379501576311629e-10	success	success	128.30176917373501	5.5127399420059743e-07	1.2527033432616185e-06	5.5131542916713281e-07	5.5127399420059765e-07	1.5133337810746736e-10	88.81770099703418	132.26529177038762	-2.1658373097359469e-10	success	128.4418282757411	5.5127399420059743e-07	1.2527033432616185e-06	5.5131542916713281e-07	5.5127399420059765e-07	3.9546063206889101e-10	88.962434607024491	131.47648100843898	2.5120627539207715e-10	success	127.91356326247629	5.5127399420059743e-07	1.2527033432616185e-06	5.5131542916713281e-07	5.5127399420059765e-07	-1.6489660650168792e-10	88.393963098262788	134.43011043710413	3.348897206678629e-10	success	127.86710503163056	5.5127399420059743e-07	1.2527033432616185e-06	5.5131542916713281e-07	5.5127399420059765e-07	9.7308250210622889e-11	88.341115214964276	134.68714390568124	-1.0468538621708488e-10	success	127.91355636587713	127.91355636587713	0.94999999999999996	0.0034631249542940667	5903.7657817557129	0	0.0054037568511684274	0.10000000000000001	0.57735113413619743	0.57566910895339252	0.013872157387171851	0	0.0074004007301590085	0.046952982386749602	1.077269598143831e-20	1.6948558802509159e-05	0.081404408031749101	2.910989397080227e-26	0	2.4179616025430737e-08	2.0981767354441406e-13	2.417979311722023e-08	0-(0)->1	nan	nan	nan	nan	nan	nan	nan	nan	nan	nan	nan	nan	nan	nan	nan	nan	nan	nan	nan	nan	nan	nan	nan	nan	nan	nan	nan	nan	nan	nan	nan	nan	nan	nan	nan	nan	nan	nan	nan	nan	nan	nan	nan	nan	nan	nan	nan	nan	nan	nan	nan	nan	nan	nan	nan	nan	nan	nan	nan	nan	nan	nan	nan	nan	nan	nan	nan	nan	nan	nan	nan	nan	nan	nan	nan	nan	nan	nan	nan	nan	nan	nan	nan	nan	nan	nan	nan	nan	nan	nan	nan	nan	nan	nan	nan	nan	nan	nan	nan	nan	nan	nan	nan	nan	nan	nan	nan	nan	nan	nan	nan	nan	nan	nan	nan	nan	nan	nan	nan	nan	nan	nan	nan	nan	nan	nan	nan	nan	nan	nan	nan	nan	nan	nan	nan	nan	nan	nan	nan	nan	nan	nan	nan	nan	nan	nan	nan	nan	single_step	2.417979311722023e-08	typeI_mH62-125/random_20260816_190708.md
6.699060000000000e+01	3.024140000000000e+02	2.893060000000000e+02	3.714780000000000e+02	1.191450000000000e-01	6.289070000000000e+00	2.315733887094769e-08	-7.635311349092486e+00	success	0	0	0	true	2.491553239903594e-01	true	8.885215193097617e+00	true	3.251869700000000e-04	3.141567970000000e-09	1.570804425985874e+00	1.131157159689901e+00	true	4.831544768990463e+00	8.034439385734002e+01	2.493690242877742e+00	2.315341920722410e-01	true	true	7.572731389437104e-01	7.299608757815512e-01	7.572731389437104e-01	3.860056333055909e-03	7.113075585633671e-01	3.672178658625198e+00	7.113075585633671e-01	2.645234633226367e-03	CMS:2019ogx	CMS:2012qwq	CMS:2019ogx	ATLAS:2021upq	LHC13 [H]->X1->Z(X2->[bb])	LHC8 [vbfH;HW;Htt;H;HZ]>[bb;tautau;WW;ZZ;gamgam]	LHC13 [H]->X1->Z(X2->[bb])	LHC13 [Hpmtb>tb]	4.331450481251096e+00	true	all checks passed	1	2.000331909510678e+00	2.496004460890583e-01	3.038832790287091e+00	-1.215321195909572e+00	-1.471658883793768e+00	3.714780000000000e+02	6.289070000000000e+00	6037.00507636781	1619.2683714044479	342.95796849066596	-1.3378222325227433	-0.055615811049986912	0.020107252980991721	0	-0.013614396049599707	0	0	0	success	ew_sym_res	success	success	249.935	success	134.97310605296641	3.6269628132698213e-12	2.0509185586291878e-08	-1.834599463274174e-08	-6.1531565837310076e-10	-5.020136006868179e-11	99.188534220808066	99.612251275128287	6.0594506496728211e-11	success	success	131.1265738311501	3.6269628132698213e-12	2.0509185586291878e-08	-1.834599463274174e-08	-6.1531565837310076e-10	4.3417783514334235e-10	97.747702316827557	121.50243816781554	-3.8333403695384382e-10	success	131.2838794437458	3.6269628132698213e-12	2.0509185586291878e-08	-1.834599463274174e-08	-6.1531565837310076e-10	-1.4617270057087537e-10	97.885012546049552	120.64075301440576	1.0564166928477219e-10	success	130.6976527062148	3.6269628132698213e-12	2.0509185586291878e-08	-1.834599463274174e-08	-6.1531565837310076e-10	-3.0933649630567827e-10	97.345703071910336	123.837372818302	-4.1467057425183416e-10	success	130.64268067855988	3.6269628132698213e-12	2.0509185586291878e-08	-1.834599463274174e-08	-6.1531565837310076e-10	-4.6891890077774264e-10	97.291341657288896	124.13507936707434	-3.3363574365248103e-10	success	130.69765114197202	130.69765114197202	0.94999999999999996	0.0028863137936953596	5540.7674822583067	0	0.0045182433090914112	0.10000000000000001	0.57732883101184318	0.57594217463597175	0.013303915349840462	0	0.0064876878868033068	0.04119218389874009	7.8425268835567747e-21	1.2407004541094732e-05	0.071364566754836378	1.9225225458691624e-26	0	2.3157202321726293e-08	1.578651900714081e-13	2.315733887094769e-08	0-(0)->1	nan	nan	nan	nan	nan	nan	nan	nan	nan	nan	nan	nan	nan	nan	nan	nan	nan	nan	nan	nan	nan	nan	nan	nan	nan	nan	nan	nan	nan	nan	nan	nan	nan	nan	nan	nan	nan	nan	nan	nan	nan	nan	nan	nan	nan	nan	nan	nan	nan	nan	nan	nan	nan	nan	nan	nan	nan	nan	nan	nan	nan	nan	nan	nan	nan	nan	nan	nan	nan	nan	nan	nan	nan	nan	nan	nan	nan	nan	nan	nan	nan	nan	nan	nan	nan	nan	nan	nan	nan	nan	nan	nan	nan	nan	nan	nan	nan	nan	nan	nan	nan	nan	nan	nan	nan	nan	nan	nan	nan	nan	nan	nan	nan	nan	nan	nan	nan	nan	nan	nan	nan	nan	nan	nan	nan	nan	nan	nan	nan	nan	nan	nan	nan	nan	nan	nan	nan	nan	nan	nan	nan	nan	nan	nan	nan	nan	nan	nan	single_step	2.315733887094769e-08	typeI_mH62-125/random_20260816_190708.md
7.076320000000000e+01	3.094190000000000e+02	3.075780000000000e+02	4.341020000000000e+02	1.619250000000000e-01	6.907630000000000e+00	3.918860587209409e-08	-7.406840186198501e+00	success	0	0	0	true	2.458100128516567e-01	true	1.020589996042980e+01	true	3.257581940000000e-04	3.134539470000000e-09	1.496347773245535e+00	1.183297811984313e+00	true	2.646087733866626e-01	8.036266825745874e+01	2.494650313926142e+00	2.314373567251778e-01	true	true	6.004364409686365e-01	7.151999051341882e-01	6.004364409686365e-01	2.652399608220917e-03	5.976819471324217e-01	3.597921361843636e+00	5.976819471324217e-01	1.644970654311010e-03	CMS:2019ogx	CMS:2012qwq	CMS:2019ogx	ATLAS:2021upq	LHC13 [H]->X1->Z(X2->[bb])	LHC8 [vbfH;HW;Htt;H;HZ]>[bb;tautau;WW;ZZ;gamgam]	LHC13 [H]->X1->Z(X2->[bb])	LHC13 [Hpmtb>tb]	4.839192744106839e+00	true	all checks passed	1	2.394757964922585e+00	2.462491584699376e-01	3.431842693159572e+00	-1.493933418731305e+00	-1.531473622214681e+00	4.341020000000000e+02	6.907630000000000e+00	7788.7289933919592	2222.0554099146852	415.73160697368724	-2.1773460347397893	-0.072848603924948088	-0.0035505455863980842	0	-0.0027103006836240143	0	0	0	success	ew_sym_res	success	success	511.298	success	206.33102771083756	1.1262977300428249e-08	2.6512412761945316e-07	-1.4078008590709188e-08	1.1260596963239516e-08	-8.8914731386786957e-12	207.9697100702972	14.120151762532497	2.2741643360446888e-10	success	success	189.98831812452858	1.1262977300428249e-08	2.6512412761945316e-07	-1.4078008590709188e-08	1.1260596963239516e-08	2.0306862427692299e-10	218.91756065178626	16.058090996488378	1.1523664253016856e-10	success	190.5795980862834	1.1262977300428249e-08	2.6512412761945316e-07	-1.4078008590709188e-08	1.1260596963239516e-08	6.3159291930550791e-11	218.60794896900705	15.985736535556111	1.6790627101122628e-10	success	188.38785013820953	1.1262977300428249e-08	2.6512412761945316e-07	-1.4078008590709188e-08	1.1260596963239516e-08	2.2716947434138757e-10	219.73047398941105	16.25507178582793	-2.1619881668839635e-10	success	188.13826571635738	1.1262977300428249e-08	2.6512412761945316e-07	-1.4078008590709188e-08	1.1260596963239516e-08	1.0325744806655353e-10	219.85402676675659	16.285943043693472	-5.0995439018677676e-11	success	188.38779355758493	188.38779355758493	0.94999999999999996	0.0014228559968958382	1903.1335486944915	0	0.0022498579456742404	0.10000000000000001	0.57736668789634427	0.57686583445863404	0.0065943903007570455	0	0.002952054089712637	0.01878983247994816	3.192857007434832e-21	2.7991092529444897e-06	0.032472594986839007	1.1658612203330327e-26	0	3.9188408608345684e-08	2.0595859351822571e-13	3.9188605872094089e-08	0-(0)->1	true_lower	103.13183325836857	1.1262977300428249e-08	2.6512412761945316e-07	-1.4078008590709188e-08	1.1260596963239516e-08	2.8503783556747666e-10	71.153175872191454	206.8641984302474	-1.3963009462016391e-10	failure	nan	nan	nan	nan	nan	nan	nan	nan	nan	nan	nan	nan	nan	nan	nan	nan	nan	nan	nan	nan	nan	nan	nan	nan	nan	nan	nan	nan	nan	nan	nan	nan	nan	nan	nan	nan	nan	nan	nan	nan	not_set	nan	nan	nan	nan	nan	nan	nan	nan	nan	nan	nan	nan	nan	nan	nan	nan	nan	nan	nan	nan	nan	nan	success	50.263295417140625	-1.1286363478540518e-11	227.48535370353559	47.813601510251509	-1.1233372025449366e-11	2.420619800204199e-10	36.106473550233289	243.26532472634068	2.5679032749203106e-10	success	not_met	nan	nan	nan	nan	nan	nan	nan	nan	nan	not_met	nan	nan	nan	nan	nan	nan	nan	nan	nan	not_met	nan	nan	nan	nan	nan	nan	nan	nan	nan	not_met	nan	nan	nan	nan	nan	nan	nan	nan	nan	not_set	nan	nan	nan	nan	nan	nan	nan	nan	nan	nan	nan	nan	nan	nan	nan	nan	nan	nan	nan	nan	nan	nan	single_step	3.918860587209409e-08	typeI_mH62-125/random_20260816_190708.md
7.227140000000000e+01	2.800750000000000e+02	2.858060000000000e+02	5.576330000000000e+02	1.410380000000000e-01	5.624010000000000e+00	1.550542804104761e-08	-7.809516240178085e+00	success	0	0	0	true	2.469476641585818e-01	true	7.876957827211529e+00	true	3.244853240000000e-04	3.150131570000000e-09	1.664735012146749e+00	1.069216115465694e+00	true	2.193646072230704e+00	8.037463463970970e+01	2.495276762197945e+00	2.313750084652566e-01	true	true	6.091980894919798e-01	7.178632456229994e-01	6.091980894919798e-01	6.165869551916735e-03	6.688866205575346e-01	3.611319699245203e+00	6.688866205575346e-01	4.343928980871774e-03	CMS:2019ogx	CMS:2012qwq	CMS:2019ogx	ATLAS:2021upq	LHC13 [H]->X1->Z(X2->[bb])	LHC8 [vbfH;HW;Htt;H;HZ]>[bb;tautau;WW;ZZ;gamgam]	LHC13 [H]->X1->Z(X2->[bb])	LHC13 [Hpmtb>tb]	4.093293812186232e+00	true	all checks passed	1	1.671861689707621e+00	2.473888422188320e-01	2.941914371901138e+00	-1.349937997758049e+00	-1.242757615346786e+00	5.576330000000000e+02	5.624010000000000e+00	5639.8504832980288	1265.0154725602731	421.64961083381877	-1.2255544544295114	-0.046289664843873125	0.019944177057134423	0	0.0039525556219495708	0	0	0	success	ew_sym_res	success	success	273.66199999999998	success	133.34825801857852	-5.4487598622553511e-07	-3.9423774883874142e-11	-5.4487598880326315e-07	-5.4487598493667093e-07	8.1328632214517857e-11	99.790387641897794	102.49720951442235	7.6682996634367537e-11	success	success	130.11005982290149	-5.4487598622553511e-07	-3.9423774883874142e-11	-5.4487598880326315e-07	-5.4487598493667093e-07	1.8749501399230547e-10	99.10234186467153	118.66953515550948	-2.6121411005407784e-10	success	130.23695143683813	-5.4487598622553511e-07	-3.9423774883874142e-11	-5.4487598880326315e-07	-5.4487598493667093e-07	-1.0222460318097157e-10	99.210316008033999	118.02560787402645	-1.1357154394336534e-10	success	129.75476433962803	-5.4487598622553511e-07	-3.9423774883874142e-11	-5.4487598880326315e-07	-5.4487598493667093e-07	1.2414759638894928e-10	98.770061895008126	120.47718549764311	3.2187719490178796e-10	success	129.70771809494923	-5.4487598622553511e-07	-3.9423774883874142e-11	-5.4487598880326315e-07	-5.4487598493667093e-07	-6.6676386489377024e-11	98.722824881402161	120.71703997652884	-4.0426083343279885e-10	success	129.75476433962803	129.75476433962803	0.94999999999999996	0.0030033316876901992	6967.8199738510339	0	0.0046988545147012535	0.10000000000000001	0.57737493174164933	0.57590000959583265	0.016609162138053593	0	0.0074260085295015541	0.047144535444953936	6.9634507439534246e-21	1.4772301738281207e-05	0.081686093824517095	1.6932241189614978e-26	0	1.5505325453886737e-08	1.2162650531455295e-13	1.5505428041047613e-08	0-(0)->1	nan	nan	nan	nan	nan	nan	nan	nan	nan	nan	nan	nan	nan	nan	nan	nan	nan	nan	nan	nan	nan	nan	nan	nan	nan	nan	nan	nan	nan	nan	nan	nan	nan	nan	nan	nan	nan	nan	nan	nan	nan	nan	nan	nan	nan	nan	nan	nan	nan	nan	nan	nan	nan	nan	nan	nan	nan	nan	nan	nan	nan	nan	nan	nan	nan	nan	nan	nan	nan	nan	nan	nan	nan	nan	nan	nan	nan	nan	nan	nan	nan	nan	nan	nan	nan	nan	nan	nan	nan	nan	nan	nan	nan	nan	nan	nan	nan	nan	nan	nan	nan	nan	nan	nan	nan	nan	nan	nan	nan	nan	nan	nan	nan	nan	nan	nan	nan	nan	nan	nan	nan	nan	nan	nan	nan	nan	nan	nan	nan	nan	nan	nan	nan	nan	nan	nan	nan	nan	nan	nan	nan	nan	nan	nan	nan	nan	nan	nan	single_step	1.550542804104761e-08	typeI_mH62-125/random_20260817_182439.md
6.875190000000001e+01	2.771660000000000e+02	2.822530000000000e+02	4.417000000000000e+02	1.660530000000000e-01	5.848720000000000e+00	1.511644021047198e-09	-8.820550469348625e+00	success	0	0	0	true	2.438550907408328e-01	true	8.452922824577845e+00	true	3.247051920000000e-04	3.147475230000000e-09	1.635007467470542e+00	1.088243001944742e+00	true	1.976080316769548e+00	8.037391820542140e+01	2.495280864148787e+00	2.313747425597253e-01	true	true	5.635016249413760e-01	7.079011319191023e-01	5.635016249413760e-01	5.155096915933348e-03	6.138524865179444e-01	3.561203778581537e+00	6.138524865179444e-01	3.727981166046619e-03	CMS:2019ogx	CMS:2012qwq	CMS:2019ogx	ATLAS:2021upq	LHC13 [H]->X1->Z(X2->[bb])	LHC8 [vbfH;HW;Htt;H;HZ]>[bb;tautau;WW;ZZ;gamgam]	LHC13 [H]->X1->Z(X2->[bb])	LHC13 [Hpmtb>tb]	4.746701491002739e+00	true	all checks passed	1	1.936961176889971e+00	2.442907438428037e-01	2.926564940507867e+00	-1.319545575389764e+00	-1.225495590162717e+00	4.417000000000000e+02	5.848720000000000e+00	5738.4844233215163	1201.052226918835	418.43246049412767	-1.317668277310118	-0.043832150299785537	0.026201363048655901	0	0.0034168670606298124	0	0	0	success	ew_sym_res	success	success	269.01499999999999	success	144.57176727489519	-1.2606246165770799e-08	1.9171291772923815e-08	2.7351743061197191e-09	-1.2606246165770905e-08	-9.1463876559018573e-11	117.25271172601104	49.310532170351443	1.3731397714313872e-10	success	success	140.67550056155653	-1.2606246165770799e-08	1.9171291772923815e-08	2.7351743061197191e-09	-1.2606246165770905e-08	-7.513153202532771e-11	122.29911297803045	58.045859736749193	-1.1702750604748935e-10	success	140.82586619346688	-1.2606246165770799e-08	1.9171291772923815e-08	2.7351743061197191e-09	-1.2606246165770905e-08	3.3658820490993746e-11	122.1483945223451	57.689121396681344	2.9106289024938242e-12	success	140.245244583432	-1.2606246165770799e-08	1.9171291772923815e-08	2.7351743061197191e-09	-1.2606246165770905e-08	2.5649139636443e-10	122.71327118371414	59.077308290740682	-3.7423606571621251e-10	success	140.18778248216648	-1.2606246165770799e-08	1.9171291772923815e-08	2.7351743061197191e-09	-1.2606246165770905e-08	-7.2996553493482073e-11	122.76668852105331	59.216289966723409	9.3341193647463974e-11	success	140.2452476369391	140.2452476369391	0.94999999999999996	0.0013594017881896963	6182.5816246234281	0	0.0021474763720564579	0.10000000000000001	0.57737446535540005	0.5767343795763229	0.015934353343145562	0	0.007103037242601801	0.045194929637589504	6.1937191762166939e-22	6.4318140928917223e-06	0.078133409668619813	9.282254903547125e-28	0	1.5116380936379167e-09	6.9680304033806497e-15	1.5116440210471979e-09	0-(0)->1	nan	nan	nan	nan	nan	nan	nan	nan	nan	nan	nan	nan	nan	nan	nan	nan	nan	nan	nan	nan	nan	nan	nan	nan	nan	nan	nan	nan	nan	nan	nan	nan	nan	nan	nan	nan	nan	nan	nan	nan	nan	nan	nan	nan	nan	nan	nan	nan	nan	nan	nan	nan	nan	nan	nan	nan	nan	nan	nan	nan	nan	nan	nan	nan	nan	nan	nan	nan	nan	nan	nan	nan	nan	nan	nan	nan	nan	nan	nan	nan	nan	nan	nan	nan	nan	nan	nan	nan	nan	nan	nan	nan	nan	nan	nan	nan	nan	nan	nan	nan	nan	nan	nan	nan	nan	nan	nan	nan	nan	nan	nan	nan	nan	nan	nan	nan	nan	nan	nan	nan	nan	nan	nan	nan	nan	nan	nan	nan	nan	nan	nan	nan	nan	nan	nan	nan	nan	nan	nan	nan	nan	nan	nan	nan	nan	nan	nan	nan	single_step	1.511644021047198e-09	typeI_mH62-125/random_20260817_182439.md
1.172190000000000e+02	3.081570000000000e+02	3.026780000000000e+02	9.834120000000000e+02	1.325950000000000e-01	1.245840000000000e+01	3.919155264591527e-16	-1.540680753080115e+01	success	0	0	0	true	2.566865725163669e-01	true	1.375074115369257e+01	true	3.272002190000000e-04	3.117049880000000e-09	1.316427843900175e+00	1.318142478097673e+00	true	7.939480199410381e-01	8.035578526654479e+01	2.494128748422511e+00	2.315068083249741e-01	true	true	7.802542230252468e-01	7.381323053614329e-01	5.788499200653295e-01	4.031919318544550e-04	1.270295267645563e+00	3.713286271799086e+00	4.144028645222831e-01	2.501680092340885e-04	ATLAS:2014vuz	CMS:2012qwq	CMS:2019qcx	ATLAS:2021upq	LHC8 [HW;HZ]>[bb]	LHC8 [vbfH;HW;Htt;H;HZ]>[bb;tautau;WW;ZZ;gamgam]	LHC13 [ggH]->X1->Z(X2->[bb])	LHC13 [Hpmtb>tb]	5.562442754794148e+00	true	all checks passed	1	4.060017413017812e+00	2.571451493753174e-01	2.904714727037983e+00	-1.254817420191861e+00	-1.365425026940488e+00	9.834120000000000e+02	1.245840000000000e+01	8178.3918806646643	1529.7063026137751	128.54399564281118	-4.102329934051367	-0.056441586667322276	-0.026727658490464868	0	-0.0035455943043607688	0	0	0	success	non_bfb	success	success	230.029	success	157.50882275100628	0	0	0	0	3.389720050263213e-08	10.306580783736488	84.723011860737728	-2.5773204512948632e-08	success	success	157.28308697697838	0	0	0	0	-1.828999866824516e-08	11.176503236838878	91.109608944736038	1.5609613249607697e-09	success	157.29134314999521	0	0	0	0	-4.0775693921055215e-08	11.149351829212915	90.911190127612272	2.2524267342549427e-08	success	157.24168797073358	0	0	0	0	-1.9437977306599683e-08	11.308850187391846	92.076070074759954	-5.1679874746403511e-09	success	157.23778719637923	0	0	0	0	4.1477603139447549e-08	11.321010784589092	92.164815350469681	-2.6823258216037756e-09	success	157.24168797073358	157.24168797073358	0.94999999999999996	0.00062410098228529059	102003.02997760146	0	0.00098977191421025781	0.10000000000000001	0.57742882813376195	0.57705639479236293	0.29489243808736937	0	0.13172420728897757	0.83885334925409061	3.5884486944792005e-25	5.4887237845602166e-05	1.4489662801787531	1.5213710150184282e-31	0	3.918825432503716e-16	6.1850952064158485e-20	3.9191552645915275e-16	0-(0)->1	nan	nan	nan	nan	nan	nan	nan	nan	nan	nan	nan	nan	nan	nan	nan	nan	nan	nan	nan	nan	nan	nan	nan	nan	nan	nan	nan	nan	nan	nan	nan	nan	nan	nan	nan	nan	nan	nan	nan	nan	nan	nan	nan	nan	nan	nan	nan	nan	nan	nan	nan	nan	nan	nan	nan	nan	nan	nan	nan	nan	nan	nan	nan	nan	nan	nan	nan	nan	nan	nan	nan	nan	nan	nan	nan	nan	nan	nan	nan	nan	nan	nan	nan	nan	nan	nan	nan	nan	nan	nan	nan	nan	nan	nan	nan	nan	nan	nan	nan	nan	nan	nan	nan	nan	nan	nan	nan	nan	nan	nan	nan	nan	nan	nan	nan	nan	nan	nan	nan	nan	nan	nan	nan	nan	nan	nan	nan	nan	nan	nan	nan	nan	nan	nan	nan	nan	nan	nan	nan	nan	nan	nan	nan	nan	nan	nan	nan	nan	single_step	3.919155264591527e-16	typeI_mH62-125/random_20260818_235435.md
7.325780000000000e+01	3.000450000000000e+02	3.022120000000000e+02	3.021200000000000e+02	1.584470000000000e-01	6.327580000000000e+00	4.362814989904762e-09	-8.360233203370520e+00	success	0	0	0	true	2.466301445939730e-01	true	1.146492709377083e+01	true	3.253177140000000e-04	3.139901660000000e-09	1.553602964503592e+00	1.143412371828248e+00	true	8.639629188563084e-01	8.036933059068991e+01	2.494983729540905e+00	2.314039404238819e-01	true	true	6.384229930789423e-01	7.140095767745334e-01	6.384229930789423e-01	3.984829991792926e-03	6.326291022561988e-01	3.591933234884912e+00	6.326291022561988e-01	2.472569145868202e-03	CMS:2019ogx	CMS:2012qwq	CMS:2019ogx	ATLAS:2021upq	LHC13 [H]->X1->Z(X2->[bb])	LHC8 [vbfH;HW;Htt;H;HZ]>[bb;tautau;WW;ZZ;gamgam]	LHC13 [H]->X1->Z(X2->[bb])	LHC13 [Hpmtb>tb]	4.725135132217844e+00	true	all checks passed	1	3.014242248916848e+00	2.470707553977315e-01	3.310682095916336e+00	-1.498409492721768e+00	-1.455277398102164e+00	3.021200000000000e+02	6.327580000000000e+00	7899.1643391459656	1954.6673516975513	456.24113550122314	-1.6356125625452909	-0.064789180817311803	0.0004536305860405452	0	0.00055819804116064595	0	0	0	success	ew_sym_res	success	success	317.86799999999999	success	142.49306067750678	-6.8398517120148852e-07	3.201852254478865e-06	-6.8378806944986867e-07	-6.8398517120148842e-07	-9.0949809899223307e-11	78.972329476355256	108.09097556207809	-3.1387564234755282e-10	success	success	139.28778242988693	-6.8398517120148852e-07	3.201852254478865e-06	-6.8378806944986867e-07	-6.8398517120148842e-07	-4.7346929310832364e-10	79.261878836773008	128.53161951678339	6.6690556640401307e-11	success	139.42133070503971	-6.8398517120148852e-07	3.201852254478865e-06	-6.8378806944986867e-07	-6.8398517120148842e-07	5.4990242196435343e-10	79.290938010359639	127.79296762947438	1.3695862787956206e-11	success	138.8948280095529	-6.8398517120148852e-07	3.201852254478865e-06	-6.8378806944986867e-07	-6.8398517120148842e-07	3.1999210202070819e-10	79.16212639061952	130.66292656523288	-5.3656303471596524e-10	success	138.84272801221411	-6.8398517120148852e-07	3.201852254478865e-06	-6.8378806944986867e-07	-6.8398517120148842e-07	-3.8868910667588537e-10	79.147378924842513	130.94100238791791	-5.4529887470808235e-11	success	138.89483061750298	138.89483061750298	0.94999999999999996	0.0020477659353759876	6731.4667705868169	0	0.0032178473740411906	0.10000000000000001	0.57726501629020033	0.57623188395188651	0.017181211978651339	0	0.0076911281277475853	0.04887102061174517	2.1137838780437366e-21	1.0459597620912465e-05	0.084602409405223428	3.9509324014141562e-27	0	4.3627920290921727e-09	2.7409504266047885e-14	4.3628149899047616e-09	0-(0)->1	nan	nan	nan	nan	nan	nan	nan	nan	nan	nan	nan	nan	nan	nan	nan	nan	nan	nan	nan	nan	nan	nan	nan	nan	nan	nan	nan	nan	nan	nan	nan	nan	nan	nan	nan	nan	nan	nan	nan	nan	nan	nan	nan	nan	nan	nan	nan	nan	nan	nan	nan	nan	nan	nan	nan	nan	nan	nan	nan	nan	nan	nan	nan	nan	nan	nan	nan	nan	nan	nan	nan	nan	nan	nan	nan	nan	nan	nan	nan	nan	nan	nan	nan	nan	nan	nan	nan	nan	nan	nan	nan	nan	nan	nan	nan	nan	nan	nan	nan	nan	nan	nan	nan	nan	nan	nan	nan	nan	nan	nan	nan	nan	nan	nan	nan	nan	nan	nan	nan	nan	nan	nan	nan	nan	nan	nan	nan	nan	nan	nan	nan	nan	nan	nan	nan	nan	nan	nan	nan	nan	nan	nan	nan	nan	nan	nan	nan	nan	single_step	4.362814989904762e-09	typeI_mH62-125/random_20260820_084408.md
7.298820000000001e+01	3.139710000000000e+02	3.114450000000000e+02	4.303220000000000e+02	1.471650000000000e-01	6.842600000000000e+00	1.725213264452738e-07	-6.763157211402226e+00	success	0	0	0	true	0.24772585628311256	true	10.648548183932043	true	0.000325741909	3.13471856e-09	1.4984454209536904	1.1819546540841095	true	0.28811413260600227				true	true	0.6195843151958752	0.7210931697750256	0.6195843151958752	0.002686834949266833	0.637730959688591	3.62756832151191	0.637730959688591	0.0016656985217916227	CMS:2019ogx	CMS:2012qwq	CMS:2019ogx	ATLAS:2021upq	LHC13 [H]->X1->Z(X2->[bb])	LHC8 [vbfH,HW,Htt,H,HZ]>[bb,tautau,WW,ZZ,gamgam]	LHC13 [H]->X1->Z(X2->[bb])	LHC13 [Hpmtb>tb]	4.531813883499581	true	all checks passed	1	2.560921506742482e+00	2.481684246026841e-01	3.484665032005583e+00	-1.527047016057734e+00	-1.579258028550298e+00	4.303220000000000e+02	6.842600000000000e+00	8184.3776285056001	2367.2229893185404	424.48533896807584	-2.1319147851254185	-0.077884307984844012	-0.01251413837595239	0	-0.0031928939196646067	0	0	0	success	ew_sym_res	success	success	227.93899999999999	success	152.4499411137935	-4.906193578773846e-07	1.0804972541180036e-06	-4.905027330462036e-07	-4.9061935787738439e-07	-6.6308573661567356e-11	155.60144479690223	45.658440406053366	-9.1569528994683419e-12	success	success	138.50490195328507	-4.906193578773846e-07	1.0804972541180036e-06	-4.905027330462036e-07	-4.9061935787738439e-07	-9.8604538726845695e-12	158.0364964930458	66.093109569396645	-1.3886245990521952e-10	success	139.0190271508217	-4.906193578773846e-07	1.0804972541180036e-06	-4.905027330462036e-07	-4.9061935787738439e-07	-9.7278723079404613e-11	158.10700868118306	65.098301430771812	-8.9398211958140045e-11	success	137.42315101274156	-4.906193578773846e-07	1.0804972541180036e-06	-4.905027330462036e-07	-4.9061935787738439e-07	1.5929416817021764e-10	157.83493036230712	68.273317276551381	1.2014465938543457e-10	success	137.24694374282686	-4.906193578773846e-07	1.0804972541180036e-06	-4.905027330462036e-07	-4.9061935787738439e-07	1.7301550388568232e-11	157.79490181630953	68.640243601259641	4.5910462318036633e-11	success	137.42326271866816	137.42326271866816	0.94999999999999996	0.0018712414696062775	1952.7913890845402	0	0.0029522012085766098	0.10000000000000001	0.57729854630294153	0.57668573208884866	0.0049312134166035401	0	0.0022167736314815251	0.014102963179595512	9.2378534990047318e-21	2.7605750010924017e-06	0.024384509946296776	3.2733951530932224e-26	0	1.7252058982330875e-07	7.5476132557028082e-13	1.7252132644527376e-07	0-(0)->1	nan	nan	nan	nan	nan	nan	nan	nan	nan	nan	nan	nan	nan	nan	nan	nan	nan	nan	nan	nan	nan	nan	nan	nan	nan	nan	nan	nan	nan	nan	nan	nan	nan	nan	nan	nan	nan	nan	nan	nan	nan	nan	nan	nan	nan	nan	nan	nan	nan	nan	nan	nan	nan	nan	nan	nan	nan	nan	nan	nan	nan	nan	nan	nan	nan	nan	nan	nan	nan	nan	nan	nan	nan	nan	nan	nan	nan	nan	nan	nan	nan	nan	nan	nan	nan	nan	nan	nan	nan	nan	nan	nan	nan	nan	nan	nan	nan	nan	nan	nan	nan	nan	nan	nan	nan	nan	nan	nan	nan	nan	nan	nan	nan	nan	nan	nan	nan	nan	nan	nan	nan	nan	nan	nan	nan	nan	nan	nan	nan	nan	nan	nan	nan	nan	nan	nan	nan	nan	nan	nan	nan	nan	nan	nan	nan	nan	nan	nan	single_step	1.725213264452738e-07	typeI_mH62-125/random_20260813_231224.md
1.005770000000000e+02	3.012200000000000e+02	2.841230000000000e+02	1.063390000000000e+03	7.006750000000000e-02	8.413930000000001e+00	2.391638939868610e-11	-1.062130438415622e+01	success	0	0	0	true	2.560288520438477e-01	true	7.556107025127519e+00	true	3.263395820000000e-04	3.127512190000000e-09	1.422422559375972e+00	1.236603895345969e+00	true	7.046643205269488e+00	8.034010227337241e+01	2.493241481328438e+00	2.315849966482928e-01	true	true	2.442302880585568e-01	7.507603308411813e-01	2.442302880585568e-01	1.640408175153776e-03	3.068299812159953e-01	3.776813465112916e+00	3.068299812159953e-01	1.170353324258296e-03	CMS:2019ogx	CMS:2012qwq	CMS:2019ogx	ATLAS:2021upq	LHC13 [H]->X1->Z(X2->[bb])	LHC8 [vbfH;HW;Htt;H;HZ]>[bb;tautau;WW;ZZ;gamgam]	LHC13 [H]->X1->Z(X2->[bb])	LHC13 [Hpmtb>tb]	4.113401004821725e+00	true	all checks passed	1	1.615514530768933e+00	2.564862538690386e-01	2.660907169705039e+00	-1.018649553427917e+00	-1.349392142858812e+00	1.063390000000000e+03	8.413930000000001e+00	4583.2255326571667	1184.2448628768639	130.00162644246947	-1.397052079328424	-0.046111823716192553	0.010039846848460213	0	-0.013526248205247548	0	0	0	success	ew_sym_res	success	success	195.40899999999999	success	135.81501727973077	-1.7768976782461529e-09	1.8535704551048123e-08	-1.1391671909467341e-09	-1.7768976782463144e-09	-5.059853224129434e-09	20.626383336327148	121.65286420594632	2.8352469831791734e-09	success	success	135.00462211954465	-1.7768976782461529e-09	1.8535704551048123e-08	-1.1391671909467341e-09	-1.7768976782463144e-09	2.5639385677640421e-09	22.1550961445304	131.15502770994544	3.5240638978144452e-09	success	135.03611442058025	-1.7768976782461529e-09	1.8535704551048123e-08	-1.1391671909467341e-09	-1.7768976782463144e-09	5.805931366045401e-09	22.106193777800602	130.84275045448322	-3.9001422788251864e-09	success	134.8888227717967	-1.7768976782461529e-09	1.8535704551048123e-08	-1.1391671909467341e-09	-1.7768976782463144e-09	5.9908568034287699e-09	22.329781911450841	132.27576735939402	-8.0780318326016858e-09	success	134.87614956662273	-1.7768976782461529e-09	1.8535704551048123e-08	-1.1391671909467341e-09	-1.7768976782463144e-09	4.8736217283296287e-09	22.34843317626121	132.39592483391615	2.1737807994905706e-09	success	134.8888227717967	134.8888227717967	0.94999999999999996	0.0024774373805278322	26980.160209698832	0	0.0038831004314867283	0.10000000000000001	0.5773999942316661	0.57600982497313213	0.066868668150513122	0	0.029796987198831223	0.18922380672738293	3.1767423568488048e-22	4.8952172567391334e-05	0.32776685918714349	5.2870508749226376e-28	0	2.3915795169753933e-11	9.5002229437570907e-16	2.3916389398686104e-11	0-(0)->1	nan	nan	nan	nan	nan	nan	nan	nan	nan	nan	nan	nan	nan	nan	nan	nan	nan	nan	nan	nan	nan	nan	nan	nan	nan	nan	nan	nan	nan	nan	nan	nan	nan	nan	nan	nan	nan	nan	nan	nan	nan	nan	nan	nan	nan	nan	nan	nan	nan	nan	nan	nan	nan	nan	nan	nan	nan	nan	nan	nan	nan	nan	nan	nan	nan	nan	nan	nan	nan	nan	nan	nan	nan	nan	nan	nan	nan	nan	nan	nan	nan	nan	nan	nan	nan	nan	nan	nan	nan	nan	nan	nan	nan	nan	nan	nan	nan	nan	nan	nan	nan	nan	nan	nan	nan	nan	nan	nan	nan	nan	nan	nan	nan	nan	nan	nan	nan	nan	nan	nan	nan	nan	nan	nan	nan	nan	nan	nan	nan	nan	nan	nan	nan	nan	nan	nan	nan	nan	nan	nan	nan	nan	nan	nan	nan	nan	nan	nan	single_step	2.391638939868610e-11	typeI_mH62-125/random_20260819_104213.md
6.932599999999999e+01	3.266950000000000e+02	3.115720000000000e+02	4.563270000000000e+02	1.733650000000000e-01	6.090060000000000e+00	1.798028877288666e-07	-6.745203337549169e+00	success	0	0	0	true	2.433784023919197e-01	true	9.601147287777032e+00	true	3.251895760000000e-04	3.141428740000000e-09	1.570460640054783e+00	1.132178626611028e+00	true	7.422879806379221e+00	8.033975321496307e+01	2.493381518662196e+00	2.315594951219981e-01	true	true	8.232233521838752e-01	7.059565381925997e-01	8.232233521838752e-01	4.169920437076079e-03	1.066245819523076e+00	3.551421205543615e+00	1.066245819523076e+00	2.585102204211553e-03	CMS:2019ogx	CMS:2012qwq	CMS:2019ogx	ATLAS:2021upq	LHC13 [H]->X1->Z(X2->[bb])	LHC8 [vbfH;HW;Htt;H;HZ]>[bb;tautau;WW;ZZ;gamgam]	LHC13 [H]->X1->Z(X2->[bb])	LHC13 [Hpmtb>tb]	4.735355393322266e+00	true	all checks passed	1	2.020301182250766e+00	2.438132038784610e-01	3.510066084747868e+00	-1.397491749780765e+00	-1.716498684839261e+00	4.563270000000000e+02	6.090060000000000e+00	7663.0571169256928	2594.4367984534947	423.48261551778552	-1.5749497137138904	-0.085776288133480191	-0.011300015996710532	0	-0.014477042573853925	0	0	0	success	ew_sym_res	success	success	184.38999999999999	success	148.31644063487681	-1.5756688581173796e-09	-1.1322609301771541e-08	5.9674142135802934e-09	-1.5756688581172737e-09	-5.519029634860066e-11	153.91694539427175	41.360090677492636	1.9746539992949011e-10	success	success	137.22532885028676	-1.5756688581173796e-09	-1.1322609301771541e-08	5.9674142135802934e-09	-1.5756688581172737e-09	-1.4944975596689429e-10	160.21864775113457	53.566078271467077	-1.0470121413287023e-10	success	137.6765650801004	-1.5756688581173796e-09	-1.1322609301771541e-08	5.9674142135802934e-09	-1.5756688581172737e-09	4.3552418456045061e-11	160.0657219726281	52.984594699732831	-3.6782212495609534e-11	success	136.22983515036523	-1.5756688581173796e-09	-1.1322609301771541e-08	5.9674142135802934e-09	-1.5756688581172737e-09	-9.3868628396621353e-13	160.52629281607207	54.881961408261631	-1.1958545548097791e-10	success	136.06817651267372	-1.5756688581173796e-09	-1.1322609301771541e-08	5.9674142135802934e-09	-1.5756688581172737e-09	9.3354490592919509e-12	160.57236568300371	55.100101713750369	-1.6292895151998119e-10	success	136.22991545996624	136.22991545996624	0.94999999999999996	0.0019792845126464665	2125.380128710598	0	0.0031204211847514329	0.10000000000000001	0.57730536762426798	0.57662082588683905	0.0053202268750596506	0	0.0023831538431589271	0.01515882719207865	1.0645833569834533e-20	3.1378320538048155e-06	0.026214692274748201	3.4782363026682222e-26	0	1.7980215810471268e-07	7.5057829069901322e-13	1.7980288772886661e-07	0-(0)->1	nan	nan	nan	nan	nan	nan	nan	nan	nan	nan	nan	nan	nan	nan	nan	nan	nan	nan	nan	nan	nan	nan	nan	nan	nan	nan	nan	nan	nan	nan	nan	nan	nan	nan	nan	nan	nan	nan	nan	nan	nan	nan	nan	nan	nan	nan	nan	nan	nan	nan	nan	nan	nan	nan	nan	nan	nan	nan	nan	nan	nan	nan	nan	nan	nan	nan	nan	nan	nan	nan	nan	nan	nan	nan	nan	nan	nan	nan	nan	nan	nan	nan	nan	nan	nan	nan	nan	nan	nan	nan	nan	nan	nan	nan	nan	nan	nan	nan	nan	nan	nan	nan	nan	nan	nan	nan	nan	nan	nan	nan	nan	nan	nan	nan	nan	nan	nan	nan	nan	nan	nan	nan	nan	nan	nan	nan	nan	nan	nan	nan	nan	nan	nan	nan	nan	nan	nan	nan	nan	nan	nan	nan	nan	nan	nan	nan	nan	nan	single_step	1.798028877288666e-07	typeI_mH62-125/random_20260819_104213.md
7.408060000000000e+01	2.845370000000000e+02	2.920510000000000e+02	5.983720000000000e+02	1.582990000000000e-01	4.531880000000000e+00	4.057891022905949e-08	-7.391699620384513e+00	success	0	0	0	true	2.443391543215336e-01	true	7.572153314632600e+00	true	3.227681970000000e-04	3.171116040000000e-09	1.906114926955154e+00	9.248069339510302e-01	true	3.355612412775613e+00	8.037784404763026e+01	2.495403151739654e+00	2.313587936263698e-01	true	true	9.645273154008653e-01	7.015512488445751e-01	9.645273154008653e-01	1.461400913832644e-02	1.055983173899711e+00	3.529259730777498e+00	1.055983173899711e+00	9.785124393455800e-03	CMS:2019ogx	CMS:2012qwq	CMS:2019ogx	ATLAS:2021upq	LHC13 [H]->X1->Z(X2->[bb])	LHC8 [vbfH;HW;Htt;H;HZ]>[bb;tautau;WW;ZZ;gamgam]	LHC13 [H]->X1->Z(X2->[bb])	LHC13 [Hpmtb>tb]	3.695234568743501e+00	true	all checks passed	1	1.474891104631356e+00	2.447756722149667e-01	3.043884965244153e+00	-1.434041948920507e+00	-1.290857262820962e+00	5.983720000000000e+02	4.531880000000000e+00	5764.5503055761164	1461.3630937141791	529.93431852331332	-0.83026700753200566	-0.052998235223204848	0.012266143149296589	0	0.0054843714803413397	0	0	0	success	ew_sym_res	success	success	291.07799999999997	success	129.6808908674484	-2.6341715267131332e-07	-1.1977861050966842e-06	-2.6349287684858872e-07	-2.6341715267131327e-07	8.5926930652121004e-10	81.242357207420355	121.66269590893322	-9.1514755413483076e-10	success	success	126.65306642470323	-2.6341715267131332e-07	-1.1977861050966842e-06	-2.6349287684858872e-07	-2.6341715267131327e-07	-1.0481491050119594e-09	81.855978269468054	139.07811917608097	-3.4898263817200451e-10	success	126.77991271806533	-2.6341715267131332e-07	-1.1977861050966842e-06	-2.6349287684858872e-07	-2.6341715267131327e-07	-6.6884650388031784e-11	81.875273867577548	138.43174936194075	2.3382801307887071e-10	success	126.30237373433684	-2.6341715267131332e-07	-1.1977861050966842e-06	-2.6349287684858872e-07	-2.6341715267131327e-07	4.2484281248982322e-12	81.788745062405368	140.84270331636105	5.3978254394728842e-10	success	126.25544243351766	-2.6341715267131332e-07	-1.1977861050966842e-06	-2.6349287684858872e-07	-2.6341715267131327e-07	-3.6205104389514854e-11	81.778303837589689	141.07751626423834	-1.2587099699719146e-10	success	126.30243863384604	126.30243863384604	0.94999999999999996	0.0038800917415984996	6785.2880978836292	0	0.0060400180810992622	0.10000000000000001	0.57735477640979693	0.57546556153623407	0.015741677148580272	0	0.0070686171918586836	0.044823557212852978	1.6399677370906619e-20	1.8112563615929236e-05	0.077754789110445532	4.8746584714300276e-26	0	4.0578597151594813e-08	3.6769776365608614e-13	4.0578910229059487e-08	0-(0)->1	nan	nan	nan	nan	nan	nan	nan	nan	nan	nan	nan	nan	nan	nan	nan	nan	nan	nan	nan	nan	nan	nan	nan	nan	nan	nan	nan	nan	nan	nan	nan	nan	nan	nan	nan	nan	nan	nan	nan	nan	nan	nan	nan	nan	nan	nan	nan	nan	nan	nan	nan	nan	nan	nan	nan	nan	nan	nan	nan	nan	nan	nan	nan	nan	nan	nan	nan	nan	nan	nan	nan	nan	nan	nan	nan	nan	nan	nan	nan	nan	nan	nan	nan	nan	nan	nan	nan	nan	nan	nan	nan	nan	nan	nan	nan	nan	nan	nan	nan	nan	nan	nan	nan	nan	nan	nan	nan	nan	nan	nan	nan	nan	nan	nan	nan	nan	nan	nan	nan	nan	nan	nan	nan	nan	nan	nan	nan	nan	nan	nan	nan	nan	nan	nan	nan	nan	nan	nan	nan	nan	nan	nan	nan	nan	nan	nan	nan	nan	single_step	4.057891022905949e-08	typeI_mH62-125/random_20260819_104213.md
9.675350000000000e+01	2.835910000000000e+02	2.861070000000000e+02	1.515420000000000e+03	7.746970000000000e-02	3.933010000000000e+00	7.453668074958470e-10	-9.127629951054086e+00	success	0	0	0	true	2.563135594921760e-01	true	6.404916309753638e+00	true	3.209893640000000e-04	3.193069560000000e-09	2.173395371536004e+00	7.849375861901722e-01	true	6.346695597153609e-01	8.036808262794261e+01	2.494708398847294e+00	2.314303707260010e-01	true	true	9.461067121965887e-01	7.351903863353821e-01	9.461067121965887e-01	2.974380099425686e-02	1.251857193968261e+00	3.698486502905581e+00	1.251857193968261e+00	2.090669513208381e-02	CMS:2019ogx	CMS:2012qwq	CMS:2019ogx	ATLAS:2021upq	LHC13 [H]->X1->Z(X2->[bb])	LHC8 [vbfH;HW;Htt;H;HZ]>[bb;tautau;WW;ZZ;gamgam]	LHC13 [H]->X1->Z(X2->[bb])	LHC13 [Hpmtb>tb]	3.039468980280645e+00	true	all checks passed	1	1.100933203666718e+00	2.567714699542079e-01	2.732125257302128e+00	-1.271483668087685e+00	-1.224112388822698e+00	1.515420000000000e+03	3.933010000000000e+00	4362.2929363843941	1099.3907789459008	377.51366799779112	-0.425989846882456	-0.046931555658905964	0.0092211553724681362	0	0.00073052567067453185	0	0	0	success	ew_sym_res	success	success	239.99700000000001	success	131.51852097341734	4.663836260108903e-08	-4.3848572561819928e-08	3.2138007412066698e-08	4.6637888976470502e-08	1.3197160177129923e-10	48.472933080766502	126.93308102770843	2.1087656625516319e-10	success	success	130.16714446702099	4.663836260108903e-08	-4.3848572561819928e-08	3.2138007412066698e-08	4.6637888976470502e-08	3.7841852147517793e-10	51.617666433056201	137.75081198668573	1.3029301999906235e-09	success	130.22084897779428	4.663836260108903e-08	-4.3848572561819928e-08	3.2138007412066698e-08	4.6637888976470502e-08	2.1204232521072368e-10	51.521102230024276	137.39750970639656	-8.8610242701858686e-10	success	129.99115268148029	4.663836260108903e-08	-4.3848572561819928e-08	3.2138007412066698e-08	4.6637888976470502e-08	-1.2732416317896214e-09	51.924109346867532	138.88261818906463	3.3923071978436102e-10	success	129.97048167364744	4.663836260108903e-08	-4.3848572561819928e-08	3.2138007412066698e-08	4.6637888976470502e-08	-5.1747759550590252e-10	51.959140475916712	139.01305349383753	-1.2239835351547008e-09	success	129.99115763845742	129.99115763845742	0.94999999999999996	0.0033980269515628153	15913.833473685503	0	0.0052991461445850638	0.10000000000000001	0.57742253280356104	0.57558421088540423	0.038003161407643579	0	0.016948508343699074	0.10750803915474126	2.2800623302994453e-21	3.8076540567248136e-05	0.18643359178068983	5.3073346322519265e-27	0	7.4535501007621518e-10	1.6758333943450468e-14	7.4536680749584701e-10	0-(0)->1	nan	nan	nan	nan	nan	nan	nan	nan	nan	nan	nan	nan	nan	nan	nan	nan	nan	nan	nan	nan	nan	nan	nan	nan	nan	nan	nan	nan	nan	nan	nan	nan	nan	nan	nan	nan	nan	nan	nan	nan	nan	nan	nan	nan	nan	nan	nan	nan	nan	nan	nan	nan	nan	nan	nan	nan	nan	nan	nan	nan	nan	nan	nan	nan	nan	nan	nan	nan	nan	nan	nan	nan	nan	nan	nan	nan	nan	nan	nan	nan	nan	nan	nan	nan	nan	nan	nan	nan	nan	nan	nan	nan	nan	nan	nan	nan	nan	nan	nan	nan	nan	nan	nan	nan	nan	nan	nan	nan	nan	nan	nan	nan	nan	nan	nan	nan	nan	nan	nan	nan	nan	nan	nan	nan	nan	nan	nan	nan	nan	nan	nan	nan	nan	nan	nan	nan	nan	nan	nan	nan	nan	nan	nan	nan	nan	nan	nan	nan	single_step	7.453668074958470e-10	typeI_mH62-125/random_20260831_090924.md
6.490860000000001e+01	2.843480000000000e+02	2.816550000000000e+02	4.987840000000000e+02	1.233620000000000e-01	5.433190000000000e+00	9.709682379927764e-07	-6.012794976363964e+00	success	0	0	0	true	2.472739585483303e-01	true	7.055129358595901e+00	true	3.241997940000000e-04	3.153674040000000e-09	1.703740215076007e+00	1.044103145896807e+00	true	2.853438526528332e-01	8.036140447063789e+01	2.494650615368327e+00	2.314397601151909e-01	true	true	7.574026278048852e-01	7.243165030390114e-01	7.574026278048852e-01	6.651371748796432e-03	7.784874970541114e-01	3.643783787318858e+00	7.784874970541114e-01	4.830370346776950e-03	CMS:2019ogx	CMS:2012qwq	CMS:2019ogx	ATLAS:2021upq	LHC13 [H]->X1->Z(X2->[bb])	LHC8 [vbfH;HW;Htt;H;HZ]>[bb;tautau;WW;ZZ;gamgam]	LHC13 [H]->X1->Z(X2->[bb])	LHC13 [Hpmtb>tb]	3.980392215510619e+00	true	all checks passed	1	1.279342026474285e+00	2.477157195415124e-01	2.879487563180657e+00	-1.239399523217704e+00	-1.289774501041751e+00	4.987840000000000e+02	5.433190000000000e+00	5084.2771050809979	1225.8116478188997	393.75184180333872	-1.0640463130458628	-0.045321228813083092	0.025555109103457922	0	-0.003808885484269304	0	0	0	success	ew_sym_res	success	success	463.10199999999998	success	158.18234699063788	-2.0170103625676032e-09	9.0177893502211086e-09	-7.1596209842584957e-09	-2.0169345318984251e-09	-5.3613857862014642e-11	206.70381440461387	25.504982269688593	1.0531304856023673e-10	success	success	147.11311292092731	-2.0170103625676032e-09	9.0177893502211086e-09	-7.1596209842584957e-09	-2.0169345318984251e-09	-6.7128222155707341e-11	221.0420655225451	27.726173904565012	1.901058031444043e-10	success	147.55461707077549	-2.0170103625676032e-09	9.0177893502211086e-09	-7.1596209842584957e-09	-2.0169345318984251e-09	3.5216940105934546e-11	220.59893264105162	27.635533105377895	7.0021754015812409e-11	success	146.08053069147746	-2.0170103625676032e-09	9.0177893502211086e-09	-7.1596209842584957e-09	-2.0169345318984251e-09	-3.6232249767273427e-11	222.0481112053854	27.939059024933098	5.069558985549433e-11	success	145.91750627417468	-2.0170103625676032e-09	9.0177893502211086e-09	-7.1596209842584957e-09	-2.0169345318984251e-09	7.8868092047032797e-11	222.20318870818139	27.972787296309086	5.4597597573067891e-11	success	146.08134708586695	146.08134708586695	0.94999999999999996	0.0034035851878829429	2251.5244610887144	0	0.0053341362222141826	0.10000000000000001	0.57744836305433878	0.57619738618972483	0.0060453943049114068	0	0.0027012647852892092	0.017162811676640879	6.8937904149524597e-20	6.0936283350671769e-06	0.029713912638181302	2.6822437278586735e-25	0	9.7096327026204051e-07	5.1518337617775494e-12	9.7096823799277638e-07	0-(0)->1	true_lower	102.57729704531198	-2.0170103625676032e-09	9.0177893502211086e-09	-7.1596209842584957e-09	-2.0169345318984251e-09	-7.8884933839159753e-10	87.742713242423889	192.37410979566661	-5.4913416073112888e-10	failure	nan	nan	nan	nan	nan	nan	nan	nan	nan	nan	nan	nan	nan	nan	nan	nan	nan	nan	nan	nan	nan	nan	nan	nan	nan	nan	nan	nan	nan	nan	nan	nan	nan	nan	nan	nan	nan	nan	nan	nan	not_set	nan	nan	nan	nan	nan	nan	nan	nan	nan	nan	nan	nan	nan	nan	nan	nan	nan	nan	nan	nan	nan	nan	success	70.806704069427894	3.8916205336304679e-12	243.63301086104849	50.023708689238674	-4.3609718038816546e-11	-1.5865104736464787e-10	48.601277512574931	235.00218345667605	1.4322144576209305e-10	success	not_met	nan	nan	nan	nan	nan	nan	nan	nan	nan	not_met	nan	nan	nan	nan	nan	nan	nan	nan	nan	not_met	nan	nan	nan	nan	nan	nan	nan	nan	nan	not_met	nan	nan	nan	nan	nan	nan	nan	nan	nan	not_set	nan	nan	nan	nan	nan	nan	nan	nan	nan	nan	nan	nan	nan	nan	nan	nan	nan	nan	nan	nan	nan	nan	single_step	9.709682379927764e-07	typeI_mH62-125/random_20260816_190714.md
1.016300000000000e+02	2.601090000000000e+02	2.689010000000000e+02	6.398120000000000e+02	1.281460000000000e-01	4.310080000000000e+00	7.362985426871825e-12	-1.113294605909622e+01	success	0	0	0	true	2.578170164424431e-01	true	9.533255907866447e+00	true	3.218264170000000e-04	3.182922250000000e-09	2.045439371351496e+00	8.481631931636444e-01	true	2.580785506869897e+00	8.037570078843721e+01	2.495133136206342e+00	2.313921907358797e-01	true	true	7.483080048196489e-01	7.145523842311283e-01	7.483080048196489e-01	2.505300207098030e-02	9.184029472218869e-01	3.594663909944335e+00	9.184029472218869e-01	1.735750225091841e-02	CMS:2019ogx	CMS:2012qwq	CMS:2019ogx	ATLAS:2021upq	LHC13 [H]->X1->Z(X2->[bb])	LHC8 [vbfH;HW;Htt;H;HZ]>[bb;tautau;WW;ZZ;gamgam]	LHC13 [H]->X1->Z(X2->[bb])	LHC13 [Hpmtb>tb]	3.426652580396023e+00	true	all checks passed	1	2.657868233795626e+00	2.582776128672002e-01	2.471689970637337e+00	-1.223688236359776e+00	-1.069974973090558e+00	6.398120000000000e+02	4.310080000000000e+00	4953.8954283476887	631.62886593461724	374.42716413307602	-0.30715844109985185	-0.034335697044632497	0.021474997358210231	0	0.0044023467810080158	0	0	0	success	ew_sym_res	success	success	204.441	success	141.22881765386376	-1.0548226151082271e-09	-2.3931570922663964e-08	-1.5777329470224569e-09	-1.0548226151082271e-09	-2.1319172576331786e-09	41.600080935487917	110.2637289828504	2.6075036635260903e-09	success	success	140.39797421300239	-1.0548226151082271e-09	-2.3931570922663964e-08	-1.5777329470224569e-09	-1.0548226151082271e-09	-1.2237230453713483e-09	44.092244654883018	118.64653089556576	3.5124310967260158e-09	success	140.42936738116759	-1.0548226151082271e-09	-2.3931570922663964e-08	-1.5777329470224569e-09	-1.0548226151082271e-09	-2.0370943457679146e-09	44.014094416669302	118.3712406537268	1.23850756484908e-09	success	140.27927268386645	-1.0548226151082271e-09	-2.3931570922663964e-08	-1.5777329470224569e-09	-1.0548226151082271e-09	2.9714361054396466e-09	44.379419376358385	119.66576256961073	1.5000628320958328e-09	success	140.26636675504108	-1.0548226151082271e-09	-2.3931570922663964e-08	-1.5777329470224569e-09	-1.0548226151082271e-09	-2.18972824554813e-09	44.409883476924996	119.77459986430625	1.9472118450852168e-09	success	140.27927575476241	140.27927575476241	0.94999999999999996	0.0018072565599171766	27519.059087287809	0	0.0028446430157855617	0.10000000000000001	0.57740612375248235	0.57638504683601588	0.070942091492956563	0	0.031655690583945566	0.20122927227667012	1.1526821086411665e-22	3.8030300994545233e-05	0.34821259642340124	1.4487822920382451e-28	0	7.3628338420888287e-12	2.4505000575124176e-16	7.3629854268718254e-12	0-(0)->1	nan	nan	nan	nan	nan	nan	nan	nan	nan	nan	nan	nan	nan	nan	nan	nan	nan	nan	nan	nan	nan	nan	nan	nan	nan	nan	nan	nan	nan	nan	nan	nan	nan	nan	nan	nan	nan	nan	nan	nan	nan	nan	nan	nan	nan	nan	nan	nan	nan	nan	nan	nan	nan	nan	nan	nan	nan	nan	nan	nan	nan	nan	nan	nan	nan	nan	nan	nan	nan	nan	nan	nan	nan	nan	nan	nan	nan	nan	nan	nan	nan	nan	nan	nan	nan	nan	nan	nan	nan	nan	nan	nan	nan	nan	nan	nan	nan	nan	nan	nan	nan	nan	nan	nan	nan	nan	nan	nan	nan	nan	nan	nan	nan	nan	nan	nan	nan	nan	nan	nan	nan	nan	nan	nan	nan	nan	nan	nan	nan	nan	nan	nan	nan	nan	nan	nan	nan	nan	nan	nan	nan	nan	nan	nan	nan	nan	nan	nan	single_step	7.362985426871825e-12	typeI_mH62-125/random_20260901_123420.md
1.211430000000000e+02	3.134620000000000e+02	3.067490000000000e+02	1.004850000000000e+03	1.371330000000000e-01	1.321430000000000e+01	1.273893334670940e-16	-1.589486693471901e+01	success	0	0	0	true	2.572457702167920e-01	true	1.409367297051628e+01	true	3.272797700000000e-04	3.116084490000000e-09	1.306837648900004e+00	1.325797477034009e+00	true	1.172350792801510e+00	8.035386711186931e+01	2.494030840195469e+00	2.315186805031610e-01	true	true	7.521661971408201e-01	7.375466725603073e-01	5.849171943172000e-01	3.173042651908832e-04	2.237998612802528e+00	3.710340157362772e+00	3.835530938489484e-01	1.968020401439654e-04	CMS:2013zmy	CMS:2012qwq	CMS:2019qcx	ATLAS:2021upq	LHC8 [ggH;vbfH;HW;HZ]>[WW]	LHC8 [vbfH;HW;Htt;H;HZ]>[bb;tautau;WW;ZZ;gamgam]	LHC13 [ggH]->X1->Z(X2->[bb])	LHC13 [Hpmtb>tb]	5.493820805125267e+00	true	all checks passed	1	4.178017143381449e+00	2.577053460961529e-01	2.932174898810429e+00	-1.265401556324040e+00	-1.403000751346843e+00	1.004850000000000e+03	1.321430000000000e+01	8513.441038797786	1616.3215432296481	115.75687516651195	-4.4912275736670884	-0.059809090247319632	-0.037685689048626597	0	-0.0037507945028626044	0	0	0	success	non_bfb	success	success	261.89699999999999	success	159.25155515506145	0	0	0	0	-1.9566192494840409e-08	8.750572220132625	80.9637034101155	2.2325320294736846e-08	success	success	159.0554001813087	0	0	0	0	-2.0318173471822449e-09	9.4869786544699277	87.075288467094992	-2.0897270941976571e-09	success	159.06254266402459	0	0	0	0	4.2317648711263786e-08	9.4640067998573727	86.885758063212336	-5.5631717742551417e-09	success	159.01855330698191	0	0	0	0	2.8968162099761559e-08	9.6021822442395344	88.024791697658685	1.8906654788154579e-08	success	159.01512689547718	0	0	0	0	1.3548862820653946e-08	9.6126278178799289	88.110803743138646	-1.7047088728308288e-08	success	159.01855216922718	159.01855216922718	0.94999999999999996	0.00054730708804038436	117479.06304670904	0	0.00086852468441941922	0.10000000000000001	0.57744452244788402	0.5771164848035566	0.34348611016526032	0	0.15338285981182018	0.97693858056760641	1.8291477617309431e-25	5.6067462608627726e-05	1.6872114579300219	6.7965108586200906e-32	0	1.273767506315899e-16	2.3729414882324278e-20	1.2738933346709398e-16	0-(0)->1	nan	nan	nan	nan	nan	nan	nan	nan	nan	nan	nan	nan	nan	nan	nan	nan	nan	nan	nan	nan	nan	nan	nan	nan	nan	nan	nan	nan	nan	nan	nan	nan	nan	nan	nan	nan	nan	nan	nan	nan	nan	nan	nan	nan	nan	nan	nan	nan	nan	nan	nan	nan	nan	nan	nan	nan	nan	nan	nan	nan	nan	nan	nan	nan	nan	nan	nan	nan	nan	nan	nan	nan	nan	nan	nan	nan	nan	nan	nan	nan	nan	nan	nan	nan	nan	nan	nan	nan	nan	nan	nan	nan	nan	nan	nan	nan	nan	nan	nan	nan	nan	nan	nan	nan	nan	nan	nan	nan	nan	nan	nan	nan	nan	nan	nan	nan	nan	nan	nan	nan	nan	nan	nan	nan	nan	nan	nan	nan	nan	nan	nan	nan	nan	nan	nan	nan	nan	nan	nan	nan	nan	nan	nan	nan	nan	nan	nan	nan	single_step	1.273893334670940e-16	typeI_mH62-125/random_20260816_190714.md
1.130450000000000e+02	3.120860000000000e+02	3.051470000000000e+02	9.427660000000000e+02	1.510350000000000e-01	1.190100000000000e+01	2.429890830141895e-14	-1.361441323789634e+01	success	0	0	0	true	2.556670268045765e-01	true	1.382503383819139e+01	true	3.271426520000000e-04	3.117743640000000e-09	1.323389644302231e+00	1.312655038768721e+00	true	1.250663054032798e+00	8.035363527054554e+01	2.494000590092019e+00	2.315163308405196e-01	true	true	7.940224420867078e-01	7.315281912186801e-01	7.385619288534848e-01	4.468414312960831e-04	1.284376532126014e+00	3.680063276130754e+00	4.886122372860465e-01	2.771871882982660e-04	ATLAS:2014vuz	CMS:2012qwq	CMS:2019qcx	ATLAS:2021upq	LHC8 [HW;HZ]>[bb]	LHC8 [vbfH;HW;Htt;H;HZ]>[bb;tautau;WW;ZZ;gamgam]	LHC13 [ggH]->X1->Z(X2->[bb])	LHC13 [Hpmtb>tb]	5.779552179739852e+00	true	all checks passed	1	4.040246127399495e+00	2.561237822201010e-01	3.018494300273461e+00	-1.281192350441354e+00	-1.422741024742365e+00	9.427660000000000e+02	1.190100000000000e+01	8415.4393326705358	1714.0356215123454	145.46289682062661	-3.97091479643113	-0.06118513664902743	-0.030095374561613163	0	-0.0041788227628658638	0	0	0	success	non_bfb	success	success	256.19	success	156.04387629184743	0	0	0	0	-7.9267006917171206e-09	15.010703071487992	102.24742365892696	3.1930999008354901e-09	success	success	155.61418428986303	0	0	0	0	1.319743253627362e-09	16.282805684981568	109.87045553610247	1.7518648256789321e-08	success	155.62992542913156	0	0	0	0	2.1707095395936979e-08	16.243626833434185	109.63457080340135	-9.6387822632139046e-09	success	155.54299800554475	0	0	0	0	-1.1558537380121628e-08	16.454977065995291	110.90829844614645	-1.8497282081236697e-08	success	155.53589685675985	0	0	0	0	2.4219367394475394e-08	16.471722054918107	111.0093523970078	5.4391190776154072e-09	success	155.54299329927645	155.54299329927645	0.94999999999999996	0.00090745441389640763	55557.222419381367	0	0.0014362823256622449	0.10000000000000001	0.57740831724753638	0.57687265556349199	0.15887510746616543	0	0.070778857988297444	0.45051586336045268	3.6295258548996638e-24	4.2833658668885237e-05	0.77856743787127192	2.2941831559381423e-30	0	2.4297945160762471e-14	1.7357666020910244e-18	2.4298908301418948e-14	0-(0)->1	nan	nan	nan	nan	nan	nan	nan	nan	nan	nan	nan	nan	nan	nan	nan	nan	nan	nan	nan	nan	nan	nan	nan	nan	nan	nan	nan	nan	nan	nan	nan	nan	nan	nan	nan	nan	nan	nan	nan	nan	nan	nan	nan	nan	nan	nan	nan	nan	nan	nan	nan	nan	nan	nan	nan	nan	nan	nan	nan	nan	nan	nan	nan	nan	nan	nan	nan	nan	nan	nan	nan	nan	nan	nan	nan	nan	nan	nan	nan	nan	nan	nan	nan	nan	nan	nan	nan	nan	nan	nan	nan	nan	nan	nan	nan	nan	nan	nan	nan	nan	nan	nan	nan	nan	nan	nan	nan	nan	nan	nan	nan	nan	nan	nan	nan	nan	nan	nan	nan	nan	nan	nan	nan	nan	nan	nan	nan	nan	nan	nan	nan	nan	nan	nan	nan	nan	nan	nan	nan	nan	nan	nan	nan	nan	nan	nan	nan	nan	single_step	2.429890830141895e-14	typeI_mH62-125/random_20260817_165140.md
7.366630000000001e+01	3.137880000000000e+02	3.024600000000000e+02	4.709200000000000e+02	1.341180000000000e-01	6.432870000000000e+00	1.251676960290680e-07	-6.902507741785021e+00	success	0	0	0	true	2.487582890764412e-01	true	9.758035174160419e+00	true	3.254017070000000e-04	3.138878220000000e-09	1.542602306132548e+00	1.150972199647660e+00	true	3.780199463509347e+00	8.034659052760965e+01	2.493721199009570e+00	2.315280957996357e-01	true	true	6.977760767943108e-01	7.246929863139667e-01	6.977760767943108e-01	3.725976305147622e-03	7.178352165872569e-01	3.645677743410875e+00	7.178352165872569e-01	2.311898634571888e-03	CMS:2019ogx	CMS:2012qwq	CMS:2019ogx	ATLAS:2021upq	LHC13 [H]->X1->Z(X2->[bb])	LHC8 [vbfH;HW;Htt;H;HZ]>[bb;tautau;WW;ZZ;gamgam]	LHC13 [H]->X1->Z(X2->[bb])	LHC13 [Hpmtb>tb]	4.276489403049965e+00	true	all checks passed	1	2.258060347249450e+00	2.492027018625262e-01	3.275190509404102e+00	-1.345076043415017e+00	-1.575787172504845e+00	4.709200000000000e+02	6.432870000000000e+00	7102.2174866781024	2079.1361191423757	370.92824322620686	-1.5588027193751788	-0.069515576387404715	-0.00053335318867113229	0	-0.010756347177989893	0	0	0	success	ew_sym_res	success	success	198.40100000000001	success	133.30094517369963	1.4578424049034818e-08	-2.5569528221518354e-08	1.4500359932540521e-08	1.4578424049034821e-08	-4.2325455154632251e-10	79.371001238505528	136.13453318014089	-1.4944814344846999e-11	success	success	129.08734870598812	1.4578424049034818e-08	-2.5569528221518354e-08	1.4500359932540521e-08	1.4578424049034821e-08	-2.2034190697567529e-10	75.789825239572224	156.44521113448835	-3.6702854398791118e-10	success	129.26085813139412	1.4578424049034818e-08	-2.5569528221518354e-08	1.4500359932540521e-08	1.4578424049034821e-08	-1.4996488633644817e-10	75.976420539756731	155.71286738127972	4.546404002034272e-11	success	128.63521231812945	1.4578424049034818e-08	-2.5569528221518354e-08	1.4500359932540521e-08	1.4578424049034821e-08	1.5632420424105409e-10	75.294558409672689	158.319582523012	-2.825013266671371e-10	success	128.57175657557144	1.4578424049034818e-08	-2.5569528221518354e-08	1.4500359932540521e-08	1.4578424049034821e-08	5.1052005920402516e-10	75.224089805740576	158.57878968845421	4.941561431205325e-11	success	128.63522754325291	128.63522754325291	0.94999999999999996	0.0039696298351984006	5120.5411296568818	0	0.0061765257184659503	0.10000000000000001	0.57730298859697915	0.57542736779924852	0.012100010858914207	0	0.0054012232858854431	0.034246776729547165	2.9341373781387319e-20	1.4155500899092219e-05	0.059413456144739869	9.4771077651654061e-26	0	1.2516686426608098e-07	9.3244241386229376e-13	1.2516769602906804e-07	0-(0)->1	nan	nan	nan	nan	nan	nan	nan	nan	nan	nan	nan	nan	nan	nan	nan	nan	nan	nan	nan	nan	nan	nan	nan	nan	nan	nan	nan	nan	nan	nan	nan	nan	nan	nan	nan	nan	nan	nan	nan	nan	nan	nan	nan	nan	nan	nan	nan	nan	nan	nan	nan	nan	nan	nan	nan	nan	nan	nan	nan	nan	nan	nan	nan	nan	nan	nan	nan	nan	nan	nan	nan	nan	nan	nan	nan	nan	nan	nan	nan	nan	nan	nan	nan	nan	nan	nan	nan	nan	nan	nan	nan	nan	nan	nan	nan	nan	nan	nan	nan	nan	nan	nan	nan	nan	nan	nan	nan	nan	nan	nan	nan	nan	nan	nan	nan	nan	nan	nan	nan	nan	nan	nan	nan	nan	nan	nan	nan	nan	nan	nan	nan	nan	nan	nan	nan	nan	nan	nan	nan	nan	nan	nan	nan	nan	nan	nan	nan	nan	single_step	1.251676960290680e-07	typeI_mH62-125/random_20260817_233645.md
1.175260000000000e+02	3.032050000000000e+02	3.044180000000000e+02	1.001260000000000e+03	1.614370000000000e-01	1.234920000000000e+01	7.112126151808595e-16	-1.514800054864239e+01	success	0	0	0	true	2.563379206290508e-01	true	1.342320151273060e+01	true	3.271919690000000e-04	3.117147740000000e-09	1.317424421321227e+00	1.317367740631481e+00	true	3.570648686335390e-01	8.036541489037779e+01	2.494664088454978e+00	2.314544944668074e-01	true	true	7.854194153431678e-01	7.285770064970106e-01	4.970076855374184e-01	4.100898471617204e-04	1.276188133783237e+00	3.665216894753160e+00	3.948536860518935e-01	2.544066863025401e-04	ATLAS:2014vuz	CMS:2012qwq	CMS:2019qcx	ATLAS:2021upq	LHC8 [HW;HZ]>[bb]	LHC8 [vbfH;HW;Htt;H;HZ]>[bb;tautau;WW;ZZ;gamgam]	LHC13 [ggH]->X1->Z(X2->[bb])	LHC13 [Hpmtb>tb]	6.174974216293606e+00	true	all checks passed	1	3.938017145570505e+00	2.567958746128514e-01	2.943946725211378e+00	-1.337853237073049e+00	-1.313494498921155e+00	1.001260000000000e+03	1.234920000000000e+01	8111.7652399828658	1517.9719776499467	136.85409446465681	-4.2824402271459263	-0.055988869976720472	-0.025909910486608154	0	-0.00061021144027069939	0	0	0	success	non_bfb	success	success	239.17599999999999	success	156.17422497147766	0	0	0	0	-1.1243262720111397e-08	10.507703602708311	86.659293127782874	4.3681230496967154e-08	success	success	155.93380779058208	0	0	0	0	1.2313932168231273e-08	11.389022581899784	93.19437504210488	1.6108401092788694e-09	success	155.94262912247461	0	0	0	0	-8.7748679179029513e-09	11.361478767768233	92.990895727807626	-1.1909258439032285e-08	success	155.89023837338533	0	0	0	0	5.27286538067267e-08	11.521238378661478	94.170576058596367	1.1476380429833597e-08	success	155.88610893376983	0	0	0	0	4.0737922590953816e-08	11.533455099504549	94.260734317555929	2.7569145513561198e-08	success	155.89023837338533	155.89023837338533	0.94999999999999996	0.00067667007542019481	95478.347369248018	0	0.0010727544080483434	0.10000000000000001	0.57742646591886193	0.57702334188876281	0.27364809408384905	0	0.12223894668914347	0.77837980493709868	5.2245989425429151e-25	5.5213797306307837e-05	1.3446284135805782	2.3976098642339672e-31	0	7.1115641882637767e-16	1.0503768327750251e-19	7.1121261518085947e-16	0-(0)->1	nan	nan	nan	nan	nan	nan	nan	nan	nan	nan	nan	nan	nan	nan	nan	nan	nan	nan	nan	nan	nan	nan	nan	nan	nan	nan	nan	nan	nan	nan	nan	nan	nan	nan	nan	nan	nan	nan	nan	nan	nan	nan	nan	nan	nan	nan	nan	nan	nan	nan	nan	nan	nan	nan	nan	nan	nan	nan	nan	nan	nan	nan	nan	nan	nan	nan	nan	nan	nan	nan	nan	nan	nan	nan	nan	nan	nan	nan	nan	nan	nan	nan	nan	nan	nan	nan	nan	nan	nan	nan	nan	nan	nan	nan	nan	nan	nan	nan	nan	nan	nan	nan	nan	nan	nan	nan	nan	nan	nan	nan	nan	nan	nan	nan	nan	nan	nan	nan	nan	nan	nan	nan	nan	nan	nan	nan	nan	nan	nan	nan	nan	nan	nan	nan	nan	nan	nan	nan	nan	nan	nan	nan	nan	nan	nan	nan	nan	nan	single_step	7.112126151808595e-16	typeI_mH62-125/random_20260817_233645.md
9.930280000000000e+01	2.955430000000000e+02	2.894360000000000e+02	1.140160000000000e+03	7.880379999999999e-02	6.113570000000000e+00	8.294784281498706e-11	-1.008119490398235e+01	success	0	0	0	true	2.559110422095395e-01	true	8.556944080440813e+00	true	3.250330290000000e-04	3.143390110000000e-09	1.591179221370753e+00	1.117831446442473e+00	true	9.269695435679505e-01	8.035534912142252e+01	2.494065451848164e+00	2.315009444295537e-01	true	true	4.328179358351794e-01	7.438379146688481e-01	4.328179358351794e-01	5.623743521961292e-03	5.538384605312219e-01	3.741989202912634e+00	5.538384605312219e-01	3.849748584856471e-03	CMS:2019ogx	CMS:2012qwq	CMS:2019ogx	ATLAS:2021upq	LHC13 [H]->X1->Z(X2->[bb])	LHC8 [vbfH;HW;Htt;H;HZ]>[bb;tautau;WW;ZZ;gamgam]	LHC13 [H]->X1->Z(X2->[bb])	LHC13 [Hpmtb>tb]	3.790815325285934e+00	true	all checks passed	1	2.041301393925817e+00	2.563682335645713e-01	2.788948865364149e+00	-1.207016107721681e+00	-1.325082957910061e+00	1.140160000000000e+03	6.113570000000000e+00	5436.3929256253177	1271.0484085705757	248.29444464517124	-0.93544683977753429	-0.048796464777481882	0.0045339668725099215	0	-0.0053678550242757831	0	0	0	success	ew_sym_res	success	success	189.255	success	137.16942186990707	-1.8609275717774509e-09	-3.5344052705148608e-08	3.9226458516503943e-09	-1.8611175916684592e-09	-1.9463340007761596e-09	29.367531608448658	126.39831671298008	-4.1009166404067692e-10	success	success	136.10967094286002	-1.8609275717774509e-09	-3.5344052705148608e-08	3.9226458516503943e-09	-1.8611175916684592e-09	2.8571729853205467e-10	31.631073009170777	136.61019407642129	4.0697530248581632e-10	success	136.15096497796173	-1.8609275717774509e-09	-3.5344052705148608e-08	3.9226458516503943e-09	-1.8611175916684592e-09	2.2256080334561445e-09	31.558650993025434	136.2709149909395	8.6107427544226237e-11	success	135.96366019467428	-1.8609275717774509e-09	-3.5344052705148608e-08	3.9226458516503943e-09	-1.8611175916684592e-09	7.3999366487159038e-10	31.880701320894854	137.78744332799982	-1.9322019996046641e-09	success	135.94718837630785	-1.8609275717774509e-09	-3.5344052705148608e-08	3.9226458516503943e-09	-1.8611175916684592e-09	2.1711994296999769e-09	31.908309809142711	137.91841900079442	-9.4096025897521395e-10	success	135.96366030013849	135.96366030013849	0.94999999999999996	0.0025662589346375684	20925.581480710898	0	0.0040205969551619933	0.10000000000000001	0.57740566790689918	0.57597623963048017	0.052277847837570189	0	0.023291447640008095	0.1478975241850094	5.7315328114296272e-22	3.9626134787245258e-05	0.25620592404008902	1.0111170977490776e-27	0	8.2946316537846988e-11	2.3240017701978999e-15	8.2947842814987056e-11	0-(0)->1	nan	nan	nan	nan	nan	nan	nan	nan	nan	nan	nan	nan	nan	nan	nan	nan	nan	nan	nan	nan	nan	nan	nan	nan	nan	nan	nan	nan	nan	nan	nan	nan	nan	nan	nan	nan	nan	nan	nan	nan	nan	nan	nan	nan	nan	nan	nan	nan	nan	nan	nan	nan	nan	nan	nan	nan	nan	nan	nan	nan	nan	nan	nan	nan	nan	nan	nan	nan	nan	nan	nan	nan	nan	nan	nan	nan	nan	nan	nan	nan	nan	nan	nan	nan	nan	nan	nan	nan	nan	nan	nan	nan	nan	nan	nan	nan	nan	nan	nan	nan	nan	nan	nan	nan	nan	nan	nan	nan	nan	nan	nan	nan	nan	nan	nan	nan	nan	nan	nan	nan	nan	nan	nan	nan	nan	nan	nan	nan	nan	nan	nan	nan	nan	nan	nan	nan	nan	nan	nan	nan	nan	nan	nan	nan	nan	nan	nan	nan	single_step	8.294784281498706e-11	typeI_mH62-125/random_20260818_171759.md
1.404998058989902e+02	4.437869785339011e+02	4.343922051266384e+02	1.782910382161213e+03	9.988196128351025e-01	1.051700490652313e+01	0.000000000000000e+00	-1.000000000000000e+30	tracing_not_set_coex_not_set	111	110	0	true	2.573904126187585e-01	true	1.248065605331771e+01	true	3.317903760000000e-04	3.457990520000000e-09	8.204187208348381e-01	7.591963123709734e-04	true	5.045596940057534e+00	8.034337229405743e+01	2.493435298676644e+00	2.315727296839962e-01	true	true	7.697160528368102e-01	7.702087904099484e-01	6.214852813511635e-01	2.436910313582313e-04	3.872173093389777e+00	1.260484107491333e+00	6.669195830345385e-01	1.749662740581540e-04	CMS:2012qwq	ATLAS:2014vuz	ATLAS:2020gxx	ATLAS:2021upq	LHC8 [vbfH;HW;Htt;H;HZ]>[bb;tautau;WW;ZZ;gamgam]	LHC8 [HW;HZ]>[bb]	LHC13 [ggH]->X1->Z(X2->[bb])	LHC13 [Hpmtb>tb]	5.319661650995840e+00	true	all checks passed	1	1.808370163592601e+00	2.578502469053190e-01	5.890306142042606e+00	-2.669143528290929e+00	-2.941808424895651e+00	1.782910382161213e+03	1.051700490652313e+01	16669.160053564108	9239.1333909128934	314.27358816464488	-6.2076924978377566	-0.41355009353548822	-0.44213867431859999	0	0.013050701545495402	0	0	0	no_nlo_stability	not_set	not_set	not_set	0.96399999999999997	nan	nan	nan	nan	nan	nan	nan	nan	nan	nan	nan	nan	nan	nan	nan	nan	nan	nan	nan	nan	nan	nan	nan	nan	nan	nan	nan	nan	nan	nan	nan	nan	nan	nan	nan	nan	nan	nan	nan	nan	nan	nan	nan	nan	nan	nan	nan	nan	nan	nan	nan	nan	nan	nan	nan	nan	nan	nan	nan	nan	nan	nan	nan	nan	nan	nan	nan	nan	nan	nan	nan	nan	nan	nan	not_set	nan	nan	nan	nan	nan	nan	nan	nan	nan	nan	nan	nan	nan	nan	nan	nan	nan	nan	nan	nan	nan	nan	nan	nan	nan	nan	nan	nan	nan	nan	nan	nan	nan	nan	nan	nan	nan	nan	nan	nan	nan	nan	nan	nan	nan	nan	nan	nan	nan	nan	nan	nan	nan	nan	nan	nan	nan	nan	nan	nan	nan	nan	nan	nan	nan	nan	nan	nan	nan	nan	nan	nan	nan	nan	nan	nan	nan	nan	nan	nan	nan	nan	nan	nan	nan	nan	nan	nan	nan	nan	nan	nan	nan	nan	nan	nan	nan	nan	nan	nan	nan	nan	nan	nan	nan	nan	nan	nan	nan	nan	nan	nan	nan	nan	nan	nan	nan	nan	nan	nan	nan	nan	nan	nan	nan	nan	nan	nan	nan	nan	nan	nan	nan	nan	nan	nan	nan	nan	nan	nan	nan	nan	nan	nan	nan	nan	nan	nan	needs_multistep_run	0.000000000000000e+00	async_mcmc_20260903_115445.md
1.709052053723948e+02	4.522944471556626e+02	4.441208121478372e+02	2.771729498526678e+03	9.970022585917397e-01	1.015776936776978e+01	0.000000000000000e+00	-1.000000000000000e+30	tracing_not_set_coex_not_set	37	207	0	true	2.557857872692856e-01	true	1.268721642194980e+01	true	3.317596000000000e-04	3.458375450000000e-09	8.233556569529129e-01	8.341041938466367e-04	true	3.606040569691358e+00	8.034643598806925e+01	2.493619273427878e+00	2.315591114311829e-01	true	true	7.708940136862654e-01	3.022438713717848e-02	9.754144320101195e-03	3.108069004490739e-04	3.878099003716729e+00	2.443185151953504e-02	8.570074089863339e-03	2.263026914011420e-04	CMS:2012qwq	CMS:2013yea	ATLAS:2022enb	ATLAS:2021upq	LHC8 [vbfH;HW;Htt;H;HZ]>[bb;tautau;WW;ZZ;gamgam]	LHC8 [vbfH>WW]	LHC13 [H]->X1->Z(X2->[bb])	LHC13 [Hpmtb>tb]	5.605334459384238e+00	true	all checks passed	1	1.804495947567905e+00	2.562427548532938e-01	6.001368108061020e+00	-2.668531755440020e+00	-2.910681637950165e+00	2.771729498526678e+03	1.015776936776978e+01	15268.628633842416	9512.390607679481	176.86475161719895	-2.9812947204748594	-0.44108395563701025	-0.49375198371774026	0	0.01655520651532031	0	0	0	no_nlo_stability	not_set	not_set	not_set	0.94999999999999996	nan	nan	nan	nan	nan	nan	nan	nan	nan	nan	nan	nan	nan	nan	nan	nan	nan	nan	nan	nan	nan	nan	nan	nan	nan	nan	nan	nan	nan	nan	nan	nan	nan	nan	nan	nan	nan	nan	nan	nan	nan	nan	nan	nan	nan	nan	nan	nan	nan	nan	nan	nan	nan	nan	nan	nan	nan	nan	nan	nan	nan	nan	nan	nan	nan	nan	nan	nan	nan	nan	nan	nan	nan	nan	not_set	nan	nan	nan	nan	nan	nan	nan	nan	nan	nan	nan	nan	nan	nan	nan	nan	nan	nan	nan	nan	nan	nan	nan	nan	nan	nan	nan	nan	nan	nan	nan	nan	nan	nan	nan	nan	nan	nan	nan	nan	nan	nan	nan	nan	nan	nan	nan	nan	nan	nan	nan	nan	nan	nan	nan	nan	nan	nan	nan	nan	nan	nan	nan	nan	nan	nan	nan	nan	nan	nan	nan	nan	nan	nan	nan	nan	nan	nan	nan	nan	nan	nan	nan	nan	nan	nan	nan	nan	nan	nan	nan	nan	nan	nan	nan	nan	nan	nan	nan	nan	nan	nan	nan	nan	nan	nan	nan	nan	nan	nan	nan	nan	nan	nan	nan	nan	nan	nan	nan	nan	nan	nan	nan	nan	nan	nan	nan	nan	nan	nan	nan	nan	nan	nan	nan	nan	nan	nan	nan	nan	nan	nan	nan	nan	nan	nan	nan	nan	needs_multistep_run	0.000000000000000e+00	async_mcmc_20260903_115445.md
1.534041717923998e+02	4.370342713759793e+02	4.269316527631221e+02	2.448686786685661e+03	9.961214740837390e-01	9.020179760531374e+00	0.000000000000000e+00	-1.000000000000000e+30	tracing_not_set_coex_not_set	119	249	0	true	2.564362187550297e-01	true	1.242868764600119e+01	true	3.315422510000000e-04	3.461189380000000e-09	8.442465378033275e-01	1.488730377935782e-03	true	5.359467765744931e+00	8.034277582967368e+01	2.493404908314976e+00	2.315776738071815e-01	true	true	7.723736823962044e-01	3.563681746784857e-02	1.893116967119523e-02	5.181307149322507e-04	3.885542701096614e+00	2.896421818351461e-02	2.834083298722440e-02	3.683885878679031e-04	CMS:2012qwq	CMS:2013yea	ATLAS:2020gxx	ATLAS:2021upq	LHC8 [vbfH;HW;Htt;H;HZ]>[bb;tautau;WW;ZZ;gamgam]	LHC8 [vbfH>WW]	LHC13 [ggH]->X1->Z(X2->[bb])	LHC13 [Hpmtb>tb]	6.109930191856364e+00	true	all checks passed	1	1.961655329784750e+00	2.568943483508438e-01	5.627798901760947e+00	-2.498236091045600e+00	-2.786699248758668e+00	2.448686786685661e+03	9.020179760531374e+00	15021.81537027852	8397.438363498979	265.12427273062718	-3.4364129050170087	-0.37029227181925783	-0.41139527706829598	0	0.014231178294433501	0	0	0	no_nlo_stability	not_set	not_set	not_set	0.878	nan	nan	nan	nan	nan	nan	nan	nan	nan	nan	nan	nan	nan	nan	nan	nan	nan	nan	nan	nan	nan	nan	nan	nan	nan	nan	nan	nan	nan	nan	nan	nan	nan	nan	nan	nan	nan	nan	nan	nan	nan	nan	nan	nan	nan	nan	nan	nan	nan	nan	nan	nan	nan	nan	nan	nan	nan	nan	nan	nan	nan	nan	nan	nan	nan	nan	nan	nan	nan	nan	nan	nan	nan	nan	not_set	nan	nan	nan	nan	nan	nan	nan	nan	nan	nan	nan	nan	nan	nan	nan	nan	nan	nan	nan	nan	nan	nan	nan	nan	nan	nan	nan	nan	nan	nan	nan	nan	nan	nan	nan	nan	nan	nan	nan	nan	nan	nan	nan	nan	nan	nan	nan	nan	nan	nan	nan	nan	nan	nan	nan	nan	nan	nan	nan	nan	nan	nan	nan	nan	nan	nan	nan	nan	nan	nan	nan	nan	nan	nan	nan	nan	nan	nan	nan	nan	nan	nan	nan	nan	nan	nan	nan	nan	nan	nan	nan	nan	nan	nan	nan	nan	nan	nan	nan	nan	nan	nan	nan	nan	nan	nan	nan	nan	nan	nan	nan	nan	nan	nan	nan	nan	nan	nan	nan	nan	nan	nan	nan	nan	nan	nan	nan	nan	nan	nan	nan	nan	nan	nan	nan	nan	nan	nan	nan	nan	nan	nan	nan	nan	nan	nan	nan	nan	needs_multistep_run	0.000000000000000e+00	async_mcmc_20260903_115445.md
1.400719105723168e+02	4.396286442916816e+02	4.356256857352267e+02	1.847972521318154e+03	9.961028338012690e-01	9.584458215641549e+00	0.000000000000000e+00	-1.000000000000000e+30	not_set	14	19	0	true	2.573426944632379e-01	true	1.473777676803173e+01	true	3.316607520000000e-04	3.459656580000000e-09	8.328241584640040e-01	1.108793546925140e-03	true	9.261791250117474e-01	8.035501243772866e+01	2.494090321253583e+00	2.315102154732790e-01	true	true	7.716131516410143e-01	7.673150604955363e-01	4.610788503339165e-02	3.478867100087148e-04	3.881716736033148e+00	1.255420900593170e+00	4.789565655057896e-02	2.502005627060075e-04	CMS:2012qwq	ATLAS:2014vuz	ATLAS:2020gxx	ATLAS:2021upq	LHC8 [vbfH;HW;Htt;H;HZ]>[bb;tautau;WW;ZZ;gamgam]	LHC8 [HW;HZ]>[bb]	LHC13 [ggH]->X1->Z(X2->[bb])	LHC13 [Hpmtb>tb]	6.177744992600026e+00	true	all checks passed	1	2.926824984716828e+00	2.578024435001428e-01	5.965849586230656e+00	-2.782099057523647e+00	-2.897890147795817e+00	1.847972521318154e+03	9.584458215641549e+00	18121.372354716619	9349.4493514682636	256.21866242865622	-3.9711930608318275	-0.41537101047209246	-0.51908333582739463	0	0.0058111086280647865	0	0	0	success	non_bfb	success	success	480.11399999999998	success	96.222396464894047	1.4695054091749232e-11	389.7653133455085	22.919646857175998	-1.4090497091024054e-10	-1.40429510630363e-10	27.331225715068836	242.68226297263459	1.7992905483487544e-09	success	not_met	nan	nan	nan	nan	nan	nan	nan	nan	nan	not_met	nan	nan	nan	nan	nan	nan	nan	nan	nan	not_met	nan	nan	nan	nan	nan	nan	nan	nan	nan	not_met	nan	nan	nan	nan	nan	nan	nan	nan	nan	not_set	nan	nan	nan	nan	nan	nan	nan	nan	nan	nan	nan	nan	nan	nan	nan	nan	nan	nan	nan	nan	nan	nan	0	nan	nan	nan	nan	nan	nan	nan	nan	nan	nan	nan	nan	nan	nan	nan	nan	nan	nan	nan	nan	nan	nan	nan	nan	nan	nan	nan	nan	nan	nan	nan	nan	nan	nan	nan	nan	nan	nan	nan	nan	nan	nan	nan	nan	nan	nan	nan	nan	nan	nan	nan	nan	nan	nan	nan	nan	nan	nan	nan	nan	nan	nan	nan	nan	nan	nan	nan	nan	nan	nan	nan	nan	nan	nan	nan	nan	nan	nan	nan	nan	nan	nan	nan	nan	nan	nan	nan	nan	nan	nan	nan	nan	nan	nan	nan	nan	nan	nan	nan	nan	nan	nan	nan	nan	nan	nan	nan	nan	nan	nan	nan	nan	nan	nan	nan	nan	nan	nan	nan	nan	nan	nan	nan	nan	nan	nan	nan	nan	nan	nan	nan	nan	nan	nan	nan	nan	nan	nan	nan	nan	nan	nan	nan	nan	nan	nan	nan	nan	needs_multistep_run	0.000000000000000e+00	async_mcmc_20260903_212216.md
1.502832414326473e+02	4.350172730044948e+02	4.237438551462114e+02	2.104773019701731e+03	9.984536852152263e-01	8.475079999019400e+00	0.000000000000000e+00	-1.000000000000000e+30	tracing_success_coex_no_coex_pair	20	55	0	true	2.576149146215613e-01	true	2.073774635059402e+01	true	3.314157160000000e-04	3.462823850000000e-09	8.565292071818742e-01	1.955423648305573e-03	true	6.625290179625391e+00	8.034051604143836e+01	2.493273795114496e+00	2.315894988920840e-01	true	true	7.717235852018229e-01	4.526131007584009e-01	4.526131007584009e-01	6.695360982160548e-04	3.882272288773921e+00	6.719894241505455e-01	6.719894241505455e-01	4.741597943358383e-04	CMS:2012qwq	ATLAS:2020gxx	ATLAS:2020gxx	ATLAS:2021upq	LHC8 [vbfH;HW;Htt;H;HZ]>[bb;tautau;WW;ZZ;gamgam]	LHC13 [ggH]->X1->Z(X2->[bb])	LHC13 [ggH]->X1->Z(X2->[bb])	LHC13 [Hpmtb>tb]	5.549444446817915e+00	true	all checks passed	1	5.680636578859711e+00	2.580751499864573e-01	5.574437093348963e+00	-2.508282331281122e+00	-2.828236493423160e+00	2.104773019701731e+03	8.475079999019400e+00	21194.153604263272	8348.4463186436133	154.13423903321163	-1.7232279375248407	-0.36142858840968117	-0.64753708791669007	0	0.023837228098441979	0	0	0	success	non_bfb	success	no_coex_pair	30.75	nan	nan	nan	nan	nan	nan	nan	nan	nan	nan	nan	nan	nan	nan	nan	nan	nan	nan	nan	nan	nan	nan	nan	nan	nan	nan	nan	nan	nan	nan	nan	nan	nan	nan	nan	nan	nan	nan	nan	nan	nan	nan	nan	nan	nan	nan	nan	nan	nan	nan	nan	nan	nan	nan	nan	nan	nan	nan	nan	nan	nan	nan	nan	nan	nan	nan	nan	nan	nan	nan	nan	nan	nan	nan	not_set	nan	nan	nan	nan	nan	nan	nan	nan	nan	nan	nan	nan	nan	nan	nan	nan	nan	nan	nan	nan	nan	nan	nan	nan	nan	nan	nan	nan	nan	nan	nan	nan	nan	nan	nan	nan	nan	nan	nan	nan	nan	nan	nan	nan	nan	nan	nan	nan	nan	nan	nan	nan	nan	nan	nan	nan	nan	nan	nan	nan	nan	nan	nan	nan	nan	nan	nan	nan	nan	nan	nan	nan	nan	nan	nan	nan	nan	nan	nan	nan	nan	nan	nan	nan	nan	nan	nan	nan	nan	nan	nan	nan	nan	nan	nan	nan	nan	nan	nan	nan	nan	nan	nan	nan	nan	nan	nan	nan	nan	nan	nan	nan	nan	nan	nan	nan	nan	nan	nan	nan	nan	nan	nan	nan	nan	nan	nan	nan	nan	nan	nan	nan	nan	nan	nan	nan	nan	nan	nan	nan	nan	nan	nan	nan	nan	nan	nan	nan	needs_multistep_run	0.000000000000000e+00	async_mcmc_20260903_212216.md
3.503528206799445e+02	5.272458636828584e+02	3.547831815973114e+02	1.439706451565180e+04	9.986022652293713e-01	7.973871059729826e+00	0.000000000000000e+00	-1.000000000000000e+30	tracing_not_set_coex_not_set	0	0	0	true	2.407956676844388e-01	true	2.458246114711127e+01	true	3.310615820000000e-04	3.467504900000000e-09	8.913762890380178e-01	3.643537740903817e-03	true	2.983626174450996e+00	8.034837991419663e+01	2.493916998603084e+00	2.315997701668429e-01	true	true	7.720285080212271e-01	1.579995333465359e-01	4.873190772775969e-03	4.412179575105855e-02	3.883806249164257e+00	1.836514173760799e-01	8.414435593477175e-03	3.162236993603659e-02	CMS:2012qwq	CMS:2024phk	ATLAS:2022enb	CMS:2020imj	LHC8 [vbfH;HW;Htt;H;HZ]>[bb;tautau;WW;ZZ;gamgam]	LHC13 [H]->X1->(X2->[bb])(X3->[bb; tautau; gamgam; WW])	LHC13 [H]->X1->Z(X2->[bb])	LHC13 [Hpmtb>tb]	1.801890685487621e+00	true	all checks passed	1	7.891131805217334e+00	2.412258550520643e-01	1.206078763715934e+00	2.360563406480584e+00	-2.666771342226285e+00	1.439706451565180e+04	7.973871059729826e+00	29790.637009256796	2728.5598900500163	2025.6041083804723	-18.325852261389862	-0.2216348492940062	-0.73157752262490694	0	0.51641452196461535	0	0	0	no_nlo_stability	not_set	not_set	not_set	0.73699999999999999	nan	nan	nan	nan	nan	nan	nan	nan	nan	nan	nan	nan	nan	nan	nan	nan	nan	nan	nan	nan	nan	nan	nan	nan	nan	nan	nan	nan	nan	nan	nan	nan	nan	nan	nan	nan	nan	nan	nan	nan	nan	nan	nan	nan	nan	nan	nan	nan	nan	nan	nan	nan	nan	nan	nan	nan	nan	nan	nan	nan	nan	nan	nan	nan	nan	nan	nan	nan	nan	nan	nan	nan	nan	nan	not_set	nan	nan	nan	nan	nan	nan	nan	nan	nan	nan	nan	nan	nan	nan	nan	nan	nan	nan	nan	nan	nan	nan	nan	nan	nan	nan	nan	nan	nan	nan	nan	nan	nan	nan	nan	nan	nan	nan	nan	nan	nan	nan	nan	nan	nan	nan	nan	nan	nan	nan	nan	nan	nan	nan	nan	nan	nan	nan	nan	nan	nan	nan	nan	nan	nan	nan	nan	nan	nan	nan	nan	nan	nan	nan	nan	nan	nan	nan	nan	nan	nan	nan	nan	nan	nan	nan	nan	nan	nan	nan	nan	nan	nan	nan	nan	nan	nan	nan	nan	nan	nan	nan	nan	nan	nan	nan	nan	nan	nan	nan	nan	nan	nan	nan	nan	nan	nan	nan	nan	nan	nan	nan	nan	nan	nan	nan	nan	nan	nan	nan	nan	nan	nan	nan	nan	nan	nan	nan	nan	nan	nan	nan	nan	nan	nan	nan	nan	nan	needs_multistep_run	0.000000000000000e+00	random_20260902_020759.md
3.118819278771945e+02	4.542772785029238e+02	3.230915004227708e+02	8.683024132908067e+03	9.971693214247149e-01	1.117129518698506e+01	0.000000000000000e+00	-1.000000000000000e+30	tracing_not_set_coex_not_set	0	0	0	true	2.471439378676286e-01	true	1.013823290388348e+01	true	3.316720700000000e-04	3.459619500000000e-09	8.317372800135736e-01	1.100294652199777e-03	true	5.410152144317343e+00	8.034320042840339e+01	2.493617003255312e+00	2.316229108394475e-01	true	true	7.699662145531291e-01	3.365696939522842e-02	1.999642783289184e-02	2.311472602261221e-02	3.873431569763442e+00	4.129944691305227e-02	1.802716658185427e-02	1.431264509247145e-02	CMS:2012qwq	ATLAS:2020tlo	ATLAS:2022enb	ATLAS:2021upq	LHC8 [vbfH;HW;Htt;H;HZ]>[bb;tautau;WW;ZZ;gamgam]	LHC13 [vbfH>ZZ]	LHC13 [H]->X1->Z(X2->[bb])	LHC13 [Hpmtb>tb]	2.612086255899726e+00	true	all checks passed	1	5.273171830090381e-01	2.475854665756750e-01	1.621265615068342e+00	1.575938565958451e+00	-1.794400786232232e+00	8.683024132908067e+03	1.117129518698506e+01	4886.8726868777212	2214.6874171211689	231.90281807017797	-4.7265151325844368	-0.13030848892282346	-0.10838093012119074	0	0.074424545221874486	0	0	0	no_nlo_stability	not_set	not_set	not_set	1.0669999999999999	nan	nan	nan	nan	nan	nan	nan	nan	nan	nan	nan	nan	nan	nan	nan	nan	nan	nan	nan	nan	nan	nan	nan	nan	nan	nan	nan	nan	nan	nan	nan	nan	nan	nan	nan	nan	nan	nan	nan	nan	nan	nan	nan	nan	nan	nan	nan	nan	nan	nan	nan	nan	nan	nan	nan	nan	nan	nan	nan	nan	nan	nan	nan	nan	nan	nan	nan	nan	nan	nan	nan	nan	nan	nan	not_set	nan	nan	nan	nan	nan	nan	nan	nan	nan	nan	nan	nan	nan	nan	nan	nan	nan	nan	nan	nan	nan	nan	nan	nan	nan	nan	nan	nan	nan	nan	nan	nan	nan	nan	nan	nan	nan	nan	nan	nan	nan	nan	nan	nan	nan	nan	nan	nan	nan	nan	nan	nan	nan	nan	nan	nan	nan	nan	nan	nan	nan	nan	nan	nan	nan	nan	nan	nan	nan	nan	nan	nan	nan	nan	nan	nan	nan	nan	nan	nan	nan	nan	nan	nan	nan	nan	nan	nan	nan	nan	nan	nan	nan	nan	nan	nan	nan	nan	nan	nan	nan	nan	nan	nan	nan	nan	nan	nan	nan	nan	nan	nan	nan	nan	nan	nan	nan	nan	nan	nan	nan	nan	nan	nan	nan	nan	nan	nan	nan	nan	nan	nan	nan	nan	nan	nan	nan	nan	nan	nan	nan	nan	nan	nan	nan	nan	nan	nan	needs_multistep_run	0.000000000000000e+00	random_20260829_222735.md
1.723554802633764e+02	4.746031473841945e+02	4.657738156830195e+02	4.470156981932399e+03	9.978932190784474e-01	5.961137732248928e+00	0.000000000000000e+00	-1.000000000000000e+30	failure	41	240	0	true	2.547126078528542e-01	true	1.339907228705074e+01	true	3.305676700000000e-04	3.473672650000000e-09	9.411379203016631e-01	6.663428751753982e-03	true	4.739259634929627e+00	8.034400730113487e+01	2.493459175458872e+00	2.315713634105444e-01	true	true	7.766006965902411e-01	4.589746012299952e-02	5.421703078266165e-02	2.166155157220523e-03	3.906807335720255e+00	1.106349566491090e-01	1.075828150772616e-01	1.637610393810411e-03	CMS:2012qwq	CMS:2013cul	ATLAS:2020gxx	ATLAS:2021upq	LHC8 [vbfH;HW;Htt;H;HZ]>[bb;tautau;WW;ZZ;gamgam]	LHC8 [H>WW]	LHC13 [ggH]->X1->Z(X2->[bb])	LHC13 [Hpmtb>tb]	6.050924110005610e+00	true	all checks passed	1	1.760006886260724e+00	2.551676581755071e-01	6.573667020682819e+00	-2.994997068547788e+00	-3.269400536426169e+00	4.470156981932399e+03	5.961137732248928e+00	18112.310663649278	11579.665313334977	381.38480545226571	-1.7382681723205313	-0.5675910171976124	-0.64550088708654396	0	0.024735719467684665	0	1.862645149230957e-09	0	success	non_bfb	success	success	543.68799999999999	success	119.30074876845136	0	0	0	0	7.693531655582135e-10	42.229271888708666	230.91964907145046	9.6243138278743954e-11	success	not_met	nan	nan	nan	nan	nan	nan	nan	nan	nan	success	61.05573751618337	0	0	0	0	1.1405077446953901e-09	41.241906526279145	243.7518968881073	-3.0139316174536034e-10	success	46.362785030780373	0	0	0	0	-7.2241620496283139e-10	41.015712083322015	243.82527437691067	-9.6689388607408906e-10	success	39.071685545777008	0	0	0	0	-4.0866084581607194e-10	40.925272231468355	243.64146209605275	-7.9190371452425693e-10	failure	46.36278606185779	46.36278606185779	0.94999999999999996	0.27244540655341054	-36.174138219076823	nan	nan	nan	nan	nan	nan	nan	nan	nan	nan	nan	nan	nan	nan	nan	nan	nan	0-(0)->1	nan	nan	nan	nan	nan	nan	nan	nan	nan	nan	nan	nan	nan	nan	nan	nan	nan	nan	nan	nan	nan	nan	nan	nan	nan	nan	nan	nan	nan	nan	nan	nan	nan	nan	nan	nan	nan	nan	nan	nan	nan	nan	nan	nan	nan	nan	nan	nan	nan	nan	nan	nan	nan	nan	nan	nan	nan	nan	nan	nan	nan	nan	nan	nan	nan	nan	nan	nan	nan	nan	nan	nan	nan	nan	nan	nan	nan	nan	nan	nan	nan	nan	nan	nan	nan	nan	nan	nan	nan	nan	nan	nan	nan	nan	nan	nan	nan	nan	nan	nan	nan	nan	nan	nan	nan	nan	nan	nan	nan	nan	nan	nan	nan	nan	nan	nan	nan	nan	nan	nan	nan	nan	nan	nan	nan	nan	nan	nan	nan	nan	nan	nan	nan	nan	nan	nan	nan	nan	nan	nan	nan	nan	nan	nan	nan	nan	nan	nan	single_step	0.000000000000000e+00	async_mcmc_20260903_212216.md
3.828072474710810e+02	4.697971559101852e+02	3.884514883567659e+02	1.022304398179166e+04	9.960056627252484e-01	1.426710045259313e+01	0.000000000000000e+00	-1.000000000000000e+30	tracing_not_set_coex_not_set	0	0	0	true	2.479437147548248e-01	true	1.154224210965423e+01	true	3.320433880000000e-04	3.454754010000000e-09	7.964728269211782e-01	2.687349712259549e-04	true	1.723131335496323e+00	8.035195942235013e+01	2.494091852253825e+00	2.315689316863453e-01	true	true	7.675604141419617e-01	7.486421985101957e-02	2.530999745248213e-01	6.939622677076155e-03	3.861328826698834e+00	7.973019060249802e-02	2.966875865811426e-01	4.636653141996215e-03	CMS:2012qwq	ATLAS:2020tlo	ATLAS:2022enb	ATLAS:2021upq	LHC8 [vbfH;HW;Htt;H;HZ]>[bb;tautau;WW;ZZ;gamgam]	LHC13 [vbfH>ZZ]	LHC13 [H]->X1->Z(X2->[bb])	LHC13 [Hpmtb>tb]	3.502890070834098e+00	true	all checks passed	1	2.159085497251402e+00	2.483866722839007e-01	3.167494010922406e+00	1.082193010509957e+00	-1.225124356623105e+00	1.022304398179166e+04	1.426710045259313e+01	11707.88283544458	4510.8416084805076	360.48084199787195	-17.978916752540187	-0.22739456148675685	-0.30968609639191741	0	0.17930037628635573	0	0	0	no_nlo_stability	not_set	not_set	not_set	1.9610000000000001	nan	nan	nan	nan	nan	nan	nan	nan	nan	nan	nan	nan	nan	nan	nan	nan	nan	nan	nan	nan	nan	nan	nan	nan	nan	nan	nan	nan	nan	nan	nan	nan	nan	nan	nan	nan	nan	nan	nan	nan	nan	nan	nan	nan	nan	nan	nan	nan	nan	nan	nan	nan	nan	nan	nan	nan	nan	nan	nan	nan	nan	nan	nan	nan	nan	nan	nan	nan	nan	nan	nan	nan	nan	nan	not_set	nan	nan	nan	nan	nan	nan	nan	nan	nan	nan	nan	nan	nan	nan	nan	nan	nan	nan	nan	nan	nan	nan	nan	nan	nan	nan	nan	nan	nan	nan	nan	nan	nan	nan	nan	nan	nan	nan	nan	nan	nan	nan	nan	nan	nan	nan	nan	nan	nan	nan	nan	nan	nan	nan	nan	nan	nan	nan	nan	nan	nan	nan	nan	nan	nan	nan	nan	nan	nan	nan	nan	nan	nan	nan	nan	nan	nan	nan	nan	nan	nan	nan	nan	nan	nan	nan	nan	nan	nan	nan	nan	nan	nan	nan	nan	nan	nan	nan	nan	nan	nan	nan	nan	nan	nan	nan	nan	nan	nan	nan	nan	nan	nan	nan	nan	nan	nan	nan	nan	nan	nan	nan	nan	nan	nan	nan	nan	nan	nan	nan	nan	nan	nan	nan	nan	nan	nan	nan	nan	nan	nan	nan	nan	nan	nan	nan	nan	nan	needs_multistep_run	0.000000000000000e+00	random_20260830_123811.md
2.748282069659189e+02	5.727154499865308e+02	5.731168726452986e+02	4.578445484561095e+03	9.950972232386753e-01	1.632785382939076e+01	0.000000000000000e+00	-1.000000000000000e+30	tracing_not_set_coex_not_set	0	0	0	true	2.554834358649367e-01	true	2.170408815665294e+01	true	3.322386270000000e-04	3.452196680000000e-09	7.782371879366490e-01	5.737696816170950e-05	true	2.047159132598756e-01	8.036316022410796e+01	2.494596552692968e+00	2.314744072350600e-01	true	true	7.659097907379301e-01	1.186579618795519e-01	4.815148871569639e-03	0.000000000000000e+00	3.853025115857863e+00	1.091584108659259e-01	5.244137169379222e-03	0.000000000000000e+00	CMS:2012qwq	ATLAS:2020tlo	ATLAS:2022enb		LHC8 [vbfH;HW;Htt;H;HZ]>[bb;tautau;WW;ZZ;gamgam]	LHC13 [vbfH>ZZ]	LHC13 [H]->X1->Z(X2->[bb])		5.636971843717475e+00	true	all checks passed	1	3.043939888822574e+00	2.559398632907436e-01	1.022967137861014e+01	-4.195358534448220e+00	-4.180157164316253e+00	4.578445484561095e+03	1.632785382939076e+01	16406.081470477879	28137.965180937434	-940.86312262938213	85.259074261067525	-1.7003594370376685	-2.1079681135882633	0	-0.0059152005859841273	0	1.862645149230957e-09	0	no_nlo_stability	not_set	not_set	not_set	0.81499999999999995	nan	nan	nan	nan	nan	nan	nan	nan	nan	nan	nan	nan	nan	nan	nan	nan	nan	nan	nan	nan	nan	nan	nan	nan	nan	nan	nan	nan	nan	nan	nan	nan	nan	nan	nan	nan	nan	nan	nan	nan	nan	nan	nan	nan	nan	nan	nan	nan	nan	nan	nan	nan	nan	nan	nan	nan	nan	nan	nan	nan	nan	nan	nan	nan	nan	nan	nan	nan	nan	nan	nan	nan	nan	nan	not_set	nan	nan	nan	nan	nan	nan	nan	nan	nan	nan	nan	nan	nan	nan	nan	nan	nan	nan	nan	nan	nan	nan	nan	nan	nan	nan	nan	nan	nan	nan	nan	nan	nan	nan	nan	nan	nan	nan	nan	nan	nan	nan	nan	nan	nan	nan	nan	nan	nan	nan	nan	nan	nan	nan	nan	nan	nan	nan	nan	nan	nan	nan	nan	nan	nan	nan	nan	nan	nan	nan	nan	nan	nan	nan	nan	nan	nan	nan	nan	nan	nan	nan	nan	nan	nan	nan	nan	nan	nan	nan	nan	nan	nan	nan	nan	nan	nan	nan	nan	nan	nan	nan	nan	nan	nan	nan	nan	nan	nan	nan	nan	nan	nan	nan	nan	nan	nan	nan	nan	nan	nan	nan	nan	nan	nan	nan	nan	nan	nan	nan	nan	nan	nan	nan	nan	nan	nan	nan	nan	nan	nan	nan	nan	nan	nan	nan	nan	nan	needs_multistep_run	0.000000000000000e+00	random_20260830_123811.md
2.812592819624941e+02	4.499711543118348e+02	4.503634293693465e+02	6.528726293036117e+03	9.959579682658130e-01	1.174573718938119e+01	0.000000000000000e+00	-1.000000000000000e+30	tracing_success_coex_no_coex_pair	0	0	0	true	2.503953021038354e-01	true	2.061539942004578e+01	true	3.319376940000000e-04	3.456081780000000e-09	8.064329253120114e-01	4.398103206706471e-04	true	1.730999537919843e-01	8.036175805190612e+01	2.494536077994439e+00	2.314887032978420e-01	true	true	7.693277649830607e-01	8.184162785210795e-02	3.837228757331253e-02	5.577234692513006e-04	3.870219752577619e+00	7.349084806781611e-02	3.269458890112134e-02	4.101025325592473e-04	CMS:2012qwq	ATLAS:2020tlo	ATLAS:2022enb	ATLAS:2021upq	LHC8 [vbfH;HW;Htt;H;HZ]>[bb;tautau;WW;ZZ;gamgam]	LHC13 [vbfH>ZZ]	LHC13 [H]->X1->Z(X2->[bb])	LHC13 [Hpmtb>tb]	4.916865887217028e+00	true	all checks passed	1	5.558143606572905e+00	2.508426394538537e-01	5.489061136073174e+00	-2.081100141458026e+00	-2.069427896081819e+00	6.528726293036117e+03	1.174573718938119e+01	12686.428490784683	7499.2281351037145	-448.01246842568861	12.759444008001404	-0.36696271085909365	-0.70397564285856451	0	-0.0026313049066563452	0	0	0	success	non_bfb	success	no_coex_pair	30.024000000000001	nan	nan	nan	nan	nan	nan	nan	nan	nan	nan	nan	nan	nan	nan	nan	nan	nan	nan	nan	nan	nan	nan	nan	nan	nan	nan	nan	nan	nan	nan	nan	nan	nan	nan	nan	nan	nan	nan	nan	nan	nan	nan	nan	nan	nan	nan	nan	nan	nan	nan	nan	nan	nan	nan	nan	nan	nan	nan	nan	nan	nan	nan	nan	nan	nan	nan	nan	nan	nan	nan	nan	nan	nan	nan	not_set	nan	nan	nan	nan	nan	nan	nan	nan	nan	nan	nan	nan	nan	nan	nan	nan	nan	nan	nan	nan	nan	nan	nan	nan	nan	nan	nan	nan	nan	nan	nan	nan	nan	nan	nan	nan	nan	nan	nan	nan	nan	nan	nan	nan	nan	nan	nan	nan	nan	nan	nan	nan	nan	nan	nan	nan	nan	nan	nan	nan	nan	nan	nan	nan	nan	nan	nan	nan	nan	nan	nan	nan	nan	nan	nan	nan	nan	nan	nan	nan	nan	nan	nan	nan	nan	nan	nan	nan	nan	nan	nan	nan	nan	nan	nan	nan	nan	nan	nan	nan	nan	nan	nan	nan	nan	nan	nan	nan	nan	nan	nan	nan	nan	nan	nan	nan	nan	nan	nan	nan	nan	nan	nan	nan	nan	nan	nan	nan	nan	nan	nan	nan	nan	nan	nan	nan	nan	nan	nan	nan	nan	nan	nan	nan	nan	nan	nan	nan	needs_multistep_run	0.000000000000000e+00	random_20260831_005128.md
2.117105832130180e+02	2.230450639123114e+02	2.683137888897653e+02	5.521279141556573e+03	9.979068992334357e-01	5.129281547657278e+00	0.000000000000000e+00	-1.000000000000000e+30	tracing_success_coex_no_coex_pair	0	0	0	true	2.572259073960999e-01	true	2.186043084590750e+01	true	3.281812170000000e-04	3.505768550000000e-09	1.200614198340972e+00	3.698134564925692e-02	true	5.730430756070332e+00	8.038254301041516e+01	2.495619933592829e+00	2.313774468038242e-01	true	true	7.789126953817389e-01	6.282917284337797e-01	4.305135071199844e-01	1.403041535223171e-01	3.918438195541085e+00	6.094473354538302e-01	5.298265111978967e-01	9.639979753187579e-02	CMS:2012qwq	ATLAS:2020tlo	CMS:2019qcx	ATLAS:2021upq	LHC8 [vbfH;HW;Htt;H;HZ]>[bb;tautau;WW;ZZ;gamgam]	LHC13 [ggH>ZZ]	LHC13 [ggH]->X1->Z(X2->[bb])	LHC13 [Hpmtb>tb]	5.084222325167161e+00	true	all checks passed	1	7.232482061759442e+00	2.576854477900443e-01	1.568717088160214e+00	-1.071433329557175e+00	-3.363157152821243e-01	5.521279141556573e+03	5.129281547657278e+00	8650.0724204874114	-225.37441250720059	61.043088121233978	0.083747216622744189	-0.02590204166872272	0.0032124070760552095	0	0.0065303638350187182	0	0	0	success	non_bfb	success	no_coex_pair	26.914000000000001	nan	nan	nan	nan	nan	nan	nan	nan	nan	nan	nan	nan	nan	nan	nan	nan	nan	nan	nan	nan	nan	nan	nan	nan	nan	nan	nan	nan	nan	nan	nan	nan	nan	nan	nan	nan	nan	nan	nan	nan	nan	nan	nan	nan	nan	nan	nan	nan	nan	nan	nan	nan	nan	nan	nan	nan	nan	nan	nan	nan	nan	nan	nan	nan	nan	nan	nan	nan	nan	nan	nan	nan	nan	nan	not_set	nan	nan	nan	nan	nan	nan	nan	nan	nan	nan	nan	nan	nan	nan	nan	nan	nan	nan	nan	nan	nan	nan	nan	nan	nan	nan	nan	nan	nan	nan	nan	nan	nan	nan	nan	nan	nan	nan	nan	nan	nan	nan	nan	nan	nan	nan	nan	nan	nan	nan	nan	nan	nan	nan	nan	nan	nan	nan	nan	nan	nan	nan	nan	nan	nan	nan	nan	nan	nan	nan	nan	nan	nan	nan	nan	nan	nan	nan	nan	nan	nan	nan	nan	nan	nan	nan	nan	nan	nan	nan	nan	nan	nan	nan	nan	nan	nan	nan	nan	nan	nan	nan	nan	nan	nan	nan	nan	nan	nan	nan	nan	nan	nan	nan	nan	nan	nan	nan	nan	nan	nan	nan	nan	nan	nan	nan	nan	nan	nan	nan	nan	nan	nan	nan	nan	nan	nan	nan	nan	nan	nan	nan	nan	nan	nan	nan	nan	nan	needs_multistep_run	0.000000000000000e+00	random_20260824_135839.md
3.222280000000000e+02	5.139930000000001e+02	3.114840000000000e+02	7.894360000000000e+03	9.982100000000000e-01	1.292860000000000e+01	0.000000000000000e+00	-1.000000000000000e+30	tracing_not_set_coex_not_set	0	0	0	true	2.495859876906174e-01	true	1.624031033975700e+01	true	3.272622510000000e-04	3.116280690000000e-09	1.308946624894741e+00	1.324239927073438e+00	true	7.372252495578324e-01	8.036978792168115e+01	2.495178350305759e+00	2.314954842555709e-01	true	true	7.687767206882943e-01	1.907126327417532e-02	1.410788728745770e-03	1.924312506307345e-02	3.867447640857204e+00	2.428257875596265e-02	2.666586110235139e-03	1.192969490913569e-02	CMS:2012qwq	ATLAS:2020tlo	ATLAS:2022enb	ATLAS:2021upq	LHC8 [vbfH;HW;Htt;H;HZ]>[bb;tautau;WW;ZZ;gamgam]	LHC13 [vbfH>ZZ]	LHC13 [H]->X1->Z(X2->[bb])	LHC13 [Hpmtb>tb]	1.823580495324990e+00	true	all checks passed	1	4.838360594911279e+00	2.500318791805821e-01	1.180985186409902e+00	2.855738554502016e+00	-2.668966376193999e+00	7.894360000000000e+03	1.292860000000000e+01	21686.40190664701	3539.8401833796861	867.8939471114262	-29.161239392549373	-0.23932186231647296	-0.51623170031018961	0	0.34150655143462988	0	-1.3969838619232178e-09	0	no_nlo_stability	not_set	not_set	not_set	0.96599999999999997	nan	nan	nan	nan	nan	nan	nan	nan	nan	nan	nan	nan	nan	nan	nan	nan	nan	nan	nan	nan	nan	nan	nan	nan	nan	nan	nan	nan	nan	nan	nan	nan	nan	nan	nan	nan	nan	nan	nan	nan	nan	nan	nan	nan	nan	nan	nan	nan	nan	nan	nan	nan	nan	nan	nan	nan	nan	nan	nan	nan	nan	nan	nan	nan	nan	nan	nan	nan	nan	nan	nan	nan	nan	nan	not_set	nan	nan	nan	nan	nan	nan	nan	nan	nan	nan	nan	nan	nan	nan	nan	nan	nan	nan	nan	nan	nan	nan	nan	nan	nan	nan	nan	nan	nan	nan	nan	nan	nan	nan	nan	nan	nan	nan	nan	nan	nan	nan	nan	nan	nan	nan	nan	nan	nan	nan	nan	nan	nan	nan	nan	nan	nan	nan	nan	nan	nan	nan	nan	nan	nan	nan	nan	nan	nan	nan	nan	nan	nan	nan	nan	nan	nan	nan	nan	nan	nan	nan	nan	nan	nan	nan	nan	nan	nan	nan	nan	nan	nan	nan	nan	nan	nan	nan	nan	nan	nan	nan	nan	nan	nan	nan	nan	nan	nan	nan	nan	nan	nan	nan	nan	nan	nan	nan	nan	nan	nan	nan	nan	nan	nan	nan	nan	nan	nan	nan	nan	nan	nan	nan	nan	nan	nan	nan	nan	nan	nan	nan	nan	nan	nan	nan	nan	nan	needs_multistep_run	0.000000000000000e+00	random_20260820_084408.md
1.271160000000000e+02	3.252940000000000e+02	3.292670000000000e+02	1.704670000000000e+03	9.907300000000000e-01	8.775470000000000e+00	0.000000000000000e+00	-1.000000000000000e+30	tracing_not_set_coex_not_set	0	0	0	true	2.578413490185529e-01	true	8.130191599020840e+00	true	3.312190380000000e-04	3.465517920000000e-09	8.757967026189597e-01	2.863327480694489e-03	true	9.779166529440225e-01	8.036964801273245e+01	2.494908613835824e+00	2.314338516485175e-01	true	true	7.622992574229952e-01	7.622992574229952e-01	8.288699508148566e-02	1.283264730550134e-03	1.247234603944189e+00	1.247234603944189e+00	9.794019044796030e-02	7.940518503353268e-04	ATLAS:2014vuz	ATLAS:2014vuz	CMS:2019qcx	ATLAS:2021upq	LHC8 [HW;HZ]>[bb]	LHC8 [HW;HZ]>[bb]	LHC13 [ggH]->X1->Z(X2->[bb])	LHC13 [Hpmtb>tb]	5.316771187972790e+00	true	all checks passed	1	1.545481749474101e+00	2.583019889140541e-01	3.334458311191439e+00	-1.584106578658908e+00	-1.498160023929580e+00	1.704670000000000e+03	8.775470000000000e+00	6437.1922922578369	2232.5013362104278	174.3234946904997	-2.2181870169698614	-0.081666024097490755	-0.045832661362828056	0	0.00057610339137218771	0	0	0	no_nlo_stability	not_set	not_set	not_set	0.39800000000000002	nan	nan	nan	nan	nan	nan	nan	nan	nan	nan	nan	nan	nan	nan	nan	nan	nan	nan	nan	nan	nan	nan	nan	nan	nan	nan	nan	nan	nan	nan	nan	nan	nan	nan	nan	nan	nan	nan	nan	nan	nan	nan	nan	nan	nan	nan	nan	nan	nan	nan	nan	nan	nan	nan	nan	nan	nan	nan	nan	nan	nan	nan	nan	nan	nan	nan	nan	nan	nan	nan	nan	nan	nan	nan	not_set	nan	nan	nan	nan	nan	nan	nan	nan	nan	nan	nan	nan	nan	nan	nan	nan	nan	nan	nan	nan	nan	nan	nan	nan	nan	nan	nan	nan	nan	nan	nan	nan	nan	nan	nan	nan	nan	nan	nan	nan	nan	nan	nan	nan	nan	nan	nan	nan	nan	nan	nan	nan	nan	nan	nan	nan	nan	nan	nan	nan	nan	nan	nan	nan	nan	nan	nan	nan	nan	nan	nan	nan	nan	nan	nan	nan	nan	nan	nan	nan	nan	nan	nan	nan	nan	nan	nan	nan	nan	nan	nan	nan	nan	nan	nan	nan	nan	nan	nan	nan	nan	nan	nan	nan	nan	nan	nan	nan	nan	nan	nan	nan	nan	nan	nan	nan	nan	nan	nan	nan	nan	nan	nan	nan	nan	nan	nan	nan	nan	nan	nan	nan	nan	nan	nan	nan	nan	nan	nan	nan	nan	nan	nan	nan	nan	nan	nan	nan	needs_multistep_run	0.000000000000000e+00	random_20260822_232551.md
2.146520000000000e+02	5.449770000000000e+02	5.370620000000000e+02	3.985750000000000e+03	9.944600000000000e-01	1.129240000000000e+01	0.000000000000000e+00	-1.000000000000000e+30	tracing_not_set_coex_not_set	0	0	0	true	2.540351897265019e-01	true	1.792332685772156e+01	true	3.319906100000000e-04	3.455362170000000e-09	8.014386375958473e-01	3.418890262651631e-04	true	4.909427308413035e+00	8.034367857192430e+01	2.493471506655247e+00	2.315748520694660e-01	true	true	7.647494475433094e-01	1.978192257631181e-01	7.239504429555641e-03	1.331620250423885e-04	1.251149802311316e+00	1.368808028208046e-01	9.906901640859856e-03	1.071813836103581e-04	ATLAS:2014vuz	ATLAS:2020tlo	ATLAS:2022enb	ATLAS:2021upq	LHC8 [HW;HZ]>[bb]	LHC13 [vbfH>ZZ]	LHC13 [H]->X1->Z(X2->[bb])	LHC13 [Hpmtb>tb]	6.105323907365602e+00	true	all checks passed	1	2.246911385699809e+00	2.544890298250534e-01	8.880210680588034e+00	-3.875167083613571e+00	-4.158210863275146e+00	3.985750000000000e+03	1.129240000000000e+01	24205.683071652369	21323.652673359753	-152.57704461060186	6.7850359364432542	-1.2222811560253293	-1.4714725426347137	0	0.060063718586320709	0	3.7252902984619141e-09	0	no_nlo_stability	not_set	not_set	not_set	0.39200000000000002	nan	nan	nan	nan	nan	nan	nan	nan	nan	nan	nan	nan	nan	nan	nan	nan	nan	nan	nan	nan	nan	nan	nan	nan	nan	nan	nan	nan	nan	nan	nan	nan	nan	nan	nan	nan	nan	nan	nan	nan	nan	nan	nan	nan	nan	nan	nan	nan	nan	nan	nan	nan	nan	nan	nan	nan	nan	nan	nan	nan	nan	nan	nan	nan	nan	nan	nan	nan	nan	nan	nan	nan	nan	nan	not_set	nan	nan	nan	nan	nan	nan	nan	nan	nan	nan	nan	nan	nan	nan	nan	nan	nan	nan	nan	nan	nan	nan	nan	nan	nan	nan	nan	nan	nan	nan	nan	nan	nan	nan	nan	nan	nan	nan	nan	nan	nan	nan	nan	nan	nan	nan	nan	nan	nan	nan	nan	nan	nan	nan	nan	nan	nan	nan	nan	nan	nan	nan	nan	nan	nan	nan	nan	nan	nan	nan	nan	nan	nan	nan	nan	nan	nan	nan	nan	nan	nan	nan	nan	nan	nan	nan	nan	nan	nan	nan	nan	nan	nan	nan	nan	nan	nan	nan	nan	nan	nan	nan	nan	nan	nan	nan	nan	nan	nan	nan	nan	nan	nan	nan	nan	nan	nan	nan	nan	nan	nan	nan	nan	nan	nan	nan	nan	nan	nan	nan	nan	nan	nan	nan	nan	nan	nan	nan	nan	nan	nan	nan	nan	nan	nan	nan	nan	nan	needs_multistep_run	0.000000000000000e+00	random_20260822_232551.md
2.127120000000000e+02	5.193280000000000e+02	2.137140000000000e+02	2.822650000000000e+03	9.929150000000000e-01	1.554770000000000e+01	0.000000000000000e+00	-1.000000000000000e+30	tracing_not_set_coex_not_set	0	0	0	true	2.572710211870406e-01	true	1.970096608253749e+01	true	3.318824430000000e-04	3.457018550000000e-09	8.116641486101107e-01	5.857317967003906e-04	true	5.037345778404672e+00	8.034477856593362e+01	2.493865759414801e+00	2.316550307459445e-01	true	true	7.617811953275327e-01	2.602737296807072e-01	1.390900158581266e-03	9.308986492467967e-03	1.246293665200124e+00	1.767498638712792e-01	2.590464639963271e-03	8.912255267941207e-03	ATLAS:2014vuz	ATLAS:2020tlo	ATLAS:2022enb	ATLAS:2021upq	LHC8 [HW;HZ]>[bb]	LHC13 [vbfH>ZZ]	LHC13 [H]->X1->Z(X2->[bb])	LHC13 [Hpmtb>tb]	5.102940006884836e+00	true	all checks passed	1	5.100253885590476e+00	2.577306421778794e-01	1.199809979109708e+00	3.675416206458520e+00	-3.728506649910042e+00	2.822650000000000e+03	1.554770000000000e+01	16372.442193240176	6487.9184127352637	165.78721379279798	-7.8842043651959486	-0.3677325321307518	-0.49005006321722472	0	0.059836799993476075	0	0	0	no_nlo_stability	not_set	not_set	not_set	0.42499999999999999	nan	nan	nan	nan	nan	nan	nan	nan	nan	nan	nan	nan	nan	nan	nan	nan	nan	nan	nan	nan	nan	nan	nan	nan	nan	nan	nan	nan	nan	nan	nan	nan	nan	nan	nan	nan	nan	nan	nan	nan	nan	nan	nan	nan	nan	nan	nan	nan	nan	nan	nan	nan	nan	nan	nan	nan	nan	nan	nan	nan	nan	nan	nan	nan	nan	nan	nan	nan	nan	nan	nan	nan	nan	nan	not_set	nan	nan	nan	nan	nan	nan	nan	nan	nan	nan	nan	nan	nan	nan	nan	nan	nan	nan	nan	nan	nan	nan	nan	nan	nan	nan	nan	nan	nan	nan	nan	nan	nan	nan	nan	nan	nan	nan	nan	nan	nan	nan	nan	nan	nan	nan	nan	nan	nan	nan	nan	nan	nan	nan	nan	nan	nan	nan	nan	nan	nan	nan	nan	nan	nan	nan	nan	nan	nan	nan	nan	nan	nan	nan	nan	nan	nan	nan	nan	nan	nan	nan	nan	nan	nan	nan	nan	nan	nan	nan	nan	nan	nan	nan	nan	nan	nan	nan	nan	nan	nan	nan	nan	nan	nan	nan	nan	nan	nan	nan	nan	nan	nan	nan	nan	nan	nan	nan	nan	nan	nan	nan	nan	nan	nan	nan	nan	nan	nan	nan	nan	nan	nan	nan	nan	nan	nan	nan	nan	nan	nan	nan	nan	nan	nan	nan	nan	nan	needs_multistep_run	0.000000000000000e+00	random_20260823_112743.md
2.037680000000000e+02	4.322150000000000e+02	4.329550000000000e+02	3.527340000000000e+03	9.986580000000000e-01	1.076250000000000e+01	0.000000000000000e+00	-1.000000000000000e+30	tracing_success_coex_no_coex_pair	0	0	0	true	2.552260725990217e-01	true	2.334196145541422e+01	true	3.318174140000000e-04	3.457639950000000e-09	8.178428300481898e-01	6.940408561534211e-04	true	2.435700592252206e-01	8.036401946915250e+01	2.494627811171032e+00	2.314684898408011e-01	true	true	7.696292808720147e-01	4.197320583422490e-02	7.576105260844863e-03	3.648464096754960e-04	1.259133335381049e+00	2.945613767628699e-02	5.043393796765746e-03	2.614448184619412e-04	ATLAS:2014vuz	CMS:2018amk	ATLAS:2022enb	ATLAS:2021upq	LHC8 [HW;HZ]>[bb]	LHC13 [vbfH;H]>[ZZ]	LHC13 [H]->X1->Z(X2->[bb])	LHC13 [Hpmtb>tb]	4.720500741398951e+00	true	all checks passed	1	6.786478057083882e+00	2.556820402390403e-01	5.372833659452963e+00	-2.475370439569585e+00	-2.454211546053820e+00	3.527340000000000e+03	1.076250000000000e+01	18089.483042263349	7201.4607338186033	-268.46752607818485	5.3126809635734489	-0.32961211735771334	-0.70230061537789523	0	-0.0033019514930334466	0	0	0	success	non_bfb	success	no_coex_pair	13.823	nan	nan	nan	nan	nan	nan	nan	nan	nan	nan	nan	nan	nan	nan	nan	nan	nan	nan	nan	nan	nan	nan	nan	nan	nan	nan	nan	nan	nan	nan	nan	nan	nan	nan	nan	nan	nan	nan	nan	nan	nan	nan	nan	nan	nan	nan	nan	nan	nan	nan	nan	nan	nan	nan	nan	nan	nan	nan	nan	nan	nan	nan	nan	nan	nan	nan	nan	nan	nan	nan	nan	nan	nan	nan	not_set	nan	nan	nan	nan	nan	nan	nan	nan	nan	nan	nan	nan	nan	nan	nan	nan	nan	nan	nan	nan	nan	nan	nan	nan	nan	nan	nan	nan	nan	nan	nan	nan	nan	nan	nan	nan	nan	nan	nan	nan	nan	nan	nan	nan	nan	nan	nan	nan	nan	nan	nan	nan	nan	nan	nan	nan	nan	nan	nan	nan	nan	nan	nan	nan	nan	nan	nan	nan	nan	nan	nan	nan	nan	nan	nan	nan	nan	nan	nan	nan	nan	nan	nan	nan	nan	nan	nan	nan	nan	nan	nan	nan	nan	nan	nan	nan	nan	nan	nan	nan	nan	nan	nan	nan	nan	nan	nan	nan	nan	nan	nan	nan	nan	nan	nan	nan	nan	nan	nan	nan	nan	nan	nan	nan	nan	nan	nan	nan	nan	nan	nan	nan	nan	nan	nan	nan	nan	nan	nan	nan	nan	nan	nan	nan	nan	nan	nan	nan	needs_multistep_run	0.000000000000000e+00	random_20260823_112743.md
1.889110000000000e+02	5.146020000000000e+02	5.204740000000000e+02	8.061580000000000e+03	9.989660000000000e-01	3.943610000000000e+00	0.000000000000000e+00	-1.000000000000000e+30	not_set	0	0	0	true	2.527171388104399e-01	true	1.387152503842754e+01	true	3.286554800000000e-04	3.498146600000000e-09	1.146535994544048e+00	2.756355638002406e-02	true	3.660600748850710e+00	8.037815698973290e+01	2.495360696774865e+00	2.313879983640158e-01	true	true	7.724436108932267e-01	5.844052091460873e-01	5.844052091460873e-01	8.358498166560589e-03	1.263737651815653e+00	7.201900790260021e-01	7.201900790260021e-01	6.810674290117207e-03	ATLAS:2014vuz	ATLAS:2020gxx	ATLAS:2020gxx	ATLAS:2021upq	LHC8 [HW;HZ]>[bb]	LHC13 [ggH]->X1->Z(X2->[bb])	LHC13 [ggH]->X1->Z(X2->[bb])	LHC13 [Hpmtb>tb]	6.009717472491872e+00	true	all checks passed	1	8.427783610682797e-01	2.531686241786950e-01	8.119063046531947e+00	-4.017701271519041e+00	-3.816829889669611e+00	8.061580000000000e+03	3.943610000000000e+00	19757.180587162147	16780.020378008176	122.14954365919962	-0.79039712458351685	-0.94203521174267701	-0.95453299643637946	0	-0.03030111178307467	0	0	0	success	non_bfb	success	success	199.46600000000001	success	66.233566878170578	0	0	0	0	-3.0196840723303256e-10	61.377766372518003	239.81511895250213	4.3054092808564376e-11	success	not_met	nan	nan	nan	nan	nan	nan	nan	nan	nan	not_met	nan	nan	nan	nan	nan	nan	nan	nan	nan	not_met	nan	nan	nan	nan	nan	nan	nan	nan	nan	not_met	nan	nan	nan	nan	nan	nan	nan	nan	nan	not_set	nan	nan	nan	nan	nan	nan	nan	nan	nan	nan	nan	nan	nan	nan	nan	nan	nan	nan	nan	nan	nan	nan	0	nan	nan	nan	nan	nan	nan	nan	nan	nan	nan	nan	nan	nan	nan	nan	nan	nan	nan	nan	nan	nan	nan	nan	nan	nan	nan	nan	nan	nan	nan	nan	nan	nan	nan	nan	nan	nan	nan	nan	nan	nan	nan	nan	nan	nan	nan	nan	nan	nan	nan	nan	nan	nan	nan	nan	nan	nan	nan	nan	nan	nan	nan	nan	nan	nan	nan	nan	nan	nan	nan	nan	nan	nan	nan	nan	nan	nan	nan	nan	nan	nan	nan	nan	nan	nan	nan	nan	nan	nan	nan	nan	nan	nan	nan	nan	nan	nan	nan	nan	nan	nan	nan	nan	nan	nan	nan	nan	nan	nan	nan	nan	nan	nan	nan	nan	nan	nan	nan	nan	nan	nan	nan	nan	nan	nan	nan	nan	nan	nan	nan	nan	nan	nan	nan	nan	nan	nan	nan	nan	nan	nan	nan	nan	nan	nan	nan	nan	nan	needs_multistep_run	0.000000000000000e+00	random_20260825_011947.md
1.592750000000000e+02	4.771480000000000e+02	4.709540000000000e+02	1.670790000000000e+03	9.943540000000000e-01	1.448060000000000e+01	0.000000000000000e+00	-1.000000000000000e+30	tracing_success_coex_no_coex_pair	0	0	0	true	2.572779273188393e-01	true	1.867443370166150e+01	true	3.321236670000000e-04	3.453691780000000e-09	7.889490734816872e-01	1.620599235243834e-04	true	2.516991851994242e+00	8.034921165751929e+01	2.493774687905438e+00	2.315422362784819e-01	true	true	7.639082293059105e-01	5.485584644290813e-02	4.749796818036237e-03	0.000000000000000e+00	1.249773547598347e+00	4.752279907684996e-02	6.502359403309098e-03	0.000000000000000e+00	ATLAS:2014vuz	CMS:2013yea	ATLAS:2022enb		LHC8 [HW;HZ]>[bb]	LHC8 [vbfH>WW]	LHC13 [H]->X1->Z(X2->[bb])		6.024597476431325e+00	true	all checks passed	1	4.041652082847600e+00	2.577375606476519e-01	7.015964341699387e+00	-3.166364323241258e+00	-3.360446674619407e+00	1.670790000000000e+03	1.448060000000000e+01	23400.421805693939	13282.786436736285	59.865921813279428	-1.9735045764500181	-0.64353450366217257	-0.92304418471328364	0	0.021819740814584505	0	0	0	success	non_bfb	success	no_coex_pair	15.67	nan	nan	nan	nan	nan	nan	nan	nan	nan	nan	nan	nan	nan	nan	nan	nan	nan	nan	nan	nan	nan	nan	nan	nan	nan	nan	nan	nan	nan	nan	nan	nan	nan	nan	nan	nan	nan	nan	nan	nan	nan	nan	nan	nan	nan	nan	nan	nan	nan	nan	nan	nan	nan	nan	nan	nan	nan	nan	nan	nan	nan	nan	nan	nan	nan	nan	nan	nan	nan	nan	nan	nan	nan	nan	not_set	nan	nan	nan	nan	nan	nan	nan	nan	nan	nan	nan	nan	nan	nan	nan	nan	nan	nan	nan	nan	nan	nan	nan	nan	nan	nan	nan	nan	nan	nan	nan	nan	nan	nan	nan	nan	nan	nan	nan	nan	nan	nan	nan	nan	nan	nan	nan	nan	nan	nan	nan	nan	nan	nan	nan	nan	nan	nan	nan	nan	nan	nan	nan	nan	nan	nan	nan	nan	nan	nan	nan	nan	nan	nan	nan	nan	nan	nan	nan	nan	nan	nan	nan	nan	nan	nan	nan	nan	nan	nan	nan	nan	nan	nan	nan	nan	nan	nan	nan	nan	nan	nan	nan	nan	nan	nan	nan	nan	nan	nan	nan	nan	nan	nan	nan	nan	nan	nan	nan	nan	nan	nan	nan	nan	nan	nan	nan	nan	nan	nan	nan	nan	nan	nan	nan	nan	nan	nan	nan	nan	nan	nan	nan	nan	nan	nan	nan	nan	needs_multistep_run	0.000000000000000e+00	random_20260825_011947.md
1.902120000000000e+02	2.733910000000000e+02	2.077110000000000e+02	3.767450000000000e+03	9.942370000000000e-01	6.826850000000000e+00	0.000000000000000e+00	-1.000000000000000e+30	tracing_success_coex_no_coex_pair	0	0	0	true	2.544683851130548e-01	true	2.474744880840866e+01	true	3.295054820000000e-04	3.488785690000000e-09	1.052731944743285e+00	1.788739296998936e-02	true	3.408013669806087e+00	8.034715826323124e+01	2.493776915296417e+00	2.315952751380210e-01	true	true	7.665462369596167e-01	6.818758958723733e-02	3.915135433780007e-01	4.335974691543611e-02	1.254089396096221e+00	4.200702663684129e-02	5.138271356395316e-01	4.883028171584249e-02	ATLAS:2014vuz	CMS:2018amk	CMS:2019qcx	ATLAS:2021upq	LHC8 [HW;HZ]>[bb]	LHC13 [vbfH>ZZ]	LHC13 [ggH]->X1->Z(X2->[bb])	LHC13 [Hpmtb>tb]	5.359456974620031e+00	true	all checks passed	1	8.205765093098565e+00	2.549229991257917e-01	9.017332985845438e-01	2.433504132741013e-01	-8.009611525927769e-01	3.767450000000000e+03	6.826850000000000e+00	7466.2095484557312	-328.12916343968936	-81.859747938984654	1.2959024605997851	-0.022779752712763428	0.043751086951023317	0	-0.026080974738193489	0	0	0	success	non_bfb	success	no_coex_pair	12.300000000000001	nan	nan	nan	nan	nan	nan	nan	nan	nan	nan	nan	nan	nan	nan	nan	nan	nan	nan	nan	nan	nan	nan	nan	nan	nan	nan	nan	nan	nan	nan	nan	nan	nan	nan	nan	nan	nan	nan	nan	nan	nan	nan	nan	nan	nan	nan	nan	nan	nan	nan	nan	nan	nan	nan	nan	nan	nan	nan	nan	nan	nan	nan	nan	nan	nan	nan	nan	nan	nan	nan	nan	nan	nan	nan	not_set	nan	nan	nan	nan	nan	nan	nan	nan	nan	nan	nan	nan	nan	nan	nan	nan	nan	nan	nan	nan	nan	nan	nan	nan	nan	nan	nan	nan	nan	nan	nan	nan	nan	nan	nan	nan	nan	nan	nan	nan	nan	nan	nan	nan	nan	nan	nan	nan	nan	nan	nan	nan	nan	nan	nan	nan	nan	nan	nan	nan	nan	nan	nan	nan	nan	nan	nan	nan	nan	nan	nan	nan	nan	nan	nan	nan	nan	nan	nan	nan	nan	nan	nan	nan	nan	nan	nan	nan	nan	nan	nan	nan	nan	nan	nan	nan	nan	nan	nan	nan	nan	nan	nan	nan	nan	nan	nan	nan	nan	nan	nan	nan	nan	nan	nan	nan	nan	nan	nan	nan	nan	nan	nan	nan	nan	nan	nan	nan	nan	nan	nan	nan	nan	nan	nan	nan	nan	nan	nan	nan	nan	nan	nan	nan	nan	nan	nan	nan	needs_multistep_run	0.000000000000000e+00	random_20260825_210947.md
3.055380000000000e+02	5.441750000000000e+02	5.476310000000000e+02	1.291710000000000e+04	9.948930000000000e-01	6.713070000000000e+00	0.000000000000000e+00	-1.000000000000000e+30	tracing_success_coex_no_coex_pair	0	0	0	true	2.338757440459950e-01	true	2.205879376264792e+01	true	3.312016560000000e-04	3.465411170000000e-09	8.775098314192133e-01	2.824068499035707e-03	true	6.395926102041324e-01	8.036811758263728e+01	2.494876154835471e+00	2.314517224753781e-01	true	true	7.673526524099511e-01	5.970458644071023e-02	3.785190980731978e-02	1.905426894005504e-03	1.255408712552752e+00	6.898566407823975e-02	5.215327628376838e-02	1.519873094229928e-03	ATLAS:2014vuz	ATLAS:2020tlo	ATLAS:2022enb	ATLAS:2021upq	LHC8 [HW;HZ]>[bb]	LHC13 [vbfH>ZZ]	LHC13 [H]->X1->Z(X2->[bb])	LHC13 [Hpmtb>tb]	6.071499330635390e+00	true	all checks passed	1	4.925159937596437e+00	2.342935688002778e-01	8.035116791899718e+00	-3.553364819185487e+00	-3.428661218947534e+00	1.291710000000000e+04	6.713070000000000e+00	13772.338686389965	14953.430289776754	-1791.4533667061642	9.7635141857914149	-0.9842811167760035	-1.6364857237253436	0	-0.031958842483181218	0	1.862645149230957e-09	0	success	non_bfb	success	no_coex_pair	15.457000000000001	nan	nan	nan	nan	nan	nan	nan	nan	nan	nan	nan	nan	nan	nan	nan	nan	nan	nan	nan	nan	nan	nan	nan	nan	nan	nan	nan	nan	nan	nan	nan	nan	nan	nan	nan	nan	nan	nan	nan	nan	nan	nan	nan	nan	nan	nan	nan	nan	nan	nan	nan	nan	nan	nan	nan	nan	nan	nan	nan	nan	nan	nan	nan	nan	nan	nan	nan	nan	nan	nan	nan	nan	nan	nan	not_set	nan	nan	nan	nan	nan	nan	nan	nan	nan	nan	nan	nan	nan	nan	nan	nan	nan	nan	nan	nan	nan	nan	nan	nan	nan	nan	nan	nan	nan	nan	nan	nan	nan	nan	nan	nan	nan	nan	nan	nan	nan	nan	nan	nan	nan	nan	nan	nan	nan	nan	nan	nan	nan	nan	nan	nan	nan	nan	nan	nan	nan	nan	nan	nan	nan	nan	nan	nan	nan	nan	nan	nan	nan	nan	nan	nan	nan	nan	nan	nan	nan	nan	nan	nan	nan	nan	nan	nan	nan	nan	nan	nan	nan	nan	nan	nan	nan	nan	nan	nan	nan	nan	nan	nan	nan	nan	nan	nan	nan	nan	nan	nan	nan	nan	nan	nan	nan	nan	nan	nan	nan	nan	nan	nan	nan	nan	nan	nan	nan	nan	nan	nan	nan	nan	nan	nan	nan	nan	nan	nan	nan	nan	nan	nan	nan	nan	nan	nan	needs_multistep_run	0.000000000000000e+00	random_20260826_184030.md
4.459360000000000e+02	3.579510000000000e+02	3.809690000000000e+02	1.437110000000000e+04	9.954690000000000e-01	1.371640000000000e+01	0.000000000000000e+00	-1.000000000000000e+30	tracing_not_set_coex_not_set	0	0	0	true	2.432630611337819e-01	true	1.724730935732915e+01	true	3.320028990000000e-04	3.455281230000000e-09	8.002810038897549e-01	3.316455447431766e-04	true	4.008648880675054e+00	8.034588368831066e+01	2.493731202170434e+00	2.315973068639423e-01	true	true	7.653860347642004e-01	1.205761952751849e-01	4.015035984789580e-01	7.621035589772364e-03	1.252191275408329e+00	1.903188418294670e-01	4.696340361706727e-01	4.998795741553838e-03	ATLAS:2014vuz	ATLAS-CONF-2023-034-Fig5-bot	ATLAS:2022enb	ATLAS:2021upq	LHC8 [HW;HZ]>[bb]	LHC13 [ggH]->X1->Z(X2->[bb])	LHC13 [H]->X1->Z(X2->[bb])	LHC13 [Hpmtb>tb]	2.899946501438905e+00	true	all checks passed	1	5.146968101345236e+00	2.436976565603359e-01	2.459211398415686e+00	5.952417162751903e-01	1.157356216903124e+00	1.437110000000000e+04	1.371640000000000e+01	12830.888659137187	2258.5220393162986	117.06225345104897	-10.83949031050574	-0.13012993640366743	-0.33121860162473776	0	-0.021408659045178483	0	0	0	no_nlo_stability	not_set	not_set	not_set	0.39900000000000002	nan	nan	nan	nan	nan	nan	nan	nan	nan	nan	nan	nan	nan	nan	nan	nan	nan	nan	nan	nan	nan	nan	nan	nan	nan	nan	nan	nan	nan	nan	nan	nan	nan	nan	nan	nan	nan	nan	nan	nan	nan	nan	nan	nan	nan	nan	nan	nan	nan	nan	nan	nan	nan	nan	nan	nan	nan	nan	nan	nan	nan	nan	nan	nan	nan	nan	nan	nan	nan	nan	nan	nan	nan	nan	not_set	nan	nan	nan	nan	nan	nan	nan	nan	nan	nan	nan	nan	nan	nan	nan	nan	nan	nan	nan	nan	nan	nan	nan	nan	nan	nan	nan	nan	nan	nan	nan	nan	nan	nan	nan	nan	nan	nan	nan	nan	nan	nan	nan	nan	nan	nan	nan	nan	nan	nan	nan	nan	nan	nan	nan	nan	nan	nan	nan	nan	nan	nan	nan	nan	nan	nan	nan	nan	nan	nan	nan	nan	nan	nan	nan	nan	nan	nan	nan	nan	nan	nan	nan	nan	nan	nan	nan	nan	nan	nan	nan	nan	nan	nan	nan	nan	nan	nan	nan	nan	nan	nan	nan	nan	nan	nan	nan	nan	nan	nan	nan	nan	nan	nan	nan	nan	nan	nan	nan	nan	nan	nan	nan	nan	nan	nan	nan	nan	nan	nan	nan	nan	nan	nan	nan	nan	nan	nan	nan	nan	nan	nan	nan	nan	nan	nan	nan	nan	needs_multistep_run	0.000000000000000e+00	random_20260826_184030.md
2.430270000000000e+02	2.224450000000000e+02	2.811380000000000e+02	6.159610000000000e+03	9.983030000000001e-01	3.658840000000000e+00	0.000000000000000e+00	-1.000000000000000e+30	tracing_success_coex_no_coex_pair	0	0	0	true	2.801458726806135e-01	true	2.482647858306503e+01	true	3.244180790000000e-04	3.555847730000000e-09	1.673880443352473e+00	1.332192859233401e-01	true	4.212472763900102e+00	8.037955301433141e+01	2.495400922216708e+00	2.313951604214947e-01	true	true	7.729068880532898e-01	8.546047249724056e-01	9.555476870878249e-01	2.713915277625459e-01	1.264495585187283e+00	1.568525973946627e+00	6.027385377121321e-01	1.978028039537977e-01	ATLAS:2014vuz	ATLAS:2020tlo	CMS:2022goy	ATLAS:2021upq	LHC8 [HW;HZ]>[bb]	LHC13 [ggH>ZZ]	2d likelihood {LHC13 [ggH>tautau]; LHC13 [bbH>tautau]}	LHC13 [Hpmtb>tb]	6.102218742723466e+00	true	all checks passed	1	8.240917965343725e+00	2.806463601548216e-01	1.640280875258044e+00	-1.394257014582339e+00	-4.174311497201539e-01	6.159610000000000e+03	3.658840000000000e+00	9936.5669833846969	-274.2314976092573	-147.69659042349278	-0.029075214245630358	-0.029543156359725171	-0.015222753544593732	0	-0.004419107467441636	0	0	0	success	non_bfb	success	no_coex_pair	11.804	nan	nan	nan	nan	nan	nan	nan	nan	nan	nan	nan	nan	nan	nan	nan	nan	nan	nan	nan	nan	nan	nan	nan	nan	nan	nan	nan	nan	nan	nan	nan	nan	nan	nan	nan	nan	nan	nan	nan	nan	nan	nan	nan	nan	nan	nan	nan	nan	nan	nan	nan	nan	nan	nan	nan	nan	nan	nan	nan	nan	nan	nan	nan	nan	nan	nan	nan	nan	nan	nan	nan	nan	nan	nan	not_set	nan	nan	nan	nan	nan	nan	nan	nan	nan	nan	nan	nan	nan	nan	nan	nan	nan	nan	nan	nan	nan	nan	nan	nan	nan	nan	nan	nan	nan	nan	nan	nan	nan	nan	nan	nan	nan	nan	nan	nan	nan	nan	nan	nan	nan	nan	nan	nan	nan	nan	nan	nan	nan	nan	nan	nan	nan	nan	nan	nan	nan	nan	nan	nan	nan	nan	nan	nan	nan	nan	nan	nan	nan	nan	nan	nan	nan	nan	nan	nan	nan	nan	nan	nan	nan	nan	nan	nan	nan	nan	nan	nan	nan	nan	nan	nan	nan	nan	nan	nan	nan	nan	nan	nan	nan	nan	nan	nan	nan	nan	nan	nan	nan	nan	nan	nan	nan	nan	nan	nan	nan	nan	nan	nan	nan	nan	nan	nan	nan	nan	nan	nan	nan	nan	nan	nan	nan	nan	nan	nan	nan	nan	nan	nan	nan	nan	nan	nan	needs_multistep_run	0.000000000000000e+00	random_20260828_001210.md
3.073870000000000e+02	5.645880000000000e+02	2.999040000000000e+02	1.202590000000000e+04	9.956920000000000e-01	7.325750000000000e+00	0.000000000000000e+00	-1.000000000000000e+30	tracing_not_set_coex_not_set	0	0	0	true	2.373825082853149e-01	true	1.994701206805840e+01	true	3.305368490000000e-04	3.474488970000000e-09	9.442879358692570e-01	7.130911434731242e-03	true	1.713333030617683e-01	8.036434686640348e+01	2.494885420542749e+00	2.315335279888530e-01	true	true	7.676731173715199e-01	4.933481134319281e-02	8.654652032717961e-03	6.684659442268290e-02	1.255933001487648e+00	5.801315702229416e-02	9.888094260190161e-03	4.152812735799726e-02	ATLAS:2014vuz	ATLAS:2020tlo	ATLAS:2022enb	ATLAS:2021upq	LHC8 [HW;HZ]>[bb]	LHC13 [vbfH>ZZ]	LHC13 [H]->X1->Z(X2->[bb])	LHC13 [Hpmtb>tb]	2.978799563728330e+00	true	all checks passed	1	5.640090145206192e+00	2.378065979599406e-01	1.073795988854543e+00	3.777763256790841e+00	-3.784441797343602e+00	1.202590000000000e+04	7.325750000000000e+00	35217.621060078985	6206.6638768203056	2757.8905855840335	-18.035997139071288	-0.42398203449640282	-0.92624226850184377	0	0.62918872681144944	0	0	0	no_nlo_stability	not_set	not_set	not_set	0.33000000000000002	nan	nan	nan	nan	nan	nan	nan	nan	nan	nan	nan	nan	nan	nan	nan	nan	nan	nan	nan	nan	nan	nan	nan	nan	nan	nan	nan	nan	nan	nan	nan	nan	nan	nan	nan	nan	nan	nan	nan	nan	nan	nan	nan	nan	nan	nan	nan	nan	nan	nan	nan	nan	nan	nan	nan	nan	nan	nan	nan	nan	nan	nan	nan	nan	nan	nan	nan	nan	nan	nan	nan	nan	nan	nan	not_set	nan	nan	nan	nan	nan	nan	nan	nan	nan	nan	nan	nan	nan	nan	nan	nan	nan	nan	nan	nan	nan	nan	nan	nan	nan	nan	nan	nan	nan	nan	nan	nan	nan	nan	nan	nan	nan	nan	nan	nan	nan	nan	nan	nan	nan	nan	nan	nan	nan	nan	nan	nan	nan	nan	nan	nan	nan	nan	nan	nan	nan	nan	nan	nan	nan	nan	nan	nan	nan	nan	nan	nan	nan	nan	nan	nan	nan	nan	nan	nan	nan	nan	nan	nan	nan	nan	nan	nan	nan	nan	nan	nan	nan	nan	nan	nan	nan	nan	nan	nan	nan	nan	nan	nan	nan	nan	nan	nan	nan	nan	nan	nan	nan	nan	nan	nan	nan	nan	nan	nan	nan	nan	nan	nan	nan	nan	nan	nan	nan	nan	nan	nan	nan	nan	nan	nan	nan	nan	nan	nan	nan	nan	nan	nan	nan	nan	nan	nan	needs_multistep_run	0.000000000000000e+00	random_20260828_001210.md
1.568340000000000e+02	3.715040000000000e+02	3.606560000000000e+02	2.077540000000000e+03	9.988710000000000e-01	9.835030000000000e+00	0.000000000000000e+00	-1.000000000000000e+30	tracing_success_coex_no_coex_pair	0	0	0	true	2.573123156498615e-01	true	2.176754631162850e+01	true	3.269613680000000e-04	3.119854530000000e-09	1.345432965184002e+00	1.296028910362912e+00	true	3.803646306707013e+00	8.034596645943613e+01	2.493599030033581e+00	2.315641438470362e-01	true	true	7.700743044932619e-01	2.849904277723111e-01	2.849904277723111e-01	6.731546884597483e-04	3.873975332565719e+00	3.444575677990893e-01	3.444575677990893e-01	4.918477611905952e-04	CMS:2012qwq	ATLAS:2020gxx	ATLAS:2020gxx	CMS:2020imj	LHC8 [vbfH;HW;Htt;H;HZ]>[bb;tautau;WW;ZZ;gamgam]	LHC13 [ggH]->X1->Z(X2->[bb])	LHC13 [ggH]->X1->Z(X2->[bb])	LHC13 [Hpmtb>tb]	5.027636762982837e+00	true	all checks passed	1	6.682953620847584e+00	2.577720104142711e-01	3.878543789453433e+00	-1.677017179311383e+00	-1.939508807310590e+00	2.077540000000000e+03	9.835030000000000e+00	15180.304513507026	3669.5721604641458	80.209312233871998	-1.1891122089889543	-0.13930489968933835	-0.27820210964199438	0	0.0074782286222314139	0	0	0	success	non_bfb	success	no_coex_pair	12.57	nan	nan	nan	nan	nan	nan	nan	nan	nan	nan	nan	nan	nan	nan	nan	nan	nan	nan	nan	nan	nan	nan	nan	nan	nan	nan	nan	nan	nan	nan	nan	nan	nan	nan	nan	nan	nan	nan	nan	nan	nan	nan	nan	nan	nan	nan	nan	nan	nan	nan	nan	nan	nan	nan	nan	nan	nan	nan	nan	nan	nan	nan	nan	nan	nan	nan	nan	nan	nan	nan	nan	nan	nan	nan	not_set	nan	nan	nan	nan	nan	nan	nan	nan	nan	nan	nan	nan	nan	nan	nan	nan	nan	nan	nan	nan	nan	nan	nan	nan	nan	nan	nan	nan	nan	nan	nan	nan	nan	nan	nan	nan	nan	nan	nan	nan	nan	nan	nan	nan	nan	nan	nan	nan	nan	nan	nan	nan	nan	nan	nan	nan	nan	nan	nan	nan	nan	nan	nan	nan	nan	nan	nan	nan	nan	nan	nan	nan	nan	nan	nan	nan	nan	nan	nan	nan	nan	nan	nan	nan	nan	nan	nan	nan	nan	nan	nan	nan	nan	nan	nan	nan	nan	nan	nan	nan	nan	nan	nan	nan	nan	nan	nan	nan	nan	nan	nan	nan	nan	nan	nan	nan	nan	nan	nan	nan	nan	nan	nan	nan	nan	nan	nan	nan	nan	nan	nan	nan	nan	nan	nan	nan	nan	nan	nan	nan	nan	nan	nan	nan	nan	nan	nan	nan	needs_multistep_run	0.000000000000000e+00	random_20260821_172345.md
1.310410000000000e+02	2.486440000000000e+02	2.316160000000000e+02	1.300130000000000e+03	9.973020000000000e-01	1.035740000000000e+01	0.000000000000000e+00	-1.000000000000000e+30	tracing_success_coex_no_coex_pair	0	0	0	true	2.580617646927849e-01	true	2.018725810915902e+01	true	3.266743580000000e-04	3.123569930000000e-09	1.380704406404893e+00	1.267022480382934e+00	true	2.958031320613657e+00	8.034804328616157e+01	2.493741701762682e+00	2.315610752871591e-01	true	true	7.706529934963907e-01	7.689474706653485e-01	4.624193322401677e-02	4.571266684437217e-03	3.876886515175329e+00	1.258177974193519e+00	6.108552339261632e-02	2.592264901454190e-03	CMS:2012qwq	ATLAS:2014vuz	CMS:2019qcx	ATLAS:2021upq	LHC8 [vbfH;HW;Htt;H;HZ]>[bb;tautau;WW;ZZ;gamgam]	LHC8 [HW;HZ]>[bb]	LHC13 [ggH]->X1->Z(X2->[bb])	LHC13 [Hpmtb>tb]	5.271282654223000e+00	true	all checks passed	1	6.628972201886190e+00	2.585227983662955e-01	1.542274484648143e+00	-5.267468279037106e-01	-7.970180712112657e-01	1.300130000000000e+03	1.035740000000000e+01	6685.6496067217749	-149.96407460193788	82.557771838633087	-0.37744964899736388	-0.020039779619690782	0.058542046006189036	0	-0.010598066567627865	0	0	0	success	non_bfb	success	no_coex_pair	13.032	nan	nan	nan	nan	nan	nan	nan	nan	nan	nan	nan	nan	nan	nan	nan	nan	nan	nan	nan	nan	nan	nan	nan	nan	nan	nan	nan	nan	nan	nan	nan	nan	nan	nan	nan	nan	nan	nan	nan	nan	nan	nan	nan	nan	nan	nan	nan	nan	nan	nan	nan	nan	nan	nan	nan	nan	nan	nan	nan	nan	nan	nan	nan	nan	nan	nan	nan	nan	nan	nan	nan	nan	nan	nan	not_set	nan	nan	nan	nan	nan	nan	nan	nan	nan	nan	nan	nan	nan	nan	nan	nan	nan	nan	nan	nan	nan	nan	nan	nan	nan	nan	nan	nan	nan	nan	nan	nan	nan	nan	nan	nan	nan	nan	nan	nan	nan	nan	nan	nan	nan	nan	nan	nan	nan	nan	nan	nan	nan	nan	nan	nan	nan	nan	nan	nan	nan	nan	nan	nan	nan	nan	nan	nan	nan	nan	nan	nan	nan	nan	nan	nan	nan	nan	nan	nan	nan	nan	nan	nan	nan	nan	nan	nan	nan	nan	nan	nan	nan	nan	nan	nan	nan	nan	nan	nan	nan	nan	nan	nan	nan	nan	nan	nan	nan	nan	nan	nan	nan	nan	nan	nan	nan	nan	nan	nan	nan	nan	nan	nan	nan	nan	nan	nan	nan	nan	nan	nan	nan	nan	nan	nan	nan	nan	nan	nan	nan	nan	nan	nan	nan	nan	nan	nan	needs_multistep_run	0.000000000000000e+00	random_20260822_062803.md
1.332630200913406e+02	4.780316879876247e+02	4.799358934935404e+02	1.216406285720124e+03	9.955345527871555e-01	1.251910970628441e+01	0.000000000000000e+00	-1.000000000000000e+30	tracing_success_coex_no_coex_pair	9	73	0	true	2.577750414635767e-01	true	2.488535416523380e+01	true	3.274424040000000e-04	3.114032840000000e-09	1.287340568695891e+00	1.342139507710648e+00	true	8.563381098376204e-01	8.036884562212690e+01	2.494872288565823e+00	2.314342948166658e-01	true	true	7.685403067549744e-01	7.659946847447940e-01	2.692398169051327e-02	0.000000000000000e+00	3.866258324786519e+00	1.253265607148717e+00	3.647195342026759e-02	0.000000000000000e+00	CMS:2012qwq	ATLAS:2014vuz	ATLAS:2020gxx		LHC8 [vbfH;HW;Htt;H;HZ]>[bb;tautau;WW;ZZ;gamgam]	LHC8 [HW;HZ]>[bb]	LHC13 [ggH]->X1->Z(X2->[bb])		5.976129942958210e+00	true	all checks passed	1	6.594782976518287e+00	2.582355628990042e-01	7.365822355465204e+00	-3.583137373708883e+00	-3.522850271350985e+00	1.216406285720124e+03	1.251910970628441e+01	30451.77167870546	14441.118020183654	10.952649052137851	0.064684481900160087	-0.70493744635192601	-1.2411902485978745	0	-0.0089796416341503191	0	0	0	success	non_bfb	success	no_coex_pair	18.751000000000001	nan	nan	nan	nan	nan	nan	nan	nan	nan	nan	nan	nan	nan	nan	nan	nan	nan	nan	nan	nan	nan	nan	nan	nan	nan	nan	nan	nan	nan	nan	nan	nan	nan	nan	nan	nan	nan	nan	nan	nan	nan	nan	nan	nan	nan	nan	nan	nan	nan	nan	nan	nan	nan	nan	nan	nan	nan	nan	nan	nan	nan	nan	nan	nan	nan	nan	nan	nan	nan	nan	nan	nan	nan	nan	not_set	nan	nan	nan	nan	nan	nan	nan	nan	nan	nan	nan	nan	nan	nan	nan	nan	nan	nan	nan	nan	nan	nan	nan	nan	nan	nan	nan	nan	nan	nan	nan	nan	nan	nan	nan	nan	nan	nan	nan	nan	nan	nan	nan	nan	nan	nan	nan	nan	nan	nan	nan	nan	nan	nan	nan	nan	nan	nan	nan	nan	nan	nan	nan	nan	nan	nan	nan	nan	nan	nan	nan	nan	nan	nan	nan	nan	nan	nan	nan	nan	nan	nan	nan	nan	nan	nan	nan	nan	nan	nan	nan	nan	nan	nan	nan	nan	nan	nan	nan	nan	nan	nan	nan	nan	nan	nan	nan	nan	nan	nan	nan	nan	nan	nan	nan	nan	nan	nan	nan	nan	nan	nan	nan	nan	nan	nan	nan	nan	nan	nan	nan	nan	nan	nan	nan	nan	nan	nan	nan	nan	nan	nan	nan	nan	nan	nan	nan	nan	needs_multistep_run	0.000000000000000e+00	async_mcmc_20260903_141342.md
1.318523481078516e+02	3.273821602094978e+02	3.362978029677905e+02	1.694593151487283e+03	9.946099871417577e-01	1.014822136721757e+01	0.000000000000000e+00	-1.000000000000000e+30	tracing_not_set_coex_not_set	10	158	0	true	2.574581184770888e-01	true	6.086418245665360e+00	true	3.269583650000000e-04	3.119923810000000e-09	1.345799649510325e+00	1.295485032163093e+00	true	3.401523041118613e+00	8.037745918183649e+01	2.495353009940632e+00	2.313919528064500e-01	true	true	7.706637906136338e-01	7.653310811704360e-01	9.535852364658799e-03	6.955156394709883e-04	3.876940831707667e+00	1.252112992656384e+00	1.249904717915520e-02	4.300118426977361e-04	CMS:2012qwq	ATLAS:2014vuz	CMS:2019qcx	ATLAS:2021upq	LHC8 [vbfH;HW;Htt;H;HZ]>[bb;tautau;WW;ZZ;gamgam]	LHC8 [HW;HZ]>[bb]	LHC13 [ggH]->X1->Z(X2->[bb])	LHC13 [Hpmtb>tb]	6.160191360247893e+00	true	all checks passed	1	3.228380408549358e-01	2.579180737218261e-01	3.452479518500628e+00	-1.679708755669335e+00	-1.484152755354524e+00	1.694593151487283e+03	1.014822136721757e+01	5120.3967767671302	2394.8491568334398	154.02962731014301	-3.0136267838301203	-0.087997397329939317	-0.036111879849126879	0	0.0031262915589191408	0	0	0	no_nlo_stability	not_set	not_set	not_set	0.37	nan	nan	nan	nan	nan	nan	nan	nan	nan	nan	nan	nan	nan	nan	nan	nan	nan	nan	nan	nan	nan	nan	nan	nan	nan	nan	nan	nan	nan	nan	nan	nan	nan	nan	nan	nan	nan	nan	nan	nan	nan	nan	nan	nan	nan	nan	nan	nan	nan	nan	nan	nan	nan	nan	nan	nan	nan	nan	nan	nan	nan	nan	nan	nan	nan	nan	nan	nan	nan	nan	nan	nan	nan	nan	not_set	nan	nan	nan	nan	nan	nan	nan	nan	nan	nan	nan	nan	nan	nan	nan	nan	nan	nan	nan	nan	nan	nan	nan	nan	nan	nan	nan	nan	nan	nan	nan	nan	nan	nan	nan	nan	nan	nan	nan	nan	nan	nan	nan	nan	nan	nan	nan	nan	nan	nan	nan	nan	nan	nan	nan	nan	nan	nan	nan	nan	nan	nan	nan	nan	nan	nan	nan	nan	nan	nan	nan	nan	nan	nan	nan	nan	nan	nan	nan	nan	nan	nan	nan	nan	nan	nan	nan	nan	nan	nan	nan	nan	nan	nan	nan	nan	nan	nan	nan	nan	nan	nan	nan	nan	nan	nan	nan	nan	nan	nan	nan	nan	nan	nan	nan	nan	nan	nan	nan	nan	nan	nan	nan	nan	nan	nan	nan	nan	nan	nan	nan	nan	nan	nan	nan	nan	nan	nan	nan	nan	nan	nan	nan	nan	nan	nan	nan	nan	needs_multistep_run	0.000000000000000e+00	async_mcmc_20260903_141342.md
1.397676932001391e+02	4.422874590542640e+02	4.497546051703522e+02	1.706481312901730e+03	9.958493012553039e-01	1.080048151961140e+01	0.000000000000000e+00	-1.000000000000000e+30	tracing_not_set_coex_not_set	11	132	0	true	2.573167166639977e-01	true	1.360020411534289e+01	true	3.272613040000000e-04	3.116197180000000e-09	1.309060675292014e+00	1.324902766230112e+00	true	5.062088193285199e+00	8.038094548918446e+01	2.495556743186732e+00	2.313706891156439e-01	true	true	7.701967288730164e-01	7.665846173950729e-01	1.175637071896081e-02	1.930560245997545e-04	3.874591206935902e+00	1.254152620270704e+00	8.789116605928007e-03	1.418162862256344e-04	CMS:2012qwq	ATLAS:2014vuz	ATLAS:2022enb	ATLAS:2021upq	LHC8 [vbfH;HW;Htt;H;HZ]>[bb;tautau;WW;ZZ;gamgam]	LHC8 [HW;HZ]>[bb]	LHC13 [H]->X1->Z(X2->[bb])	LHC13 [Hpmtb>tb]	6.077097730386072e+00	true	all checks passed	1	2.146664348771548e+00	2.577764192909270e-01	6.377144206453374e+00	-3.145472155118431e+00	-2.925331748109966e+00	1.706481312901730e+03	1.080048151961140e+01	17429.071600538227	10356.0903496149	202.28869300882639	-4.3138771147297392	-0.47306970713369184	-0.5230979019933002	0	-0.014625667790794942	0	0	0	no_nlo_stability	not_set	not_set	not_set	0.47599999999999998	nan	nan	nan	nan	nan	nan	nan	nan	nan	nan	nan	nan	nan	nan	nan	nan	nan	nan	nan	nan	nan	nan	nan	nan	nan	nan	nan	nan	nan	nan	nan	nan	nan	nan	nan	nan	nan	nan	nan	nan	nan	nan	nan	nan	nan	nan	nan	nan	nan	nan	nan	nan	nan	nan	nan	nan	nan	nan	nan	nan	nan	nan	nan	nan	nan	nan	nan	nan	nan	nan	nan	nan	nan	nan	not_set	nan	nan	nan	nan	nan	nan	nan	nan	nan	nan	nan	nan	nan	nan	nan	nan	nan	nan	nan	nan	nan	nan	nan	nan	nan	nan	nan	nan	nan	nan	nan	nan	nan	nan	nan	nan	nan	nan	nan	nan	nan	nan	nan	nan	nan	nan	nan	nan	nan	nan	nan	nan	nan	nan	nan	nan	nan	nan	nan	nan	nan	nan	nan	nan	nan	nan	nan	nan	nan	nan	nan	nan	nan	nan	nan	nan	nan	nan	nan	nan	nan	nan	nan	nan	nan	nan	nan	nan	nan	nan	nan	nan	nan	nan	nan	nan	nan	nan	nan	nan	nan	nan	nan	nan	nan	nan	nan	nan	nan	nan	nan	nan	nan	nan	nan	nan	nan	nan	nan	nan	nan	nan	nan	nan	nan	nan	nan	nan	nan	nan	nan	nan	nan	nan	nan	nan	nan	nan	nan	nan	nan	nan	nan	nan	nan	nan	nan	nan	needs_multistep_run	0.000000000000000e+00	async_mcmc_20260903_194451.md
1.286124847472396e+02	4.461888020015041e+02	4.389519875574319e+02	1.518867744405602e+03	9.943387348797703e-01	9.230820135428051e+00	0.000000000000000e+00	-1.000000000000000e+30	not_set	3	177	0	true	2.580145365373240e-01	true	1.641148607591672e+01	true	3.270216250000000e-04	3.119059340000000e-09	1.338085782938025e+00	1.302279672309577e+00	true	3.139195036197800e+00	8.034755958939890e+01	2.493663762348597e+00	2.315489988698200e-01	true	true	7.719625473413766e-01	7.545598921645408e-01	2.049978192281069e-02	3.700433793802936e-04	3.883474423981714e+00	2.246065731296146e+00	1.638867836616532e-02	2.673850782381074e-04	CMS:2012qwq	CMS:2013zmy	ATLAS:2022enb	ATLAS:2021upq	LHC8 [vbfH;HW;Htt;H;HZ]>[bb;tautau;WW;ZZ;gamgam]	LHC8 [ggH;vbfH;HW;HZ]>[WW]	LHC13 [H]->X1->Z(X2->[bb])	LHC13 [Hpmtb>tb]	5.759978777779395e+00	true	all checks passed	1	3.590967939545234e+00	2.584754858365761e-01	6.133259199702308e+00	-2.843682822284159e+00	-3.055382196033829e+00	1.518867744405602e+03	9.230820135428051e+00	21103.157142508855	10088.810774104502	350.72862419314441	-4.8374275521092516	-0.44982749304072239	-0.60361067260167578	0	0.012468683261185977	0	0	0	success	non_bfb	success	success	215.23599999999999	success	100.0262039017426	-6.651435746399771e-11	343.93842309738636	30.932608540883507	-1.2538286535992379e-11	-7.8937201763197633e-10	30.00041578400349	244.99716228934636	-2.6344604011715249e-09	success	not_met	nan	nan	nan	nan	nan	nan	nan	nan	nan	not_met	nan	nan	nan	nan	nan	nan	nan	nan	nan	not_met	nan	nan	nan	nan	nan	nan	nan	nan	nan	not_met	nan	nan	nan	nan	nan	nan	nan	nan	nan	not_set	nan	nan	nan	nan	nan	nan	nan	nan	nan	nan	nan	nan	nan	nan	nan	nan	nan	nan	nan	nan	nan	nan	0	nan	nan	nan	nan	nan	nan	nan	nan	nan	nan	nan	nan	nan	nan	nan	nan	nan	nan	nan	nan	nan	nan	nan	nan	nan	nan	nan	nan	nan	nan	nan	nan	nan	nan	nan	nan	nan	nan	nan	nan	nan	nan	nan	nan	nan	nan	nan	nan	nan	nan	nan	nan	nan	nan	nan	nan	nan	nan	nan	nan	nan	nan	nan	nan	nan	nan	nan	nan	nan	nan	nan	nan	nan	nan	nan	nan	nan	nan	nan	nan	nan	nan	nan	nan	nan	nan	nan	nan	nan	nan	nan	nan	nan	nan	nan	nan	nan	nan	nan	nan	nan	nan	nan	nan	nan	nan	nan	nan	nan	nan	nan	nan	nan	nan	nan	nan	nan	nan	nan	nan	nan	nan	nan	nan	nan	nan	nan	nan	nan	nan	nan	nan	nan	nan	nan	nan	nan	nan	nan	nan	nan	nan	nan	nan	nan	nan	nan	nan	needs_multistep_run	0.000000000000000e+00	async_mcmc_20260903_194451.md
2.812010000000000e+02	5.924820000000000e+02	2.827180000000000e+02	1.121890000000000e+04	9.947530000000000e-01	5.876560000000000e+00	0.000000000000000e+00	-1.000000000000000e+30	tracing_not_set_coex_not_set	0	0	0	true	2.374902718964497e-01	true	2.439854732466737e+01	true	3.247392650000000e-04	3.146973120000000e-09	1.630424550526940e+00	1.091858382907660e+00	true	5.127484973030880e+00	8.034385413673296e+01	2.493729607311663e+00	2.316485939903239e-01	true	true	7.804349600410502e-01	1.753888074808967e-01	1.238838672385518e-02	9.710822448083806e-02	3.926096178290800e+00	1.137399612835016e-01	1.297093118386979e-02	6.999275693714138e-02	CMS:2012qwq	ATLAS:2020tlo	ATLAS:2022enb	ATLAS:2021upq	LHC8 [vbfH;HW;Htt;H;HZ]>[bb;tautau;WW;ZZ;gamgam]	LHC13 [ggH>ZZ]	LHC13 [H]->X1->Z(X2->[bb])	LHC13 [Hpmtb>tb]	4.128360696902178e+00	true	all checks passed	1	7.556404945348809e+00	2.379145540934106e-01	1.102971858788742e+00	4.280084892174964e+00	-4.679709304401147e+00	1.121890000000000e+04	5.876560000000000e+00	51567.674630395195	9273.0084590576098	4947.7701991441309	-17.939520126034321	-0.60163400632073094	-1.4034898126542286	0	0.924035158882897	0	1.3969838619232178e-09	0	no_nlo_stability	not_set	not_set	not_set	0.318	nan	nan	nan	nan	nan	nan	nan	nan	nan	nan	nan	nan	nan	nan	nan	nan	nan	nan	nan	nan	nan	nan	nan	nan	nan	nan	nan	nan	nan	nan	nan	nan	nan	nan	nan	nan	nan	nan	nan	nan	nan	nan	nan	nan	nan	nan	nan	nan	nan	nan	nan	nan	nan	nan	nan	nan	nan	nan	nan	nan	nan	nan	nan	nan	nan	nan	nan	nan	nan	nan	nan	nan	nan	nan	not_set	nan	nan	nan	nan	nan	nan	nan	nan	nan	nan	nan	nan	nan	nan	nan	nan	nan	nan	nan	nan	nan	nan	nan	nan	nan	nan	nan	nan	nan	nan	nan	nan	nan	nan	nan	nan	nan	nan	nan	nan	nan	nan	nan	nan	nan	nan	nan	nan	nan	nan	nan	nan	nan	nan	nan	nan	nan	nan	nan	nan	nan	nan	nan	nan	nan	nan	nan	nan	nan	nan	nan	nan	nan	nan	nan	nan	nan	nan	nan	nan	nan	nan	nan	nan	nan	nan	nan	nan	nan	nan	nan	nan	nan	nan	nan	nan	nan	nan	nan	nan	nan	nan	nan	nan	nan	nan	nan	nan	nan	nan	nan	nan	nan	nan	nan	nan	nan	nan	nan	nan	nan	nan	nan	nan	nan	nan	nan	nan	nan	nan	nan	nan	nan	nan	nan	nan	nan	nan	nan	nan	nan	nan	nan	nan	nan	nan	nan	nan	needs_multistep_run	0.000000000000000e+00	random_20260825_015240.md
1.250535055133378e+02	4.457166847431711e+02	4.502334389014055e+02	1.594705052975267e+03	9.948361013632903e-01	9.130297817097226e+00	0.000000000000000e+00	-1.000000000000000e+30	tracing_not_set_coex_not_set	3	90	0	true	2.579118878384343e-01	true	1.253592687142580e+01	true	3.270254320000000e-04	3.119004420000000e-09	1.337622268106994e+00	1.302711937925522e+00	true	2.433325753109265e+00	8.037480399367396e+01	2.495199895031863e+00	2.314022157614665e-01	true	true	7.732331631749717e-01	7.732331631749717e-01	5.626960579476484e-02	3.501120304231543e-04	3.889871802953454e+00	3.889871802953454e+00	4.461280432553156e-02	2.573880188523764e-04	CMS:2012qwq	CMS:2012qwq	ATLAS:2022enb	ATLAS:2021upq	LHC8 [vbfH;HW;Htt;H;HZ]>[bb;tautau;WW;ZZ;gamgam]	LHC8 [vbfH;HW;Htt;H;HZ]>[bb;tautau;WW;ZZ;gamgam]	LHC13 [H]->X1->Z(X2->[bb])	LHC13 [Hpmtb>tb]	4.819617018965459e+00	true	all checks passed	1	1.503129600237253e+00	2.583726537532677e-01	6.455889166174286e+00	-3.173080558775884e+00	-3.039337864396139e+00	1.594705052975267e+03	9.130297817097226e+00	18333.074424766346	10782.451270614056	426.31971599133976	-5.6845294672655031	-0.49176089421036873	-0.48268747456443456	0	-0.0078225361314915396	0	0	0	no_nlo_stability	not_set	not_set	not_set	0.441	nan	nan	nan	nan	nan	nan	nan	nan	nan	nan	nan	nan	nan	nan	nan	nan	nan	nan	nan	nan	nan	nan	nan	nan	nan	nan	nan	nan	nan	nan	nan	nan	nan	nan	nan	nan	nan	nan	nan	nan	nan	nan	nan	nan	nan	nan	nan	nan	nan	nan	nan	nan	nan	nan	nan	nan	nan	nan	nan	nan	nan	nan	nan	nan	nan	nan	nan	nan	nan	nan	nan	nan	nan	nan	not_set	nan	nan	nan	nan	nan	nan	nan	nan	nan	nan	nan	nan	nan	nan	nan	nan	nan	nan	nan	nan	nan	nan	nan	nan	nan	nan	nan	nan	nan	nan	nan	nan	nan	nan	nan	nan	nan	nan	nan	nan	nan	nan	nan	nan	nan	nan	nan	nan	nan	nan	nan	nan	nan	nan	nan	nan	nan	nan	nan	nan	nan	nan	nan	nan	nan	nan	nan	nan	nan	nan	nan	nan	nan	nan	nan	nan	nan	nan	nan	nan	nan	nan	nan	nan	nan	nan	nan	nan	nan	nan	nan	nan	nan	nan	nan	nan	nan	nan	nan	nan	nan	nan	nan	nan	nan	nan	nan	nan	nan	nan	nan	nan	nan	nan	nan	nan	nan	nan	nan	nan	nan	nan	nan	nan	nan	nan	nan	nan	nan	nan	nan	nan	nan	nan	nan	nan	nan	nan	nan	nan	nan	nan	nan	nan	nan	nan	nan	nan	needs_multistep_run	0.000000000000000e+00	async_mcmc_20260903_210907.md
1.302666416267689e+02	2.742155360966126e+02	2.809597565782699e+02	1.110091574094875e+03	9.981253944417371e-01	1.472509024798150e+01	0.000000000000000e+00	-1.000000000000000e+30	tracing_not_set_coex_not_set	7	133	0	true	2.576760891637407e-01	true	8.389694404208235e+00	true	3.273548700000000e-04	3.115198120000000e-09	1.297816212512189e+00	1.332845408460574e+00	true	1.271753247186584e+00	8.037105118054414e+01	2.495003057601148e+00	2.314292209123733e-01	true	true	7.680389979613855e-01	7.564267007244699e-01	4.098517567202336e-03	2.865957389540863e-04	3.863736415031797e+00	2.251511682260289e+00	5.506845551360152e-03	2.091425836891416e-04	CMS:2012qwq	CMS:2013zmy	CMS:2019qcx	ATLAS:2021upq	LHC8 [vbfH;HW;Htt;H;HZ]>[bb;tautau;WW;ZZ;gamgam]	LHC8 [ggH;vbfH;HW;HZ]>[WW]	LHC13 [ggH]->X1->Z(X2->[bb])	LHC13 [Hpmtb>tb]	4.833841156671156e+00	true	all checks passed	1	2.243006922790937e+00	2.581364338184571e-01	2.335326001628169e+00	-1.094933951746845e+00	-9.711906580801120e-01	1.110091574094875e+03	1.472509024798150e+01	4720.9578285621483	625.99111872748506	71.510615127683067	-4.413759764167704	-0.033750452211604859	0.0066808348965159674	0	0.0025362566639470902	0	0	0	no_nlo_stability	not_set	not_set	not_set	0.39300000000000002	nan	nan	nan	nan	nan	nan	nan	nan	nan	nan	nan	nan	nan	nan	nan	nan	nan	nan	nan	nan	nan	nan	nan	nan	nan	nan	nan	nan	nan	nan	nan	nan	nan	nan	nan	nan	nan	nan	nan	nan	nan	nan	nan	nan	nan	nan	nan	nan	nan	nan	nan	nan	nan	nan	nan	nan	nan	nan	nan	nan	nan	nan	nan	nan	nan	nan	nan	nan	nan	nan	nan	nan	nan	nan	not_set	nan	nan	nan	nan	nan	nan	nan	nan	nan	nan	nan	nan	nan	nan	nan	nan	nan	nan	nan	nan	nan	nan	nan	nan	nan	nan	nan	nan	nan	nan	nan	nan	nan	nan	nan	nan	nan	nan	nan	nan	nan	nan	nan	nan	nan	nan	nan	nan	nan	nan	nan	nan	nan	nan	nan	nan	nan	nan	nan	nan	nan	nan	nan	nan	nan	nan	nan	nan	nan	nan	nan	nan	nan	nan	nan	nan	nan	nan	nan	nan	nan	nan	nan	nan	nan	nan	nan	nan	nan	nan	nan	nan	nan	nan	nan	nan	nan	nan	nan	nan	nan	nan	nan	nan	nan	nan	nan	nan	nan	nan	nan	nan	nan	nan	nan	nan	nan	nan	nan	nan	nan	nan	nan	nan	nan	nan	nan	nan	nan	nan	nan	nan	nan	nan	nan	nan	nan	nan	nan	nan	nan	nan	nan	nan	nan	nan	nan	nan	needs_multistep_run	0.000000000000000e+00	async_mcmc_20260903_210907.md
1.321555417108982e+02	2.772718597902016e+02	2.842061160824780e+02	1.041298132295323e+03	9.986101653016825e-01	1.485859877706276e+01	0.000000000000000e+00	-1.000000000000000e+30	tracing_success_coex_no_coex_pair	7	172	0	true	2.577482907607072e-01	true	2.248496183289118e+01	true	3.273685980000000e-04	3.115028800000000e-09	1.296170505500288e+00	1.334193874309629e+00	true	1.340301481686677e+00	8.037133402029694e+01	2.495020039989814e+00	2.314277756703732e-01	true	true	7.679774144065182e-01	7.693354369371618e-01	6.123806012694177e-02	2.794344730702913e-04	3.863426609638921e+00	1.258722149947712e+00	5.549014989581075e-02	1.992411041529959e-04	CMS:2012qwq	ATLAS:2014vuz	ATLAS:2020gxx	ATLAS:2021upq	LHC8 [vbfH;HW;Htt;H;HZ]>[bb;tautau;WW;ZZ;gamgam]	LHC8 [HW;HZ]>[bb]	LHC13 [ggH]->X1->Z(X2->[bb])	LHC13 [Hpmtb>tb]	4.851718328873972e+00	true	all checks passed	1	7.301971236123371e+00	2.582087644053478e-01	2.406083168214567e+00	-1.142247289047501e+00	-1.013572816604848e+00	1.041298132295323e+03	1.485859877706276e+01	10377.662947489698	718.2373370739906	108.61692004928196	-5.1495373081937936	-0.035808026640812278	-0.0024480999656131546	0	0.0013209144752414431	0	0	0	success	non_bfb	success	no_coex_pair	12.82	nan	nan	nan	nan	nan	nan	nan	nan	nan	nan	nan	nan	nan	nan	nan	nan	nan	nan	nan	nan	nan	nan	nan	nan	nan	nan	nan	nan	nan	nan	nan	nan	nan	nan	nan	nan	nan	nan	nan	nan	nan	nan	nan	nan	nan	nan	nan	nan	nan	nan	nan	nan	nan	nan	nan	nan	nan	nan	nan	nan	nan	nan	nan	nan	nan	nan	nan	nan	nan	nan	nan	nan	nan	nan	not_set	nan	nan	nan	nan	nan	nan	nan	nan	nan	nan	nan	nan	nan	nan	nan	nan	nan	nan	nan	nan	nan	nan	nan	nan	nan	nan	nan	nan	nan	nan	nan	nan	nan	nan	nan	nan	nan	nan	nan	nan	nan	nan	nan	nan	nan	nan	nan	nan	nan	nan	nan	nan	nan	nan	nan	nan	nan	nan	nan	nan	nan	nan	nan	nan	nan	nan	nan	nan	nan	nan	nan	nan	nan	nan	nan	nan	nan	nan	nan	nan	nan	nan	nan	nan	nan	nan	nan	nan	nan	nan	nan	nan	nan	nan	nan	nan	nan	nan	nan	nan	nan	nan	nan	nan	nan	nan	nan	nan	nan	nan	nan	nan	nan	nan	nan	nan	nan	nan	nan	nan	nan	nan	nan	nan	nan	nan	nan	nan	nan	nan	nan	nan	nan	nan	nan	nan	nan	nan	nan	nan	nan	nan	nan	nan	nan	nan	nan	nan	needs_multistep_run	0.000000000000000e+00	async_mcmc_20260903_210907.md
3.063040000000000e+02	4.982540000000000e+02	5.033550000000000e+02	6.614520000000000e+03	9.983050000000000e-01	1.392260000000000e+01	0.000000000000000e+00	-1.000000000000000e+30	tracing_success_coex_no_coex_pair	0	0	0	true	2.514234993618062e-01	true	2.174430261925843e+01	true	3.275380850000000e-04	3.112885730000000e-09	1.275938491598967e+00	1.351320226368997e+00	true	8.725533172547215e-01	8.036950650449607e+01	2.494973552253799e+00	2.314459126082646e-01	true	true	7.683428693569596e-01	2.121923166801429e-02	3.784338360807164e-03	1.866200182190422e-04	3.865265086075433e+00	2.469673130936333e-02	7.314605269633284e-03	1.536955699646588e-04	CMS:2012qwq	ATLAS:2020tlo	ATLAS:2022enb	ATLAS:2021upq	LHC8 [vbfH;HW;Htt;H;HZ]>[bb;tautau;WW;ZZ;gamgam]	LHC13 [vbfH>ZZ]	LHC13 [H]->X1->Z(X2->[bb])	LHC13 [Hpmtb>tb]	4.061328707527309e+00	true	all checks passed	1	5.526922214656012e+00	2.518726736114502e-01	6.600348465752309e+00	-2.741573386972385e+00	-2.572718620993140e+00	6.614520000000000e+03	1.392260000000000e+01	11428.320916875178	10141.685600679903	-681.46136606281243	35.539677622701674	-0.60181590640216021	-1.1074252418131789	0	-0.032175728936432307	0	0	0	success	non_bfb	success	no_coex_pair	14.109	nan	nan	nan	nan	nan	nan	nan	nan	nan	nan	nan	nan	nan	nan	nan	nan	nan	nan	nan	nan	nan	nan	nan	nan	nan	nan	nan	nan	nan	nan	nan	nan	nan	nan	nan	nan	nan	nan	nan	nan	nan	nan	nan	nan	nan	nan	nan	nan	nan	nan	nan	nan	nan	nan	nan	nan	nan	nan	nan	nan	nan	nan	nan	nan	nan	nan	nan	nan	nan	nan	nan	nan	nan	nan	not_set	nan	nan	nan	nan	nan	nan	nan	nan	nan	nan	nan	nan	nan	nan	nan	nan	nan	nan	nan	nan	nan	nan	nan	nan	nan	nan	nan	nan	nan	nan	nan	nan	nan	nan	nan	nan	nan	nan	nan	nan	nan	nan	nan	nan	nan	nan	nan	nan	nan	nan	nan	nan	nan	nan	nan	nan	nan	nan	nan	nan	nan	nan	nan	nan	nan	nan	nan	nan	nan	nan	nan	nan	nan	nan	nan	nan	nan	nan	nan	nan	nan	nan	nan	nan	nan	nan	nan	nan	nan	nan	nan	nan	nan	nan	nan	nan	nan	nan	nan	nan	nan	nan	nan	nan	nan	nan	nan	nan	nan	nan	nan	nan	nan	nan	nan	nan	nan	nan	nan	nan	nan	nan	nan	nan	nan	nan	nan	nan	nan	nan	nan	nan	nan	nan	nan	nan	nan	nan	nan	nan	nan	nan	nan	nan	nan	nan	nan	nan	needs_multistep_run	0.000000000000000e+00	random_20260830_180625.md
1.547860000000000e+02	3.935340000000000e+02	3.818530000000000e+02	1.444400000000000e+03	9.928290000000000e-01	1.552370000000000e+01	0.000000000000000e+00	-1.000000000000000e+30	tracing_success_coex_no_coex_pair	0	0	0	true	2.576888487674245e-01	true	2.071168342276020e+01	true	3.275153230000000e-04	3.113202700000000e-09	1.278646387241909e+00	1.348780276899999e+00	true	5.329516999782223e+00	8.034284010938666e+01	2.493428559426127e+00	2.315798226587463e-01	true	true	7.646069013008742e-01	1.047461485117285e-01	2.321030090056140e-02	0.000000000000000e+00	3.846470733364167e+00	7.431021057885677e-02	3.035894113799165e-02	0.000000000000000e+00	CMS:2012qwq	CMS:2018amk	ATLAS:2020gxx		LHC8 [vbfH;HW;Htt;H;HZ]>[bb;tautau;WW;ZZ;gamgam]	LHC13 [vbfH;H]>[ZZ]	LHC13 [ggH]->X1->Z(X2->[bb])		6.156038831741711e+00	true	all checks passed	1	6.040550587694523e+00	2.581492162174859e-01	4.565786109504799e+00	-1.887747718847406e+00	-2.187083284549038e+00	1.444400000000000e+03	1.552370000000000e+01	16530.122166962243	5328.9901474210483	59.86245172949392	-3.7321012227722927	-0.20713987273748746	-0.37237029496212398	0	0.01305833940632949	0	0	0	success	non_bfb	success	no_coex_pair	13.385	nan	nan	nan	nan	nan	nan	nan	nan	nan	nan	nan	nan	nan	nan	nan	nan	nan	nan	nan	nan	nan	nan	nan	nan	nan	nan	nan	nan	nan	nan	nan	nan	nan	nan	nan	nan	nan	nan	nan	nan	nan	nan	nan	nan	nan	nan	nan	nan	nan	nan	nan	nan	nan	nan	nan	nan	nan	nan	nan	nan	nan	nan	nan	nan	nan	nan	nan	nan	nan	nan	nan	nan	nan	nan	not_set	nan	nan	nan	nan	nan	nan	nan	nan	nan	nan	nan	nan	nan	nan	nan	nan	nan	nan	nan	nan	nan	nan	nan	nan	nan	nan	nan	nan	nan	nan	nan	nan	nan	nan	nan	nan	nan	nan	nan	nan	nan	nan	nan	nan	nan	nan	nan	nan	nan	nan	nan	nan	nan	nan	nan	nan	nan	nan	nan	nan	nan	nan	nan	nan	nan	nan	nan	nan	nan	nan	nan	nan	nan	nan	nan	nan	nan	nan	nan	nan	nan	nan	nan	nan	nan	nan	nan	nan	nan	nan	nan	nan	nan	nan	nan	nan	nan	nan	nan	nan	nan	nan	nan	nan	nan	nan	nan	nan	nan	nan	nan	nan	nan	nan	nan	nan	nan	nan	nan	nan	nan	nan	nan	nan	nan	nan	nan	nan	nan	nan	nan	nan	nan	nan	nan	nan	nan	nan	nan	nan	nan	nan	nan	nan	nan	nan	nan	nan	needs_multistep_run	0.000000000000000e+00	random_20260824_002709.md
9.738483763632181e+01	2.479657453005363e+02	2.634819175204880e+02	1.650833501370188e+02	1.866018421350032e-01	6.063348466678464e+00	0.000000000000000e+00	-1.000000000000000e+30	tracing_success_coex_no_coex_pair	0	0	0	true	2.519726563470622e-01	true	1.800215103041048e+01	true	3.293426610000000e-04	3.490420380000000e-09	1.070390516789257e+00	1.942695742383372e-02	true	6.938792052156360e+00	8.038468584979763e+01	2.495675859000763e+00	2.313401267977565e-01	true	true	4.748156309129700e-01	6.995260710600919e-01	4.748156309129700e-01	1.022570540336170e-03	4.502254111844478e-01	3.519071767440233e+00	4.502254111844478e-01	1.667970512274293e-03	CMS:2019ogx	CMS:2012qwq	CMS:2019ogx	CMS:2020imj	LHC13 [H]->X1->Z(X2->[bb])	LHC8 [vbfH;HW;Htt;H;HZ]>[bb;tautau;WW;ZZ;gamgam]	LHC13 [H]->X1->Z(X2->[bb])	LHC13 [Hpmtb>tb]	6.048142312475989e+00	true	all checks passed	1	5.747066588874802e+00	2.524228116791323e-01	2.481515574566320e+00	-1.261323394924901e+00	-9.990552338493893e-01	1.650833501370188e+02	6.063348466678464e+00	7243.1965603734079	529.0162249088736	416.75476899327015	-0.16506481359531702	-0.029196024871772631	0.045637529268419637	0	0.0076781249509361585	0	0	0	success	non_bfb	success	no_coex_pair	29.943999999999999	nan	nan	nan	nan	nan	nan	nan	nan	nan	nan	nan	nan	nan	nan	nan	nan	nan	nan	nan	nan	nan	nan	nan	nan	nan	nan	nan	nan	nan	nan	nan	nan	nan	nan	nan	nan	nan	nan	nan	nan	nan	nan	nan	nan	nan	nan	nan	nan	nan	nan	nan	nan	nan	nan	nan	nan	nan	nan	nan	nan	nan	nan	nan	nan	nan	nan	nan	nan	nan	nan	nan	nan	nan	nan	not_set	nan	nan	nan	nan	nan	nan	nan	nan	nan	nan	nan	nan	nan	nan	nan	nan	nan	nan	nan	nan	nan	nan	nan	nan	nan	nan	nan	nan	nan	nan	nan	nan	nan	nan	nan	nan	nan	nan	nan	nan	nan	nan	nan	nan	nan	nan	nan	nan	nan	nan	nan	nan	nan	nan	nan	nan	nan	nan	nan	nan	nan	nan	nan	nan	nan	nan	nan	nan	nan	nan	nan	nan	nan	nan	nan	nan	nan	nan	nan	nan	nan	nan	nan	nan	nan	nan	nan	nan	nan	nan	nan	nan	nan	nan	nan	nan	nan	nan	nan	nan	nan	nan	nan	nan	nan	nan	nan	nan	nan	nan	nan	nan	nan	nan	nan	nan	nan	nan	nan	nan	nan	nan	nan	nan	nan	nan	nan	nan	nan	nan	nan	nan	nan	nan	nan	nan	nan	nan	nan	nan	nan	nan	nan	nan	nan	nan	nan	nan	needs_multistep_run	0.000000000000000e+00	random_20260901_123251.md
9.839689097192790e+01	3.078837073239091e+02	2.953486119514224e+02	2.721160471534038e+02	1.393354013140009e-01	5.355687172694628e+00	0.000000000000000e+00	-1.000000000000000e+30	not_set	0	0	0	true	2.555483300737975e-01	true	1.459573742419866e+01	true	3.288382750000000e-04	3.496866670000000e-09	1.126025360043284e+00	2.611753575373260e-02	true	4.049538528569997e+00	8.034578263622855e+01	2.493518310883497e+00	2.315516210898090e-01	true	true	6.617469245373652e-01	7.170377871963525e-01	6.617469245373652e-01	1.408253700197718e-01	8.048097995760085e-01	3.607167105704256e+00	8.048097995760085e-01	9.152424157907156e-02	CMS:2019ogx	CMS:2012qwq	CMS:2019ogx	ATLAS:2021upq	LHC13 [H]->X1->Z(X2->[bb])	LHC8 [vbfH;HW;Htt;H;HZ]>[bb;tautau;WW;ZZ;gamgam]	LHC13 [H]->X1->Z(X2->[bb])	LHC13 [Hpmtb>tb]	4.089717712073195e+00	true	all checks passed	1	4.330323673018355e+00	2.560048734347005e-01	3.022411809219323e+00	-1.291576619454273e+00	-1.541479939365787e+00	2.721160471534038e+02	5.355687172694628e+00	8177.365415152176	1731.3475278417245	369.62511213193221	-0.35584011768995527	-0.060498386204549205	-0.021376069430954159	0	-0.0071910209577986106	0	0	0	success	non_bfb	success	success	1054.297	success	157.98737831715283	-5.6072448433845739e-09	16.066175054402244	10.65129811946095	4.4485923978545877e-09	-1.6694761686075928e-09	52.630934655442445	99.929509321379129	1.0101441490737822e-09	failure	nan	nan	nan	nan	nan	nan	nan	nan	nan	nan	nan	nan	nan	nan	nan	nan	nan	nan	nan	nan	nan	nan	nan	nan	nan	nan	nan	nan	nan	nan	nan	nan	nan	nan	nan	nan	nan	nan	nan	nan	not_set	nan	nan	nan	nan	nan	nan	nan	nan	nan	nan	nan	nan	nan	nan	nan	nan	nan	nan	nan	nan	nan	nan	0	nan	nan	nan	nan	nan	nan	nan	nan	nan	nan	nan	nan	nan	nan	nan	nan	nan	nan	nan	nan	nan	nan	nan	nan	nan	nan	nan	nan	nan	nan	nan	nan	nan	nan	nan	nan	nan	nan	nan	nan	nan	nan	nan	nan	nan	nan	nan	nan	nan	nan	nan	nan	nan	nan	nan	nan	nan	nan	nan	nan	nan	nan	nan	nan	nan	nan	nan	nan	nan	nan	nan	nan	nan	nan	nan	nan	nan	nan	nan	nan	nan	nan	nan	nan	nan	nan	nan	nan	nan	nan	nan	nan	nan	nan	nan	nan	nan	nan	nan	nan	nan	nan	nan	nan	nan	nan	nan	nan	nan	nan	nan	nan	nan	nan	nan	nan	nan	nan	nan	nan	nan	nan	nan	nan	nan	nan	nan	nan	nan	nan	nan	nan	nan	nan	nan	nan	nan	nan	nan	nan	nan	nan	nan	nan	nan	nan	nan	nan	needs_multistep_run	0.000000000000000e+00	random_20260901_123251.md
1.219443921061336e+02	2.355416342455808e+02	2.235571427012783e+02	1.050732503257208e+03	1.561942788281196e-01	1.174721855329011e+01	0.000000000000000e+00	-1.000000000000000e+30	tracing_success_coex_no_coex_pair	0	0	0	true	2.573987438985126e-01	true	1.802224976576581e+01	true	3.314975490000000e-04	3.462105140000000e-09	8.485755983584524e-01	1.742383048984583e-03	true	1.534672022619286e+00	8.035237157091630e+01	2.493970819936736e+00	2.315351897308444e-01	true	true	7.517549855801654e-01	7.295499625424081e-01	4.668288156894144e-01	4.115721383033942e-04	2.236706368229368e+00	3.670111497387670e+00	2.824465932997144e-01	2.586519930804237e-04	CMS:2013zmy	CMS:2012qwq	CMS:2019qcx	ATLAS:2021upq	LHC8 [ggH;vbfH;HW;HZ]>[WW]	LHC8 [vbfH;HW;Htt;H;HZ]>[bb;tautau;WW;ZZ;gamgam]	LHC13 [ggH]->X1->Z(X2->[bb])	LHC13 [Hpmtb>tb]	5.118417197055464e+00	true	all checks passed	1	5.904094044167584e+00	2.578585930691087e-01	1.480572410662848e+00	-5.294980016761119e-01	-7.113363720350006e-01	1.050732503257208e+03	1.174721855329011e+01	5684.483491358631	-264.94615102023459	79.299792802707344	-1.1679956871715618	-0.018018347682981713	0.066180256153247408	0	-0.0084270977322122229	0	0	0	success	non_bfb	success	no_coex_pair	29.375	nan	nan	nan	nan	nan	nan	nan	nan	nan	nan	nan	nan	nan	nan	nan	nan	nan	nan	nan	nan	nan	nan	nan	nan	nan	nan	nan	nan	nan	nan	nan	nan	nan	nan	nan	nan	nan	nan	nan	nan	nan	nan	nan	nan	nan	nan	nan	nan	nan	nan	nan	nan	nan	nan	nan	nan	nan	nan	nan	nan	nan	nan	nan	nan	nan	nan	nan	nan	nan	nan	nan	nan	nan	nan	not_set	nan	nan	nan	nan	nan	nan	nan	nan	nan	nan	nan	nan	nan	nan	nan	nan	nan	nan	nan	nan	nan	nan	nan	nan	nan	nan	nan	nan	nan	nan	nan	nan	nan	nan	nan	nan	nan	nan	nan	nan	nan	nan	nan	nan	nan	nan	nan	nan	nan	nan	nan	nan	nan	nan	nan	nan	nan	nan	nan	nan	nan	nan	nan	nan	nan	nan	nan	nan	nan	nan	nan	nan	nan	nan	nan	nan	nan	nan	nan	nan	nan	nan	nan	nan	nan	nan	nan	nan	nan	nan	nan	nan	nan	nan	nan	nan	nan	nan	nan	nan	nan	nan	nan	nan	nan	nan	nan	nan	nan	nan	nan	nan	nan	nan	nan	nan	nan	nan	nan	nan	nan	nan	nan	nan	nan	nan	nan	nan	nan	nan	nan	nan	nan	nan	nan	nan	nan	nan	nan	nan	nan	nan	nan	nan	nan	nan	nan	nan	needs_multistep_run	0.000000000000000e+00	random_20260901_123251.md
8.100953258633905e+01	4.539376563606971e+02	4.467034527264784e+02	4.252111447281222e+02	1.440191501403690e-01	1.006436866090847e+01	0.000000000000000e+00	-1.000000000000000e+30	tracing_not_set_coex_not_set	0	0	0	true	2.507970541884052e-01	true	2.006613195688801e+01	true	3.317511370000000e-04	3.458515680000000e-09	8.241641961018532e-01	8.622687974126200e-04	true	3.465936853668920e+00	8.034724232077816e+01	2.493702538329843e+00	2.315272519422956e-01	true	true	3.623562264386162e-01	7.310107928499583e-01	2.996880054859490e-01	3.854975312554164e-04	3.017796324461693e-01	3.677460425333315e+00	2.635796371451515e-01	2.818067711100053e-04	LEPWorkingGroupforHiggsbosonsearches:2003ing	CMS:2012qwq	CMS:2019ogx	ATLAS:2021upq	LEP [eeHZ>bb]	LHC8 [vbfH;HW;Htt;H;HZ]>[bb;tautau;WW;ZZ;gamgam]	LHC13 [H]->X1->Z(X2->[bb])	LHC13 [Hpmtb>tb]	4.619320714413590e+00	true	all checks passed	1	4.749976607546820e+00	2.512451092783786e-01	6.879554970449438e+00	-3.118296361486687e+00	-3.333625239287111e+00	4.252111447281222e+02	1.006436866090847e+01	28820.154580848059	13110.514889921613	654.25680228436158	-11.0144194478745	-0.57425400002858096	-0.74744863525007665	0	0.010788431621881747	0	0	0	no_nlo_stability	not_set	not_set	not_set	1.129	nan	nan	nan	nan	nan	nan	nan	nan	nan	nan	nan	nan	nan	nan	nan	nan	nan	nan	nan	nan	nan	nan	nan	nan	nan	nan	nan	nan	nan	nan	nan	nan	nan	nan	nan	nan	nan	nan	nan	nan	nan	nan	nan	nan	nan	nan	nan	nan	nan	nan	nan	nan	nan	nan	nan	nan	nan	nan	nan	nan	nan	nan	nan	nan	nan	nan	nan	nan	nan	nan	nan	nan	nan	nan	not_set	nan	nan	nan	nan	nan	nan	nan	nan	nan	nan	nan	nan	nan	nan	nan	nan	nan	nan	nan	nan	nan	nan	nan	nan	nan	nan	nan	nan	nan	nan	nan	nan	nan	nan	nan	nan	nan	nan	nan	nan	nan	nan	nan	nan	nan	nan	nan	nan	nan	nan	nan	nan	nan	nan	nan	nan	nan	nan	nan	nan	nan	nan	nan	nan	nan	nan	nan	nan	nan	nan	nan	nan	nan	nan	nan	nan	nan	nan	nan	nan	nan	nan	nan	nan	nan	nan	nan	nan	nan	nan	nan	nan	nan	nan	nan	nan	nan	nan	nan	nan	nan	nan	nan	nan	nan	nan	nan	nan	nan	nan	nan	nan	nan	nan	nan	nan	nan	nan	nan	nan	nan	nan	nan	nan	nan	nan	nan	nan	nan	nan	nan	nan	nan	nan	nan	nan	nan	nan	nan	nan	nan	nan	nan	nan	nan	nan	nan	nan	needs_multistep_run	0.000000000000000e+00	random_20260901_123251.md
9.827890946195689e+01	3.651452201059529e+02	3.670609545846601e+02	6.823535872061959e+02	1.797544722403577e-01	1.295747724012238e+01	0.000000000000000e+00	-1.000000000000000e+30	tracing_not_set_coex_not_set	0	0	0	true	2.519638131891861e-01	true	1.392906410748815e+01	true	3.319326130000000e-04	3.456217470000000e-09	8.069132936503324e-01	4.596543781320019e-04	true	7.866299574379418e-01	8.036865426676211e+01	2.494836553174693e+00	2.314247017957222e-01	true	true	3.731644429805504e-01	7.228254953820646e-01	3.731644429805504e-01	0.000000000000000e+00	3.312073044432417e-01	3.636283047650003e+00	3.312073044432417e-01	0.000000000000000e+00	CMS:2019ogx	CMS:2012qwq	CMS:2019ogx		LHC13 [H]->X1->Z(X2->[bb])	LHC8 [vbfH;HW;Htt;H;HZ]>[bb;tautau;WW;ZZ;gamgam]	LHC13 [H]->X1->Z(X2->[bb])		5.626947803513758e+00	true	all checks passed	1	3.362685434906592e+00	2.524139527227378e-01	4.622621519438201e+00	-2.102621041186362e+00	-2.056262636322290e+00	6.823535872061959e+02	1.295747724012238e+01	13180.82680499352	5042.0043376562435	242.85339976663835	-8.7854761099660159	-0.18122526118917198	-0.17679746332979024	0	-0.0010638690463315073	0	0	0	no_nlo_stability	not_set	not_set	not_set	1.167	nan	nan	nan	nan	nan	nan	nan	nan	nan	nan	nan	nan	nan	nan	nan	nan	nan	nan	nan	nan	nan	nan	nan	nan	nan	nan	nan	nan	nan	nan	nan	nan	nan	nan	nan	nan	nan	nan	nan	nan	nan	nan	nan	nan	nan	nan	nan	nan	nan	nan	nan	nan	nan	nan	nan	nan	nan	nan	nan	nan	nan	nan	nan	nan	nan	nan	nan	nan	nan	nan	nan	nan	nan	nan	not_set	nan	nan	nan	nan	nan	nan	nan	nan	nan	nan	nan	nan	nan	nan	nan	nan	nan	nan	nan	nan	nan	nan	nan	nan	nan	nan	nan	nan	nan	nan	nan	nan	nan	nan	nan	nan	nan	nan	nan	nan	nan	nan	nan	nan	nan	nan	nan	nan	nan	nan	nan	nan	nan	nan	nan	nan	nan	nan	nan	nan	nan	nan	nan	nan	nan	nan	nan	nan	nan	nan	nan	nan	nan	nan	nan	nan	nan	nan	nan	nan	nan	nan	nan	nan	nan	nan	nan	nan	nan	nan	nan	nan	nan	nan	nan	nan	nan	nan	nan	nan	nan	nan	nan	nan	nan	nan	nan	nan	nan	nan	nan	nan	nan	nan	nan	nan	nan	nan	nan	nan	nan	nan	nan	nan	nan	nan	nan	nan	nan	nan	nan	nan	nan	nan	nan	nan	nan	nan	nan	nan	nan	nan	nan	nan	nan	nan	nan	nan	needs_multistep_run	0.000000000000000e+00	random_20260901_123251.md
7.601404003880572e+01	4.904390839640148e+02	4.970946778093735e+02	1.237661423528652e+03	1.429353650125871e-01	4.340440768295029e+00	0.000000000000000e+00	-1.000000000000000e+30	tracing_not_set_coex_not_set	0	0	0	true	2.441115727066732e-01	true	1.373247923897177e+01	true	3.291527440000000e-04	3.491856940000000e-09	1.091173326120602e+00	2.083238318862795e-02	true	7.049066760656217e+00	8.038507043634959e+01	2.495842172251376e+00	2.313201374428029e-01	true	true	9.896502855232333e-01	7.075076789005171e-01	9.896502855232333e-01	3.147092938770382e-03	1.020413997808868e+00	3.559224453625973e+00	1.020413997808868e+00	2.961341250777394e-03	CMS:2019ogx	CMS:2012qwq	CMS:2019ogx	ATLAS:2018gfm	LHC13 [H]->X1->Z(X2->[bb])	LHC8 [vbfH;HW;Htt;H;HZ]>[bb;tautau;WW;ZZ;gamgam]	LHC13 [H]->X1->Z(X2->[bb])	LHC13 [Hpmtb>taunu]	2.572677417368368e+00	true	all checks passed	1	5.549916413987305e-01	2.445476840199682e-01	8.323731935973250e+00	-4.098397113977247e+00	-3.881177746307776e+00	1.237661423528652e+03	4.340440768295029e+00	31581.123652793471	19254.063797325009	2617.1989938616398	-4.5791379773708787	-0.93730480991389531	-0.70913533809816354	0	-0.011527462406459627	0	2.7939677238464355e-09	0	no_nlo_stability	not_set	not_set	not_set	0.79000000000000004	nan	nan	nan	nan	nan	nan	nan	nan	nan	nan	nan	nan	nan	nan	nan	nan	nan	nan	nan	nan	nan	nan	nan	nan	nan	nan	nan	nan	nan	nan	nan	nan	nan	nan	nan	nan	nan	nan	nan	nan	nan	nan	nan	nan	nan	nan	nan	nan	nan	nan	nan	nan	nan	nan	nan	nan	nan	nan	nan	nan	nan	nan	nan	nan	nan	nan	nan	nan	nan	nan	nan	nan	nan	nan	not_set	nan	nan	nan	nan	nan	nan	nan	nan	nan	nan	nan	nan	nan	nan	nan	nan	nan	nan	nan	nan	nan	nan	nan	nan	nan	nan	nan	nan	nan	nan	nan	nan	nan	nan	nan	nan	nan	nan	nan	nan	nan	nan	nan	nan	nan	nan	nan	nan	nan	nan	nan	nan	nan	nan	nan	nan	nan	nan	nan	nan	nan	nan	nan	nan	nan	nan	nan	nan	nan	nan	nan	nan	nan	nan	nan	nan	nan	nan	nan	nan	nan	nan	nan	nan	nan	nan	nan	nan	nan	nan	nan	nan	nan	nan	nan	nan	nan	nan	nan	nan	nan	nan	nan	nan	nan	nan	nan	nan	nan	nan	nan	nan	nan	nan	nan	nan	nan	nan	nan	nan	nan	nan	nan	nan	nan	nan	nan	nan	nan	nan	nan	nan	nan	nan	nan	nan	nan	nan	nan	nan	nan	nan	nan	nan	nan	nan	nan	nan	needs_multistep_run	0.000000000000000e+00	random_20260901_123251.md
9.900980739254013e+01	2.496701943465498e+02	2.653104634514652e+02	1.487018790276883e+03	8.079598531607264e-02	6.718720572716714e+00	0.000000000000000e+00	-1.000000000000000e+30	tracing_not_set_coex_not_set	0	0	0	true	8.460426877079834e-02	true	3.991393631016753e+00	true	3.299301330000000e-04	3.482645670000000e-09	1.007367942929890e+00	1.267229214921422e-02	true	6.848631578969752e+00	8.038452995857551e+01	2.495681973252667e+00	2.313428808528424e-01	true	true	3.708741779660117e-01	7.447185604999761e-01	3.708741779660117e-01	4.426689662869325e-01	3.710021088172459e-01	3.746419425043940e+00	3.710021088172459e-01	5.314719705321116e-01	CMS:2019ogx	CMS:2012qwq	CMS:2019ogx	ATLAS:2018gfm	LHC13 [H]->X1->Z(X2->[bb])	LHC8 [vbfH;HW;Htt;H;HZ]>[bb;tautau;WW;ZZ;gamgam]	LHC13 [H]->X1->Z(X2->[bb])	LHC13 [Hpmtb>taunu]	3.597558109797205e+00	true	all checks passed	1	8.475541637250589e-02	2.551259359198689e-01	2.303415673106591e+00	-1.127501646739203e+00	-8.613096951301301e-01	1.487018790276883e+03	6.718720572716714e+00	2687.1821108051327	393.70353858014585	197.22595391925952	-1.1011400505364284	-0.027786518743670871	0.013523067415362472	0	0.010099657251066358	0	0	0	no_nlo_stability	not_set	not_set	not_set	1.0369999999999999	nan	nan	nan	nan	nan	nan	nan	nan	nan	nan	nan	nan	nan	nan	nan	nan	nan	nan	nan	nan	nan	nan	nan	nan	nan	nan	nan	nan	nan	nan	nan	nan	nan	nan	nan	nan	nan	nan	nan	nan	nan	nan	nan	nan	nan	nan	nan	nan	nan	nan	nan	nan	nan	nan	nan	nan	nan	nan	nan	nan	nan	nan	nan	nan	nan	nan	nan	nan	nan	nan	nan	nan	nan	nan	not_set	nan	nan	nan	nan	nan	nan	nan	nan	nan	nan	nan	nan	nan	nan	nan	nan	nan	nan	nan	nan	nan	nan	nan	nan	nan	nan	nan	nan	nan	nan	nan	nan	nan	nan	nan	nan	nan	nan	nan	nan	nan	nan	nan	nan	nan	nan	nan	nan	nan	nan	nan	nan	nan	nan	nan	nan	nan	nan	nan	nan	nan	nan	nan	nan	nan	nan	nan	nan	nan	nan	nan	nan	nan	nan	nan	nan	nan	nan	nan	nan	nan	nan	nan	nan	nan	nan	nan	nan	nan	nan	nan	nan	nan	nan	nan	nan	nan	nan	nan	nan	nan	nan	nan	nan	nan	nan	nan	nan	nan	nan	nan	nan	nan	nan	nan	nan	nan	nan	nan	nan	nan	nan	nan	nan	nan	nan	nan	nan	nan	nan	nan	nan	nan	nan	nan	nan	nan	nan	nan	nan	nan	nan	nan	nan	nan	nan	nan	nan	needs_multistep_run	0.000000000000000e+00	random_20260831_095833.md
1.198731726383214e+02	2.058765762236954e+02	1.196337389415401e+02	1.254586549409876e+03	9.239054012970323e-02	8.175944820955678e+00	0.000000000000000e+00	-1.000000000000000e+30	not_set	0	0	0	true	2.580724458820470e-01	true	1.408272508145236e+01	true	3.295981450000000e-04	3.488108350000000e-09	1.042747859947443e+00	1.726808965187303e-02	true	1.196643503284734e+00	8.035426515114953e+01	2.494215707924451e+00	2.315772351868249e-01	true	true	7.711993356315544e-01	7.441431374026163e-01	4.562556429142282e-02	0.000000000000000e+00	1.259846803981880e+00	3.743524672067568e+00	6.324428433064502e-02	0.000000000000000e+00	ATLAS:2014vuz	CMS:2012qwq	CMS:2019qcx		LHC8 [HW;HZ]>[bb]	LHC8 [vbfH;HW;Htt;H;HZ]>[bb;tautau;WW;ZZ;gamgam]	LHC13 [ggH]->X1->Z(X2->[bb])		6.135046385121711e+00	true	all checks passed	1	4.673848486791720e+00	2.585334986377643e-01	3.367326469614274e-01	3.994246242690612e-01	-5.283608587257995e-01	1.254586549409876e+03	8.175944820955678e+00	559.3185370851138	-867.57098336841455	-188.54326692922373	2.7596782221072198	-0.018548451913538329	0.069783840257192156	0	-0.054571167515230418	0	0	0	success	non_bfb	success	success	86.484999999999999	success	166.51004070849703	-4.6006749440507821e-10	2.6319313857719426e-07	1.2573162075461472e-07	2.5013882919394075e-09	2.2283614969854226e-09	3.6485827496232641	5.5826300069171362	5.2765209428470551e-09	failure	nan	nan	nan	nan	nan	nan	nan	nan	nan	nan	nan	nan	nan	nan	nan	nan	nan	nan	nan	nan	nan	nan	nan	nan	nan	nan	nan	nan	nan	nan	nan	nan	nan	nan	nan	nan	nan	nan	nan	nan	not_set	nan	nan	nan	nan	nan	nan	nan	nan	nan	nan	nan	nan	nan	nan	nan	nan	nan	nan	nan	nan	nan	nan	0	nan	nan	nan	nan	nan	nan	nan	nan	nan	nan	nan	nan	nan	nan	nan	nan	nan	nan	nan	nan	nan	nan	nan	nan	nan	nan	nan	nan	nan	nan	nan	nan	nan	nan	nan	nan	nan	nan	nan	nan	nan	nan	nan	nan	nan	nan	nan	nan	nan	nan	nan	nan	nan	nan	nan	nan	nan	nan	nan	nan	nan	nan	nan	nan	nan	nan	nan	nan	nan	nan	nan	nan	nan	nan	nan	nan	nan	nan	nan	nan	nan	nan	nan	nan	nan	nan	nan	nan	nan	nan	nan	nan	nan	nan	nan	nan	nan	nan	nan	nan	nan	nan	nan	nan	nan	nan	nan	nan	nan	nan	nan	nan	nan	nan	nan	nan	nan	nan	nan	nan	nan	nan	nan	nan	nan	nan	nan	nan	nan	nan	nan	nan	nan	nan	nan	nan	nan	nan	nan	nan	nan	nan	nan	nan	nan	nan	nan	nan	needs_multistep_run	0.000000000000000e+00	random_20260901_123251.md
9.622000000000000e+01	2.417420000000000e+02	2.421240000000000e+02	5.672680000000000e+02	1.316340000000000e-01	6.349650000000000e+00	0.000000000000000e+00	-1.000000000000000e+30	tracing_success_coex_no_coex_pair	0	0	0	true	2.539223214161487e-01	true	1.343008248137716e+01	true	3.294168360000000e-04	3.489589220000000e-09	1.062327734767029e+00	1.863622283244244e-02	true	2.785308058089808e-01	8.036451952057395e+01	2.494574865609224e+00	2.314513997251725e-01	true	true	4.588435673725231e-01	7.253485126556648e-01	4.588435673725231e-01	2.695568230778973e-03	4.125064012209607e-01	3.648975467880796e+00	4.125064012209607e-01	4.345510368902329e-03	CMS:2019ogx	CMS:2012qwq	CMS:2019ogx	CMS:2020imj	LHC13 [H]->X1->Z(X2->[bb])	LHC8 [vbfH;HW;Htt;H;HZ]>[bb;tautau;WW;ZZ;gamgam]	LHC13 [H]->X1->Z(X2->[bb])	LHC13 [Hpmtb>tb]	4.754152729586025e+00	true	all checks passed	1	4.213156544046794e+00	2.543759598726950e-01	2.063044266754869e+00	-9.107934507291529e-01	-9.046847584163761e-01	5.672680000000000e+02	6.349650000000000e+00	4957.0575230878612	104.08220590082038	261.17728455760431	-0.37718608587366198	-0.021566806231246956	0.057197569058017171	0	-0.00089844379970120377	0	0	0	success	non_bfb	success	no_coex_pair	46.299999999999997	nan	nan	nan	nan	nan	nan	nan	nan	nan	nan	nan	nan	nan	nan	nan	nan	nan	nan	nan	nan	nan	nan	nan	nan	nan	nan	nan	nan	nan	nan	nan	nan	nan	nan	nan	nan	nan	nan	nan	nan	nan	nan	nan	nan	nan	nan	nan	nan	nan	nan	nan	nan	nan	nan	nan	nan	nan	nan	nan	nan	nan	nan	nan	nan	nan	nan	nan	nan	nan	nan	nan	nan	nan	nan	not_set	nan	nan	nan	nan	nan	nan	nan	nan	nan	nan	nan	nan	nan	nan	nan	nan	nan	nan	nan	nan	nan	nan	nan	nan	nan	nan	nan	nan	nan	nan	nan	nan	nan	nan	nan	nan	nan	nan	nan	nan	nan	nan	nan	nan	nan	nan	nan	nan	nan	nan	nan	nan	nan	nan	nan	nan	nan	nan	nan	nan	nan	nan	nan	nan	nan	nan	nan	nan	nan	nan	nan	nan	nan	nan	nan	nan	nan	nan	nan	nan	nan	nan	nan	nan	nan	nan	nan	nan	nan	nan	nan	nan	nan	nan	nan	nan	nan	nan	nan	nan	nan	nan	nan	nan	nan	nan	nan	nan	nan	nan	nan	nan	nan	nan	nan	nan	nan	nan	nan	nan	nan	nan	nan	nan	nan	nan	nan	nan	nan	nan	nan	nan	nan	nan	nan	nan	nan	nan	nan	nan	nan	nan	nan	nan	nan	nan	nan	nan	needs_multistep_run	0.000000000000000e+00	random_20260901_123243.md
1.053650000000000e+02	4.198630000000000e+02	4.183740000000000e+02	7.078770000000000e+02	8.552129999999999e-02	1.197510000000000e+01	0.000000000000000e+00	-1.000000000000000e+30	tracing_success_coex_no_coex_pair	0	0	0	true	2.564271921569909e-01	true	2.316052795556996e+01	true	3.319186360000000e-04	3.456361670000000e-09	8.082354462617632e-01	4.812228916635212e-04	true	2.649637608788548e-01	8.036117546337346e+01	2.494413135193831e+00	2.314682812520907e-01	true	true	5.961574863541989e-01	7.504790562256403e-01	1.801437631748733e-01	0.000000000000000e+00	5.064969570900197e-01	3.775398470591056e+00	2.838870847877593e-01	0.000000000000000e+00	CMS:2015mca	CMS:2012qwq	ATLAS-CONF-2023-034-Fig5-bot		2d likelihood {LHC8 [ggH>tautau]; LHC8 [bbH>tautau]}	LHC8 [vbfH;HW;Htt;H;HZ]>[bb;tautau;WW;ZZ;gamgam]	LHC13 [ggH]->X1->Z(X2->[bb])		4.487982941428754e+00	true	all checks passed	1	6.568615888847430e+00	2.568853056265661e-01	5.793142939084503e+00	-2.730726728667673e+00	-2.771976477263085e+00	7.078770000000000e+02	1.197510000000000e+01	24012.677909434879	8758.3585981654305	262.64860352585629	-6.7410195836376641	-0.36237853692641553	-0.62198277399510915	0	0.0011246552273685123	0	0	0	success	non_bfb	success	no_coex_pair	53.712000000000003	nan	nan	nan	nan	nan	nan	nan	nan	nan	nan	nan	nan	nan	nan	nan	nan	nan	nan	nan	nan	nan	nan	nan	nan	nan	nan	nan	nan	nan	nan	nan	nan	nan	nan	nan	nan	nan	nan	nan	nan	nan	nan	nan	nan	nan	nan	nan	nan	nan	nan	nan	nan	nan	nan	nan	nan	nan	nan	nan	nan	nan	nan	nan	nan	nan	nan	nan	nan	nan	nan	nan	nan	nan	nan	not_set	nan	nan	nan	nan	nan	nan	nan	nan	nan	nan	nan	nan	nan	nan	nan	nan	nan	nan	nan	nan	nan	nan	nan	nan	nan	nan	nan	nan	nan	nan	nan	nan	nan	nan	nan	nan	nan	nan	nan	nan	nan	nan	nan	nan	nan	nan	nan	nan	nan	nan	nan	nan	nan	nan	nan	nan	nan	nan	nan	nan	nan	nan	nan	nan	nan	nan	nan	nan	nan	nan	nan	nan	nan	nan	nan	nan	nan	nan	nan	nan	nan	nan	nan	nan	nan	nan	nan	nan	nan	nan	nan	nan	nan	nan	nan	nan	nan	nan	nan	nan	nan	nan	nan	nan	nan	nan	nan	nan	nan	nan	nan	nan	nan	nan	nan	nan	nan	nan	nan	nan	nan	nan	nan	nan	nan	nan	nan	nan	nan	nan	nan	nan	nan	nan	nan	nan	nan	nan	nan	nan	nan	nan	nan	nan	nan	nan	nan	nan	needs_multistep_run	0.000000000000000e+00	random_20260901_123243.md
9.156992155392352e+01	4.429928491466407e+02	4.401377619317274e+02	8.661090535531224e+02	1.909597329890037e-01	9.371439938145897e+00	0.000000000000000e+00	-1.000000000000000e+30	tracing_not_set_coex_not_set	0	0	0	true	2.486861308893774e-01	true	1.259161916419129e+01	true	3.316337040000000e-04	3.460017570000000e-09	8.354244785584936e-01	1.193242671877542e-03	true	4.810823080730355e-01	8.035846107812158e+01	2.494271078743632e+00	2.314737407217971e-01	true	true	3.871467433925048e-01	7.114097386374502e-01	3.871467433925048e-01	9.790427119382328e-04	3.191854247214702e-01	3.578854355674222e+00	3.191854247214702e-01	7.086464203455700e-04	CMS:2019ogx	CMS:2012qwq	CMS:2019ogx	ATLAS:2021upq	LHC13 [H]->X1->Z(X2->[bb])	LHC8 [vbfH;HW;Htt;H;HZ]>[bb;tautau;WW;ZZ;gamgam]	LHC13 [H]->X1->Z(X2->[bb])	LHC13 [Hpmtb>tb]	5.198994349551242e+00	true	all checks passed	1	1.312629447946709e+00	2.491304147630910e-01	6.585340461990457e+00	-3.023840397992663e+00	-3.107170919401494e+00	8.661090535531224e+02	9.371439938145897e+00	20541.168593539867	11668.138382844099	665.47725196402519	-9.4892817579298221	-0.50668955694120732	-0.42840941987147296	0	0.0012766726335111599	0	0	0	no_nlo_stability	not_set	not_set	not_set	1.1299999999999999	nan	nan	nan	nan	nan	nan	nan	nan	nan	nan	nan	nan	nan	nan	nan	nan	nan	nan	nan	nan	nan	nan	nan	nan	nan	nan	nan	nan	nan	nan	nan	nan	nan	nan	nan	nan	nan	nan	nan	nan	nan	nan	nan	nan	nan	nan	nan	nan	nan	nan	nan	nan	nan	nan	nan	nan	nan	nan	nan	nan	nan	nan	nan	nan	nan	nan	nan	nan	nan	nan	nan	nan	nan	nan	not_set	nan	nan	nan	nan	nan	nan	nan	nan	nan	nan	nan	nan	nan	nan	nan	nan	nan	nan	nan	nan	nan	nan	nan	nan	nan	nan	nan	nan	nan	nan	nan	nan	nan	nan	nan	nan	nan	nan	nan	nan	nan	nan	nan	nan	nan	nan	nan	nan	nan	nan	nan	nan	nan	nan	nan	nan	nan	nan	nan	nan	nan	nan	nan	nan	nan	nan	nan	nan	nan	nan	nan	nan	nan	nan	nan	nan	nan	nan	nan	nan	nan	nan	nan	nan	nan	nan	nan	nan	nan	nan	nan	nan	nan	nan	nan	nan	nan	nan	nan	nan	nan	nan	nan	nan	nan	nan	nan	nan	nan	nan	nan	nan	nan	nan	nan	nan	nan	nan	nan	nan	nan	nan	nan	nan	nan	nan	nan	nan	nan	nan	nan	nan	nan	nan	nan	nan	nan	nan	nan	nan	nan	nan	nan	nan	nan	nan	nan	nan	needs_multistep_run	0.000000000000000e+00	random_20260901_123251.md
1.036333280339753e+02	2.300021990502584e+02	2.466929280954760e+02	5.691576922795962e+02	1.659363806886218e-01	8.378780849266009e+00	0.000000000000000e+00	-1.000000000000000e+30	tracing_success_coex_no_coex_pair	0	0	0	true	2.537880902426258e-01	true	2.285936445165634e+01	true	3.307263020000000e-04	3.472222020000000e-09	9.250084171612347e-01	5.871797537222495e-03	true	6.018253129421659e+00	8.038303409796647e+01	2.495600038026526e+00	2.313538310993386e-01	true	true	2.180025358801082e-01	7.188574775223672e-01	2.180025358801082e-01	1.234203566643814e-04	2.528426786670441e-01	3.616321333283019e+00	2.528426786670441e-01	2.159262091933364e-04	CMS:2019ogx	CMS:2012qwq	CMS:2019ogx	CMS:2020imj	LHC13 [H]->X1->Z(X2->[bb])	LHC8 [vbfH;HW;Htt;H;HZ]>[bb;tautau;WW;ZZ;gamgam]	LHC13 [H]->X1->Z(X2->[bb])	LHC13 [Hpmtb>tb]	5.882091459363949e+00	true	all checks passed	1	7.481489833149626e+00	2.542414888918874e-01	2.116739162680890e+00	-1.057191716949347e+00	-7.942401271428507e-01	5.691576922795962e+02	8.378780849266009e+00	7821.0044787750658	94.313098840637451	313.38366893365168	-0.6909197784987503	-0.020925881711859159	0.079924618262121341	0	0.0088933303780404337	0	0	0	success	non_bfb	success	no_coex_pair	28.902999999999999	nan	nan	nan	nan	nan	nan	nan	nan	nan	nan	nan	nan	nan	nan	nan	nan	nan	nan	nan	nan	nan	nan	nan	nan	nan	nan	nan	nan	nan	nan	nan	nan	nan	nan	nan	nan	nan	nan	nan	nan	nan	nan	nan	nan	nan	nan	nan	nan	nan	nan	nan	nan	nan	nan	nan	nan	nan	nan	nan	nan	nan	nan	nan	nan	nan	nan	nan	nan	nan	nan	nan	nan	nan	nan	not_set	nan	nan	nan	nan	nan	nan	nan	nan	nan	nan	nan	nan	nan	nan	nan	nan	nan	nan	nan	nan	nan	nan	nan	nan	nan	nan	nan	nan	nan	nan	nan	nan	nan	nan	nan	nan	nan	nan	nan	nan	nan	nan	nan	nan	nan	nan	nan	nan	nan	nan	nan	nan	nan	nan	nan	nan	nan	nan	nan	nan	nan	nan	nan	nan	nan	nan	nan	nan	nan	nan	nan	nan	nan	nan	nan	nan	nan	nan	nan	nan	nan	nan	nan	nan	nan	nan	nan	nan	nan	nan	nan	nan	nan	nan	nan	nan	nan	nan	nan	nan	nan	nan	nan	nan	nan	nan	nan	nan	nan	nan	nan	nan	nan	nan	nan	nan	nan	nan	nan	nan	nan	nan	nan	nan	nan	nan	nan	nan	nan	nan	nan	nan	nan	nan	nan	nan	nan	nan	nan	nan	nan	nan	nan	nan	nan	nan	nan	nan	needs_multistep_run	0.000000000000000e+00	random_20260901_123251.md
7.048930000000000e+01	3.058630000000000e+02	2.986260000000000e+02	6.004390000000000e+02	1.438370000000000e-01	6.905140000000000e+00	0.000000000000000e+00	-1.000000000000000e+30	tracing_not_set_coex_not_set	0	0	0	true	2.471830344852929e-01	true	7.751627215227979e+00	true	3.257012280000000e-04	3.135262530000000e-09	1.503691902238189e+00	1.177879607871591e+00	true	1.374755603300257e+00	8.035363681243506e+01	2.494155129053138e+00	2.314867373581182e-01	true	true	5.969748007957526e-01	7.226791852009425e-01	5.969748007957526e-01	2.813886930003046e-03	5.777400261901127e-01	3.635547012141140e+00	5.777400261901127e-01	1.771265800485412e-03	CMS:2019ogx	CMS:2012qwq	CMS:2019ogx	ATLAS:2021upq	LHC13 [H]->X1->Z(X2->[bb])	LHC8 [vbfH;HW;Htt;H;HZ]>[bb;tautau;WW;ZZ;gamgam]	LHC13 [H]->X1->Z(X2->[bb])	LHC13 [Hpmtb>tb]	4.439336346990785e+00	true	all checks passed	1	1.354054101608014e+00	2.476246330404059e-01	3.215537287756997e+00	-1.331378978403423e+00	-1.475958491028184e+00	6.004390000000000e+02	6.905140000000000e+00	6067.6503965792208	1873.4030455540469	332.25413694413055	-1.8759145246559932	-0.062778681130942343	0.0096282371171334865	0	-0.0079729736029823823	0	0	0	no_nlo_stability	not_set	not_set	not_set	0.54200000000000004	nan	nan	nan	nan	nan	nan	nan	nan	nan	nan	nan	nan	nan	nan	nan	nan	nan	nan	nan	nan	nan	nan	nan	nan	nan	nan	nan	nan	nan	nan	nan	nan	nan	nan	nan	nan	nan	nan	nan	nan	nan	nan	nan	nan	nan	nan	nan	nan	nan	nan	nan	nan	nan	nan	nan	nan	nan	nan	nan	nan	nan	nan	nan	nan	nan	nan	nan	nan	nan	nan	nan	nan	nan	nan	not_set	nan	nan	nan	nan	nan	nan	nan	nan	nan	nan	nan	nan	nan	nan	nan	nan	nan	nan	nan	nan	nan	nan	nan	nan	nan	nan	nan	nan	nan	nan	nan	nan	nan	nan	nan	nan	nan	nan	nan	nan	nan	nan	nan	nan	nan	nan	nan	nan	nan	nan	nan	nan	nan	nan	nan	nan	nan	nan	nan	nan	nan	nan	nan	nan	nan	nan	nan	nan	nan	nan	nan	nan	nan	nan	nan	nan	nan	nan	nan	nan	nan	nan	nan	nan	nan	nan	nan	nan	nan	nan	nan	nan	nan	nan	nan	nan	nan	nan	nan	nan	nan	nan	nan	nan	nan	nan	nan	nan	nan	nan	nan	nan	nan	nan	nan	nan	nan	nan	nan	nan	nan	nan	nan	nan	nan	nan	nan	nan	nan	nan	nan	nan	nan	nan	nan	nan	nan	nan	nan	nan	nan	nan	nan	nan	nan	nan	nan	nan	needs_multistep_run	0.000000000000000e+00	random_20260815_194920.md
6.468740000000000e+01	3.035930000000000e+02	2.871930000000000e+02	5.638560000000000e+02	1.328490000000000e-01	7.133680000000000e+00	0.000000000000000e+00	-1.000000000000000e+30	tracing_not_set_coex_not_set	0	0	0	true	2.475311191881937e-01	true	6.611211526714178e+00	true	3.257672190000000e-04	3.134522700000000e-09	1.495185908570530e+00	1.183423624438643e+00	true	7.686207011547165e+00	8.033936341755154e+01	2.493457265851802e+00	2.315587605108983e-01	true	true	6.038397973290460e-01	7.277293558743900e-01	6.038397973290460e-01	2.311595268510172e-03	5.764587380408424e-01	3.660952660011778e+00	5.764587380408424e-01	1.611174612115864e-03	CMS:2019ogx	CMS:2012qwq	CMS:2019ogx	ATLAS:2021upq	LHC13 [H]->X1->Z(X2->[bb])	LHC8 [vbfH;HW;Htt;H;HZ]>[bb;tautau;WW;ZZ;gamgam]	LHC13 [H]->X1->Z(X2->[bb])	LHC13 [Hpmtb>tb]	4.517331620774769e+00	true	all checks passed	1	8.496414673588780e-01	2.479733396051678e-01	3.014573028230408e+00	-1.135063771342109e+00	-1.455272985434250e+00	5.638560000000000e+02	7.133680000000000e+00	4849.4820281107905	1577.0803103867686	247.44351195826977	-1.5705514252280537	-0.053963561875002265	0.022134043216219253	0	-0.01821304903373799	0	0	0	no_nlo_stability	not_set	not_set	not_set	0.57899999999999996	nan	nan	nan	nan	nan	nan	nan	nan	nan	nan	nan	nan	nan	nan	nan	nan	nan	nan	nan	nan	nan	nan	nan	nan	nan	nan	nan	nan	nan	nan	nan	nan	nan	nan	nan	nan	nan	nan	nan	nan	nan	nan	nan	nan	nan	nan	nan	nan	nan	nan	nan	nan	nan	nan	nan	nan	nan	nan	nan	nan	nan	nan	nan	nan	nan	nan	nan	nan	nan	nan	nan	nan	nan	nan	not_set	nan	nan	nan	nan	nan	nan	nan	nan	nan	nan	nan	nan	nan	nan	nan	nan	nan	nan	nan	nan	nan	nan	nan	nan	nan	nan	nan	nan	nan	nan	nan	nan	nan	nan	nan	nan	nan	nan	nan	nan	nan	nan	nan	nan	nan	nan	nan	nan	nan	nan	nan	nan	nan	nan	nan	nan	nan	nan	nan	nan	nan	nan	nan	nan	nan	nan	nan	nan	nan	nan	nan	nan	nan	nan	nan	nan	nan	nan	nan	nan	nan	nan	nan	nan	nan	nan	nan	nan	nan	nan	nan	nan	nan	nan	nan	nan	nan	nan	nan	nan	nan	nan	nan	nan	nan	nan	nan	nan	nan	nan	nan	nan	nan	nan	nan	nan	nan	nan	nan	nan	nan	nan	nan	nan	nan	nan	nan	nan	nan	nan	nan	nan	nan	nan	nan	nan	nan	nan	nan	nan	nan	nan	nan	nan	nan	nan	nan	nan	needs_multistep_run	0.000000000000000e+00	random_20260817_182439.md
1.042640000000000e+02	3.705680000000000e+02	3.712380000000000e+02	7.697820000000000e+02	1.861620000000000e-01	7.564030000000000e+00	0.000000000000000e+00	-1.000000000000000e+30	tracing_success_coex_no_coex_pair	0	0	0	true	2.526991692452624e-01	true	1.867922814004258e+01	true	3.309738060000000e-04	3.468629280000000e-09	9.001209698771097e-01	4.126635830183145e-03	true	4.280067874963758e-01	8.036597273192115e+01	2.494664614784630e+00	2.314423404618643e-01	true	true	7.368184850051412e-01	7.345775823060134e-01	7.368184850051412e-01	1.078772103945224e-03	1.163002700364531e+00	1.201787853311845e+00	1.163002700364531e+00	8.175459378842979e-04	ATLAS-CONF-2023-034-Fig5-bot	ATLAS:2014vuz	ATLAS-CONF-2023-034-Fig5-bot	CMS:2020imj	LHC13 [ggH]->X1->Z(X2->[bb])	LHC8 [HW;HZ]>[bb]	LHC13 [ggH]->X1->Z(X2->[bb])	LHC13 [Hpmtb>tb]	5.459306212300504e+00	true	all checks passed	1	5.305314429633870e+00	2.531506225104483e-01	4.636752363208675e+00	-2.187689863117511e+00	-2.171264123808899e+00	7.697820000000000e+02	7.564030000000000e+00	15943.538224928523	5229.2682157458185	371.0284344534864	-2.1817310648329697	-0.18996996805254146	-0.26922885674019059	0	-0.0013851335895273256	0	0	0	success	non_bfb	success	no_coex_pair	11.228999999999999	nan	nan	nan	nan	nan	nan	nan	nan	nan	nan	nan	nan	nan	nan	nan	nan	nan	nan	nan	nan	nan	nan	nan	nan	nan	nan	nan	nan	nan	nan	nan	nan	nan	nan	nan	nan	nan	nan	nan	nan	nan	nan	nan	nan	nan	nan	nan	nan	nan	nan	nan	nan	nan	nan	nan	nan	nan	nan	nan	nan	nan	nan	nan	nan	nan	nan	nan	nan	nan	nan	nan	nan	nan	nan	not_set	nan	nan	nan	nan	nan	nan	nan	nan	nan	nan	nan	nan	nan	nan	nan	nan	nan	nan	nan	nan	nan	nan	nan	nan	nan	nan	nan	nan	nan	nan	nan	nan	nan	nan	nan	nan	nan	nan	nan	nan	nan	nan	nan	nan	nan	nan	nan	nan	nan	nan	nan	nan	nan	nan	nan	nan	nan	nan	nan	nan	nan	nan	nan	nan	nan	nan	nan	nan	nan	nan	nan	nan	nan	nan	nan	nan	nan	nan	nan	nan	nan	nan	nan	nan	nan	nan	nan	nan	nan	nan	nan	nan	nan	nan	nan	nan	nan	nan	nan	nan	nan	nan	nan	nan	nan	nan	nan	nan	nan	nan	nan	nan	nan	nan	nan	nan	nan	nan	nan	nan	nan	nan	nan	nan	nan	nan	nan	nan	nan	nan	nan	nan	nan	nan	nan	nan	nan	nan	nan	nan	nan	nan	nan	nan	nan	nan	nan	nan	needs_multistep_run	0.000000000000000e+00	random_20260901_134416.md
6.680350000000000e+01	2.890920000000000e+02	2.856970000000000e+02	5.521630000000000e+02	1.408650000000000e-01	6.900980000000000e+00	0.000000000000000e+00	-1.000000000000000e+30	tracing_not_set_coex_not_set	0	0	0	true	2.469152998398406e-01	true	7.152551806480344e+00	true	3.256142830000000e-04	3.136380850000000e-09	1.514935622171993e+00	1.169524033849255e+00	true	3.406325786052212e-01	8.036029686758707e+01	2.494577646318581e+00	2.314472630326137e-01	true	true	4.972389981625920e-01	7.238269372239707e-01	4.972389981625920e-01	2.664861610562174e-03	4.980937724571227e-01	3.641320952394917e+00	4.980937724571227e-01	1.878985621845290e-03	CMS:2019ogx	CMS:2012qwq	CMS:2019ogx	ATLAS:2021upq	LHC13 [H]->X1->Z(X2->[bb])	LHC8 [vbfH;HW;Htt;H;HZ]>[bb;tautau;WW;ZZ;gamgam]	LHC13 [H]->X1->Z(X2->[bb])	LHC13 [Hpmtb>tb]	4.560134531071526e+00	true	all checks passed	1	1.234199941825329e+00	2.473564200804413e-01	2.984195002923078e+00	-1.252245506562423e+00	-1.316737827766732e+00	5.521630000000000e+02	6.900980000000000e+00	5287.9816453291705	1376.327197879755	316.08731912348867	-1.7716661168626979	-0.048074639085347003	0.022525302236318233	0	-0.004449089273624785	0	0	0	no_nlo_stability	not_set	not_set	not_set	0.59799999999999998	nan	nan	nan	nan	nan	nan	nan	nan	nan	nan	nan	nan	nan	nan	nan	nan	nan	nan	nan	nan	nan	nan	nan	nan	nan	nan	nan	nan	nan	nan	nan	nan	nan	nan	nan	nan	nan	nan	nan	nan	nan	nan	nan	nan	nan	nan	nan	nan	nan	nan	nan	nan	nan	nan	nan	nan	nan	nan	nan	nan	nan	nan	nan	nan	nan	nan	nan	nan	nan	nan	nan	nan	nan	nan	not_set	nan	nan	nan	nan	nan	nan	nan	nan	nan	nan	nan	nan	nan	nan	nan	nan	nan	nan	nan	nan	nan	nan	nan	nan	nan	nan	nan	nan	nan	nan	nan	nan	nan	nan	nan	nan	nan	nan	nan	nan	nan	nan	nan	nan	nan	nan	nan	nan	nan	nan	nan	nan	nan	nan	nan	nan	nan	nan	nan	nan	nan	nan	nan	nan	nan	nan	nan	nan	nan	nan	nan	nan	nan	nan	nan	nan	nan	nan	nan	nan	nan	nan	nan	nan	nan	nan	nan	nan	nan	nan	nan	nan	nan	nan	nan	nan	nan	nan	nan	nan	nan	nan	nan	nan	nan	nan	nan	nan	nan	nan	nan	nan	nan	nan	nan	nan	nan	nan	nan	nan	nan	nan	nan	nan	nan	nan	nan	nan	nan	nan	nan	nan	nan	nan	nan	nan	nan	nan	nan	nan	nan	nan	nan	nan	nan	nan	nan	nan	needs_multistep_run	0.000000000000000e+00	random_20260815_194920.md
6.636930000000000e+01	2.936240000000000e+02	3.022980000000000e+02	6.375030000000000e+02	1.427040000000000e-01	6.108330000000000e+00	0.000000000000000e+00	-1.000000000000000e+30	tracing_not_set_coex_not_set	0	0	0	true	2.456883449864441e-01	true	6.965480595411418e+00	true	3.251333820000000e-04	3.142166000000000e-09	1.577882146143836e+00	1.126774929322234e+00	true	4.681783374850829e+00	8.038074068755614e+01	2.495711359282673e+00	2.313356131892280e-01	true	true	6.916069007934472e-01	7.196559736861217e-01	6.916069007934472e-01	4.382668687848535e-03	6.697454233270983e-01	3.620338289079991e+00	6.697454233270983e-01	2.719404684524315e-03	CMS:2019ogx	CMS:2012qwq	CMS:2019ogx	ATLAS:2021upq	LHC13 [H]->X1->Z(X2->[bb])	LHC8 [vbfH;HW;Htt;H;HZ]>[bb;tautau;WW;ZZ;gamgam]	LHC13 [H]->X1->Z(X2->[bb])	LHC13 [Hpmtb>tb]	4.111000288366654e+00	true	all checks passed	1	9.658175270300997e-01	2.461272732420991e-01	3.287621355564962e+00	-1.529424670553045e+00	-1.358592909432019e+00	6.375030000000000e+02	6.108330000000000e+00	6305.4141955716914	1830.5579339189003	474.21766596668709	-1.8805826458233807	-0.061729005454443382	0.0078407881612028735	0	0.0075307962724302391	0	0	0	no_nlo_stability	not_set	not_set	not_set	0.56100000000000005	nan	nan	nan	nan	nan	nan	nan	nan	nan	nan	nan	nan	nan	nan	nan	nan	nan	nan	nan	nan	nan	nan	nan	nan	nan	nan	nan	nan	nan	nan	nan	nan	nan	nan	nan	nan	nan	nan	nan	nan	nan	nan	nan	nan	nan	nan	nan	nan	nan	nan	nan	nan	nan	nan	nan	nan	nan	nan	nan	nan	nan	nan	nan	nan	nan	nan	nan	nan	nan	nan	nan	nan	nan	nan	not_set	nan	nan	nan	nan	nan	nan	nan	nan	nan	nan	nan	nan	nan	nan	nan	nan	nan	nan	nan	nan	nan	nan	nan	nan	nan	nan	nan	nan	nan	nan	nan	nan	nan	nan	nan	nan	nan	nan	nan	nan	nan	nan	nan	nan	nan	nan	nan	nan	nan	nan	nan	nan	nan	nan	nan	nan	nan	nan	nan	nan	nan	nan	nan	nan	nan	nan	nan	nan	nan	nan	nan	nan	nan	nan	nan	nan	nan	nan	nan	nan	nan	nan	nan	nan	nan	nan	nan	nan	nan	nan	nan	nan	nan	nan	nan	nan	nan	nan	nan	nan	nan	nan	nan	nan	nan	nan	nan	nan	nan	nan	nan	nan	nan	nan	nan	nan	nan	nan	nan	nan	nan	nan	nan	nan	nan	nan	nan	nan	nan	nan	nan	nan	nan	nan	nan	nan	nan	nan	nan	nan	nan	nan	nan	nan	nan	nan	nan	nan	needs_multistep_run	0.000000000000000e+00	random_20260818_220706.md
1.132770000000000e+02	3.197140000000000e+02	3.123760000000000e+02	8.348900000000000e+02	1.578410000000000e-01	1.314850000000000e+01	0.000000000000000e+00	-1.000000000000000e+30	tracing_success_coex_no_coex_pair	0	0	0	true	2.556729141563777e-01	true	1.864807266272617e+01	true	3.272833600000000e-04	3.116038420000000e-09	1.306405686674794e+00	1.326163340262740e+00	true	1.469116444543884e+00	8.035275224639275e+01	2.493952484980353e+00	2.315207937674200e-01	true	true	7.960933151627643e-01	7.308199781662582e-01	5.495928951502881e-01	2.756945554636916e-04	1.286851322077564e+00	3.676500503188878e+00	4.593724595146416e-01	1.709005398013798e-04	ATLAS:2014vuz	CMS:2012qwq	CMS:2019qcx	ATLAS:2021upq	LHC8 [HW;HZ]>[bb]	LHC8 [vbfH;HW;Htt;H;HZ]>[bb;tautau;WW;ZZ;gamgam]	LHC13 [ggH]->X1->Z(X2->[bb])	LHC13 [Hpmtb>tb]	6.110525148323205e+00	true	all checks passed	1	5.760549660956060e+00	2.561296800898006e-01	3.180349311670477e+00	-1.353351854289089e+00	-1.506642766444553e+00	8.348900000000000e+02	1.314850000000000e+01	10992.039612762512	2011.5273702690386	154.97995293270495	-5.2537829364311683	-0.070225698360204258	-0.06090203425817356	0	-0.0030786654540927712	0	0	0	success	non_bfb	success	no_coex_pair	16.07	nan	nan	nan	nan	nan	nan	nan	nan	nan	nan	nan	nan	nan	nan	nan	nan	nan	nan	nan	nan	nan	nan	nan	nan	nan	nan	nan	nan	nan	nan	nan	nan	nan	nan	nan	nan	nan	nan	nan	nan	nan	nan	nan	nan	nan	nan	nan	nan	nan	nan	nan	nan	nan	nan	nan	nan	nan	nan	nan	nan	nan	nan	nan	nan	nan	nan	nan	nan	nan	nan	nan	nan	nan	nan	not_set	nan	nan	nan	nan	nan	nan	nan	nan	nan	nan	nan	nan	nan	nan	nan	nan	nan	nan	nan	nan	nan	nan	nan	nan	nan	nan	nan	nan	nan	nan	nan	nan	nan	nan	nan	nan	nan	nan	nan	nan	nan	nan	nan	nan	nan	nan	nan	nan	nan	nan	nan	nan	nan	nan	nan	nan	nan	nan	nan	nan	nan	nan	nan	nan	nan	nan	nan	nan	nan	nan	nan	nan	nan	nan	nan	nan	nan	nan	nan	nan	nan	nan	nan	nan	nan	nan	nan	nan	nan	nan	nan	nan	nan	nan	nan	nan	nan	nan	nan	nan	nan	nan	nan	nan	nan	nan	nan	nan	nan	nan	nan	nan	nan	nan	nan	nan	nan	nan	nan	nan	nan	nan	nan	nan	nan	nan	nan	nan	nan	nan	nan	nan	nan	nan	nan	nan	nan	nan	nan	nan	nan	nan	nan	nan	nan	nan	nan	nan	needs_multistep_run	0.000000000000000e+00	random_20260818_235435.md
1.229580000000000e+02	2.788740000000000e+02	2.729580000000000e+02	1.000550000000000e+03	8.349970000000000e-02	1.459060000000000e+01	0.000000000000000e+00	-1.000000000000000e+30	tracing_not_set_coex_not_set	0	0	0	true	2.576174916345314e-01	true	7.488478580781152e+00	true	3.273330410000000e-04	3.115471110000000e-09	1.300435214148702e+00	1.330672749638907e+00	true	7.299592038592836e-01	8.035604444763506e+01	2.494164941655872e+00	2.315100557350759e-01	true	true	7.556983070899873e-01	7.525895790624668e-01	1.456403790452674e-01	2.848393195475912e-04	2.249062252680218e+00	3.786015775130341e+00	2.136523660198058e-01	2.094559131709478e-04	CMS:2013zmy	CMS:2012qwq	CMS:2019qcx	ATLAS:2021upq	LHC8 [ggH;vbfH;HW;HZ]>[WW]	LHC8 [vbfH;HW;Htt;H;HZ]>[bb;tautau;WW;ZZ;gamgam]	LHC13 [ggH]->X1->Z(X2->[bb])	LHC13 [Hpmtb>tb]	4.606890916242151e+00	true	all checks passed	1	1.879071486979203e+00	2.580777316033243e-01	2.238350771587041e+00	-9.348640334634184e-01	-1.042757420732901e+00	1.000550000000000e+03	1.459060000000000e+01	4003.9591280993304	573.66234521682088	55.322745290519386	-3.4353171917811784	-0.032162933099445956	0.013276448770030839	0	-0.0047252049795267195	0	0	0	no_nlo_stability	not_set	not_set	not_set	0.51500000000000001	nan	nan	nan	nan	nan	nan	nan	nan	nan	nan	nan	nan	nan	nan	nan	nan	nan	nan	nan	nan	nan	nan	nan	nan	nan	nan	nan	nan	nan	nan	nan	nan	nan	nan	nan	nan	nan	nan	nan	nan	nan	nan	nan	nan	nan	nan	nan	nan	nan	nan	nan	nan	nan	nan	nan	nan	nan	nan	nan	nan	nan	nan	nan	nan	nan	nan	nan	nan	nan	nan	nan	nan	nan	nan	not_set	nan	nan	nan	nan	nan	nan	nan	nan	nan	nan	nan	nan	nan	nan	nan	nan	nan	nan	nan	nan	nan	nan	nan	nan	nan	nan	nan	nan	nan	nan	nan	nan	nan	nan	nan	nan	nan	nan	nan	nan	nan	nan	nan	nan	nan	nan	nan	nan	nan	nan	nan	nan	nan	nan	nan	nan	nan	nan	nan	nan	nan	nan	nan	nan	nan	nan	nan	nan	nan	nan	nan	nan	nan	nan	nan	nan	nan	nan	nan	nan	nan	nan	nan	nan	nan	nan	nan	nan	nan	nan	nan	nan	nan	nan	nan	nan	nan	nan	nan	nan	nan	nan	nan	nan	nan	nan	nan	nan	nan	nan	nan	nan	nan	nan	nan	nan	nan	nan	nan	nan	nan	nan	nan	nan	nan	nan	nan	nan	nan	nan	nan	nan	nan	nan	nan	nan	nan	nan	nan	nan	nan	nan	nan	nan	nan	nan	nan	nan	needs_multistep_run	0.000000000000000e+00	random_20260820_084408.md
7.654460000000000e+01	4.688500000000000e+02	4.611370000000000e+02	3.506560000000000e+02	6.131440000000000e-02	6.533670000000000e+00	0.000000000000000e+00	-1.000000000000000e+30	tracing_not_set_coex_not_set	0	0	0	true	2.554844897897411e-01	true	1.644470751357554e+01	true	3.308640020000000e-04	3.469910330000000e-09	9.111202865817324e-01	4.713688950165382e-03	true	4.525812239174347e+00	8.034497302316311e+01	2.493607647783031e+00	2.315369659472344e-01	true	true	5.653843506563058e-01	7.637971073386174e-01	5.653843506563058e-01	3.113421984230745e-01	5.487999163766243e-01	1.249591749196454e+00	5.487999163766243e-01	3.428911123994528e-01	CMS:2019ogx	ATLAS:2014vuz	CMS:2019ogx	ATLAS:2018gfm	LHC13 [H]->X1->Z(X2->[bb])	LHC8 [HW;HZ]>[bb]	LHC13 [H]->X1->Z(X2->[bb])	LHC13 [Hpmtb>taunu]	4.032317497913567e+00	true	all checks passed	1	2.891605972108318e+00	2.559409190984105e-01	7.212239626510955e+00	-3.356626402593453e+00	-3.593687336263887e+00	3.506560000000000e+02	6.533670000000000e+00	29652.922188974913	14693.129410815049	1353.3490903012851	-6.8930798863888416	-0.66599165573729824	-0.70818455486567478	0	0.0094413813393567289	0	0	0	no_nlo_stability	not_set	not_set	not_set	0.53100000000000003	nan	nan	nan	nan	nan	nan	nan	nan	nan	nan	nan	nan	nan	nan	nan	nan	nan	nan	nan	nan	nan	nan	nan	nan	nan	nan	nan	nan	nan	nan	nan	nan	nan	nan	nan	nan	nan	nan	nan	nan	nan	nan	nan	nan	nan	nan	nan	nan	nan	nan	nan	nan	nan	nan	nan	nan	nan	nan	nan	nan	nan	nan	nan	nan	nan	nan	nan	nan	nan	nan	nan	nan	nan	nan	not_set	nan	nan	nan	nan	nan	nan	nan	nan	nan	nan	nan	nan	nan	nan	nan	nan	nan	nan	nan	nan	nan	nan	nan	nan	nan	nan	nan	nan	nan	nan	nan	nan	nan	nan	nan	nan	nan	nan	nan	nan	nan	nan	nan	nan	nan	nan	nan	nan	nan	nan	nan	nan	nan	nan	nan	nan	nan	nan	nan	nan	nan	nan	nan	nan	nan	nan	nan	nan	nan	nan	nan	nan	nan	nan	nan	nan	nan	nan	nan	nan	nan	nan	nan	nan	nan	nan	nan	nan	nan	nan	nan	nan	nan	nan	nan	nan	nan	nan	nan	nan	nan	nan	nan	nan	nan	nan	nan	nan	nan	nan	nan	nan	nan	nan	nan	nan	nan	nan	nan	nan	nan	nan	nan	nan	nan	nan	nan	nan	nan	nan	nan	nan	nan	nan	nan	nan	nan	nan	nan	nan	nan	nan	nan	nan	nan	nan	nan	nan	needs_multistep_run	0.000000000000000e+00	random_20260821_011644.md
1.069150000000000e+02	5.582140000000001e+02	5.580680000000000e+02	7.526630000000000e+02	7.709330000000000e-02	1.394270000000000e+01	0.000000000000000e+00	-1.000000000000000e+30	tracing_not_set_coex_not_set	0	0	0	true	2.566387633789864e-01	true	2.154757880702423e+01	true	3.321565620000000e-04	3.453256190000000e-09	7.858764644317046e-01	1.260734044720597e-04	true	3.126040360716998e-01	8.036433477286302e+01	2.494591519580364e+00	2.314500813319515e-01	true	true	6.011578458452181e-01	7.634930969989644e-01	1.394544423960118e-01	0.000000000000000e+00	5.097822840295143e-01	1.249094380447017e+00	1.911487531982350e-01	0.000000000000000e+00	CMS:2015mca	ATLAS:2014vuz	ATLAS-CONF-2023-034-Fig5-bot		2d likelihood {LHC8 [ggH>tautau]; LHC8 [bbH>tautau]}	LHC8 [HW;HZ]>[bb]	LHC13 [ggH]->X1->Z(X2->[bb])		4.790366060098194e+00	true	all checks passed	1	3.321894177288913e+00	2.570972548257402e-01	1.026088500036564e+01	-4.969409386873399e+00	-4.974795637517859e+00	7.526630000000000e+02	1.394270000000000e+01	47418.01756347355	29336.619147650115	569.86381755437935	-25.329009355703139	-1.660643776085249	-1.9719593732917331	0	-0.00014988843273494416	0	6.5192580223083496e-09	0	no_nlo_stability	not_set	not_set	not_set	0.52000000000000002	nan	nan	nan	nan	nan	nan	nan	nan	nan	nan	nan	nan	nan	nan	nan	nan	nan	nan	nan	nan	nan	nan	nan	nan	nan	nan	nan	nan	nan	nan	nan	nan	nan	nan	nan	nan	nan	nan	nan	nan	nan	nan	nan	nan	nan	nan	nan	nan	nan	nan	nan	nan	nan	nan	nan	nan	nan	nan	nan	nan	nan	nan	nan	nan	nan	nan	nan	nan	nan	nan	nan	nan	nan	nan	not_set	nan	nan	nan	nan	nan	nan	nan	nan	nan	nan	nan	nan	nan	nan	nan	nan	nan	nan	nan	nan	nan	nan	nan	nan	nan	nan	nan	nan	nan	nan	nan	nan	nan	nan	nan	nan	nan	nan	nan	nan	nan	nan	nan	nan	nan	nan	nan	nan	nan	nan	nan	nan	nan	nan	nan	nan	nan	nan	nan	nan	nan	nan	nan	nan	nan	nan	nan	nan	nan	nan	nan	nan	nan	nan	nan	nan	nan	nan	nan	nan	nan	nan	nan	nan	nan	nan	nan	nan	nan	nan	nan	nan	nan	nan	nan	nan	nan	nan	nan	nan	nan	nan	nan	nan	nan	nan	nan	nan	nan	nan	nan	nan	nan	nan	nan	nan	nan	nan	nan	nan	nan	nan	nan	nan	nan	nan	nan	nan	nan	nan	nan	nan	nan	nan	nan	nan	nan	nan	nan	nan	nan	nan	nan	nan	nan	nan	nan	nan	needs_multistep_run	0.000000000000000e+00	random_20260821_011644.md
6.269660000000000e+01	3.345150000000000e+02	3.212620000000000e+02	3.470280000000000e+02	1.584700000000000e-01	6.357500000000000e+00	0.000000000000000e+00	-1.000000000000000e+30	tracing_not_set_coex_not_set	0	0	0	true	2.441981030624630e-01	true	9.763227455456443e+00	true	3.254753160000000e-04	3.137952520000000e-09	1.532993787534228e+00	1.157831507423905e+00	true	6.142403695659050e+00	8.034192628592466e+01	2.493618669276246e+00	2.315406726069052e-01	true	true	7.670618424907015e-01	7.134289495710158e-01	7.670618424907015e-01	3.116182146326571e-03	1.245306464663474e+00	3.589012301864918e+00	1.245306464663474e+00	1.929921251831644e-03	CMS:2019ogx	CMS:2012qwq	CMS:2019ogx	ATLAS:2021upq	LHC13 [H]->X1->Z(X2->[bb])	LHC8 [vbfH;HW;Htt;H;HZ]>[bb;tautau;WW;ZZ;gamgam]	LHC13 [H]->X1->Z(X2->[bb])	LHC13 [Hpmtb>tb]	4.625165822236568e+00	true	all checks passed	1	1.949333442704899e+00	2.446343689643615e-01	3.744619024480814e+00	-1.524513251792086e+00	-1.811743491100698e+00	3.470280000000000e+02	6.357500000000000e+00	8652.1657236728061	3071.5099659394546	493.28853535254854	-2.1156382839646892	-0.101417098861907	-0.020885322711387298	0	-0.013849189590381197	0	0	0	no_nlo_stability	not_set	not_set	not_set	0.65500000000000003	nan	nan	nan	nan	nan	nan	nan	nan	nan	nan	nan	nan	nan	nan	nan	nan	nan	nan	nan	nan	nan	nan	nan	nan	nan	nan	nan	nan	nan	nan	nan	nan	nan	nan	nan	nan	nan	nan	nan	nan	nan	nan	nan	nan	nan	nan	nan	nan	nan	nan	nan	nan	nan	nan	nan	nan	nan	nan	nan	nan	nan	nan	nan	nan	nan	nan	nan	nan	nan	nan	nan	nan	nan	nan	not_set	nan	nan	nan	nan	nan	nan	nan	nan	nan	nan	nan	nan	nan	nan	nan	nan	nan	nan	nan	nan	nan	nan	nan	nan	nan	nan	nan	nan	nan	nan	nan	nan	nan	nan	nan	nan	nan	nan	nan	nan	nan	nan	nan	nan	nan	nan	nan	nan	nan	nan	nan	nan	nan	nan	nan	nan	nan	nan	nan	nan	nan	nan	nan	nan	nan	nan	nan	nan	nan	nan	nan	nan	nan	nan	nan	nan	nan	nan	nan	nan	nan	nan	nan	nan	nan	nan	nan	nan	nan	nan	nan	nan	nan	nan	nan	nan	nan	nan	nan	nan	nan	nan	nan	nan	nan	nan	nan	nan	nan	nan	nan	nan	nan	nan	nan	nan	nan	nan	nan	nan	nan	nan	nan	nan	nan	nan	nan	nan	nan	nan	nan	nan	nan	nan	nan	nan	nan	nan	nan	nan	nan	nan	nan	nan	nan	nan	nan	nan	needs_multistep_run	0.000000000000000e+00	random_20260816_190708.md
6.741530000000000e+01	4.733870000000000e+02	4.792730000000000e+02	3.081440000000000e+02	8.537260000000001e-02	9.392530000000001e+00	0.000000000000000e+00	-1.000000000000000e+30	tracing_not_set_coex_not_set	0	0	0	true	2.534108221284337e-01	true	1.748963683077590e+01	true	3.317061160000000e-04	3.459102820000000e-09	8.284720881037592e-01	9.852714857598208e-04	true	5.382233592473458e+00	8.038204361481100e+01	2.495831509923870e+00	2.313299010234728e-01	true	true	2.193140669249153e-01	7.611804602677278e-01	2.193140669249153e-01	2.192684534184698e-04	2.635780415025246e-01	1.245310847162489e+00	2.635780415025246e-01	1.707046513266547e-04	CMS:2019ogx	ATLAS:2014vuz	CMS:2019ogx	ATLAS:2021upq	LHC13 [H]->X1->Z(X2->[bb])	LHC8 [HW;HZ]>[bb]	LHC13 [H]->X1->Z(X2->[bb])	LHC13 [Hpmtb>tb]	4.264397122312857e+00	true	all checks passed	1	3.025511763727239e+00	2.538635467789540e-01	7.868147942457371e+00	-3.840024227918453e+00	-3.654706072058845e+00	3.081440000000000e+02	9.392530000000001e+00	33475.195595200807	16863.184884226775	1081.4135234703149	-15.471932780210702	-0.79001587927561556	-0.81429319614812523	0	-0.0095791173250337532	0	0	0	no_nlo_stability	not_set	not_set	not_set	0.38900000000000001	nan	nan	nan	nan	nan	nan	nan	nan	nan	nan	nan	nan	nan	nan	nan	nan	nan	nan	nan	nan	nan	nan	nan	nan	nan	nan	nan	nan	nan	nan	nan	nan	nan	nan	nan	nan	nan	nan	nan	nan	nan	nan	nan	nan	nan	nan	nan	nan	nan	nan	nan	nan	nan	nan	nan	nan	nan	nan	nan	nan	nan	nan	nan	nan	nan	nan	nan	nan	nan	nan	nan	nan	nan	nan	not_set	nan	nan	nan	nan	nan	nan	nan	nan	nan	nan	nan	nan	nan	nan	nan	nan	nan	nan	nan	nan	nan	nan	nan	nan	nan	nan	nan	nan	nan	nan	nan	nan	nan	nan	nan	nan	nan	nan	nan	nan	nan	nan	nan	nan	nan	nan	nan	nan	nan	nan	nan	nan	nan	nan	nan	nan	nan	nan	nan	nan	nan	nan	nan	nan	nan	nan	nan	nan	nan	nan	nan	nan	nan	nan	nan	nan	nan	nan	nan	nan	nan	nan	nan	nan	nan	nan	nan	nan	nan	nan	nan	nan	nan	nan	nan	nan	nan	nan	nan	nan	nan	nan	nan	nan	nan	nan	nan	nan	nan	nan	nan	nan	nan	nan	nan	nan	nan	nan	nan	nan	nan	nan	nan	nan	nan	nan	nan	nan	nan	nan	nan	nan	nan	nan	nan	nan	nan	nan	nan	nan	nan	nan	nan	nan	nan	nan	nan	nan	needs_multistep_run	0.000000000000000e+00	random_20260831_184047.md
9.832890000000000e+01	3.373630000000000e+02	3.312110000000000e+02	1.960200000000000e+02	6.234390000000000e-02	7.073400000000000e+00	0.000000000000000e+00	-1.000000000000000e+30	tracing_success_coex_no_coex_pair	0	0	0	true	2.583542185239823e-01	true	2.301386570589282e+01	true	3.259848550000000e-04	3.131685950000000e-09	1.467304430390657e+00	1.204801836235464e+00	true	1.267377226360725e+00	8.035375776869624e+01	2.493989160238227e+00	2.315071744721098e-01	true	true	7.120198929051775e-01	7.509045279599963e-01	7.120198929051775e-01	2.287221213776128e-03	8.246582243075788e-01	3.777538870542050e+00	8.246582243075788e-01	1.414958168650310e-03	CMS:2019ogx	CMS:2012qwq	CMS:2019ogx	ATLAS:2021upq	LHC13 [H]->X1->Z(X2->[bb])	LHC8 [vbfH;HW;Htt;H;HZ]>[bb;tautau;WW;ZZ;gamgam]	LHC13 [H]->X1->Z(X2->[bb])	LHC13 [Hpmtb>tb]	4.566680429280808e+00	true	all checks passed	1	7.188053349245670e+00	2.588157746734370e-01	3.742258520133157e+00	-1.721419444954163e+00	-1.857352660897054e+00	1.960200000000000e+02	7.073400000000000e+00	14522.779418637103	3158.9717975240146	419.60359568614876	-0.69257755722355241	-0.1060132756983439	-0.15589165403793595	0	-0.0010751911408797617	0	0	0	success	non_bfb	success	no_coex_pair	16.690000000000001	nan	nan	nan	nan	nan	nan	nan	nan	nan	nan	nan	nan	nan	nan	nan	nan	nan	nan	nan	nan	nan	nan	nan	nan	nan	nan	nan	nan	nan	nan	nan	nan	nan	nan	nan	nan	nan	nan	nan	nan	nan	nan	nan	nan	nan	nan	nan	nan	nan	nan	nan	nan	nan	nan	nan	nan	nan	nan	nan	nan	nan	nan	nan	nan	nan	nan	nan	nan	nan	nan	nan	nan	nan	nan	not_set	nan	nan	nan	nan	nan	nan	nan	nan	nan	nan	nan	nan	nan	nan	nan	nan	nan	nan	nan	nan	nan	nan	nan	nan	nan	nan	nan	nan	nan	nan	nan	nan	nan	nan	nan	nan	nan	nan	nan	nan	nan	nan	nan	nan	nan	nan	nan	nan	nan	nan	nan	nan	nan	nan	nan	nan	nan	nan	nan	nan	nan	nan	nan	nan	nan	nan	nan	nan	nan	nan	nan	nan	nan	nan	nan	nan	nan	nan	nan	nan	nan	nan	nan	nan	nan	nan	nan	nan	nan	nan	nan	nan	nan	nan	nan	nan	nan	nan	nan	nan	nan	nan	nan	nan	nan	nan	nan	nan	nan	nan	nan	nan	nan	nan	nan	nan	nan	nan	nan	nan	nan	nan	nan	nan	nan	nan	nan	nan	nan	nan	nan	nan	nan	nan	nan	nan	nan	nan	nan	nan	nan	nan	nan	nan	nan	nan	nan	nan	needs_multistep_run	0.000000000000000e+00	random_20260817_182439.md
1.104130000000000e+02	3.088500000000000e+02	3.054950000000000e+02	7.676020000000000e+02	1.283900000000000e-01	1.294080000000000e+01	0.000000000000000e+00	-1.000000000000000e+30	tracing_success_coex_no_coex_pair	0	0	0	true	0.2559094660212184	true	21.13985625946816	true	0.000327253037	3.11641167e-09	1.3100565089290006	1.3232006410486172	true	0.38488557842053345				true	true	0.7925021225306729	0.7398997637723823	0.10353097142607248	0.00030969126395034337	1.282444288965474	3.722177738824283	0.13816472615997838	0.00019210311063650275	ATLAS:2014vuz	CMS:2012qwq	CMS:2019ogx	ATLAS:2021upq	LHC8 [HW,HZ]>[bb]	LHC8 [vbfH,HW,Htt,H,HZ]>[bb,tautau,WW,ZZ,gamgam]	LHC13 [H]->X1->Z(X2->[bb])	LHC13 [Hpmtb>tb]	5.577559053222814	true	all checks passed	1	6.684282919151196e+00	2.563666545603511e-01	3.067071116898386e+00	-1.343006265497244e+00	-1.411124696160210e+00	7.676020000000000e+02	1.294080000000000e+01	11500.008271015038	1739.5141238288495	173.40767692686819	-5.1145472124364151	-0.061193921759593789	-0.044662463000798777	0	-0.0021226333007688678	0	0	0	success	non_bfb	success	no_coex_pair	15.130000000000001	nan	nan	nan	nan	nan	nan	nan	nan	nan	nan	nan	nan	nan	nan	nan	nan	nan	nan	nan	nan	nan	nan	nan	nan	nan	nan	nan	nan	nan	nan	nan	nan	nan	nan	nan	nan	nan	nan	nan	nan	nan	nan	nan	nan	nan	nan	nan	nan	nan	nan	nan	nan	nan	nan	nan	nan	nan	nan	nan	nan	nan	nan	nan	nan	nan	nan	nan	nan	nan	nan	nan	nan	nan	nan	not_set	nan	nan	nan	nan	nan	nan	nan	nan	nan	nan	nan	nan	nan	nan	nan	nan	nan	nan	nan	nan	nan	nan	nan	nan	nan	nan	nan	nan	nan	nan	nan	nan	nan	nan	nan	nan	nan	nan	nan	nan	nan	nan	nan	nan	nan	nan	nan	nan	nan	nan	nan	nan	nan	nan	nan	nan	nan	nan	nan	nan	nan	nan	nan	nan	nan	nan	nan	nan	nan	nan	nan	nan	nan	nan	nan	nan	nan	nan	nan	nan	nan	nan	nan	nan	nan	nan	nan	nan	nan	nan	nan	nan	nan	nan	nan	nan	nan	nan	nan	nan	nan	nan	nan	nan	nan	nan	nan	nan	nan	nan	nan	nan	nan	nan	nan	nan	nan	nan	nan	nan	nan	nan	nan	nan	nan	nan	nan	nan	nan	nan	nan	nan	nan	nan	nan	nan	nan	nan	nan	nan	nan	nan	nan	nan	nan	nan	nan	nan	needs_multistep_run	0.000000000000000e+00	random_20260813_154904.md
1.189640000000000e+02	3.895250000000000e+02	9.806640000000000e+01	8.143890000000000e+02	1.090670000000000e-01	1.723300000000000e+01	0.000000000000000e+00	-1.000000000000000e+30	tracing_not_set_coex_not_set	0	0	0	true	2.571460603382382e-01	true	1.180109410395094e+01	true	3.271537610000000e-04	3.117950490000000e-09	1.322044760235796e+00	1.311021130692510e+00	true	6.311436982256448e+00	8.038503200678090e+01	2.496199528168721e+00	2.314931897723527e-01	true	true	7.736824825785477e-01	7.479820073292202e-01	1.607501064532072e-01	5.738504616983185e-01	1.263001968587023e+00	3.762836688211747e+00	1.659233560825865e-01	3.945192829491343e-01	ATLAS:2014vuz	CMS:2012qwq	ATLAS:2022enb	CMS:2019bfg	LHC8 [HW;HZ]>[bb]	LHC8 [vbfH;HW;Htt;H;HZ]>[bb;tautau;WW;ZZ;gamgam]	LHC13 [H]->X1->Z(X2->[bb])	LHC13 [brtHpb>taunu]	2.799710423010140e+00	true	all checks passed	1	7.822902601136623e-01	2.576054580834550e-01	1.542061028232188e-01	2.422124911977645e+00	-2.274573707099623e+00	8.143890000000000e+02	1.723300000000000e+01	-12856.6747576424	1197.6493136877505	-905.21823499092216	76.912204780477282	-0.088270198309291018	0.18908273709916279	0	-0.51437604784267621	0	0	0	no_nlo_stability	not_set	not_set	not_set	0.624	nan	nan	nan	nan	nan	nan	nan	nan	nan	nan	nan	nan	nan	nan	nan	nan	nan	nan	nan	nan	nan	nan	nan	nan	nan	nan	nan	nan	nan	nan	nan	nan	nan	nan	nan	nan	nan	nan	nan	nan	nan	nan	nan	nan	nan	nan	nan	nan	nan	nan	nan	nan	nan	nan	nan	nan	nan	nan	nan	nan	nan	nan	nan	nan	nan	nan	nan	nan	nan	nan	nan	nan	nan	nan	not_set	nan	nan	nan	nan	nan	nan	nan	nan	nan	nan	nan	nan	nan	nan	nan	nan	nan	nan	nan	nan	nan	nan	nan	nan	nan	nan	nan	nan	nan	nan	nan	nan	nan	nan	nan	nan	nan	nan	nan	nan	nan	nan	nan	nan	nan	nan	nan	nan	nan	nan	nan	nan	nan	nan	nan	nan	nan	nan	nan	nan	nan	nan	nan	nan	nan	nan	nan	nan	nan	nan	nan	nan	nan	nan	nan	nan	nan	nan	nan	nan	nan	nan	nan	nan	nan	nan	nan	nan	nan	nan	nan	nan	nan	nan	nan	nan	nan	nan	nan	nan	nan	nan	nan	nan	nan	nan	nan	nan	nan	nan	nan	nan	nan	nan	nan	nan	nan	nan	nan	nan	nan	nan	nan	nan	nan	nan	nan	nan	nan	nan	nan	nan	nan	nan	nan	nan	nan	nan	nan	nan	nan	nan	nan	nan	nan	nan	nan	nan	needs_multistep_run	0.000000000000000e+00	random_20260821_014125.md
7.435050000000000e+01	3.375620000000000e+02	3.457030000000000e+02	6.948070000000000e+02	1.182780000000000e-01	7.261320000000000e+00	0.000000000000000e+00	-1.000000000000000e+30	tracing_not_set_coex_not_set	0	0	0	true	2.501832872983190e-01	true	8.312445753451167e+00	true	3.261496220000000e-04	3.129691370000000e-09	1.446370567154809e+00	1.219947900742888e+00	true	5.020356424495603e+00	8.038132052514847e+01	2.495665532862795e+00	2.313403854641653e-01	true	true	7.574870849129273e-01	7.335594410935615e-01	7.574870849129273e-01	1.387527382389140e-03	9.182520846519563e-01	3.690281786037725e+00	9.182520846519563e-01	1.000311022823758e-03	CMS:2019ogx	CMS:2012qwq	CMS:2019ogx	CMS:2020imj	LHC13 [H]->X1->Z(X2->[bb])	LHC8 [vbfH;HW;Htt;H;HZ]>[bb;tautau;WW;ZZ;gamgam]	LHC13 [H]->X1->Z(X2->[bb])	LHC13 [Hpmtb>tb]	4.005539689378594e+00	true	all checks passed	1	1.000790449688333e+00	2.506302458786860e-01	4.166540950859352e+00	-1.981825014255680e+00	-1.797990644336981e+00	6.948070000000000e+02	7.261320000000000e+00	9387.5655286315414	3760.777719159913	529.89519804092981	-3.5444884672842267	-0.12883176041425254	-0.051127437095686228	0	0.0058535737729578123	0	0	0	no_nlo_stability	not_set	not_set	not_set	0.629	nan	nan	nan	nan	nan	nan	nan	nan	nan	nan	nan	nan	nan	nan	nan	nan	nan	nan	nan	nan	nan	nan	nan	nan	nan	nan	nan	nan	nan	nan	nan	nan	nan	nan	nan	nan	nan	nan	nan	nan	nan	nan	nan	nan	nan	nan	nan	nan	nan	nan	nan	nan	nan	nan	nan	nan	nan	nan	nan	nan	nan	nan	nan	nan	nan	nan	nan	nan	nan	nan	nan	nan	nan	nan	not_set	nan	nan	nan	nan	nan	nan	nan	nan	nan	nan	nan	nan	nan	nan	nan	nan	nan	nan	nan	nan	nan	nan	nan	nan	nan	nan	nan	nan	nan	nan	nan	nan	nan	nan	nan	nan	nan	nan	nan	nan	nan	nan	nan	nan	nan	nan	nan	nan	nan	nan	nan	nan	nan	nan	nan	nan	nan	nan	nan	nan	nan	nan	nan	nan	nan	nan	nan	nan	nan	nan	nan	nan	nan	nan	nan	nan	nan	nan	nan	nan	nan	nan	nan	nan	nan	nan	nan	nan	nan	nan	nan	nan	nan	nan	nan	nan	nan	nan	nan	nan	nan	nan	nan	nan	nan	nan	nan	nan	nan	nan	nan	nan	nan	nan	nan	nan	nan	nan	nan	nan	nan	nan	nan	nan	nan	nan	nan	nan	nan	nan	nan	nan	nan	nan	nan	nan	nan	nan	nan	nan	nan	nan	nan	nan	nan	nan	nan	nan	needs_multistep_run	0.000000000000000e+00	random_20260817_233645.md
6.309380000000000e+01	3.102390000000000e+02	3.210450000000000e+02	2.827540000000000e+02	1.120060000000000e-01	7.680620000000000e+00	0.000000000000000e+00	-1.000000000000000e+30	tracing_not_set_coex_not_set	0	0	0	true	2.502958428366655e-01	true	1.059330397408520e+01	true	3.262225690000000e-04	3.128911030000000e-09	1.437150589916241e+00	1.225899246797394e+00	true	7.461994435147478e+00	8.038570578955135e+01	2.496074385968381e+00	2.313059032541152e-01	true	true	5.310934411094890e-01	7.366576364607056e-01	5.310934411094890e-01	1.476245640440495e-03	5.525462993985141e-01	3.705867726716117e+00	5.525462993985141e-01	9.142931194519681e-04	CMS:2019ogx	CMS:2012qwq	CMS:2019ogx	ATLAS:2021upq	LHC13 [H]->X1->Z(X2->[bb])	LHC8 [vbfH;HW;Htt;H;HZ]>[bb;tautau;WW;ZZ;gamgam]	LHC13 [H]->X1->Z(X2->[bb])	LHC13 [Hpmtb>tb]	4.559052358803143e+00	true	all checks passed	1	2.454812803917810e+00	2.507430025002630e-01	3.719159925345403e+00	-1.779413823557350e+00	-1.553964193575196e+00	2.827540000000000e+02	7.680620000000000e+00	9357.5271923726777	2648.2247813448462	512.50364696542545	-3.7335120720960346	-0.086496513263286418	-0.016981476394879621	0	0.0089633902021658655	0	0	0	no_nlo_stability	not_set	not_set	not_set	0.624	nan	nan	nan	nan	nan	nan	nan	nan	nan	nan	nan	nan	nan	nan	nan	nan	nan	nan	nan	nan	nan	nan	nan	nan	nan	nan	nan	nan	nan	nan	nan	nan	nan	nan	nan	nan	nan	nan	nan	nan	nan	nan	nan	nan	nan	nan	nan	nan	nan	nan	nan	nan	nan	nan	nan	nan	nan	nan	nan	nan	nan	nan	nan	nan	nan	nan	nan	nan	nan	nan	nan	nan	nan	nan	not_set	nan	nan	nan	nan	nan	nan	nan	nan	nan	nan	nan	nan	nan	nan	nan	nan	nan	nan	nan	nan	nan	nan	nan	nan	nan	nan	nan	nan	nan	nan	nan	nan	nan	nan	nan	nan	nan	nan	nan	nan	nan	nan	nan	nan	nan	nan	nan	nan	nan	nan	nan	nan	nan	nan	nan	nan	nan	nan	nan	nan	nan	nan	nan	nan	nan	nan	nan	nan	nan	nan	nan	nan	nan	nan	nan	nan	nan	nan	nan	nan	nan	nan	nan	nan	nan	nan	nan	nan	nan	nan	nan	nan	nan	nan	nan	nan	nan	nan	nan	nan	nan	nan	nan	nan	nan	nan	nan	nan	nan	nan	nan	nan	nan	nan	nan	nan	nan	nan	nan	nan	nan	nan	nan	nan	nan	nan	nan	nan	nan	nan	nan	nan	nan	nan	nan	nan	nan	nan	nan	nan	nan	nan	nan	nan	nan	nan	nan	nan	needs_multistep_run	0.000000000000000e+00	random_20260817_233645.md
7.272380000000000e+01	3.118230000000000e+02	2.969870000000000e+02	7.016710000000000e+02	1.371480000000000e-01	6.266680000000000e+00	0.000000000000000e+00	-1.000000000000000e+30	tracing_not_set_coex_not_set	0	0	0	true	2.475456362930095e-01	true	7.373809566186035e+00	true	3.252283540000000e-04	3.141010700000000e-09	1.565349455815284e+00	1.135248365213912e+00	true	6.498771331979661e+00	8.034127590876649e+01	2.493434283236237e+00	2.315561691067071e-01	true	true	7.275872683456177e-01	7.227479209057391e-01	7.275872683456177e-01	4.152338225259670e-03	7.416422466311181e-01	3.635892797506649e+00	7.416422466311181e-01	2.656712408868956e-03	CMS:2019ogx	CMS:2012qwq	CMS:2019ogx	ATLAS:2021upq	LHC13 [H]->X1->Z(X2->[bb])	LHC8 [vbfH;HW;Htt;H;HZ]>[bb;tautau;WW;ZZ;gamgam]	LHC13 [H]->X1->Z(X2->[bb])	LHC13 [Hpmtb>tb]	4.085819279302427e+00	true	all checks passed	1	1.177908780147020e+00	2.479878826451475e-01	3.146547171921060e+00	-1.233720947325587e+00	-1.532230602953850e+00	7.016710000000000e+02	6.266680000000000e+00	5587.7121859961826	1868.8870037643474	306.69033343069106	-1.3226970598887848	-0.06370640065193392	0.0098554841148015167	0	-0.015163168442759842	0	0	0	no_nlo_stability	not_set	not_set	not_set	0.53200000000000003	nan	nan	nan	nan	nan	nan	nan	nan	nan	nan	nan	nan	nan	nan	nan	nan	nan	nan	nan	nan	nan	nan	nan	nan	nan	nan	nan	nan	nan	nan	nan	nan	nan	nan	nan	nan	nan	nan	nan	nan	nan	nan	nan	nan	nan	nan	nan	nan	nan	nan	nan	nan	nan	nan	nan	nan	nan	nan	nan	nan	nan	nan	nan	nan	nan	nan	nan	nan	nan	nan	nan	nan	nan	nan	not_set	nan	nan	nan	nan	nan	nan	nan	nan	nan	nan	nan	nan	nan	nan	nan	nan	nan	nan	nan	nan	nan	nan	nan	nan	nan	nan	nan	nan	nan	nan	nan	nan	nan	nan	nan	nan	nan	nan	nan	nan	nan	nan	nan	nan	nan	nan	nan	nan	nan	nan	nan	nan	nan	nan	nan	nan	nan	nan	nan	nan	nan	nan	nan	nan	nan	nan	nan	nan	nan	nan	nan	nan	nan	nan	nan	nan	nan	nan	nan	nan	nan	nan	nan	nan	nan	nan	nan	nan	nan	nan	nan	nan	nan	nan	nan	nan	nan	nan	nan	nan	nan	nan	nan	nan	nan	nan	nan	nan	nan	nan	nan	nan	nan	nan	nan	nan	nan	nan	nan	nan	nan	nan	nan	nan	nan	nan	nan	nan	nan	nan	nan	nan	nan	nan	nan	nan	nan	nan	nan	nan	nan	nan	nan	nan	nan	nan	nan	nan	needs_multistep_run	0.000000000000000e+00	random_20260817_233645.md
8.314340000000000e+01	5.473110000000000e+02	5.513010000000000e+02	1.812940000000000e+03	8.599210000000000e-02	3.727040000000000e+00	0.000000000000000e+00	-1.000000000000000e+30	tracing_not_set_coex_not_set	0	0	0	true	2.497502501209312e-01	true	1.602269276467963e+01	true	3.238721370000000e-04	3.156346270000000e-09	1.749056783786067e+00	1.025356874469832e+00	true	3.530009060385911e+00	8.037841439223257e+01	2.495402870831418e+00	2.313618456725574e-01	true	true	9.327384184138755e-01	7.297989118895188e-01	9.327384184138755e-01	6.263428787623857e-03	1.027942538641438e+00	3.671363874754552e+00	1.027942538641438e+00	4.979090187318666e-03	CMS:2019ogx	CMS:2012qwq	CMS:2019ogx	ATLAS:2021upq	LHC13 [H]->X1->Z(X2->[bb])	LHC8 [vbfH;HW;Htt;H;HZ]>[bb;tautau;WW;ZZ;gamgam]	LHC13 [H]->X1->Z(X2->[bb])	LHC13 [Hpmtb>tb]	2.416134858211677e+00	true	all checks passed	1	2.879940504315172e-01	2.501964350697573e-01	1.010951140112772e+01	-4.975096266684319e+00	-4.830226748540356e+00	1.812940000000000e+03	3.727040000000000e+00	44282.345951755502	29197.259088478266	4050.0351385805338	-5.1473597038271572	-1.5899017893091871	-1.2583495636516548	0	-0.017334649083240915	0	0	0	no_nlo_stability	not_set	not_set	not_set	0.27700000000000002	nan	nan	nan	nan	nan	nan	nan	nan	nan	nan	nan	nan	nan	nan	nan	nan	nan	nan	nan	nan	nan	nan	nan	nan	nan	nan	nan	nan	nan	nan	nan	nan	nan	nan	nan	nan	nan	nan	nan	nan	nan	nan	nan	nan	nan	nan	nan	nan	nan	nan	nan	nan	nan	nan	nan	nan	nan	nan	nan	nan	nan	nan	nan	nan	nan	nan	nan	nan	nan	nan	nan	nan	nan	nan	not_set	nan	nan	nan	nan	nan	nan	nan	nan	nan	nan	nan	nan	nan	nan	nan	nan	nan	nan	nan	nan	nan	nan	nan	nan	nan	nan	nan	nan	nan	nan	nan	nan	nan	nan	nan	nan	nan	nan	nan	nan	nan	nan	nan	nan	nan	nan	nan	nan	nan	nan	nan	nan	nan	nan	nan	nan	nan	nan	nan	nan	nan	nan	nan	nan	nan	nan	nan	nan	nan	nan	nan	nan	nan	nan	nan	nan	nan	nan	nan	nan	nan	nan	nan	nan	nan	nan	nan	nan	nan	nan	nan	nan	nan	nan	nan	nan	nan	nan	nan	nan	nan	nan	nan	nan	nan	nan	nan	nan	nan	nan	nan	nan	nan	nan	nan	nan	nan	nan	nan	nan	nan	nan	nan	nan	nan	nan	nan	nan	nan	nan	nan	nan	nan	nan	nan	nan	nan	nan	nan	nan	nan	nan	nan	nan	nan	nan	nan	nan	needs_multistep_run	0.000000000000000e+00	random_20260901_123420.md
1.144010000000000e+02	3.024300000000000e+02	3.048460000000000e+02	9.693990000000000e+02	1.303590000000000e-01	1.231360000000000e+01	0.000000000000000e+00	-1.000000000000000e+30	tracing_not_set_coex_not_set	0	0	0	true	2.562671528603924e-01	true	1.150091805036267e+01	true	3.271889630000000e-04	3.117184590000000e-09	1.317787631621522e+00	1.317076065796289e+00	true	5.683659621841983e-01	8.036731646147189e+01	2.494764965445269e+00	2.314428153021808e-01	true	true	7.849883237014429e-01	7.386513088422135e-01	5.018653593850920e-01	3.974690947793616e-04	1.275145141864308e+00	3.715897197355656e+00	4.064162983949933e-01	2.465672562838483e-04	ATLAS:2014vuz	CMS:2012qwq	CMS:2019qcx	ATLAS:2021upq	LHC8 [HW;HZ]>[bb]	LHC8 [vbfH;HW;Htt;H;HZ]>[bb;tautau;WW;ZZ;gamgam]	LHC13 [ggH]->X1->Z(X2->[bb])	LHC13 [Hpmtb>tb]	5.532182653655724e+00	true	all checks passed	1	3.185090533246096e+00	2.567249804158381e-01	2.979533625546632e+00	-1.361338243196387e+00	-1.312849287680490e+00	9.693990000000000e+02	1.231360000000000e+01	7347.0981247974833	1549.7084060897334	139.2975899287274	-4.4563598996865297	-0.056616543309118972	-0.020487439325189902	0	7.2568734157515068e-05	0	0	0	no_nlo_stability	not_set	not_set	not_set	0.46600000000000003	nan	nan	nan	nan	nan	nan	nan	nan	nan	nan	nan	nan	nan	nan	nan	nan	nan	nan	nan	nan	nan	nan	nan	nan	nan	nan	nan	nan	nan	nan	nan	nan	nan	nan	nan	nan	nan	nan	nan	nan	nan	nan	nan	nan	nan	nan	nan	nan	nan	nan	nan	nan	nan	nan	nan	nan	nan	nan	nan	nan	nan	nan	nan	nan	nan	nan	nan	nan	nan	nan	nan	nan	nan	nan	not_set	nan	nan	nan	nan	nan	nan	nan	nan	nan	nan	nan	nan	nan	nan	nan	nan	nan	nan	nan	nan	nan	nan	nan	nan	nan	nan	nan	nan	nan	nan	nan	nan	nan	nan	nan	nan	nan	nan	nan	nan	nan	nan	nan	nan	nan	nan	nan	nan	nan	nan	nan	nan	nan	nan	nan	nan	nan	nan	nan	nan	nan	nan	nan	nan	nan	nan	nan	nan	nan	nan	nan	nan	nan	nan	nan	nan	nan	nan	nan	nan	nan	nan	nan	nan	nan	nan	nan	nan	nan	nan	nan	nan	nan	nan	nan	nan	nan	nan	nan	nan	nan	nan	nan	nan	nan	nan	nan	nan	nan	nan	nan	nan	nan	nan	nan	nan	nan	nan	nan	nan	nan	nan	nan	nan	nan	nan	nan	nan	nan	nan	nan	nan	nan	nan	nan	nan	nan	nan	nan	nan	nan	nan	nan	nan	nan	nan	nan	nan	needs_multistep_run	0.000000000000000e+00	random_20260817_233645.md
7.299280000000000e+01	2.954480000000000e+02	3.017420000000000e+02	6.889870000000000e+02	1.550470000000000e-01	7.028000000000000e+00	0.000000000000000e+00	-1.000000000000000e+30	tracing_not_set_coex_not_set	0	0	0	true	2.464610973474190e-01	true	7.292607955214422e+00	true	3.257946310000000e-04	3.134111690000000e-09	1.491659696471364e+00	1.186509208022070e+00	true	2.768167534479223e+00	8.037623462877035e+01	2.495378666541878e+00	2.313663874476910e-01	true	true	4.801403409471650e-01	7.185972398969901e-01	4.801403409471650e-01	2.642948794877080e-03	4.890997092183001e-01	3.615012168523938e+00	4.890997092183001e-01	1.640008883598749e-03	CMS:2019ogx	CMS:2012qwq	CMS:2019ogx	ATLAS:2021upq	LHC13 [H]->X1->Z(X2->[bb])	LHC8 [vbfH;HW;Htt;H;HZ]>[bb;tautau;WW;ZZ;gamgam]	LHC13 [H]->X1->Z(X2->[bb])	LHC13 [Hpmtb>tb]	4.526830491145802e+00	true	all checks passed	1	1.138932745921643e+00	2.469014061441244e-01	3.268862714138510e+00	-1.485007489127144e+00	-1.360785337630019e+00	6.889870000000000e+02	7.028000000000000e+00	6188.5957142988955	1814.9033232882907	374.87944062564412	-2.2493937729038485	-0.060929325606945833	0.0057517376754893379	0	0.0046226807206414021	0	0	0	no_nlo_stability	not_set	not_set	not_set	0.48999999999999999	nan	nan	nan	nan	nan	nan	nan	nan	nan	nan	nan	nan	nan	nan	nan	nan	nan	nan	nan	nan	nan	nan	nan	nan	nan	nan	nan	nan	nan	nan	nan	nan	nan	nan	nan	nan	nan	nan	nan	nan	nan	nan	nan	nan	nan	nan	nan	nan	nan	nan	nan	nan	nan	nan	nan	nan	nan	nan	nan	nan	nan	nan	nan	nan	nan	nan	nan	nan	nan	nan	nan	nan	nan	nan	not_set	nan	nan	nan	nan	nan	nan	nan	nan	nan	nan	nan	nan	nan	nan	nan	nan	nan	nan	nan	nan	nan	nan	nan	nan	nan	nan	nan	nan	nan	nan	nan	nan	nan	nan	nan	nan	nan	nan	nan	nan	nan	nan	nan	nan	nan	nan	nan	nan	nan	nan	nan	nan	nan	nan	nan	nan	nan	nan	nan	nan	nan	nan	nan	nan	nan	nan	nan	nan	nan	nan	nan	nan	nan	nan	nan	nan	nan	nan	nan	nan	nan	nan	nan	nan	nan	nan	nan	nan	nan	nan	nan	nan	nan	nan	nan	nan	nan	nan	nan	nan	nan	nan	nan	nan	nan	nan	nan	nan	nan	nan	nan	nan	nan	nan	nan	nan	nan	nan	nan	nan	nan	nan	nan	nan	nan	nan	nan	nan	nan	nan	nan	nan	nan	nan	nan	nan	nan	nan	nan	nan	nan	nan	nan	nan	nan	nan	nan	nan	needs_multistep_run	0.000000000000000e+00	random_20260815_194935.md
7.152100000000000e+01	3.428740000000000e+02	3.348230000000000e+02	6.874900000000000e+02	1.268470000000000e-01	7.487710000000000e+00	0.000000000000000e+00	-1.000000000000000e+30	tracing_not_set_coex_not_set	0	0	0	true	2.491333324123596e-01	true	7.541124942366645e+00	true	3.262024520000000e-04	3.129086270000000e-09	1.439690290338799e+00	1.224561499435348e+00	true	2.302022999544030e+00	8.035038847473436e+01	2.493968974636626e+00	2.315046750963446e-01	true	true	8.385215123017132e-01	7.311317744641684e-01	8.385215123017132e-01	1.513770472389657e-03	1.146375469475339e+00	3.678069041653077e+00	1.146375469475339e+00	9.360750014236431e-04	CMS:2019ogx	CMS:2012qwq	CMS:2019ogx	ATLAS:2021upq	LHC13 [H]->X1->Z(X2->[bb])	LHC8 [vbfH;HW;Htt;H;HZ]>[bb;tautau;WW;ZZ;gamgam]	LHC13 [H]->X1->Z(X2->[bb])	LHC13 [Hpmtb>tb]	4.142974189840317e+00	true	all checks passed	1	6.241559802267639e-01	2.495784152225649e-01	3.947216166668583e+00	-1.675767751425970e+00	-1.856088279782109e+00	6.874900000000000e+02	7.487710000000000e+00	8029.0485621770249	3489.2741190354382	422.30486628409483	-3.1086368949880869	-0.11834443737073604	-0.030484634625031936	0	-0.00879658359639412	0	0	0	no_nlo_stability	not_set	not_set	not_set	0.64600000000000002	nan	nan	nan	nan	nan	nan	nan	nan	nan	nan	nan	nan	nan	nan	nan	nan	nan	nan	nan	nan	nan	nan	nan	nan	nan	nan	nan	nan	nan	nan	nan	nan	nan	nan	nan	nan	nan	nan	nan	nan	nan	nan	nan	nan	nan	nan	nan	nan	nan	nan	nan	nan	nan	nan	nan	nan	nan	nan	nan	nan	nan	nan	nan	nan	nan	nan	nan	nan	nan	nan	nan	nan	nan	nan	not_set	nan	nan	nan	nan	nan	nan	nan	nan	nan	nan	nan	nan	nan	nan	nan	nan	nan	nan	nan	nan	nan	nan	nan	nan	nan	nan	nan	nan	nan	nan	nan	nan	nan	nan	nan	nan	nan	nan	nan	nan	nan	nan	nan	nan	nan	nan	nan	nan	nan	nan	nan	nan	nan	nan	nan	nan	nan	nan	nan	nan	nan	nan	nan	nan	nan	nan	nan	nan	nan	nan	nan	nan	nan	nan	nan	nan	nan	nan	nan	nan	nan	nan	nan	nan	nan	nan	nan	nan	nan	nan	nan	nan	nan	nan	nan	nan	nan	nan	nan	nan	nan	nan	nan	nan	nan	nan	nan	nan	nan	nan	nan	nan	nan	nan	nan	nan	nan	nan	nan	nan	nan	nan	nan	nan	nan	nan	nan	nan	nan	nan	nan	nan	nan	nan	nan	nan	nan	nan	nan	nan	nan	nan	nan	nan	nan	nan	nan	nan	needs_multistep_run	0.000000000000000e+00	random_20260818_171759.md
1.022750000000000e+02	2.639240000000000e+02	2.455590000000000e+02	1.109420000000000e+03	1.649260000000000e-01	9.350569999999999e+00	0.000000000000000e+00	-1.000000000000000e+30	tracing_not_set_coex_not_set	0	0	0	true	2.524746600953446e-01	true	4.825105672856128e+00	true	3.264711100000000e-04	3.126018420000000e-09	1.405958129174796e+00	1.248086375496984e+00	true	5.291638109707946e+00	8.034316309762262e+01	2.493422424072186e+00	2.315721189945202e-01	true	true	1.533962030529024e-01	7.218700788249139e-01	1.533962030529024e-01	6.304604006242308e-04	1.964800846754161e-01	3.631476680065563e+00	1.964800846754161e-01	1.080386971620755e-03	CMS:2019ogx	CMS:2012qwq	CMS:2019ogx	CMS:2020imj	LHC13 [H]->X1->Z(X2->[bb])	LHC8 [vbfH;HW;Htt;H;HZ]>[bb;tautau;WW;ZZ;gamgam]	LHC13 [H]->X1->Z(X2->[bb])	LHC13 [Hpmtb>tb]	4.690813998277605e+00	true	all checks passed	1	6.719830041605618e-01	2.529257122694266e-01	2.028487714332274e+00	-6.684217480367206e-01	-9.776508872726248e-01	1.109420000000000e+03	9.350569999999999e+00	2007.5275274555079	243.29972679188731	39.44316606690542	-0.71274457764904275	-0.023434848629885482	0.027127743570638949	0	-0.014160972812761189	0	0	0	no_nlo_stability	not_set	not_set	not_set	0.435	nan	nan	nan	nan	nan	nan	nan	nan	nan	nan	nan	nan	nan	nan	nan	nan	nan	nan	nan	nan	nan	nan	nan	nan	nan	nan	nan	nan	nan	nan	nan	nan	nan	nan	nan	nan	nan	nan	nan	nan	nan	nan	nan	nan	nan	nan	nan	nan	nan	nan	nan	nan	nan	nan	nan	nan	nan	nan	nan	nan	nan	nan	nan	nan	nan	nan	nan	nan	nan	nan	nan	nan	nan	nan	not_set	nan	nan	nan	nan	nan	nan	nan	nan	nan	nan	nan	nan	nan	nan	nan	nan	nan	nan	nan	nan	nan	nan	nan	nan	nan	nan	nan	nan	nan	nan	nan	nan	nan	nan	nan	nan	nan	nan	nan	nan	nan	nan	nan	nan	nan	nan	nan	nan	nan	nan	nan	nan	nan	nan	nan	nan	nan	nan	nan	nan	nan	nan	nan	nan	nan	nan	nan	nan	nan	nan	nan	nan	nan	nan	nan	nan	nan	nan	nan	nan	nan	nan	nan	nan	nan	nan	nan	nan	nan	nan	nan	nan	nan	nan	nan	nan	nan	nan	nan	nan	nan	nan	nan	nan	nan	nan	nan	nan	nan	nan	nan	nan	nan	nan	nan	nan	nan	nan	nan	nan	nan	nan	nan	nan	nan	nan	nan	nan	nan	nan	nan	nan	nan	nan	nan	nan	nan	nan	nan	nan	nan	nan	nan	nan	nan	nan	nan	nan	needs_multistep_run	0.000000000000000e+00	random_20260831_090924.md
1.003400000000000e+02	2.864460000000000e+02	2.825650000000000e+02	9.162340000000000e+01	1.944590000000000e-01	5.300620000000000e+00	0.000000000000000e+00	-1.000000000000000e+30	tracing_success_coex_no_coex_pair	0	0	0	true	2.534115511015867e-01	true	1.612861264504065e+01	true	3.240257390000000e-04	3.155734370000000e-09	1.727738815778731e+00	1.029634494640866e+00	true	3.905459775050103e-01	8.035909699840556e+01	2.494249140370273e+00	2.314805961782695e-01	true	true	4.962276466604085e-01	6.899090014817957e-01	4.962276466604085e-01	1.003520306989095e-02	6.797656595003400e-01	3.470691643469723e+00	6.797656595003400e-01	7.240998358937482e-03	CMS:2019ogx	CMS:2012qwq	CMS:2019ogx	ATLAS:2021upq	LHC13 [H]->X1->Z(X2->[bb])	LHC8 [vbfH;HW;Htt;H;HZ]>[bb;tautau;WW;ZZ;gamgam]	LHC13 [H]->X1->Z(X2->[bb])	LHC13 [Hpmtb>tb]	5.670584263694280e+00	true	all checks passed	1	4.978917023034953e+00	2.538642770544354e-01	2.804846744702322e+00	-1.274567078055337e+00	-1.347550477189451e+00	9.162340000000000e+01	5.300620000000000e+00	7776.2508684865461	1224.5798749695871	386.55310034381483	-0.08549143743272386	-0.046060203443670754	0.0026854003316593654	0	-0.0030293510334140645	0	0	0	success	non_bfb	success	no_coex_pair	14.215	nan	nan	nan	nan	nan	nan	nan	nan	nan	nan	nan	nan	nan	nan	nan	nan	nan	nan	nan	nan	nan	nan	nan	nan	nan	nan	nan	nan	nan	nan	nan	nan	nan	nan	nan	nan	nan	nan	nan	nan	nan	nan	nan	nan	nan	nan	nan	nan	nan	nan	nan	nan	nan	nan	nan	nan	nan	nan	nan	nan	nan	nan	nan	nan	nan	nan	nan	nan	nan	nan	nan	nan	nan	nan	not_set	nan	nan	nan	nan	nan	nan	nan	nan	nan	nan	nan	nan	nan	nan	nan	nan	nan	nan	nan	nan	nan	nan	nan	nan	nan	nan	nan	nan	nan	nan	nan	nan	nan	nan	nan	nan	nan	nan	nan	nan	nan	nan	nan	nan	nan	nan	nan	nan	nan	nan	nan	nan	nan	nan	nan	nan	nan	nan	nan	nan	nan	nan	nan	nan	nan	nan	nan	nan	nan	nan	nan	nan	nan	nan	nan	nan	nan	nan	nan	nan	nan	nan	nan	nan	nan	nan	nan	nan	nan	nan	nan	nan	nan	nan	nan	nan	nan	nan	nan	nan	nan	nan	nan	nan	nan	nan	nan	nan	nan	nan	nan	nan	nan	nan	nan	nan	nan	nan	nan	nan	nan	nan	nan	nan	nan	nan	nan	nan	nan	nan	nan	nan	nan	nan	nan	nan	nan	nan	nan	nan	nan	nan	nan	nan	nan	nan	nan	nan	needs_multistep_run	0.000000000000000e+00	random_20260831_090924.md
8.668989999999999e+01	4.005180000000000e+02	3.978800000000000e+02	5.571580000000000e+02	9.982790000000000e-02	1.214280000000000e+01	0.000000000000000e+00	-1.000000000000000e+30	tracing_not_set_coex_not_set	0	0	0	true	2.543018270041304e-01	true	1.309922496709125e+01	true	3.273222810000000e-04	3.115525180000000e-09	1.301727149703493e+00	1.330242630368994e+00	true	4.028062941735165e-01	8.035921718274587e+01	2.494350998709783e+00	2.314684900969654e-01	true	true	3.533270182623993e-01	7.470566120698728e-01	3.533270182623993e-01	0.000000000000000e+00	2.740401037062651e-01	3.758181347309360e+00	2.740401037062651e-01	0.000000000000000e+00	CMS:2019ogx	CMS:2012qwq	CMS:2019ogx		LHC13 [H]->X1->Z(X2->[bb])	LHC8 [vbfH;HW;Htt;H;HZ]>[bb;tautau;WW;ZZ;gamgam]	LHC13 [H]->X1->Z(X2->[bb])		4.515446110274553e+00	true	all checks passed	1	2.491856167415194e+00	2.547561434567198e-01	5.411281589121508e+00	-2.468619513809178e+00	-2.538226689564349e+00	5.571580000000000e+02	1.214280000000000e+01	16550.78583102415	7481.6400500304317	394.20421861581974	-11.867516547165266	-0.29197838084714467	-0.2699509398723135	0	-0.00091892914115187607	0	0	0	no_nlo_stability	not_set	not_set	not_set	0.64900000000000002	nan	nan	nan	nan	nan	nan	nan	nan	nan	nan	nan	nan	nan	nan	nan	nan	nan	nan	nan	nan	nan	nan	nan	nan	nan	nan	nan	nan	nan	nan	nan	nan	nan	nan	nan	nan	nan	nan	nan	nan	nan	nan	nan	nan	nan	nan	nan	nan	nan	nan	nan	nan	nan	nan	nan	nan	nan	nan	nan	nan	nan	nan	nan	nan	nan	nan	nan	nan	nan	nan	nan	nan	nan	nan	not_set	nan	nan	nan	nan	nan	nan	nan	nan	nan	nan	nan	nan	nan	nan	nan	nan	nan	nan	nan	nan	nan	nan	nan	nan	nan	nan	nan	nan	nan	nan	nan	nan	nan	nan	nan	nan	nan	nan	nan	nan	nan	nan	nan	nan	nan	nan	nan	nan	nan	nan	nan	nan	nan	nan	nan	nan	nan	nan	nan	nan	nan	nan	nan	nan	nan	nan	nan	nan	nan	nan	nan	nan	nan	nan	nan	nan	nan	nan	nan	nan	nan	nan	nan	nan	nan	nan	nan	nan	nan	nan	nan	nan	nan	nan	nan	nan	nan	nan	nan	nan	nan	nan	nan	nan	nan	nan	nan	nan	nan	nan	nan	nan	nan	nan	nan	nan	nan	nan	nan	nan	nan	nan	nan	nan	nan	nan	nan	nan	nan	nan	nan	nan	nan	nan	nan	nan	nan	nan	nan	nan	nan	nan	nan	nan	nan	nan	nan	nan	needs_multistep_run	0.000000000000000e+00	random_20260816_190714.md
