mH	mA	mHc	m12sq	sba	tb	SNR	log10_SNR	status	chain	step	accepted	th_stability	th_bfb_val	th_unitarity	th_unitarimax	th_flavor	th_flbsgamma	th_flbsmumu	th_b2sgam_chisq	th_bs2mumu_chisq	th_ewpo	th_chisq_stu	th_MW2L	th_GammaZtot	th_s2w	th_collider_hb	th_collider_hs	th_obsratio_h	th_obsratio_H	th_obsratio_A	th_obsratio_Hp	th_expratio_h	th_expratio_H	th_expratio_A	th_expratio_Hp	th_channel_h	th_channel_H	th_channel_A	th_channel_Hp	th_process_h	th_process_H	th_process_A	th_process_Hp	th_delta_chisqhs	th_passed	th_message	yuktype	L1	L2	L3	L4	L5	m12sq_calgw	tbeta	Dm11sq	Dm22sq	Dm12sq	DL1	DL2	DL3	DL4	DL5	DT1	DT2	DT3	status_nlo_stability	status_ewsr	status_tracing	status_coex_pairs	runtime	status_crit_0	T_crit_0	omega_CB_crit_false_0	omega_1_crit_false_0	omega_2_crit_false_0	omega_CP_crit_false_0	omega_CB_crit_true_0	omega_1_crit_true_0	omega_2_crit_true_0	omega_CP_crit_true_0	status_bounce_sol_0	status_nucl_approx_0	T_nucl_approx_0	omega_CB_nucl_approx_false_0	omega_1_nucl_approx_false_0	omega_2_nucl_approx_false_0	omega_CP_nucl_approx_false_0	omega_CB_nucl_approx_true_0	omega_1_nucl_approx_true_0	omega_2_nucl_approx_true_0	omega_CP_nucl_approx_true_0	status_nucl_0	T_nucl_0	omega_CB_nucl_false_0	omega_1_nucl_false_0	omega_2_nucl_false_0	omega_CP_nucl_false_0	omega_CB_nucl_true_0	omega_1_nucl_true_0	omega_2_nucl_true_0	omega_CP_nucl_true_0	status_perc_0	T_perc_0	omega_CB_perc_false_0	omega_1_perc_false_0	omega_2_perc_false_0	omega_CP_perc_false_0	omega_CB_perc_true_0	omega_1_perc_true_0	omega_2_perc_true_0	omega_CP_perc_true_0	status_compl_0	T_compl_0	omega_CB_compl_false_0	omega_1_compl_false_0	omega_2_compl_false_0	omega_CP_compl_false_0	omega_CB_compl_true_0	omega_1_compl_true_0	omega_2_compl_true_0	omega_CP_compl_true_0	status_gw_0	T_star_0	T_reh_0	v_wall_0	alpha_PT_0	beta/H_0	kappa_col_0	kappa_sw_0	eps_turb_0	cs_f_0	cs_t_0	fb_col_0	h2Omegab_col_0	f_1_sw_0	f_2_sw_0	h2Omega_2_sw_0	f_1_turb_0	f_2_turb_0	h2Omega_2_turb_0	SNR(LISA-3yrs)_col_0	SNR(LISA-3yrs)_sw_0	SNR(LISA-3yrs)_turb_0	SNR(LISA-3yrs)_0	transition_history	status_crit_1	T_crit_1	omega_CB_crit_false_1	omega_1_crit_false_1	omega_2_crit_false_1	omega_CP_crit_false_1	omega_CB_crit_true_1	omega_1_crit_true_1	omega_2_crit_true_1	omega_CP_crit_true_1	status_bounce_sol_1	status_nucl_approx_1	T_nucl_approx_1	omega_CB_nucl_approx_false_1	omega_1_nucl_approx_false_1	omega_2_nucl_approx_false_1	omega_CP_nucl_approx_false_1	omega_CB_nucl_approx_true_1	omega_1_nucl_approx_true_1	omega_2_nucl_approx_true_1	omega_CP_nucl_approx_true_1	status_nucl_1	T_nucl_1	omega_CB_nucl_false_1	omega_1_nucl_false_1	omega_2_nucl_false_1	omega_CP_nucl_false_1	omega_CB_nucl_true_1	omega_1_nucl_true_1	omega_2_nucl_true_1	omega_CP_nucl_true_1	status_perc_1	T_perc_1	omega_CB_perc_false_1	omega_1_perc_false_1	omega_2_perc_false_1	omega_CP_perc_false_1	omega_CB_perc_true_1	omega_1_perc_true_1	omega_2_perc_true_1	omega_CP_perc_true_1	status_compl_1	T_compl_1	omega_CB_compl_false_1	omega_1_compl_false_1	omega_2_compl_false_1	omega_CP_compl_false_1	omega_CB_compl_true_1	omega_1_compl_true_1	omega_2_compl_true_1	omega_CP_compl_true_1	status_gw_1	T_star_1	T_reh_1	v_wall_1	alpha_PT_1	beta/H_1	kappa_col_1	kappa_sw_1	eps_turb_1	cs_f_1	cs_t_1	fb_col_1	h2Omegab_col_1	f_1_sw_1	f_2_sw_1	h2Omega_2_sw_1	f_1_turb_1	f_2_turb_1	h2Omega_2_turb_1	SNR(LISA-3yrs)_col_1	SNR(LISA-3yrs)_sw_1	SNR(LISA-3yrs)_turb_1	SNR(LISA-3yrs)_1	status_crit_2	T_crit_2	omega_CB_crit_false_2	omega_1_crit_false_2	omega_2_crit_false_2	omega_CP_crit_false_2	omega_CB_crit_true_2	omega_1_crit_true_2	omega_2_crit_true_2	omega_CP_crit_true_2	status_bounce_sol_2	status_nucl_approx_2	T_nucl_approx_2	omega_CB_nucl_approx_false_2	omega_1_nucl_approx_false_2	omega_2_nucl_approx_false_2	omega_CP_nucl_approx_false_2	omega_CB_nucl_approx_true_2	omega_1_nucl_approx_true_2	omega_2_nucl_approx_true_2	omega_CP_nucl_approx_true_2	status_nucl_2	T_nucl_2	omega_CB_nucl_false_2	omega_1_nucl_false_2	omega_2_nucl_false_2	omega_CP_nucl_false_2	omega_CB_nucl_true_2	omega_1_nucl_true_2	omega_2_nucl_true_2	omega_CP_nucl_true_2	status_perc_2	T_perc_2	omega_CB_perc_false_2	omega_1_perc_false_2	omega_2_perc_false_2	omega_CP_perc_false_2	omega_CB_perc_true_2	omega_1_perc_true_2	omega_2_perc_true_2	omega_CP_perc_true_2	status_compl_2	T_compl_2	omega_CB_compl_false_2	omega_1_compl_false_2	omega_2_compl_false_2	omega_CP_compl_false_2	omega_CB_compl_true_2	omega_1_compl_true_2	omega_2_compl_true_2	omega_CP_compl_true_2	status_gw_2	T_star_2	T_reh_2	v_wall_2	alpha_PT_2	beta/H_2	kappa_col_2	kappa_sw_2	eps_turb_2	cs_f_2	cs_t_2	fb_col_2	h2Omegab_col_2	f_1_sw_2	f_2_sw_2	h2Omega_2_sw_2	f_1_turb_2	f_2_turb_2	h2Omega_2_turb_2	SNR(LISA-3yrs)_col_2	SNR(LISA-3yrs)_sw_2	SNR(LISA-3yrs)_turb_2	SNR(LISA-3yrs)_2	multistep_status	SNR_total	source
9.775760000000000e+01	2.406290000000000e+02	2.456870000000000e+02	6.496160000000000e+02	2.246640000000000e-02	8.844900000000001e+00	0.000000000000000e+00	-1.000000000000000e+30	tracing_success_coex_no_coex_pair	0	0	0	true	2.579654680836530e-01	true	1.599965155668739e+01	true	3.308966940000000e-04	3.469978050000000e-09	9.078384712732323e-01	4.745808344857297e-03	true	9.467544117438949e-01	8.036977416242375e+01	2.494888389506445e+00	2.314238871339245e-01	true	true	2.307337396419652e-01	7.616977955727809e-01	2.307337396419652e-01	7.070327996366952e-04	2.146340823024334e-01	3.831836036732036e+00	2.146340823024334e-01	1.214424525156080e-03	CMS:2019ogx	CMS:2012qwq	CMS:2019ogx	CMS:2020imj	LHC13 [H]->X1->Z(X2->[bb])	LHC8 [vbfH;HW;Htt;H;HZ]>[bb;tautau;WW;ZZ;gamgam]	LHC13 [H]->X1->Z(X2->[bb])	LHC13 [Hpmtb>tb]	5.112162188246970e+00	true	all checks passed	1	5.133374006448836e+00	2.584263297209090e-01	2.018597756092125e+00	-9.419435269409494e-01	-8.606497756024601e-01	6.496160000000000e+02	8.844900000000001e+00	6119.6599747590872	92.290373491214382	220.21021939586618	-1.4426236860398824	-0.021426837104740797	0.05844786332418888	0	0.0022184469600218266	0	0	0	success	non_bfb	success	no_coex_pair	39.591000000000001	nan	nan	nan	nan	nan	nan	nan	nan	nan	nan	nan	nan	nan	nan	nan	nan	nan	nan	nan	nan	nan	nan	nan	nan	nan	nan	nan	nan	nan	nan	nan	nan	nan	nan	nan	nan	nan	nan	nan	nan	nan	nan	nan	nan	nan	nan	nan	nan	nan	nan	nan	nan	nan	nan	nan	nan	nan	nan	nan	nan	nan	nan	nan	nan	nan	nan	nan	nan	nan	nan	nan	nan	nan	nan	not_set	nan	nan	nan	nan	nan	nan	nan	nan	nan	nan	nan	nan	nan	nan	nan	nan	nan	nan	nan	nan	nan	nan	nan	nan	nan	nan	nan	nan	nan	nan	nan	nan	nan	nan	nan	nan	nan	nan	nan	nan	nan	nan	nan	nan	nan	nan	nan	nan	nan	nan	nan	nan	nan	nan	nan	nan	nan	nan	nan	nan	nan	nan	nan	nan	nan	nan	nan	nan	nan	nan	nan	nan	nan	nan	nan	nan	nan	nan	nan	nan	nan	nan	nan	nan	nan	nan	nan	nan	nan	nan	nan	nan	nan	nan	nan	nan	nan	nan	nan	nan	nan	nan	nan	nan	nan	nan	nan	nan	nan	nan	nan	nan	nan	nan	nan	nan	nan	nan	nan	nan	nan	nan	nan	nan	nan	nan	nan	nan	nan	nan	nan	nan	nan	nan	nan	nan	nan	nan	nan	nan	nan	nan	nan	nan	nan	nan	nan	nan	needs_multistep_run	0.000000000000000e+00	random_20260831_095826.md
7.523449638214895e+01	4.523407817207581e+02	4.458881100380839e+02	6.090972778087488e+02	2.229768520382660e-02	6.092892350730450e+00	0.000000000000000e+00	-1.000000000000000e+30	tracing_not_set_coex_not_set	0	0	0	true	2.572750567665353e-01	true	1.293733701767620e+01	true	3.305634710000000e-04	3.473816560000000e-09	9.415667633458238e-01	6.744691203728899e-03	true	2.889719819778036e+00	8.034877636438824e+01	2.493833974910975e+00	2.315159497900833e-01	true	true	6.865947309556937e-01	7.602285065176060e-01	6.865947309556937e-01	3.773466552401034e-02	7.703960348515827e-01	3.824444555776309e+00	7.703960348515827e-01	2.754979285220606e-02	CMS:2019ogx	CMS:2012qwq	CMS:2019ogx	ATLAS:2021upq	LHC13 [H]->X1->Z(X2->[bb])	LHC8 [vbfH;HW;Htt;H;HZ]>[bb;tautau;WW;ZZ;gamgam]	LHC13 [H]->X1->Z(X2->[bb])	LHC13 [Hpmtb>tb]	4.561188139140967e+00	true	all checks passed	1	1.440206133217979e+00	2.577346849670357e-01	6.693983996252661e+00	-3.126596237345894e+00	-3.318148095843219e+00	6.090972778087488e+02	6.092892350730450e+00	24146.139367564076	12419.599782279891	1412.5861938553373	-5.9315133321263449	-0.54645255945526472	-0.45565508137181182	0	0.0019353754668615026	0	0	0	no_nlo_stability	not_set	not_set	not_set	1.014	nan	nan	nan	nan	nan	nan	nan	nan	nan	nan	nan	nan	nan	nan	nan	nan	nan	nan	nan	nan	nan	nan	nan	nan	nan	nan	nan	nan	nan	nan	nan	nan	nan	nan	nan	nan	nan	nan	nan	nan	nan	nan	nan	nan	nan	nan	nan	nan	nan	nan	nan	nan	nan	nan	nan	nan	nan	nan	nan	nan	nan	nan	nan	nan	nan	nan	nan	nan	nan	nan	nan	nan	nan	nan	not_set	nan	nan	nan	nan	nan	nan	nan	nan	nan	nan	nan	nan	nan	nan	nan	nan	nan	nan	nan	nan	nan	nan	nan	nan	nan	nan	nan	nan	nan	nan	nan	nan	nan	nan	nan	nan	nan	nan	nan	nan	nan	nan	nan	nan	nan	nan	nan	nan	nan	nan	nan	nan	nan	nan	nan	nan	nan	nan	nan	nan	nan	nan	nan	nan	nan	nan	nan	nan	nan	nan	nan	nan	nan	nan	nan	nan	nan	nan	nan	nan	nan	nan	nan	nan	nan	nan	nan	nan	nan	nan	nan	nan	nan	nan	nan	nan	nan	nan	nan	nan	nan	nan	nan	nan	nan	nan	nan	nan	nan	nan	nan	nan	nan	nan	nan	nan	nan	nan	nan	nan	nan	nan	nan	nan	nan	nan	nan	nan	nan	nan	nan	nan	nan	nan	nan	nan	nan	nan	nan	nan	nan	nan	nan	nan	nan	nan	nan	nan	needs_multistep_run	0.000000000000000e+00	random_20260831_095833.md
1.245600496548170e+02	5.151956641646765e+02	5.159068339900819e+02	1.461175768492147e+03	5.268125337097418e-03	9.869363051090341e+00	0.000000000000000e+00	-1.000000000000000e+30	tracing_not_set_coex_not_set	0	0	0	true	2.578939944408141e-01	true	1.617639983416597e+01	true	3.318259780000000e-04	3.457479900000000e-09	8.170277885221191e-01	6.652663972651657e-04	true	4.824912530255550e-01	8.036629260768385e+01	2.494719186028609e+00	2.314465156958264e-01	true	true	7.721652735074035e-01	7.721652735074035e-01	6.416653846269151e-01	7.135888825231295e-04	3.884494268640692e+00	3.884494268640692e+00	1.208958263183077e+00	5.832087918132925e-04	CMS:2012qwq	CMS:2012qwq	ATLAS:2022enb	ATLAS:2021upq	LHC8 [vbfH;HW;Htt;H;HZ]>[bb;tautau;WW;ZZ;gamgam]	LHC8 [vbfH;HW;Htt;H;HZ]>[bb;tautau;WW;ZZ;gamgam]	LHC13 [H]->X1->Z(X2->[bb])	LHC13 [Hpmtb>tb]	5.149833757916781e+00	true	all checks passed	1	1.781487406538932e+00	2.583547283886538e-01	8.557509330957576e+00	-4.169545649443840e+00	-4.145311100445633e+00	1.461175768492147e+03	9.869363051090341e+00	30965.538780543076	19841.276777384177	607.75066041864773	-9.985903375090647	-1.0501034402711056	-1.1077810757649535	0	-0.0041444680160058634	0	0	0	no_nlo_stability	not_set	not_set	not_set	1.0820000000000001	nan	nan	nan	nan	nan	nan	nan	nan	nan	nan	nan	nan	nan	nan	nan	nan	nan	nan	nan	nan	nan	nan	nan	nan	nan	nan	nan	nan	nan	nan	nan	nan	nan	nan	nan	nan	nan	nan	nan	nan	nan	nan	nan	nan	nan	nan	nan	nan	nan	nan	nan	nan	nan	nan	nan	nan	nan	nan	nan	nan	nan	nan	nan	nan	nan	nan	nan	nan	nan	nan	nan	nan	nan	nan	not_set	nan	nan	nan	nan	nan	nan	nan	nan	nan	nan	nan	nan	nan	nan	nan	nan	nan	nan	nan	nan	nan	nan	nan	nan	nan	nan	nan	nan	nan	nan	nan	nan	nan	nan	nan	nan	nan	nan	nan	nan	nan	nan	nan	nan	nan	nan	nan	nan	nan	nan	nan	nan	nan	nan	nan	nan	nan	nan	nan	nan	nan	nan	nan	nan	nan	nan	nan	nan	nan	nan	nan	nan	nan	nan	nan	nan	nan	nan	nan	nan	nan	nan	nan	nan	nan	nan	nan	nan	nan	nan	nan	nan	nan	nan	nan	nan	nan	nan	nan	nan	nan	nan	nan	nan	nan	nan	nan	nan	nan	nan	nan	nan	nan	nan	nan	nan	nan	nan	nan	nan	nan	nan	nan	nan	nan	nan	nan	nan	nan	nan	nan	nan	nan	nan	nan	nan	nan	nan	nan	nan	nan	nan	nan	nan	nan	nan	nan	nan	needs_multistep_run	0.000000000000000e+00	random_20260901_123251.md
1.203870000000000e+02	3.098350000000000e+02	3.148660000000000e+02	9.596150000000000e+02	3.895600000000000e-02	1.083600000000000e+01	0.000000000000000e+00	-1.000000000000000e+30	tracing_success_coex_no_coex_pair	0	0	0	true	2.581362596244711e-01	true	2.503161518082221e+01	true	3.270196430000000e-04	3.119214990000000e-09	1.338327129771332e+00	1.301054968379310e+00	true	1.299467773853555e+00	8.037112430359493e+01	2.494985506919718e+00	2.314244107059904e-01	true	true	7.561934393202625e-01	7.595362317846789e-01	8.363138062884404e-01	6.201354681274951e-04	2.250634483168246e+00	3.820961962962771e+00	5.764598903725563e-01	3.843199678812731e-04	CMS:2013zmy	CMS:2012qwq	CMS:2019qcx	ATLAS:2021upq	LHC8 [ggH;vbfH;HW;HZ]>[WW]	LHC8 [vbfH;HW;Htt;H;HZ]>[bb;tautau;WW;ZZ;gamgam]	LHC13 [ggH]->X1->Z(X2->[bb])	LHC13 [Hpmtb>tb]	5.009231181019430e+00	true	all checks passed	1	8.050265159860892e+00	2.585974263850047e-01	3.129687860953058e+00	-1.516896729786340e+00	-1.413027646205137e+00	9.596150000000000e+02	1.083600000000000e+01	13534.244560013751	1825.4026829595186	193.50652728188453	-2.4694482430341802	-0.065760731451464299	-0.089612554071546432	0	-0.00071796336557718784	0	0	0	success	non_bfb	success	no_coex_pair	14.670999999999999	nan	nan	nan	nan	nan	nan	nan	nan	nan	nan	nan	nan	nan	nan	nan	nan	nan	nan	nan	nan	nan	nan	nan	nan	nan	nan	nan	nan	nan	nan	nan	nan	nan	nan	nan	nan	nan	nan	nan	nan	nan	nan	nan	nan	nan	nan	nan	nan	nan	nan	nan	nan	nan	nan	nan	nan	nan	nan	nan	nan	nan	nan	nan	nan	nan	nan	nan	nan	nan	nan	nan	nan	nan	nan	not_set	nan	nan	nan	nan	nan	nan	nan	nan	nan	nan	nan	nan	nan	nan	nan	nan	nan	nan	nan	nan	nan	nan	nan	nan	nan	nan	nan	nan	nan	nan	nan	nan	nan	nan	nan	nan	nan	nan	nan	nan	nan	nan	nan	nan	nan	nan	nan	nan	nan	nan	nan	nan	nan	nan	nan	nan	nan	nan	nan	nan	nan	nan	nan	nan	nan	nan	nan	nan	nan	nan	nan	nan	nan	nan	nan	nan	nan	nan	nan	nan	nan	nan	nan	nan	nan	nan	nan	nan	nan	nan	nan	nan	nan	nan	nan	nan	nan	nan	nan	nan	nan	nan	nan	nan	nan	nan	nan	nan	nan	nan	nan	nan	nan	nan	nan	nan	nan	nan	nan	nan	nan	nan	nan	nan	nan	nan	nan	nan	nan	nan	nan	nan	nan	nan	nan	nan	nan	nan	nan	nan	nan	nan	nan	nan	nan	nan	nan	nan	needs_multistep_run	0.000000000000000e+00	random_20260817_182439.md
7.921970000000000e+01	4.016050000000000e+02	4.018070000000000e+02	3.871950000000000e+02	2.996680000000000e-03	8.731629999999999e+00	0.000000000000000e+00	-1.000000000000000e+30	tracing_not_set_coex_not_set	0	0	0	true	2.582452399925496e-01	true	1.601475171612792e+01	true	3.268355020000000e-04	3.121349860000000e-09	1.360844796653756e+00	1.284315273745773e+00	true	3.727219870367096e-01	8.036550243234660e+01	2.494753278160141e+00	2.314298935166248e-01	true	true	5.581875057684563e-01	7.649674194394003e-01	5.581875057684563e-01	5.052110270654137e-04	5.411189806262312e-01	3.848284374421198e+00	5.411189806262312e-01	3.492846738225808e-04	CMS:2019ogx	CMS:2012qwq	CMS:2019ogx	ATLAS:2021upq	LHC13 [H]->X1->Z(X2->[bb])	LHC8 [vbfH;HW;Htt;H;HZ]>[bb;tautau;WW;ZZ;gamgam]	LHC13 [H]->X1->Z(X2->[bb])	LHC13 [Hpmtb>tb]	5.054545858866419e+00	true	all checks passed	1	3.857693501367270e+00	2.587066014491834e-01	5.437620394986349e+00	-2.613952790023183e+00	-2.608589275448525e+00	3.871950000000000e+02	8.731629999999999e+00	19602.440021384944	7582.284193560562	621.82385672268322	-6.7372792191804622	-0.2980886405229996	-0.34438339072261787	0	-0.0011766617155613674	0	0	0	no_nlo_stability	not_set	not_set	not_set	0.52600000000000002	nan	nan	nan	nan	nan	nan	nan	nan	nan	nan	nan	nan	nan	nan	nan	nan	nan	nan	nan	nan	nan	nan	nan	nan	nan	nan	nan	nan	nan	nan	nan	nan	nan	nan	nan	nan	nan	nan	nan	nan	nan	nan	nan	nan	nan	nan	nan	nan	nan	nan	nan	nan	nan	nan	nan	nan	nan	nan	nan	nan	nan	nan	nan	nan	nan	nan	nan	nan	nan	nan	nan	nan	nan	nan	not_set	nan	nan	nan	nan	nan	nan	nan	nan	nan	nan	nan	nan	nan	nan	nan	nan	nan	nan	nan	nan	nan	nan	nan	nan	nan	nan	nan	nan	nan	nan	nan	nan	nan	nan	nan	nan	nan	nan	nan	nan	nan	nan	nan	nan	nan	nan	nan	nan	nan	nan	nan	nan	nan	nan	nan	nan	nan	nan	nan	nan	nan	nan	nan	nan	nan	nan	nan	nan	nan	nan	nan	nan	nan	nan	nan	nan	nan	nan	nan	nan	nan	nan	nan	nan	nan	nan	nan	nan	nan	nan	nan	nan	nan	nan	nan	nan	nan	nan	nan	nan	nan	nan	nan	nan	nan	nan	nan	nan	nan	nan	nan	nan	nan	nan	nan	nan	nan	nan	nan	nan	nan	nan	nan	nan	nan	nan	nan	nan	nan	nan	nan	nan	nan	nan	nan	nan	nan	nan	nan	nan	nan	nan	nan	nan	nan	nan	nan	nan	needs_multistep_run	0.000000000000000e+00	random_20260817_182439.md
9.637490000000000e+01	2.875520000000000e+02	2.748370000000000e+02	6.499410000000000e+02	3.669130000000000e-02	1.079310000000000e+01	3.279561833324538e-16	-1.548418417643492e+01	success	0	0	0	true	2.571993737397389e-01	true	1.497091891619583e+01	true	3.269071750000000e-04	3.120645200000000e-09	1.352057940389548e+00	1.289828588383352e+00	true	3.628997274909183e+00	8.034669730529696e+01	2.493626864894086e+00	2.315473034435923e-01	true	true	1.317575470981563e-01	7.599251383945328e-01	1.317575470981563e-01	5.985464073107636e-04	1.716553124375811e-01	3.822918416521155e+00	1.716553124375811e-01	4.530031846902325e-04	CMS:2019ogx	CMS:2012qwq	CMS:2019ogx	ATLAS:2021upq	LHC13 [H]->X1->Z(X2->[bb])	LHC8 [vbfH;HW;Htt;H;HZ]>[bb;tautau;WW;ZZ;gamgam]	LHC13 [H]->X1->Z(X2->[bb])	LHC13 [Hpmtb>tb]	4.826808915863978e+00	true	all checks passed	1	4.617346735446699e+00	2.576588667306552e-01	2.524980852153132e+00	-1.013112301406935e+00	-1.249439095477925e+00	6.499410000000000e+02	1.079310000000000e+01	7291.8537991712565	907.03171821867306	167.24562897682753	-2.8259784944924591	-0.037977478582542322	0.023402149008128662	0	-0.0093526195724775493	0	0	0	success	non_bfb	success	success	531.03499999999997	success	245.7425305780869	-4.5416695458839906e-09	32.219995547206906	3.215311840810072	-6.292522019360132e-09	0	0	0	0	success	success	245.60304453328638	5.9397845018891487e-09	31.831318935348012	3.1824204938593836	-4.1935782568304089e-09	0	0	0	0	success	245.60643032220139	-4.7513087838236367e-09	31.840860999431527	3.1832313879030814	-1.8383043108823094e-09	0	0	0	0	success	245.57092687044042	-5.2538350190072901e-09	31.740520884151998	3.174695653210708	-1.828002782779596e-09	0	0	0	0	success	245.56687955615428	-6.8134360732769398e-10	31.729100221386005	3.1737242470370748	-5.6547453928697709e-09	0	0	0	0	success	245.57092687044042	245.57092687044042	0.94999999999999996	1.2342787975165309e-05	131283.32619162553	0	1.9646265191039909e-05	0.10000000000000001	0.5773803467474703	0.57737262043541149	0.59342346861429829	0	0.31511061332765861	2.00840772228727	2.2413930689249887e-31	2.6022753730485714e-06	3.4662167466042448	1.0004526107123173e-38	0	1.8298678533983739e-23	1.700252516082274e-27	1.8299567159905447e-23	0-(0)->1-(1)->2	success	163.4111047416086	0	0	0	0	-2.8879891331777882e-09	21.654603852957038	77.651654131000669	-3.2579889056556964e-09	success	success	163.12673953986359	0	0	0	0	-5.8437945914492536e-09	23.672690312010626	83.748188659312248	-5.287350869744404e-09	success	163.13685331823791	0	0	0	0	9.0152651177250298e-09	23.611180448605221	83.561075605229647	-1.5737641763429005e-08	success	163.07609385114819	0	0	0	0	8.9087169444215656e-09	23.97212978501036	84.6608345113724	2.7356529233179227e-09	success	163.07125771729869	0	0	0	0	5.4239365621606071e-09	24.000010285129921	84.745966060032998	1.233791883019798e-08	success	163.07608881751787	163.07608881751787	0.94999999999999996	0.0004619869796376542	85572.670281741084	0	0.00073323789650273855	0.10000000000000001	0.57738841741244407	0.57711597031998396	0.25660453053379401	0	0.11411273753400283	0.72681512232054002	1.9685875470885488e-25	3.5214166470331659e-05	1.2552401128740311	6.5592363950901745e-32	0	3.2793966048616415e-16	3.0781851564629513e-20	3.2795618333245327e-16	nan	nan	nan	nan	nan	nan	nan	nan	nan	nan	nan	nan	nan	nan	nan	nan	nan	nan	nan	nan	nan	nan	nan	nan	nan	nan	nan	nan	nan	nan	nan	nan	nan	nan	nan	nan	nan	nan	nan	nan	nan	nan	nan	nan	nan	nan	nan	nan	nan	nan	nan	nan	nan	nan	nan	nan	nan	nan	nan	nan	nan	nan	nan	nan	nan	nan	nan	nan	nan	nan	nan	nan	nan	nan	multi_step	3.279561833324538e-16	typeI_mH62-125/random_20260818_171842.md
6.695310000000001e+01	3.693660000000000e+02	3.599900000000000e+02	3.704920000000000e+02	4.962860000000000e-02	8.731690000000000e+00	0.000000000000000e+00	-1.000000000000000e+30	tracing_not_set_coex_not_set	0	0	0	true	2.554630585990287e-01	true	1.078374953517483e+01	true	3.267195400000000e-04	3.122829540000000e-09	1.375121600586152e+00	1.272776574275998e+00	true	4.037307447340266e+00	8.034600469806816e+01	2.493805762198324e+00	2.315245749252566e-01	true	true	4.891028107468468e-01	7.560663368512275e-01	4.891028107468468e-01	5.786545926455077e-04	8.525572155462958e-01	3.803506131362688e+00	8.525572155462958e-01	4.218622134467620e-04	CMS:2019ogx	CMS:2012qwq	CMS:2019ogx	CMS:2020imj	LHC13 [H]->X1->Z(X2->[bb])	LHC8 [vbfH;HW;Htt;H;HZ]>[bb;tautau;WW;ZZ;gamgam]	LHC13 [H]->X1->Z(X2->[bb])	LHC13 [Hpmtb>tb]	4.645495215837315e+00	true	all checks passed	1	1.970176310749558e+00	2.559194496203502e-01	4.490626546534942e+00	-1.974302766546451e+00	-2.200307190368249e+00	3.704920000000000e+02	8.731690000000000e+00	12548.292086779935	4947.5204865018895	524.07541076288305	-5.9039962222151106	-0.17652773334296651	-0.10559500543117686	0	-0.0085624515730491312	0	0	0	no_nlo_stability	not_set	not_set	not_set	0.622	nan	nan	nan	nan	nan	nan	nan	nan	nan	nan	nan	nan	nan	nan	nan	nan	nan	nan	nan	nan	nan	nan	nan	nan	nan	nan	nan	nan	nan	nan	nan	nan	nan	nan	nan	nan	nan	nan	nan	nan	nan	nan	nan	nan	nan	nan	nan	nan	nan	nan	nan	nan	nan	nan	nan	nan	nan	nan	nan	nan	nan	nan	nan	nan	nan	nan	nan	nan	nan	nan	nan	nan	nan	nan	not_set	nan	nan	nan	nan	nan	nan	nan	nan	nan	nan	nan	nan	nan	nan	nan	nan	nan	nan	nan	nan	nan	nan	nan	nan	nan	nan	nan	nan	nan	nan	nan	nan	nan	nan	nan	nan	nan	nan	nan	nan	nan	nan	nan	nan	nan	nan	nan	nan	nan	nan	nan	nan	nan	nan	nan	nan	nan	nan	nan	nan	nan	nan	nan	nan	nan	nan	nan	nan	nan	nan	nan	nan	nan	nan	nan	nan	nan	nan	nan	nan	nan	nan	nan	nan	nan	nan	nan	nan	nan	nan	nan	nan	nan	nan	nan	nan	nan	nan	nan	nan	nan	nan	nan	nan	nan	nan	nan	nan	nan	nan	nan	nan	nan	nan	nan	nan	nan	nan	nan	nan	nan	nan	nan	nan	nan	nan	nan	nan	nan	nan	nan	nan	nan	nan	nan	nan	nan	nan	nan	nan	nan	nan	nan	nan	nan	nan	nan	nan	needs_multistep_run	0.000000000000000e+00	random_20260815_194935.md
8.627660000000000e+01	3.030740000000000e+02	2.894850000000000e+02	1.199210000000000e+03	2.039640000000000e-02	6.319180000000000e+00	0.000000000000000e+00	-1.000000000000000e+30	tracing_not_set_coex_not_set	0	0	0	true	8.119302526163788e-02	true	4.969796595720434e+00	true	3.252136920000000e-04	3.141199490000000e-09	1.567281020140904e+00	1.133861533605947e+00	true	5.019335139098505e+00	8.034387826619617e+01	2.493476647675734e+00	2.315549802267463e-01	true	true	5.328405726939812e-01	7.608599180144087e-01	5.328405726939812e-01	4.354159631420292e-03	6.068297062620718e-01	3.827620966869419e+00	6.068297062620718e-01	2.979449964457778e-03	CMS:2019ogx	CMS:2012qwq	CMS:2019ogx	ATLAS:2021upq	LHC13 [H]->X1->Z(X2->[bb])	LHC8 [vbfH;HW;Htt;H;HZ]>[bb;tautau;WW;ZZ;gamgam]	LHC13 [H]->X1->Z(X2->[bb])	LHC13 [Hpmtb>tb]	4.597702740913036e+00	true	all checks passed	1	8.133807859312536e-02	2.571346655282165e-01	2.793273446210418e+00	-1.123363806035215e+00	-1.389484641880281e+00	1.199210000000000e+03	6.319180000000000e+00	3483.7192692923445	1338.9280695380812	189.57470636348788	-0.89093184165865003	-0.050963127735154573	0.013173740972875974	0	-0.013599179893998305	0	0	0	no_nlo_stability	not_set	not_set	not_set	0.45200000000000001	nan	nan	nan	nan	nan	nan	nan	nan	nan	nan	nan	nan	nan	nan	nan	nan	nan	nan	nan	nan	nan	nan	nan	nan	nan	nan	nan	nan	nan	nan	nan	nan	nan	nan	nan	nan	nan	nan	nan	nan	nan	nan	nan	nan	nan	nan	nan	nan	nan	nan	nan	nan	nan	nan	nan	nan	nan	nan	nan	nan	nan	nan	nan	nan	nan	nan	nan	nan	nan	nan	nan	nan	nan	nan	not_set	nan	nan	nan	nan	nan	nan	nan	nan	nan	nan	nan	nan	nan	nan	nan	nan	nan	nan	nan	nan	nan	nan	nan	nan	nan	nan	nan	nan	nan	nan	nan	nan	nan	nan	nan	nan	nan	nan	nan	nan	nan	nan	nan	nan	nan	nan	nan	nan	nan	nan	nan	nan	nan	nan	nan	nan	nan	nan	nan	nan	nan	nan	nan	nan	nan	nan	nan	nan	nan	nan	nan	nan	nan	nan	nan	nan	nan	nan	nan	nan	nan	nan	nan	nan	nan	nan	nan	nan	nan	nan	nan	nan	nan	nan	nan	nan	nan	nan	nan	nan	nan	nan	nan	nan	nan	nan	nan	nan	nan	nan	nan	nan	nan	nan	nan	nan	nan	nan	nan	nan	nan	nan	nan	nan	nan	nan	nan	nan	nan	nan	nan	nan	nan	nan	nan	nan	nan	nan	nan	nan	nan	nan	nan	nan	nan	nan	nan	nan	needs_multistep_run	0.000000000000000e+00	random_20260815_194935.md
7.106630000000000e+01	3.674300000000000e+02	3.704670000000000e+02	4.056670000000000e+02	2.354020000000000e-02	1.121510000000000e+01	0.000000000000000e+00	-1.000000000000000e+30	tracing_not_set_coex_not_set	0	0	0	true	2.569687356805487e-01	true	9.671480530870369e+00	true	3.271851450000000e-04	3.117217420000000e-09	1.318249026789548e+00	1.316816237234913e+00	true	1.352636237925409e+00	8.037158799790436e+01	2.495188481894557e+00	2.313907236700103e-01	true	true	3.293345667296709e-01	7.622372037478992e-01	3.293345667296709e-01	1.939159957317896e-04	5.087913670080947e-01	3.834549611191538e+00	5.087913670080947e-01	1.465562962463546e-04	CMS:2019ogx	CMS:2012qwq	CMS:2019ogx	CMS:2020imj	LHC13 [H]->X1->Z(X2->[bb])	LHC8 [vbfH;HW;Htt;H;HZ]>[bb;tautau;WW;ZZ;gamgam]	LHC13 [H]->X1->Z(X2->[bb])	LHC13 [Hpmtb>tb]	4.893950878236524e+00	true	all checks passed	1	1.328265033174664e+00	2.574278166309142e-01	4.680373396866923e+00	-2.229179453456559e+00	-2.155116620850307e+00	4.056670000000000e+02	1.121510000000000e+01	12576.261788749862	5188.2452814921635	444.69201146953446	-10.621644057145369	-0.18904928435877449	-0.10934778553521417	0	0.0012500099770825621	0	0	0	no_nlo_stability	not_set	not_set	not_set	1.4319999999999999	nan	nan	nan	nan	nan	nan	nan	nan	nan	nan	nan	nan	nan	nan	nan	nan	nan	nan	nan	nan	nan	nan	nan	nan	nan	nan	nan	nan	nan	nan	nan	nan	nan	nan	nan	nan	nan	nan	nan	nan	nan	nan	nan	nan	nan	nan	nan	nan	nan	nan	nan	nan	nan	nan	nan	nan	nan	nan	nan	nan	nan	nan	nan	nan	nan	nan	nan	nan	nan	nan	nan	nan	nan	nan	not_set	nan	nan	nan	nan	nan	nan	nan	nan	nan	nan	nan	nan	nan	nan	nan	nan	nan	nan	nan	nan	nan	nan	nan	nan	nan	nan	nan	nan	nan	nan	nan	nan	nan	nan	nan	nan	nan	nan	nan	nan	nan	nan	nan	nan	nan	nan	nan	nan	nan	nan	nan	nan	nan	nan	nan	nan	nan	nan	nan	nan	nan	nan	nan	nan	nan	nan	nan	nan	nan	nan	nan	nan	nan	nan	nan	nan	nan	nan	nan	nan	nan	nan	nan	nan	nan	nan	nan	nan	nan	nan	nan	nan	nan	nan	nan	nan	nan	nan	nan	nan	nan	nan	nan	nan	nan	nan	nan	nan	nan	nan	nan	nan	nan	nan	nan	nan	nan	nan	nan	nan	nan	nan	nan	nan	nan	nan	nan	nan	nan	nan	nan	nan	nan	nan	nan	nan	nan	nan	nan	nan	nan	nan	nan	nan	nan	nan	nan	nan	needs_multistep_run	0.000000000000000e+00	random_20260815_194935.md
9.622000000000000e+01	2.417420000000000e+02	2.421240000000000e+02	5.672680000000000e+02	1.316340000000000e-01	6.349650000000000e+00	0.000000000000000e+00	-1.000000000000000e+30	tracing_success_coex_no_coex_pair	0	0	0	true	2.539223214161487e-01	true	1.343008248137716e+01	true	3.294168360000000e-04	3.489589220000000e-09	1.062327734767029e+00	1.863622283244244e-02	true	2.785308058089808e-01	8.036451952057395e+01	2.494574865609224e+00	2.314513997251725e-01	true	true	4.588435673725231e-01	7.253485126556648e-01	4.588435673725231e-01	2.695568230778973e-03	4.125064012209607e-01	3.648975467880796e+00	4.125064012209607e-01	4.345510368902329e-03	CMS:2019ogx	CMS:2012qwq	CMS:2019ogx	CMS:2020imj	LHC13 [H]->X1->Z(X2->[bb])	LHC8 [vbfH;HW;Htt;H;HZ]>[bb;tautau;WW;ZZ;gamgam]	LHC13 [H]->X1->Z(X2->[bb])	LHC13 [Hpmtb>tb]	4.754152729586025e+00	true	all checks passed	1	4.213156544046794e+00	2.543759598726950e-01	2.063044266754869e+00	-9.107934507291529e-01	-9.046847584163761e-01	5.672680000000000e+02	6.349650000000000e+00	4957.0575230878612	104.08220590082038	261.17728455760431	-0.37718608587366198	-0.021566806231246956	0.057197569058017171	0	-0.00089844379970120377	0	0	0	success	non_bfb	success	no_coex_pair	46.299999999999997	nan	nan	nan	nan	nan	nan	nan	nan	nan	nan	nan	nan	nan	nan	nan	nan	nan	nan	nan	nan	nan	nan	nan	nan	nan	nan	nan	nan	nan	nan	nan	nan	nan	nan	nan	nan	nan	nan	nan	nan	nan	nan	nan	nan	nan	nan	nan	nan	nan	nan	nan	nan	nan	nan	nan	nan	nan	nan	nan	nan	nan	nan	nan	nan	nan	nan	nan	nan	nan	nan	nan	nan	nan	nan	not_set	nan	nan	nan	nan	nan	nan	nan	nan	nan	nan	nan	nan	nan	nan	nan	nan	nan	nan	nan	nan	nan	nan	nan	nan	nan	nan	nan	nan	nan	nan	nan	nan	nan	nan	nan	nan	nan	nan	nan	nan	nan	nan	nan	nan	nan	nan	nan	nan	nan	nan	nan	nan	nan	nan	nan	nan	nan	nan	nan	nan	nan	nan	nan	nan	nan	nan	nan	nan	nan	nan	nan	nan	nan	nan	nan	nan	nan	nan	nan	nan	nan	nan	nan	nan	nan	nan	nan	nan	nan	nan	nan	nan	nan	nan	nan	nan	nan	nan	nan	nan	nan	nan	nan	nan	nan	nan	nan	nan	nan	nan	nan	nan	nan	nan	nan	nan	nan	nan	nan	nan	nan	nan	nan	nan	nan	nan	nan	nan	nan	nan	nan	nan	nan	nan	nan	nan	nan	nan	nan	nan	nan	nan	nan	nan	nan	nan	nan	nan	needs_multistep_run	0.000000000000000e+00	random_20260901_123243.md
1.053650000000000e+02	4.198630000000000e+02	4.183740000000000e+02	7.078770000000000e+02	8.552129999999999e-02	1.197510000000000e+01	0.000000000000000e+00	-1.000000000000000e+30	tracing_success_coex_no_coex_pair	0	0	0	true	2.564271921569909e-01	true	2.316052795556996e+01	true	3.319186360000000e-04	3.456361670000000e-09	8.082354462617632e-01	4.812228916635212e-04	true	2.649637608788548e-01	8.036117546337346e+01	2.494413135193831e+00	2.314682812520907e-01	true	true	5.961574863541989e-01	7.504790562256403e-01	1.801437631748733e-01	0.000000000000000e+00	5.064969570900197e-01	3.775398470591056e+00	2.838870847877593e-01	0.000000000000000e+00	CMS:2015mca	CMS:2012qwq	ATLAS-CONF-2023-034-Fig5-bot		2d likelihood {LHC8 [ggH>tautau]; LHC8 [bbH>tautau]}	LHC8 [vbfH;HW;Htt;H;HZ]>[bb;tautau;WW;ZZ;gamgam]	LHC13 [ggH]->X1->Z(X2->[bb])		4.487982941428754e+00	true	all checks passed	1	6.568615888847430e+00	2.568853056265661e-01	5.793142939084503e+00	-2.730726728667673e+00	-2.771976477263085e+00	7.078770000000000e+02	1.197510000000000e+01	24012.677909434879	8758.3585981654305	262.64860352585629	-6.7410195836376641	-0.36237853692641553	-0.62198277399510915	0	0.0011246552273685123	0	0	0	success	non_bfb	success	no_coex_pair	53.712000000000003	nan	nan	nan	nan	nan	nan	nan	nan	nan	nan	nan	nan	nan	nan	nan	nan	nan	nan	nan	nan	nan	nan	nan	nan	nan	nan	nan	nan	nan	nan	nan	nan	nan	nan	nan	nan	nan	nan	nan	nan	nan	nan	nan	nan	nan	nan	nan	nan	nan	nan	nan	nan	nan	nan	nan	nan	nan	nan	nan	nan	nan	nan	nan	nan	nan	nan	nan	nan	nan	nan	nan	nan	nan	nan	not_set	nan	nan	nan	nan	nan	nan	nan	nan	nan	nan	nan	nan	nan	nan	nan	nan	nan	nan	nan	nan	nan	nan	nan	nan	nan	nan	nan	nan	nan	nan	nan	nan	nan	nan	nan	nan	nan	nan	nan	nan	nan	nan	nan	nan	nan	nan	nan	nan	nan	nan	nan	nan	nan	nan	nan	nan	nan	nan	nan	nan	nan	nan	nan	nan	nan	nan	nan	nan	nan	nan	nan	nan	nan	nan	nan	nan	nan	nan	nan	nan	nan	nan	nan	nan	nan	nan	nan	nan	nan	nan	nan	nan	nan	nan	nan	nan	nan	nan	nan	nan	nan	nan	nan	nan	nan	nan	nan	nan	nan	nan	nan	nan	nan	nan	nan	nan	nan	nan	nan	nan	nan	nan	nan	nan	nan	nan	nan	nan	nan	nan	nan	nan	nan	nan	nan	nan	nan	nan	nan	nan	nan	nan	nan	nan	nan	nan	nan	nan	needs_multistep_run	0.000000000000000e+00	random_20260901_123243.md
1.036333280339753e+02	2.300021990502584e+02	2.466929280954760e+02	5.691576922795962e+02	1.659363806886218e-01	8.378780849266009e+00	0.000000000000000e+00	-1.000000000000000e+30	tracing_success_coex_no_coex_pair	0	0	0	true	2.537880902426258e-01	true	2.285936445165634e+01	true	3.307263020000000e-04	3.472222020000000e-09	9.250084171612347e-01	5.871797537222495e-03	true	6.018253129421659e+00	8.038303409796647e+01	2.495600038026526e+00	2.313538310993386e-01	true	true	2.180025358801082e-01	7.188574775223672e-01	2.180025358801082e-01	1.234203566643814e-04	2.528426786670441e-01	3.616321333283019e+00	2.528426786670441e-01	2.159262091933364e-04	CMS:2019ogx	CMS:2012qwq	CMS:2019ogx	CMS:2020imj	LHC13 [H]->X1->Z(X2->[bb])	LHC8 [vbfH;HW;Htt;H;HZ]>[bb;tautau;WW;ZZ;gamgam]	LHC13 [H]->X1->Z(X2->[bb])	LHC13 [Hpmtb>tb]	5.882091459363949e+00	true	all checks passed	1	7.481489833149626e+00	2.542414888918874e-01	2.116739162680890e+00	-1.057191716949347e+00	-7.942401271428507e-01	5.691576922795962e+02	8.378780849266009e+00	7821.0044787750658	94.313098840637451	313.38366893365168	-0.6909197784987503	-0.020925881711859159	0.079924618262121341	0	0.0088933303780404337	0	0	0	success	non_bfb	success	no_coex_pair	28.902999999999999	nan	nan	nan	nan	nan	nan	nan	nan	nan	nan	nan	nan	nan	nan	nan	nan	nan	nan	nan	nan	nan	nan	nan	nan	nan	nan	nan	nan	nan	nan	nan	nan	nan	nan	nan	nan	nan	nan	nan	nan	nan	nan	nan	nan	nan	nan	nan	nan	nan	nan	nan	nan	nan	nan	nan	nan	nan	nan	nan	nan	nan	nan	nan	nan	nan	nan	nan	nan	nan	nan	nan	nan	nan	nan	not_set	nan	nan	nan	nan	nan	nan	nan	nan	nan	nan	nan	nan	nan	nan	nan	nan	nan	nan	nan	nan	nan	nan	nan	nan	nan	nan	nan	nan	nan	nan	nan	nan	nan	nan	nan	nan	nan	nan	nan	nan	nan	nan	nan	nan	nan	nan	nan	nan	nan	nan	nan	nan	nan	nan	nan	nan	nan	nan	nan	nan	nan	nan	nan	nan	nan	nan	nan	nan	nan	nan	nan	nan	nan	nan	nan	nan	nan	nan	nan	nan	nan	nan	nan	nan	nan	nan	nan	nan	nan	nan	nan	nan	nan	nan	nan	nan	nan	nan	nan	nan	nan	nan	nan	nan	nan	nan	nan	nan	nan	nan	nan	nan	nan	nan	nan	nan	nan	nan	nan	nan	nan	nan	nan	nan	nan	nan	nan	nan	nan	nan	nan	nan	nan	nan	nan	nan	nan	nan	nan	nan	nan	nan	nan	nan	nan	nan	nan	nan	needs_multistep_run	0.000000000000000e+00	random_20260901_123251.md
7.048930000000000e+01	3.058630000000000e+02	2.986260000000000e+02	6.004390000000000e+02	1.438370000000000e-01	6.905140000000000e+00	0.000000000000000e+00	-1.000000000000000e+30	tracing_not_set_coex_not_set	0	0	0	true	2.471830344852929e-01	true	7.751627215227979e+00	true	3.257012280000000e-04	3.135262530000000e-09	1.503691902238189e+00	1.177879607871591e+00	true	1.374755603300257e+00	8.035363681243506e+01	2.494155129053138e+00	2.314867373581182e-01	true	true	5.969748007957526e-01	7.226791852009425e-01	5.969748007957526e-01	2.813886930003046e-03	5.777400261901127e-01	3.635547012141140e+00	5.777400261901127e-01	1.771265800485412e-03	CMS:2019ogx	CMS:2012qwq	CMS:2019ogx	ATLAS:2021upq	LHC13 [H]->X1->Z(X2->[bb])	LHC8 [vbfH;HW;Htt;H;HZ]>[bb;tautau;WW;ZZ;gamgam]	LHC13 [H]->X1->Z(X2->[bb])	LHC13 [Hpmtb>tb]	4.439336346990785e+00	true	all checks passed	1	1.354054101608014e+00	2.476246330404059e-01	3.215537287756997e+00	-1.331378978403423e+00	-1.475958491028184e+00	6.004390000000000e+02	6.905140000000000e+00	6067.6503965792208	1873.4030455540469	332.25413694413055	-1.8759145246559932	-0.062778681130942343	0.0096282371171334865	0	-0.0079729736029823823	0	0	0	no_nlo_stability	not_set	not_set	not_set	0.54200000000000004	nan	nan	nan	nan	nan	nan	nan	nan	nan	nan	nan	nan	nan	nan	nan	nan	nan	nan	nan	nan	nan	nan	nan	nan	nan	nan	nan	nan	nan	nan	nan	nan	nan	nan	nan	nan	nan	nan	nan	nan	nan	nan	nan	nan	nan	nan	nan	nan	nan	nan	nan	nan	nan	nan	nan	nan	nan	nan	nan	nan	nan	nan	nan	nan	nan	nan	nan	nan	nan	nan	nan	nan	nan	nan	not_set	nan	nan	nan	nan	nan	nan	nan	nan	nan	nan	nan	nan	nan	nan	nan	nan	nan	nan	nan	nan	nan	nan	nan	nan	nan	nan	nan	nan	nan	nan	nan	nan	nan	nan	nan	nan	nan	nan	nan	nan	nan	nan	nan	nan	nan	nan	nan	nan	nan	nan	nan	nan	nan	nan	nan	nan	nan	nan	nan	nan	nan	nan	nan	nan	nan	nan	nan	nan	nan	nan	nan	nan	nan	nan	nan	nan	nan	nan	nan	nan	nan	nan	nan	nan	nan	nan	nan	nan	nan	nan	nan	nan	nan	nan	nan	nan	nan	nan	nan	nan	nan	nan	nan	nan	nan	nan	nan	nan	nan	nan	nan	nan	nan	nan	nan	nan	nan	nan	nan	nan	nan	nan	nan	nan	nan	nan	nan	nan	nan	nan	nan	nan	nan	nan	nan	nan	nan	nan	nan	nan	nan	nan	nan	nan	nan	nan	nan	nan	needs_multistep_run	0.000000000000000e+00	random_20260815_194920.md
7.654460000000000e+01	4.688500000000000e+02	4.611370000000000e+02	3.506560000000000e+02	6.131440000000000e-02	6.533670000000000e+00	0.000000000000000e+00	-1.000000000000000e+30	tracing_not_set_coex_not_set	0	0	0	true	2.554844897897411e-01	true	1.644470751357554e+01	true	3.308640020000000e-04	3.469910330000000e-09	9.111202865817324e-01	4.713688950165382e-03	true	4.525812239174347e+00	8.034497302316311e+01	2.493607647783031e+00	2.315369659472344e-01	true	true	5.653843506563058e-01	7.637971073386174e-01	5.653843506563058e-01	3.113421984230745e-01	5.487999163766243e-01	1.249591749196454e+00	5.487999163766243e-01	3.428911123994528e-01	CMS:2019ogx	ATLAS:2014vuz	CMS:2019ogx	ATLAS:2018gfm	LHC13 [H]->X1->Z(X2->[bb])	LHC8 [HW;HZ]>[bb]	LHC13 [H]->X1->Z(X2->[bb])	LHC13 [Hpmtb>taunu]	4.032317497913567e+00	true	all checks passed	1	2.891605972108318e+00	2.559409190984105e-01	7.212239626510955e+00	-3.356626402593453e+00	-3.593687336263887e+00	3.506560000000000e+02	6.533670000000000e+00	29652.922188974913	14693.129410815049	1353.3490903012851	-6.8930798863888416	-0.66599165573729824	-0.70818455486567478	0	0.0094413813393567289	0	0	0	no_nlo_stability	not_set	not_set	not_set	0.53100000000000003	nan	nan	nan	nan	nan	nan	nan	nan	nan	nan	nan	nan	nan	nan	nan	nan	nan	nan	nan	nan	nan	nan	nan	nan	nan	nan	nan	nan	nan	nan	nan	nan	nan	nan	nan	nan	nan	nan	nan	nan	nan	nan	nan	nan	nan	nan	nan	nan	nan	nan	nan	nan	nan	nan	nan	nan	nan	nan	nan	nan	nan	nan	nan	nan	nan	nan	nan	nan	nan	nan	nan	nan	nan	nan	not_set	nan	nan	nan	nan	nan	nan	nan	nan	nan	nan	nan	nan	nan	nan	nan	nan	nan	nan	nan	nan	nan	nan	nan	nan	nan	nan	nan	nan	nan	nan	nan	nan	nan	nan	nan	nan	nan	nan	nan	nan	nan	nan	nan	nan	nan	nan	nan	nan	nan	nan	nan	nan	nan	nan	nan	nan	nan	nan	nan	nan	nan	nan	nan	nan	nan	nan	nan	nan	nan	nan	nan	nan	nan	nan	nan	nan	nan	nan	nan	nan	nan	nan	nan	nan	nan	nan	nan	nan	nan	nan	nan	nan	nan	nan	nan	nan	nan	nan	nan	nan	nan	nan	nan	nan	nan	nan	nan	nan	nan	nan	nan	nan	nan	nan	nan	nan	nan	nan	nan	nan	nan	nan	nan	nan	nan	nan	nan	nan	nan	nan	nan	nan	nan	nan	nan	nan	nan	nan	nan	nan	nan	nan	nan	nan	nan	nan	nan	nan	needs_multistep_run	0.000000000000000e+00	random_20260821_011644.md
1.042640000000000e+02	3.705680000000000e+02	3.712380000000000e+02	7.697820000000000e+02	1.861620000000000e-01	7.564030000000000e+00	0.000000000000000e+00	-1.000000000000000e+30	tracing_success_coex_no_coex_pair	0	0	0	true	2.526991692452624e-01	true	1.867922814004258e+01	true	3.309738060000000e-04	3.468629280000000e-09	9.001209698771097e-01	4.126635830183145e-03	true	4.280067874963758e-01	8.036597273192115e+01	2.494664614784630e+00	2.314423404618643e-01	true	true	7.368184850051412e-01	7.345775823060134e-01	7.368184850051412e-01	1.078772103945224e-03	1.163002700364531e+00	1.201787853311845e+00	1.163002700364531e+00	8.175459378842979e-04	ATLAS-CONF-2023-034-Fig5-bot	ATLAS:2014vuz	ATLAS-CONF-2023-034-Fig5-bot	CMS:2020imj	LHC13 [ggH]->X1->Z(X2->[bb])	LHC8 [HW;HZ]>[bb]	LHC13 [ggH]->X1->Z(X2->[bb])	LHC13 [Hpmtb>tb]	5.459306212300504e+00	true	all checks passed	1	5.305314429633870e+00	2.531506225104483e-01	4.636752363208675e+00	-2.187689863117511e+00	-2.171264123808899e+00	7.697820000000000e+02	7.564030000000000e+00	15943.538224928523	5229.2682157458185	371.0284344534864	-2.1817310648329697	-0.18996996805254146	-0.26922885674019059	0	-0.0013851335895273256	0	0	0	success	non_bfb	success	no_coex_pair	11.228999999999999	nan	nan	nan	nan	nan	nan	nan	nan	nan	nan	nan	nan	nan	nan	nan	nan	nan	nan	nan	nan	nan	nan	nan	nan	nan	nan	nan	nan	nan	nan	nan	nan	nan	nan	nan	nan	nan	nan	nan	nan	nan	nan	nan	nan	nan	nan	nan	nan	nan	nan	nan	nan	nan	nan	nan	nan	nan	nan	nan	nan	nan	nan	nan	nan	nan	nan	nan	nan	nan	nan	nan	nan	nan	nan	not_set	nan	nan	nan	nan	nan	nan	nan	nan	nan	nan	nan	nan	nan	nan	nan	nan	nan	nan	nan	nan	nan	nan	nan	nan	nan	nan	nan	nan	nan	nan	nan	nan	nan	nan	nan	nan	nan	nan	nan	nan	nan	nan	nan	nan	nan	nan	nan	nan	nan	nan	nan	nan	nan	nan	nan	nan	nan	nan	nan	nan	nan	nan	nan	nan	nan	nan	nan	nan	nan	nan	nan	nan	nan	nan	nan	nan	nan	nan	nan	nan	nan	nan	nan	nan	nan	nan	nan	nan	nan	nan	nan	nan	nan	nan	nan	nan	nan	nan	nan	nan	nan	nan	nan	nan	nan	nan	nan	nan	nan	nan	nan	nan	nan	nan	nan	nan	nan	nan	nan	nan	nan	nan	nan	nan	nan	nan	nan	nan	nan	nan	nan	nan	nan	nan	nan	nan	nan	nan	nan	nan	nan	nan	nan	nan	nan	nan	nan	nan	needs_multistep_run	0.000000000000000e+00	random_20260901_134416.md
1.104130000000000e+02	3.088500000000000e+02	3.054950000000000e+02	7.676020000000000e+02	1.283900000000000e-01	1.294080000000000e+01	0.000000000000000e+00	-1.000000000000000e+30	tracing_success_coex_no_coex_pair	0	0	0	true	0.2559094660212184	true	21.13985625946816	true	0.000327253037	3.11641167e-09	1.3100565089290006	1.3232006410486172	true	0.38488557842053345				true	true	0.7925021225306729	0.7398997637723823	0.10353097142607248	0.00030969126395034337	1.282444288965474	3.722177738824283	0.13816472615997838	0.00019210311063650275	ATLAS:2014vuz	CMS:2012qwq	CMS:2019ogx	ATLAS:2021upq	LHC8 [HW,HZ]>[bb]	LHC8 [vbfH,HW,Htt,H,HZ]>[bb,tautau,WW,ZZ,gamgam]	LHC13 [H]->X1->Z(X2->[bb])	LHC13 [Hpmtb>tb]	5.577559053222814	true	all checks passed	1	6.684282919151196e+00	2.563666545603511e-01	3.067071116898386e+00	-1.343006265497244e+00	-1.411124696160210e+00	7.676020000000000e+02	1.294080000000000e+01	11500.008271015038	1739.5141238288495	173.40767692686819	-5.1145472124364151	-0.061193921759593789	-0.044662463000798777	0	-0.0021226333007688678	0	0	0	success	non_bfb	success	no_coex_pair	15.130000000000001	nan	nan	nan	nan	nan	nan	nan	nan	nan	nan	nan	nan	nan	nan	nan	nan	nan	nan	nan	nan	nan	nan	nan	nan	nan	nan	nan	nan	nan	nan	nan	nan	nan	nan	nan	nan	nan	nan	nan	nan	nan	nan	nan	nan	nan	nan	nan	nan	nan	nan	nan	nan	nan	nan	nan	nan	nan	nan	nan	nan	nan	nan	nan	nan	nan	nan	nan	nan	nan	nan	nan	nan	nan	nan	not_set	nan	nan	nan	nan	nan	nan	nan	nan	nan	nan	nan	nan	nan	nan	nan	nan	nan	nan	nan	nan	nan	nan	nan	nan	nan	nan	nan	nan	nan	nan	nan	nan	nan	nan	nan	nan	nan	nan	nan	nan	nan	nan	nan	nan	nan	nan	nan	nan	nan	nan	nan	nan	nan	nan	nan	nan	nan	nan	nan	nan	nan	nan	nan	nan	nan	nan	nan	nan	nan	nan	nan	nan	nan	nan	nan	nan	nan	nan	nan	nan	nan	nan	nan	nan	nan	nan	nan	nan	nan	nan	nan	nan	nan	nan	nan	nan	nan	nan	nan	nan	nan	nan	nan	nan	nan	nan	nan	nan	nan	nan	nan	nan	nan	nan	nan	nan	nan	nan	nan	nan	nan	nan	nan	nan	nan	nan	nan	nan	nan	nan	nan	nan	nan	nan	nan	nan	nan	nan	nan	nan	nan	nan	nan	nan	nan	nan	nan	nan	needs_multistep_run	0.000000000000000e+00	random_20260813_154904.md
8.668989999999999e+01	4.005180000000000e+02	3.978800000000000e+02	5.571580000000000e+02	9.982790000000000e-02	1.214280000000000e+01	0.000000000000000e+00	-1.000000000000000e+30	tracing_not_set_coex_not_set	0	0	0	true	2.543018270041304e-01	true	1.309922496709125e+01	true	3.273222810000000e-04	3.115525180000000e-09	1.301727149703493e+00	1.330242630368994e+00	true	4.028062941735165e-01	8.035921718274587e+01	2.494350998709783e+00	2.314684900969654e-01	true	true	3.533270182623993e-01	7.470566120698728e-01	3.533270182623993e-01	0.000000000000000e+00	2.740401037062651e-01	3.758181347309360e+00	2.740401037062651e-01	0.000000000000000e+00	CMS:2019ogx	CMS:2012qwq	CMS:2019ogx		LHC13 [H]->X1->Z(X2->[bb])	LHC8 [vbfH;HW;Htt;H;HZ]>[bb;tautau;WW;ZZ;gamgam]	LHC13 [H]->X1->Z(X2->[bb])		4.515446110274553e+00	true	all checks passed	1	2.491856167415194e+00	2.547561434567198e-01	5.411281589121508e+00	-2.468619513809178e+00	-2.538226689564349e+00	5.571580000000000e+02	1.214280000000000e+01	16550.78583102415	7481.6400500304317	394.20421861581974	-11.867516547165266	-0.29197838084714467	-0.2699509398723135	0	-0.00091892914115187607	0	0	0	no_nlo_stability	not_set	not_set	not_set	0.64900000000000002	nan	nan	nan	nan	nan	nan	nan	nan	nan	nan	nan	nan	nan	nan	nan	nan	nan	nan	nan	nan	nan	nan	nan	nan	nan	nan	nan	nan	nan	nan	nan	nan	nan	nan	nan	nan	nan	nan	nan	nan	nan	nan	nan	nan	nan	nan	nan	nan	nan	nan	nan	nan	nan	nan	nan	nan	nan	nan	nan	nan	nan	nan	nan	nan	nan	nan	nan	nan	nan	nan	nan	nan	nan	nan	not_set	nan	nan	nan	nan	nan	nan	nan	nan	nan	nan	nan	nan	nan	nan	nan	nan	nan	nan	nan	nan	nan	nan	nan	nan	nan	nan	nan	nan	nan	nan	nan	nan	nan	nan	nan	nan	nan	nan	nan	nan	nan	nan	nan	nan	nan	nan	nan	nan	nan	nan	nan	nan	nan	nan	nan	nan	nan	nan	nan	nan	nan	nan	nan	nan	nan	nan	nan	nan	nan	nan	nan	nan	nan	nan	nan	nan	nan	nan	nan	nan	nan	nan	nan	nan	nan	nan	nan	nan	nan	nan	nan	nan	nan	nan	nan	nan	nan	nan	nan	nan	nan	nan	nan	nan	nan	nan	nan	nan	nan	nan	nan	nan	nan	nan	nan	nan	nan	nan	nan	nan	nan	nan	nan	nan	nan	nan	nan	nan	nan	nan	nan	nan	nan	nan	nan	nan	nan	nan	nan	nan	nan	nan	nan	nan	nan	nan	nan	nan	needs_multistep_run	0.000000000000000e+00	random_20260816_190714.md
1.003400000000000e+02	2.864460000000000e+02	2.825650000000000e+02	9.162340000000000e+01	1.944590000000000e-01	5.300620000000000e+00	0.000000000000000e+00	-1.000000000000000e+30	tracing_success_coex_no_coex_pair	0	0	0	true	2.534115511015867e-01	true	1.612861264504065e+01	true	3.240257390000000e-04	3.155734370000000e-09	1.727738815778731e+00	1.029634494640866e+00	true	3.905459775050103e-01	8.035909699840556e+01	2.494249140370273e+00	2.314805961782695e-01	true	true	4.962276466604085e-01	6.899090014817957e-01	4.962276466604085e-01	1.003520306989095e-02	6.797656595003400e-01	3.470691643469723e+00	6.797656595003400e-01	7.240998358937482e-03	CMS:2019ogx	CMS:2012qwq	CMS:2019ogx	ATLAS:2021upq	LHC13 [H]->X1->Z(X2->[bb])	LHC8 [vbfH;HW;Htt;H;HZ]>[bb;tautau;WW;ZZ;gamgam]	LHC13 [H]->X1->Z(X2->[bb])	LHC13 [Hpmtb>tb]	5.670584263694280e+00	true	all checks passed	1	4.978917023034953e+00	2.538642770544354e-01	2.804846744702322e+00	-1.274567078055337e+00	-1.347550477189451e+00	9.162340000000000e+01	5.300620000000000e+00	7776.2508684865461	1224.5798749695871	386.55310034381483	-0.08549143743272386	-0.046060203443670754	0.0026854003316593654	0	-0.0030293510334140645	0	0	0	success	non_bfb	success	no_coex_pair	14.215	nan	nan	nan	nan	nan	nan	nan	nan	nan	nan	nan	nan	nan	nan	nan	nan	nan	nan	nan	nan	nan	nan	nan	nan	nan	nan	nan	nan	nan	nan	nan	nan	nan	nan	nan	nan	nan	nan	nan	nan	nan	nan	nan	nan	nan	nan	nan	nan	nan	nan	nan	nan	nan	nan	nan	nan	nan	nan	nan	nan	nan	nan	nan	nan	nan	nan	nan	nan	nan	nan	nan	nan	nan	nan	not_set	nan	nan	nan	nan	nan	nan	nan	nan	nan	nan	nan	nan	nan	nan	nan	nan	nan	nan	nan	nan	nan	nan	nan	nan	nan	nan	nan	nan	nan	nan	nan	nan	nan	nan	nan	nan	nan	nan	nan	nan	nan	nan	nan	nan	nan	nan	nan	nan	nan	nan	nan	nan	nan	nan	nan	nan	nan	nan	nan	nan	nan	nan	nan	nan	nan	nan	nan	nan	nan	nan	nan	nan	nan	nan	nan	nan	nan	nan	nan	nan	nan	nan	nan	nan	nan	nan	nan	nan	nan	nan	nan	nan	nan	nan	nan	nan	nan	nan	nan	nan	nan	nan	nan	nan	nan	nan	nan	nan	nan	nan	nan	nan	nan	nan	nan	nan	nan	nan	nan	nan	nan	nan	nan	nan	nan	nan	nan	nan	nan	nan	nan	nan	nan	nan	nan	nan	nan	nan	nan	nan	nan	nan	nan	nan	nan	nan	nan	nan	needs_multistep_run	0.000000000000000e+00	random_20260831_090924.md
8.185610000000000e+01	3.335880000000000e+02	3.341260000000000e+02	8.262070000000000e+02	2.160020000000000e-01	6.543730000000000e+00	0.000000000000000e+00	-1.000000000000000e+30	tracing_not_set_coex_not_set	0	0	0	true	2.419883093678351e-01	true	9.538413449733362e+00	true	3.256880230000000e-04	3.135280010000000e-09	1.505396874372661e+00	1.177748776523186e+00	true	5.170386106714789e-01	8.036685860050689e+01	2.494765893629316e+00	2.314227658233338e-01	true	true	9.193565726512052e-01	6.879222098775821e-01	9.193565726512052e-01	2.756192720060141e-03	9.159433251260126e-01	3.460696787621706e+00	9.159433251260126e-01	1.704497239289816e-03	CMS:2019ogx	CMS:2012qwq	CMS:2019ogx	ATLAS:2021upq	LHC13 [H]->X1->Z(X2->[bb])	LHC8 [vbfH;HW;Htt;H;HZ]>[bb;tautau;WW;ZZ;gamgam]	LHC13 [H]->X1->Z(X2->[bb])	LHC13 [Hpmtb>tb]	5.974667144055473e+00	true	all checks passed	1	1.779248067675791e+00	2.424206274190863e-01	3.930671578689641e+00	-1.759314547237390e+00	-1.747442310737952e+00	8.262070000000000e+02	6.543730000000000e+00	8871.7318010936615	3325.3653113526575	460.33817000661242	-2.2432620028549302	-0.11190427658901365	-0.04950385570153628	0	-0.00078087655972496788	0	0	0	no_nlo_stability	not_set	not_set	not_set	0.48999999999999999	nan	nan	nan	nan	nan	nan	nan	nan	nan	nan	nan	nan	nan	nan	nan	nan	nan	nan	nan	nan	nan	nan	nan	nan	nan	nan	nan	nan	nan	nan	nan	nan	nan	nan	nan	nan	nan	nan	nan	nan	nan	nan	nan	nan	nan	nan	nan	nan	nan	nan	nan	nan	nan	nan	nan	nan	nan	nan	nan	nan	nan	nan	nan	nan	nan	nan	nan	nan	nan	nan	nan	nan	nan	nan	not_set	nan	nan	nan	nan	nan	nan	nan	nan	nan	nan	nan	nan	nan	nan	nan	nan	nan	nan	nan	nan	nan	nan	nan	nan	nan	nan	nan	nan	nan	nan	nan	nan	nan	nan	nan	nan	nan	nan	nan	nan	nan	nan	nan	nan	nan	nan	nan	nan	nan	nan	nan	nan	nan	nan	nan	nan	nan	nan	nan	nan	nan	nan	nan	nan	nan	nan	nan	nan	nan	nan	nan	nan	nan	nan	nan	nan	nan	nan	nan	nan	nan	nan	nan	nan	nan	nan	nan	nan	nan	nan	nan	nan	nan	nan	nan	nan	nan	nan	nan	nan	nan	nan	nan	nan	nan	nan	nan	nan	nan	nan	nan	nan	nan	nan	nan	nan	nan	nan	nan	nan	nan	nan	nan	nan	nan	nan	nan	nan	nan	nan	nan	nan	nan	nan	nan	nan	nan	nan	nan	nan	nan	nan	nan	nan	nan	nan	nan	nan	needs_multistep_run	0.000000000000000e+00	random_20260820_084408.md
8.255820000000000e+01	3.104850000000000e+02	3.193570000000000e+02	1.045770000000000e+03	2.230110000000000e-01	5.247640000000000e+00	0.000000000000000e+00	-1.000000000000000e+30	tracing_not_set_coex_not_set	0	0	0	true	2.394082104801512e-01	true	7.967088085226711e+00	true	3.243464560000000e-04	3.151616090000000e-09	1.683648841440268e+00	1.058655859059310e+00	true	5.044741218218201e+00	8.038137807678591e+01	2.495546499430239e+00	2.313450175962186e-01	true	true	8.757823747258687e-01	6.739037504638928e-01	8.757823747258687e-01	7.511847157388105e-03	9.458696170980140e-01	3.390174805973530e+00	9.458696170980140e-01	4.653195540469262e-03	CMS:2019ogx	CMS:2012qwq	CMS:2019ogx	ATLAS:2021upq	LHC13 [H]->X1->Z(X2->[bb])	LHC8 [vbfH;HW;Htt;H;HZ]>[bb;tautau;WW;ZZ;gamgam]	LHC13 [H]->X1->Z(X2->[bb])	LHC13 [Hpmtb>tb]	5.828623669310531e+00	true	all checks passed	1	1.296083348659340e+00	2.398359191214436e-01	3.567787173766925e+00	-1.683682717325038e+00	-1.499005665834522e+00	1.045770000000000e+03	5.247640000000000e+00	7150.5230432535827	2447.9001995760082	520.63498935977987	-1.3476114443188554	-0.082778168174029956	-0.019088532823224969	0	0.0058619791856503673	0	0	0	no_nlo_stability	not_set	not_set	not_set	0.496	nan	nan	nan	nan	nan	nan	nan	nan	nan	nan	nan	nan	nan	nan	nan	nan	nan	nan	nan	nan	nan	nan	nan	nan	nan	nan	nan	nan	nan	nan	nan	nan	nan	nan	nan	nan	nan	nan	nan	nan	nan	nan	nan	nan	nan	nan	nan	nan	nan	nan	nan	nan	nan	nan	nan	nan	nan	nan	nan	nan	nan	nan	nan	nan	nan	nan	nan	nan	nan	nan	nan	nan	nan	nan	not_set	nan	nan	nan	nan	nan	nan	nan	nan	nan	nan	nan	nan	nan	nan	nan	nan	nan	nan	nan	nan	nan	nan	nan	nan	nan	nan	nan	nan	nan	nan	nan	nan	nan	nan	nan	nan	nan	nan	nan	nan	nan	nan	nan	nan	nan	nan	nan	nan	nan	nan	nan	nan	nan	nan	nan	nan	nan	nan	nan	nan	nan	nan	nan	nan	nan	nan	nan	nan	nan	nan	nan	nan	nan	nan	nan	nan	nan	nan	nan	nan	nan	nan	nan	nan	nan	nan	nan	nan	nan	nan	nan	nan	nan	nan	nan	nan	nan	nan	nan	nan	nan	nan	nan	nan	nan	nan	nan	nan	nan	nan	nan	nan	nan	nan	nan	nan	nan	nan	nan	nan	nan	nan	nan	nan	nan	nan	nan	nan	nan	nan	nan	nan	nan	nan	nan	nan	nan	nan	nan	nan	nan	nan	nan	nan	nan	nan	nan	nan	needs_multistep_run	0.000000000000000e+00	random_20260820_084408.md
7.615340000000000e+01	2.970700000000000e+02	2.876600000000000e+02	3.413910000000000e+02	2.116630000000000e-01	5.273260000000000e+00	0.000000000000000e+00	-1.000000000000000e+30	not_set	0	0	0	true	2.403532766023529e-01	true	1.024241518400569e+01	true	3.240447060000000e-04	3.155492950000000e-09	1.725115508660491e+00	1.031324643278270e+00	true	1.996299856498608e+00	8.035137827436715e+01	2.493925525434882e+00	2.315030597642885e-01	true	true	8.091816744531626e-01	6.804475416607944e-01	8.091816744531626e-01	8.254615408146305e-03	8.554899892404311e-01	3.423094337933421e+00	8.554899892404311e-01	5.732301511586445e-03	CMS:2019ogx	CMS:2012qwq	CMS:2019ogx	ATLAS:2021upq	LHC13 [H]->X1->Z(X2->[bb])	LHC8 [vbfH;HW;Htt;H;HZ]>[bb;tautau;WW;ZZ;gamgam]	LHC13 [H]->X1->Z(X2->[bb])	LHC13 [Hpmtb>tb]	6.123553992710271e+00	true	all checks passed	1	2.615279692907794e+00	2.407826736274574e-01	3.022503748550476e+00	-1.245637232588898e+00	-1.427483663284912e+00	3.413910000000000e+02	5.273260000000000e+00	6309.9535983907854	1548.2454317194888	397.00904454131933	-0.77774315160972329	-0.05394721266964321	0.015361617702790131	0	-0.0086018932502929368	0	0	0	success	ew_sym_res	success	success	348.14600000000002	success	138.09274780399849	0	-1.8473361412842685e-06	0	0	-3.6718870532128597e-10	69.629747443139635	88.764130209227289	-1.3583071783076417e-12	failure	nan	nan	nan	nan	nan	nan	nan	nan	nan	nan	nan	nan	nan	nan	nan	nan	nan	nan	nan	nan	nan	nan	nan	nan	nan	nan	nan	nan	nan	nan	nan	nan	nan	nan	nan	nan	nan	nan	nan	nan	not_set	nan	nan	nan	nan	nan	nan	nan	nan	nan	nan	nan	nan	nan	nan	nan	nan	nan	nan	nan	nan	nan	nan	0	nan	nan	nan	nan	nan	nan	nan	nan	nan	nan	nan	nan	nan	nan	nan	nan	nan	nan	nan	nan	nan	nan	nan	nan	nan	nan	nan	nan	nan	nan	nan	nan	nan	nan	nan	nan	nan	nan	nan	nan	nan	nan	nan	nan	nan	nan	nan	nan	nan	nan	nan	nan	nan	nan	nan	nan	nan	nan	nan	nan	nan	nan	nan	nan	nan	nan	nan	nan	nan	nan	nan	nan	nan	nan	nan	nan	nan	nan	nan	nan	nan	nan	nan	nan	nan	nan	nan	nan	nan	nan	nan	nan	nan	nan	nan	nan	nan	nan	nan	nan	nan	nan	nan	nan	nan	nan	nan	nan	nan	nan	nan	nan	nan	nan	nan	nan	nan	nan	nan	nan	nan	nan	nan	nan	nan	nan	nan	nan	nan	nan	nan	nan	nan	nan	nan	nan	nan	nan	nan	nan	nan	nan	nan	nan	nan	nan	nan	nan	needs_multistep_run	0.000000000000000e+00	random_20260820_084408.md
1.262255654745220e+02	4.453002810566269e+02	4.354427392790690e+02	1.202522426975031e+03	9.817616348752298e-01	7.893632160738592e+00	0.000000000000000e+00	-1.000000000000000e+30	tracing_success_coex_no_coex_pair	0	146	0	true	2.593408587335368e-01	true	2.396241120771911e+01	true	3.312923430000000e-04	3.464400930000000e-09	8.685903502206370e-01	2.465954635730112e-03	true	5.913515723228647e+00	8.034175671471385e+01	2.493330745080871e+00	2.315800511157786e-01	true	true	7.693165525529060e-01	7.525588103695056e-01	8.309983850246035e-01	7.011080620894439e-04	3.870163346750825e+00	2.240251951851699e+00	6.540676657546475e-01	5.041104161869438e-04	CMS:2012qwq	CMS:2013zmy	ATLAS:2022enb	ATLAS:2021upq	LHC8 [vbfH;HW;Htt;H;HZ]>[bb;tautau;WW;ZZ;gamgam]	LHC8 [ggH;vbfH;HW;HZ]>[WW]	LHC13 [H]->X1->Z(X2->[bb])	LHC13 [Hpmtb>tb]	5.674030318669281e+00	true	all checks passed	1	6.736553782580932e+00	2.598041775399305e-01	6.109737283359054e+00	-2.830388782224906e+00	-3.117319878736627e+00	1.202522426975031e+03	7.893632160738592e+00	26467.895222127245	10244.745136685036	289.7455172576897	-2.2075038127284561	-0.4463554117572433	-0.8374678169273394	0	0.024156247635361408	0	0	0	success	non_bfb	success	no_coex_pair	31.962	nan	nan	nan	nan	nan	nan	nan	nan	nan	nan	nan	nan	nan	nan	nan	nan	nan	nan	nan	nan	nan	nan	nan	nan	nan	nan	nan	nan	nan	nan	nan	nan	nan	nan	nan	nan	nan	nan	nan	nan	nan	nan	nan	nan	nan	nan	nan	nan	nan	nan	nan	nan	nan	nan	nan	nan	nan	nan	nan	nan	nan	nan	nan	nan	nan	nan	nan	nan	nan	nan	nan	nan	nan	nan	not_set	nan	nan	nan	nan	nan	nan	nan	nan	nan	nan	nan	nan	nan	nan	nan	nan	nan	nan	nan	nan	nan	nan	nan	nan	nan	nan	nan	nan	nan	nan	nan	nan	nan	nan	nan	nan	nan	nan	nan	nan	nan	nan	nan	nan	nan	nan	nan	nan	nan	nan	nan	nan	nan	nan	nan	nan	nan	nan	nan	nan	nan	nan	nan	nan	nan	nan	nan	nan	nan	nan	nan	nan	nan	nan	nan	nan	nan	nan	nan	nan	nan	nan	nan	nan	nan	nan	nan	nan	nan	nan	nan	nan	nan	nan	nan	nan	nan	nan	nan	nan	nan	nan	nan	nan	nan	nan	nan	nan	nan	nan	nan	nan	nan	nan	nan	nan	nan	nan	nan	nan	nan	nan	nan	nan	nan	nan	nan	nan	nan	nan	nan	nan	nan	nan	nan	nan	nan	nan	nan	nan	nan	nan	nan	nan	nan	nan	nan	nan	needs_multistep_run	0.000000000000000e+00	async_mcmc_20260903_212216.md
1.257077486259027e+02	4.523950437045142e+02	4.588856067204054e+02	1.165377662282611e+03	9.899825816896600e-01	5.786749966620033e+00	0.000000000000000e+00	-1.000000000000000e+30	tracing_success_coex_no_coex_pair	0	0	0	true	2.620139526617727e-01	true	2.069283856797263e+01	true	3.304219560000000e-04	3.475570620000000e-09	9.560767835621534e-01	7.774751571752813e-03	true	4.527467883532324e+00	8.037989824077340e+01	2.495468443729446e+00	2.313748201804110e-01	true	true	7.824051757930041e-01	7.549998109830630e-01	6.470065012943520e-01	2.013078858683207e-03	3.936007646805419e+00	2.247246106773356e+00	5.692141020496084e-01	1.502135610372911e-03	CMS:2012qwq	CMS:2013zmy	ATLAS:2022enb	ATLAS:2021upq	LHC8 [vbfH;HW;Htt;H;HZ]>[bb;tautau;WW;ZZ;gamgam]	LHC8 [ggH;vbfH;HW;HZ]>[WW]	LHC13 [H]->X1->Z(X2->[bb])	LHC13 [Hpmtb>tb]	5.766266948767480e+00	true	all checks passed	1	5.162220614731670e+00	2.624820470160467e-01	6.844069894719753e+00	-3.462647698849471e+00	-3.267171312877322e+00	1.165377662282611e+03	5.786749966620033e+00	25206.537650950053	12499.940435509228	198.16284904962674	-1.0280393986293694	-0.56409264688430616	-0.88838725152092968	0	-0.019380992689333038	0	0	0	success	non_bfb	success	no_coex_pair	34.957999999999998	nan	nan	nan	nan	nan	nan	nan	nan	nan	nan	nan	nan	nan	nan	nan	nan	nan	nan	nan	nan	nan	nan	nan	nan	nan	nan	nan	nan	nan	nan	nan	nan	nan	nan	nan	nan	nan	nan	nan	nan	nan	nan	nan	nan	nan	nan	nan	nan	nan	nan	nan	nan	nan	nan	nan	nan	nan	nan	nan	nan	nan	nan	nan	nan	nan	nan	nan	nan	nan	nan	nan	nan	nan	nan	not_set	nan	nan	nan	nan	nan	nan	nan	nan	nan	nan	nan	nan	nan	nan	nan	nan	nan	nan	nan	nan	nan	nan	nan	nan	nan	nan	nan	nan	nan	nan	nan	nan	nan	nan	nan	nan	nan	nan	nan	nan	nan	nan	nan	nan	nan	nan	nan	nan	nan	nan	nan	nan	nan	nan	nan	nan	nan	nan	nan	nan	nan	nan	nan	nan	nan	nan	nan	nan	nan	nan	nan	nan	nan	nan	nan	nan	nan	nan	nan	nan	nan	nan	nan	nan	nan	nan	nan	nan	nan	nan	nan	nan	nan	nan	nan	nan	nan	nan	nan	nan	nan	nan	nan	nan	nan	nan	nan	nan	nan	nan	nan	nan	nan	nan	nan	nan	nan	nan	nan	nan	nan	nan	nan	nan	nan	nan	nan	nan	nan	nan	nan	nan	nan	nan	nan	nan	nan	nan	nan	nan	nan	nan	nan	nan	nan	nan	nan	nan	needs_multistep_run	0.000000000000000e+00	random_20260822_004933.md
1.265105527184557e+02	4.670472210352377e+02	4.621038714107134e+02	1.018549008960544e+03	9.573532179412689e-01	1.348301287006265e+01	0.000000000000000e+00	-1.000000000000000e+30	tracing_success_coex_no_coex_pair	0	0	0	true	2.581981305031805e-01	true	2.491243021744934e+01	true	3.320682150000000e-04	3.454409790000000e-09	7.941422251696020e-01	2.312276794780115e-04	true	1.633803175183857e+00	8.035202085991901e+01	2.493920979725139e+00	2.315243744798500e-01	true	true	7.288810966637096e-01	7.598498348497996e-01	4.300771006979074e-01	0.000000000000000e+00	3.666746666358049e+00	2.263128512617337e+00	4.776807821030883e-01	0.000000000000000e+00	CMS:2012qwq	CMS:2013zmy	ATLAS:2022enb		LHC8 [vbfH;HW;Htt;H;HZ]>[bb;tautau;WW;ZZ;gamgam]	LHC8 [ggH;vbfH;HW;HZ]>[WW]	LHC13 [H]->X1->Z(X2->[bb])		5.393396368764257e+00	true	all checks passed	1	6.807921883928930e+00	2.586594077975568e-01	6.847179320022396e+00	-3.224572290651869e+00	-3.376370780438672e+00	1.018549008960544e+03	1.348301287006265e+01	29983.917706110584	12652.427224448144	138.66527304546341	-5.0395262356223602	-0.59454617099960383	-1.0798854955954158	0	0.015696356548669479	0	0	0	success	non_bfb	success	no_coex_pair	40.959000000000003	nan	nan	nan	nan	nan	nan	nan	nan	nan	nan	nan	nan	nan	nan	nan	nan	nan	nan	nan	nan	nan	nan	nan	nan	nan	nan	nan	nan	nan	nan	nan	nan	nan	nan	nan	nan	nan	nan	nan	nan	nan	nan	nan	nan	nan	nan	nan	nan	nan	nan	nan	nan	nan	nan	nan	nan	nan	nan	nan	nan	nan	nan	nan	nan	nan	nan	nan	nan	nan	nan	nan	nan	nan	nan	not_set	nan	nan	nan	nan	nan	nan	nan	nan	nan	nan	nan	nan	nan	nan	nan	nan	nan	nan	nan	nan	nan	nan	nan	nan	nan	nan	nan	nan	nan	nan	nan	nan	nan	nan	nan	nan	nan	nan	nan	nan	nan	nan	nan	nan	nan	nan	nan	nan	nan	nan	nan	nan	nan	nan	nan	nan	nan	nan	nan	nan	nan	nan	nan	nan	nan	nan	nan	nan	nan	nan	nan	nan	nan	nan	nan	nan	nan	nan	nan	nan	nan	nan	nan	nan	nan	nan	nan	nan	nan	nan	nan	nan	nan	nan	nan	nan	nan	nan	nan	nan	nan	nan	nan	nan	nan	nan	nan	nan	nan	nan	nan	nan	nan	nan	nan	nan	nan	nan	nan	nan	nan	nan	nan	nan	nan	nan	nan	nan	nan	nan	nan	nan	nan	nan	nan	nan	nan	nan	nan	nan	nan	nan	nan	nan	nan	nan	nan	nan	needs_multistep_run	0.000000000000000e+00	random_20260822_061721.md
1.278300000000000e+02	4.458610000000000e+02	4.493290000000000e+02	1.054500000000000e+03	9.754389999999999e-01	1.450530000000000e+01	0.000000000000000e+00	-1.000000000000000e+30	tracing_not_set_coex_not_set	0	0	0	true	2.580321981718211e-01	true	1.670634132311185e+01	true	3.275253110000000e-04	3.113062220000000e-09	1.277457805115572e+00	1.349905678850515e+00	true	1.606792544778649e+00	8.037213095530385e+01	2.495059117225789e+00	2.314169515299320e-01	true	true	7.479700137688217e-01	7.597626766508632e-01	4.981347891602629e-01	0.000000000000000e+00	3.762776352791045e+00	2.263034625523701e+00	3.959434400149836e-01	0.000000000000000e+00	CMS:2012qwq	CMS:2013zmy	ATLAS:2022enb		LHC8 [vbfH;HW;Htt;H;HZ]>[bb;tautau;WW;ZZ;gamgam]	LHC8 [ggH;vbfH;HW;HZ]>[WW]	LHC13 [H]->X1->Z(X2->[bb])		5.629761346881025e+00	true	all checks passed	1	3.591149016823336e+00	2.584931790240166e-01	6.444541047195946e+00	-3.133593309955759e+00	-3.030991719632538e+00	1.054500000000000e+03	1.450530000000000e+01	21279.709928654986	10762.338073560892	178.71743773148285	-8.8081107380446007	-0.48956896833286062	-0.64441316365463586	0	-0.0081189958483659144	0	0	0	no_nlo_stability	not_set	not_set	not_set	0.59199999999999997	nan	nan	nan	nan	nan	nan	nan	nan	nan	nan	nan	nan	nan	nan	nan	nan	nan	nan	nan	nan	nan	nan	nan	nan	nan	nan	nan	nan	nan	nan	nan	nan	nan	nan	nan	nan	nan	nan	nan	nan	nan	nan	nan	nan	nan	nan	nan	nan	nan	nan	nan	nan	nan	nan	nan	nan	nan	nan	nan	nan	nan	nan	nan	nan	nan	nan	nan	nan	nan	nan	nan	nan	nan	nan	not_set	nan	nan	nan	nan	nan	nan	nan	nan	nan	nan	nan	nan	nan	nan	nan	nan	nan	nan	nan	nan	nan	nan	nan	nan	nan	nan	nan	nan	nan	nan	nan	nan	nan	nan	nan	nan	nan	nan	nan	nan	nan	nan	nan	nan	nan	nan	nan	nan	nan	nan	nan	nan	nan	nan	nan	nan	nan	nan	nan	nan	nan	nan	nan	nan	nan	nan	nan	nan	nan	nan	nan	nan	nan	nan	nan	nan	nan	nan	nan	nan	nan	nan	nan	nan	nan	nan	nan	nan	nan	nan	nan	nan	nan	nan	nan	nan	nan	nan	nan	nan	nan	nan	nan	nan	nan	nan	nan	nan	nan	nan	nan	nan	nan	nan	nan	nan	nan	nan	nan	nan	nan	nan	nan	nan	nan	nan	nan	nan	nan	nan	nan	nan	nan	nan	nan	nan	nan	nan	nan	nan	nan	nan	nan	nan	nan	nan	nan	nan	needs_multistep_run	0.000000000000000e+00	random_20260815_194920.md
1.251830000000000e+02	5.433780000000000e+02	5.363180000000000e+02	2.046720000000000e+03	9.615680000000000e-01	7.339530000000000e+00	0.000000000000000e+00	-1.000000000000000e+30	tracing_not_set_coex_not_set	0	0	0	true	2.578505567180350e-01	true	1.538368769263746e+01	true	3.313789630000000e-04	3.463168880000000e-09	8.601134209290013e-01	2.062061836556559e-03	true	4.852166209038181e+00	8.034382740887135e+01	2.493438890898656e+00	2.315665758615127e-01	true	true	7.593724996628404e-01	7.593724996628404e-01	6.691324087528356e-01	5.090596405658890e-04	1.242584087818641e+00	1.242584087818641e+00	9.281317538088860e-01	4.099839909130448e-04	ATLAS:2014vuz	ATLAS:2014vuz	ATLAS:2022enb	ATLAS:2021upq	LHC8 [HW;HZ]>[bb]	LHC8 [HW;HZ]>[bb]	LHC13 [H]->X1->Z(X2->[bb])	LHC13 [Hpmtb>tb]	5.558552531802519e+00	true	all checks passed	1	5.874334148301240e-01	2.583112130633174e-01	9.254104007424921e+00	-4.374273216660562e+00	-4.626195146728645e+00	2.046720000000000e+03	7.339530000000000e+00	35539.934142223552	23885.614304565104	1329.6076621545728	-9.4803475501391326	-1.3234605912329531	-1.2227822653579348	0	0.035127634551635922	1.1059455573558807e-09	0	0	no_nlo_stability	not_set	not_set	not_set	0.40999999999999998	nan	nan	nan	nan	nan	nan	nan	nan	nan	nan	nan	nan	nan	nan	nan	nan	nan	nan	nan	nan	nan	nan	nan	nan	nan	nan	nan	nan	nan	nan	nan	nan	nan	nan	nan	nan	nan	nan	nan	nan	nan	nan	nan	nan	nan	nan	nan	nan	nan	nan	nan	nan	nan	nan	nan	nan	nan	nan	nan	nan	nan	nan	nan	nan	nan	nan	nan	nan	nan	nan	nan	nan	nan	nan	not_set	nan	nan	nan	nan	nan	nan	nan	nan	nan	nan	nan	nan	nan	nan	nan	nan	nan	nan	nan	nan	nan	nan	nan	nan	nan	nan	nan	nan	nan	nan	nan	nan	nan	nan	nan	nan	nan	nan	nan	nan	nan	nan	nan	nan	nan	nan	nan	nan	nan	nan	nan	nan	nan	nan	nan	nan	nan	nan	nan	nan	nan	nan	nan	nan	nan	nan	nan	nan	nan	nan	nan	nan	nan	nan	nan	nan	nan	nan	nan	nan	nan	nan	nan	nan	nan	nan	nan	nan	nan	nan	nan	nan	nan	nan	nan	nan	nan	nan	nan	nan	nan	nan	nan	nan	nan	nan	nan	nan	nan	nan	nan	nan	nan	nan	nan	nan	nan	nan	nan	nan	nan	nan	nan	nan	nan	nan	nan	nan	nan	nan	nan	nan	nan	nan	nan	nan	nan	nan	nan	nan	nan	nan	nan	nan	nan	nan	nan	nan	needs_multistep_run	0.000000000000000e+00	random_20260824_004325.md
1.254790000000000e+02	2.534680000000000e+02	2.408560000000000e+02	1.187440000000000e+03	9.735260000000000e-01	9.954560000000001e+00	0.000000000000000e+00	-1.000000000000000e+30	tracing_success_coex_no_coex_pair	0	0	0	true	2.583830278905517e-01	true	1.983471786416523e+01	true	3.312015450000000e-04	3.465957440000000e-09	8.775207766953645e-01	3.027822727153462e-03	true	2.024828911728632e+00	8.035067797413444e+01	2.493874896198766e+00	2.315438653006646e-01	true	true	7.633794835058942e-01	7.633794835058942e-01	2.050695682599036e-01	1.067435229701547e-03	1.249357452219292e+00	1.249357452219292e+00	2.260040957353910e-01	1.683438024883629e-03	ATLAS:2014vuz	ATLAS:2014vuz	CMS:2019qcx	CMS:2020imj	LHC8 [HW;HZ]>[bb]	LHC8 [HW;HZ]>[bb]	LHC13 [ggH]->X1->Z(X2->[bb])	LHC13 [Hpmtb>tb]	4.982015220916026e+00	true	all checks passed	1	6.487810655517627e+00	2.588446355086466e-01	1.722505510078501e+00	-6.582964783834616e-01	-8.643383280761049e-01	1.187440000000000e+03	9.954560000000001e+00	7026.7228324452581	-8.8086790755068272	112.03596492697933	-0.66298799367638106	-0.021660661731873664	0.052096921845818898	0	-0.0081075070359564409	0	0	0	success	non_bfb	success	no_coex_pair	13.099	nan	nan	nan	nan	nan	nan	nan	nan	nan	nan	nan	nan	nan	nan	nan	nan	nan	nan	nan	nan	nan	nan	nan	nan	nan	nan	nan	nan	nan	nan	nan	nan	nan	nan	nan	nan	nan	nan	nan	nan	nan	nan	nan	nan	nan	nan	nan	nan	nan	nan	nan	nan	nan	nan	nan	nan	nan	nan	nan	nan	nan	nan	nan	nan	nan	nan	nan	nan	nan	nan	nan	nan	nan	nan	not_set	nan	nan	nan	nan	nan	nan	nan	nan	nan	nan	nan	nan	nan	nan	nan	nan	nan	nan	nan	nan	nan	nan	nan	nan	nan	nan	nan	nan	nan	nan	nan	nan	nan	nan	nan	nan	nan	nan	nan	nan	nan	nan	nan	nan	nan	nan	nan	nan	nan	nan	nan	nan	nan	nan	nan	nan	nan	nan	nan	nan	nan	nan	nan	nan	nan	nan	nan	nan	nan	nan	nan	nan	nan	nan	nan	nan	nan	nan	nan	nan	nan	nan	nan	nan	nan	nan	nan	nan	nan	nan	nan	nan	nan	nan	nan	nan	nan	nan	nan	nan	nan	nan	nan	nan	nan	nan	nan	nan	nan	nan	nan	nan	nan	nan	nan	nan	nan	nan	nan	nan	nan	nan	nan	nan	nan	nan	nan	nan	nan	nan	nan	nan	nan	nan	nan	nan	nan	nan	nan	nan	nan	nan	nan	nan	nan	nan	nan	nan	needs_multistep_run	0.000000000000000e+00	random_20260825_210947.md
1.270880638624336e+02	4.400135680537972e+02	4.298748826314507e+02	1.364099149168216e+03	9.771421357221441e-01	9.270820998662726e+00	0.000000000000000e+00	-1.000000000000000e+30	tracing_success_coex_no_coex_pair	3	157	0	true	2.583789109163091e-01	true	1.947904156747665e+01	true	3.270107670000000e-04	3.119197730000000e-09	1.339408221408006e+00	1.301190747171852e+00	true	6.069075246483623e+00	8.034147120674200e+01	2.493321056478979e+00	2.315818893629116e-01	true	true	7.607210759720863e-01	7.552515174280637e-01	9.909716055786297e-01	3.888768534800813e-04	3.826922500963024e+00	2.248864786049443e+00	7.135960087367368e-01	2.775330642714550e-04	CMS:2012qwq	CMS:2013zmy	ATLAS:2022enb	ATLAS:2021upq	LHC8 [vbfH;HW;Htt;H;HZ]>[bb;tautau;WW;ZZ;gamgam]	LHC8 [ggH;vbfH;HW;HZ]>[WW]	LHC13 [H]->X1->Z(X2->[bb])	LHC13 [Hpmtb>tb]	6.015093490379400e+00	true	all checks passed	1	5.027403315047037e+00	2.588405111793284e-01	5.904462899560612e+00	-2.696467568025180e+00	-2.987945040231871e+00	1.364099149168216e+03	9.270820998662726e+00	22642.643478927963	9425.3684252533367	310.16575655011343	-4.17969679774549	-0.40993636915483306	-0.65017279676080209	0	0.018723464869665685	0	0	0	success	non_bfb	success	no_coex_pair	13.941000000000001	nan	nan	nan	nan	nan	nan	nan	nan	nan	nan	nan	nan	nan	nan	nan	nan	nan	nan	nan	nan	nan	nan	nan	nan	nan	nan	nan	nan	nan	nan	nan	nan	nan	nan	nan	nan	nan	nan	nan	nan	nan	nan	nan	nan	nan	nan	nan	nan	nan	nan	nan	nan	nan	nan	nan	nan	nan	nan	nan	nan	nan	nan	nan	nan	nan	nan	nan	nan	nan	nan	nan	nan	nan	nan	not_set	nan	nan	nan	nan	nan	nan	nan	nan	nan	nan	nan	nan	nan	nan	nan	nan	nan	nan	nan	nan	nan	nan	nan	nan	nan	nan	nan	nan	nan	nan	nan	nan	nan	nan	nan	nan	nan	nan	nan	nan	nan	nan	nan	nan	nan	nan	nan	nan	nan	nan	nan	nan	nan	nan	nan	nan	nan	nan	nan	nan	nan	nan	nan	nan	nan	nan	nan	nan	nan	nan	nan	nan	nan	nan	nan	nan	nan	nan	nan	nan	nan	nan	nan	nan	nan	nan	nan	nan	nan	nan	nan	nan	nan	nan	nan	nan	nan	nan	nan	nan	nan	nan	nan	nan	nan	nan	nan	nan	nan	nan	nan	nan	nan	nan	nan	nan	nan	nan	nan	nan	nan	nan	nan	nan	nan	nan	nan	nan	nan	nan	nan	nan	nan	nan	nan	nan	nan	nan	nan	nan	nan	nan	nan	nan	nan	nan	nan	nan	needs_multistep_run	0.000000000000000e+00	async_mcmc_20260903_141342.md
1.266960000000000e+02	5.769140000000000e+02	5.792350000000000e+02	2.283320000000000e+03	9.866800000000000e-01	6.581330000000000e+00	0.000000000000000e+00	-1.000000000000000e+30	tracing_not_set_coex_not_set	0	0	0	true	2.578323765267131e-01	true	1.783300075086104e+01	true	3.266446970000000e-04	3.123388120000000e-09	1.384375546320805e+00	1.268434246814916e+00	true	1.522681703073604e+00	8.037188818325245e+01	2.495027113106295e+00	2.314160641838915e-01	true	true	7.777264901385621e-01	7.511500564034832e-01	7.162932142982902e-02	6.722336936000734e-04	3.912470810543801e+00	2.235954688347835e+00	7.587367206078682e-02	5.177239503690828e-04	CMS:2012qwq	CMS:2013zmy	ATLAS:2022enb	ATLAS:2021upq	LHC8 [vbfH;HW;Htt;H;HZ]>[bb;tautau;WW;ZZ;gamgam]	LHC8 [ggH;vbfH;HW;HZ]>[WW]	LHC13 [H]->X1->Z(X2->[bb])	LHC13 [Hpmtb>tb]	6.024695781026736e+00	true	all checks passed	1	7.502272788743426e-01	2.582930003926375e-01	1.083495907637693e+01	-5.334496424843441e+00	-5.245811719013576e+00	2.283320000000000e+03	6.581330000000000e+00	43740.697883323504	32271.828276953682	1360.337847748375	-7.7164471345469234	-1.9217415771210138	-1.8243153382339414	0	-0.019155220411420707	0	-2.7939677238464355e-09	0	no_nlo_stability	not_set	not_set	not_set	0.38	nan	nan	nan	nan	nan	nan	nan	nan	nan	nan	nan	nan	nan	nan	nan	nan	nan	nan	nan	nan	nan	nan	nan	nan	nan	nan	nan	nan	nan	nan	nan	nan	nan	nan	nan	nan	nan	nan	nan	nan	nan	nan	nan	nan	nan	nan	nan	nan	nan	nan	nan	nan	nan	nan	nan	nan	nan	nan	nan	nan	nan	nan	nan	nan	nan	nan	nan	nan	nan	nan	nan	nan	nan	nan	not_set	nan	nan	nan	nan	nan	nan	nan	nan	nan	nan	nan	nan	nan	nan	nan	nan	nan	nan	nan	nan	nan	nan	nan	nan	nan	nan	nan	nan	nan	nan	nan	nan	nan	nan	nan	nan	nan	nan	nan	nan	nan	nan	nan	nan	nan	nan	nan	nan	nan	nan	nan	nan	nan	nan	nan	nan	nan	nan	nan	nan	nan	nan	nan	nan	nan	nan	nan	nan	nan	nan	nan	nan	nan	nan	nan	nan	nan	nan	nan	nan	nan	nan	nan	nan	nan	nan	nan	nan	nan	nan	nan	nan	nan	nan	nan	nan	nan	nan	nan	nan	nan	nan	nan	nan	nan	nan	nan	nan	nan	nan	nan	nan	nan	nan	nan	nan	nan	nan	nan	nan	nan	nan	nan	nan	nan	nan	nan	nan	nan	nan	nan	nan	nan	nan	nan	nan	nan	nan	nan	nan	nan	nan	nan	nan	nan	nan	nan	nan	needs_multistep_run	0.000000000000000e+00	random_20260822_062803.md
1.255570000000000e+02	3.150580000000000e+02	3.018900000000000e+02	1.143800000000000e+03	9.757140000000000e-01	9.913069999999999e+00	0.000000000000000e+00	-1.000000000000000e+30	tracing_success_coex_no_coex_pair	0	0	0	true	2.584693597250978e-01	true	2.264203729858292e+01	true	3.268188980000000e-04	3.121657040000000e-09	1.362884448571762e+00	1.281915569340801e+00	true	4.146190409428254e+00	8.034523922244566e+01	2.493554800752224e+00	2.315676128023172e-01	true	true	7.722836917803000e-01	7.722836917803000e-01	5.453371423447918e-01	1.120753320778177e-03	3.885875480868746e+00	3.885875480868746e+00	3.698332568731593e-01	6.954430508847455e-04	CMS:2012qwq	CMS:2012qwq	CMS:2019qcx	ATLAS:2021upq	LHC8 [vbfH;HW;Htt;H;HZ]>[bb;tautau;WW;ZZ;gamgam]	LHC8 [vbfH;HW;Htt;H;HZ]>[bb;tautau;WW;ZZ;gamgam]	LHC13 [ggH]->X1->Z(X2->[bb])	LHC13 [Hpmtb>tb]	5.122533032081833e+00	true	all checks passed	1	7.256989053597997e+00	2.589311215771329e-01	2.825495777711654e+00	-1.182491379889068e+00	-1.450981407782518e+00	1.143800000000000e+03	9.913069999999999e+00	11853.389360894435	1534.5080780808591	172.65924913058441	-1.6249897485655782	-0.057578151203672323	-0.063313648156646626	0	-0.0032214705248823686	0	0	0	success	non_bfb	success	no_coex_pair	13.157999999999999	nan	nan	nan	nan	nan	nan	nan	nan	nan	nan	nan	nan	nan	nan	nan	nan	nan	nan	nan	nan	nan	nan	nan	nan	nan	nan	nan	nan	nan	nan	nan	nan	nan	nan	nan	nan	nan	nan	nan	nan	nan	nan	nan	nan	nan	nan	nan	nan	nan	nan	nan	nan	nan	nan	nan	nan	nan	nan	nan	nan	nan	nan	nan	nan	nan	nan	nan	nan	nan	nan	nan	nan	nan	nan	not_set	nan	nan	nan	nan	nan	nan	nan	nan	nan	nan	nan	nan	nan	nan	nan	nan	nan	nan	nan	nan	nan	nan	nan	nan	nan	nan	nan	nan	nan	nan	nan	nan	nan	nan	nan	nan	nan	nan	nan	nan	nan	nan	nan	nan	nan	nan	nan	nan	nan	nan	nan	nan	nan	nan	nan	nan	nan	nan	nan	nan	nan	nan	nan	nan	nan	nan	nan	nan	nan	nan	nan	nan	nan	nan	nan	nan	nan	nan	nan	nan	nan	nan	nan	nan	nan	nan	nan	nan	nan	nan	nan	nan	nan	nan	nan	nan	nan	nan	nan	nan	nan	nan	nan	nan	nan	nan	nan	nan	nan	nan	nan	nan	nan	nan	nan	nan	nan	nan	nan	nan	nan	nan	nan	nan	nan	nan	nan	nan	nan	nan	nan	nan	nan	nan	nan	nan	nan	nan	nan	nan	nan	nan	nan	nan	nan	nan	nan	nan	needs_multistep_run	0.000000000000000e+00	random_20260824_002709.md
1.404998058989902e+02	4.437869785339011e+02	4.343922051266384e+02	1.782910382161213e+03	9.988196128351025e-01	1.051700490652313e+01	0.000000000000000e+00	-1.000000000000000e+30	tracing_not_set_coex_not_set	111	110	0	true	2.573904126187585e-01	true	1.248065605331771e+01	true	3.317903760000000e-04	3.457990520000000e-09	8.204187208348381e-01	7.591963123709734e-04	true	5.045596940057534e+00	8.034337229405743e+01	2.493435298676644e+00	2.315727296839962e-01	true	true	7.697160528368102e-01	7.702087904099484e-01	6.214852813511635e-01	2.436910313582313e-04	3.872173093389777e+00	1.260484107491333e+00	6.669195830345385e-01	1.749662740581540e-04	CMS:2012qwq	ATLAS:2014vuz	ATLAS:2020gxx	ATLAS:2021upq	LHC8 [vbfH;HW;Htt;H;HZ]>[bb;tautau;WW;ZZ;gamgam]	LHC8 [HW;HZ]>[bb]	LHC13 [ggH]->X1->Z(X2->[bb])	LHC13 [Hpmtb>tb]	5.319661650995840e+00	true	all checks passed	1	1.808370163592601e+00	2.578502469053190e-01	5.890306142042606e+00	-2.669143528290929e+00	-2.941808424895651e+00	1.782910382161213e+03	1.051700490652313e+01	16669.160053564108	9239.1333909128934	314.27358816464488	-6.2076924978377566	-0.41355009353548822	-0.44213867431859999	0	0.013050701545495402	0	0	0	no_nlo_stability	not_set	not_set	not_set	0.96399999999999997	nan	nan	nan	nan	nan	nan	nan	nan	nan	nan	nan	nan	nan	nan	nan	nan	nan	nan	nan	nan	nan	nan	nan	nan	nan	nan	nan	nan	nan	nan	nan	nan	nan	nan	nan	nan	nan	nan	nan	nan	nan	nan	nan	nan	nan	nan	nan	nan	nan	nan	nan	nan	nan	nan	nan	nan	nan	nan	nan	nan	nan	nan	nan	nan	nan	nan	nan	nan	nan	nan	nan	nan	nan	nan	not_set	nan	nan	nan	nan	nan	nan	nan	nan	nan	nan	nan	nan	nan	nan	nan	nan	nan	nan	nan	nan	nan	nan	nan	nan	nan	nan	nan	nan	nan	nan	nan	nan	nan	nan	nan	nan	nan	nan	nan	nan	nan	nan	nan	nan	nan	nan	nan	nan	nan	nan	nan	nan	nan	nan	nan	nan	nan	nan	nan	nan	nan	nan	nan	nan	nan	nan	nan	nan	nan	nan	nan	nan	nan	nan	nan	nan	nan	nan	nan	nan	nan	nan	nan	nan	nan	nan	nan	nan	nan	nan	nan	nan	nan	nan	nan	nan	nan	nan	nan	nan	nan	nan	nan	nan	nan	nan	nan	nan	nan	nan	nan	nan	nan	nan	nan	nan	nan	nan	nan	nan	nan	nan	nan	nan	nan	nan	nan	nan	nan	nan	nan	nan	nan	nan	nan	nan	nan	nan	nan	nan	nan	nan	nan	nan	nan	nan	nan	nan	needs_multistep_run	0.000000000000000e+00	async_mcmc_20260903_115445.md
1.534041717923998e+02	4.370342713759793e+02	4.269316527631221e+02	2.448686786685661e+03	9.961214740837390e-01	9.020179760531374e+00	0.000000000000000e+00	-1.000000000000000e+30	tracing_not_set_coex_not_set	119	249	0	true	2.564362187550297e-01	true	1.242868764600119e+01	true	3.315422510000000e-04	3.461189380000000e-09	8.442465378033275e-01	1.488730377935782e-03	true	5.359467765744931e+00	8.034277582967368e+01	2.493404908314976e+00	2.315776738071815e-01	true	true	7.723736823962044e-01	3.563681746784857e-02	1.893116967119523e-02	5.181307149322507e-04	3.885542701096614e+00	2.896421818351461e-02	2.834083298722440e-02	3.683885878679031e-04	CMS:2012qwq	CMS:2013yea	ATLAS:2020gxx	ATLAS:2021upq	LHC8 [vbfH;HW;Htt;H;HZ]>[bb;tautau;WW;ZZ;gamgam]	LHC8 [vbfH>WW]	LHC13 [ggH]->X1->Z(X2->[bb])	LHC13 [Hpmtb>tb]	6.109930191856364e+00	true	all checks passed	1	1.961655329784750e+00	2.568943483508438e-01	5.627798901760947e+00	-2.498236091045600e+00	-2.786699248758668e+00	2.448686786685661e+03	9.020179760531374e+00	15021.81537027852	8397.438363498979	265.12427273062718	-3.4364129050170087	-0.37029227181925783	-0.41139527706829598	0	0.014231178294433501	0	0	0	no_nlo_stability	not_set	not_set	not_set	0.878	nan	nan	nan	nan	nan	nan	nan	nan	nan	nan	nan	nan	nan	nan	nan	nan	nan	nan	nan	nan	nan	nan	nan	nan	nan	nan	nan	nan	nan	nan	nan	nan	nan	nan	nan	nan	nan	nan	nan	nan	nan	nan	nan	nan	nan	nan	nan	nan	nan	nan	nan	nan	nan	nan	nan	nan	nan	nan	nan	nan	nan	nan	nan	nan	nan	nan	nan	nan	nan	nan	nan	nan	nan	nan	not_set	nan	nan	nan	nan	nan	nan	nan	nan	nan	nan	nan	nan	nan	nan	nan	nan	nan	nan	nan	nan	nan	nan	nan	nan	nan	nan	nan	nan	nan	nan	nan	nan	nan	nan	nan	nan	nan	nan	nan	nan	nan	nan	nan	nan	nan	nan	nan	nan	nan	nan	nan	nan	nan	nan	nan	nan	nan	nan	nan	nan	nan	nan	nan	nan	nan	nan	nan	nan	nan	nan	nan	nan	nan	nan	nan	nan	nan	nan	nan	nan	nan	nan	nan	nan	nan	nan	nan	nan	nan	nan	nan	nan	nan	nan	nan	nan	nan	nan	nan	nan	nan	nan	nan	nan	nan	nan	nan	nan	nan	nan	nan	nan	nan	nan	nan	nan	nan	nan	nan	nan	nan	nan	nan	nan	nan	nan	nan	nan	nan	nan	nan	nan	nan	nan	nan	nan	nan	nan	nan	nan	nan	nan	nan	nan	nan	nan	nan	nan	needs_multistep_run	0.000000000000000e+00	async_mcmc_20260903_115445.md
1.293847345892809e+02	4.149152218895237e+02	4.171185229249579e+02	1.331715776979719e+03	9.965440445376358e-01	1.101037252115463e+01	1.310212553885078e-06	-5.882658243663890e+00	success	103	366	1	true	2.578512287640756e-01	true	1.687817152074390e+01	true	3.318219600000000e-04	3.457599980000000e-09	8.174101336332428e-01	6.867978121332064e-04	true	8.013979008513167e-01	8.036857405049072e+01	2.494854643785174e+00	2.314368255206984e-01	true	true	7.700948503950041e-01	7.557415372450078e-01	4.522764020822337e-02	2.212614916427643e-04	3.874078691833871e+00	2.249529559823694e+00	3.074016430332915e-02	1.554759577450845e-04	CMS:2012qwq	CMS:2013zmy	ATLAS:2022enb	ATLAS:2021upq	LHC8 [vbfH;HW;Htt;H;HZ]>[bb;tautau;WW;ZZ;gamgam]	LHC8 [ggH;vbfH;HW;HZ]>[WW]	LHC13 [H]->X1->Z(X2->[bb])	LHC13 [Hpmtb>tb]	5.692880024721944e+00	true	all checks passed	1	4.196394899353697e+00	2.583118863099846e-01	5.504334362766423e+00	-2.661072198470328e+00	-2.600485880423332e+00	1.331715776979719e+03	1.101037252115463e+01	18008.957440647704	7671.1305531697899	189.61291101905024	-4.2877301547500188	-0.32234084574566146	-0.46174473088288837	0	-0.0039105311741204499	0	0	0	success	non_bfb	success	success	812.86900000000003	success	300.28393000536948	2.7318381750668331e-09	155.61720484543673	38.759321156193153	7.1603912093604973e-10	0	0	0	0	success	success	298.07580949399363	3.6395324924956559e-10	151.01486787370635	38.831701484019383	1.4781398158015485e-09	0	0	0	0	success	298.11717594009076	-7.033275716539124e-10	151.10919950002312	38.833495972525462	-4.8694286903898802e-10	0	0	0	0	success	297.82212513109073	-1.3097057304031048e-11	150.42800980167689	38.817386061322075	-1.8734467206735751e-09	0	0	0	0	success	297.79774273847238	7.5428007049666251e-10	150.37082251423968	38.815699003936501	1.6430880481478539e-09	0	0	0	0	success	297.82212513109073	297.82212513109073	0.94999999999999996	0.0003659061005299794	31148.19458518779	0	0.00058208368765202837	0.10000000000000001	0.57756986158535351	0.5773790574732558	0.17082301471993963	0	0.075584964542403196	0.48176114195546926	5.4809420155871181e-25	1.8496083518593077e-05	0.83143460996643515	1.9716433019008474e-31	0	3.03150991852058e-15	1.3968878611320377e-19	3.0315869823389877e-15	0-(0)->1-(1)->2	success	164.44437075757386	0	0	0	0	-1.7731842888721067e-09	33.609171882093293	211.10114959253835	2.3682506134165765e-09	success	success	148.6175453962199	0	0	0	0	-3.5914499779732958e-09	31.341452517954892	225.70093436620297	4.8420424791427417e-10	success	149.26235669300127	0	0	0	0	2.5467750970858963e-09	31.438809463380036	225.23658921104874	1.018189938884489e-09	success	147.22827636772115	0	0	0	0	-2.1298276189218478e-09	31.132508915549806	226.67322184287576	3.3024848668022959e-10	success	146.99185543216134	0	0	0	0	-6.6321837568205071e-09	31.097084282649476	226.83496720025636	4.5467050690198076e-09	success	147.22829935842844	147.22829935842844	0.94999999999999996	0.0027996434350036356	1568.9856100182583	0	0.0044029997407401293	0.10000000000000001	0.57744629788861812	0.57649838389523311	0.0042459797116346128	0	0.0019014804793390846	0.012091021681586479	5.7330438753892598e-20	3.5355480403706769e-06	0.020916285272729929	2.5378510926307099e-25	0	1.3102059551015631e-06	6.7142047742721377e-12	1.3102125538850779e-06	nan	nan	nan	nan	nan	nan	nan	nan	nan	nan	nan	nan	nan	nan	nan	nan	nan	nan	nan	nan	nan	nan	nan	nan	nan	nan	nan	nan	nan	nan	nan	nan	nan	nan	nan	nan	nan	nan	nan	nan	nan	nan	nan	nan	nan	nan	nan	nan	nan	nan	nan	nan	nan	nan	nan	nan	nan	nan	nan	nan	nan	nan	nan	nan	nan	nan	nan	nan	nan	nan	nan	nan	nan	nan	multi_step	1.310212553885078e-06	typeI_mH125-220/async_mcmc_20260903_212216.md
2.127120000000000e+02	5.193280000000000e+02	2.137140000000000e+02	2.822650000000000e+03	9.929150000000000e-01	1.554770000000000e+01	0.000000000000000e+00	-1.000000000000000e+30	tracing_not_set_coex_not_set	0	0	0	true	2.572710211870406e-01	true	1.970096608253749e+01	true	3.318824430000000e-04	3.457018550000000e-09	8.116641486101107e-01	5.857317967003906e-04	true	5.037345778404672e+00	8.034477856593362e+01	2.493865759414801e+00	2.316550307459445e-01	true	true	7.617811953275327e-01	2.602737296807072e-01	1.390900158581266e-03	9.308986492467967e-03	1.246293665200124e+00	1.767498638712792e-01	2.590464639963271e-03	8.912255267941207e-03	ATLAS:2014vuz	ATLAS:2020tlo	ATLAS:2022enb	ATLAS:2021upq	LHC8 [HW;HZ]>[bb]	LHC13 [vbfH>ZZ]	LHC13 [H]->X1->Z(X2->[bb])	LHC13 [Hpmtb>tb]	5.102940006884836e+00	true	all checks passed	1	5.100253885590476e+00	2.577306421778794e-01	1.199809979109708e+00	3.675416206458520e+00	-3.728506649910042e+00	2.822650000000000e+03	1.554770000000000e+01	16372.442193240176	6487.9184127352637	165.78721379279798	-7.8842043651959486	-0.3677325321307518	-0.49005006321722472	0	0.059836799993476075	0	0	0	no_nlo_stability	not_set	not_set	not_set	0.42499999999999999	nan	nan	nan	nan	nan	nan	nan	nan	nan	nan	nan	nan	nan	nan	nan	nan	nan	nan	nan	nan	nan	nan	nan	nan	nan	nan	nan	nan	nan	nan	nan	nan	nan	nan	nan	nan	nan	nan	nan	nan	nan	nan	nan	nan	nan	nan	nan	nan	nan	nan	nan	nan	nan	nan	nan	nan	nan	nan	nan	nan	nan	nan	nan	nan	nan	nan	nan	nan	nan	nan	nan	nan	nan	nan	not_set	nan	nan	nan	nan	nan	nan	nan	nan	nan	nan	nan	nan	nan	nan	nan	nan	nan	nan	nan	nan	nan	nan	nan	nan	nan	nan	nan	nan	nan	nan	nan	nan	nan	nan	nan	nan	nan	nan	nan	nan	nan	nan	nan	nan	nan	nan	nan	nan	nan	nan	nan	nan	nan	nan	nan	nan	nan	nan	nan	nan	nan	nan	nan	nan	nan	nan	nan	nan	nan	nan	nan	nan	nan	nan	nan	nan	nan	nan	nan	nan	nan	nan	nan	nan	nan	nan	nan	nan	nan	nan	nan	nan	nan	nan	nan	nan	nan	nan	nan	nan	nan	nan	nan	nan	nan	nan	nan	nan	nan	nan	nan	nan	nan	nan	nan	nan	nan	nan	nan	nan	nan	nan	nan	nan	nan	nan	nan	nan	nan	nan	nan	nan	nan	nan	nan	nan	nan	nan	nan	nan	nan	nan	nan	nan	nan	nan	nan	nan	needs_multistep_run	0.000000000000000e+00	random_20260823_112743.md
2.037680000000000e+02	4.322150000000000e+02	4.329550000000000e+02	3.527340000000000e+03	9.986580000000000e-01	1.076250000000000e+01	0.000000000000000e+00	-1.000000000000000e+30	tracing_success_coex_no_coex_pair	0	0	0	true	2.552260725990217e-01	true	2.334196145541422e+01	true	3.318174140000000e-04	3.457639950000000e-09	8.178428300481898e-01	6.940408561534211e-04	true	2.435700592252206e-01	8.036401946915250e+01	2.494627811171032e+00	2.314684898408011e-01	true	true	7.696292808720147e-01	4.197320583422490e-02	7.576105260844863e-03	3.648464096754960e-04	1.259133335381049e+00	2.945613767628699e-02	5.043393796765746e-03	2.614448184619412e-04	ATLAS:2014vuz	CMS:2018amk	ATLAS:2022enb	ATLAS:2021upq	LHC8 [HW;HZ]>[bb]	LHC13 [vbfH;H]>[ZZ]	LHC13 [H]->X1->Z(X2->[bb])	LHC13 [Hpmtb>tb]	4.720500741398951e+00	true	all checks passed	1	6.786478057083882e+00	2.556820402390403e-01	5.372833659452963e+00	-2.475370439569585e+00	-2.454211546053820e+00	3.527340000000000e+03	1.076250000000000e+01	18089.483042263349	7201.4607338186033	-268.46752607818485	5.3126809635734489	-0.32961211735771334	-0.70230061537789523	0	-0.0033019514930334466	0	0	0	success	non_bfb	success	no_coex_pair	13.823	nan	nan	nan	nan	nan	nan	nan	nan	nan	nan	nan	nan	nan	nan	nan	nan	nan	nan	nan	nan	nan	nan	nan	nan	nan	nan	nan	nan	nan	nan	nan	nan	nan	nan	nan	nan	nan	nan	nan	nan	nan	nan	nan	nan	nan	nan	nan	nan	nan	nan	nan	nan	nan	nan	nan	nan	nan	nan	nan	nan	nan	nan	nan	nan	nan	nan	nan	nan	nan	nan	nan	nan	nan	nan	not_set	nan	nan	nan	nan	nan	nan	nan	nan	nan	nan	nan	nan	nan	nan	nan	nan	nan	nan	nan	nan	nan	nan	nan	nan	nan	nan	nan	nan	nan	nan	nan	nan	nan	nan	nan	nan	nan	nan	nan	nan	nan	nan	nan	nan	nan	nan	nan	nan	nan	nan	nan	nan	nan	nan	nan	nan	nan	nan	nan	nan	nan	nan	nan	nan	nan	nan	nan	nan	nan	nan	nan	nan	nan	nan	nan	nan	nan	nan	nan	nan	nan	nan	nan	nan	nan	nan	nan	nan	nan	nan	nan	nan	nan	nan	nan	nan	nan	nan	nan	nan	nan	nan	nan	nan	nan	nan	nan	nan	nan	nan	nan	nan	nan	nan	nan	nan	nan	nan	nan	nan	nan	nan	nan	nan	nan	nan	nan	nan	nan	nan	nan	nan	nan	nan	nan	nan	nan	nan	nan	nan	nan	nan	nan	nan	nan	nan	nan	nan	needs_multistep_run	0.000000000000000e+00	random_20260823_112743.md
1.592750000000000e+02	4.771480000000000e+02	4.709540000000000e+02	1.670790000000000e+03	9.943540000000000e-01	1.448060000000000e+01	0.000000000000000e+00	-1.000000000000000e+30	tracing_success_coex_no_coex_pair	0	0	0	true	2.572779273188393e-01	true	1.867443370166150e+01	true	3.321236670000000e-04	3.453691780000000e-09	7.889490734816872e-01	1.620599235243834e-04	true	2.516991851994242e+00	8.034921165751929e+01	2.493774687905438e+00	2.315422362784819e-01	true	true	7.639082293059105e-01	5.485584644290813e-02	4.749796818036237e-03	0.000000000000000e+00	1.249773547598347e+00	4.752279907684996e-02	6.502359403309098e-03	0.000000000000000e+00	ATLAS:2014vuz	CMS:2013yea	ATLAS:2022enb		LHC8 [HW;HZ]>[bb]	LHC8 [vbfH>WW]	LHC13 [H]->X1->Z(X2->[bb])		6.024597476431325e+00	true	all checks passed	1	4.041652082847600e+00	2.577375606476519e-01	7.015964341699387e+00	-3.166364323241258e+00	-3.360446674619407e+00	1.670790000000000e+03	1.448060000000000e+01	23400.421805693939	13282.786436736285	59.865921813279428	-1.9735045764500181	-0.64353450366217257	-0.92304418471328364	0	0.021819740814584505	0	0	0	success	non_bfb	success	no_coex_pair	15.67	nan	nan	nan	nan	nan	nan	nan	nan	nan	nan	nan	nan	nan	nan	nan	nan	nan	nan	nan	nan	nan	nan	nan	nan	nan	nan	nan	nan	nan	nan	nan	nan	nan	nan	nan	nan	nan	nan	nan	nan	nan	nan	nan	nan	nan	nan	nan	nan	nan	nan	nan	nan	nan	nan	nan	nan	nan	nan	nan	nan	nan	nan	nan	nan	nan	nan	nan	nan	nan	nan	nan	nan	nan	nan	not_set	nan	nan	nan	nan	nan	nan	nan	nan	nan	nan	nan	nan	nan	nan	nan	nan	nan	nan	nan	nan	nan	nan	nan	nan	nan	nan	nan	nan	nan	nan	nan	nan	nan	nan	nan	nan	nan	nan	nan	nan	nan	nan	nan	nan	nan	nan	nan	nan	nan	nan	nan	nan	nan	nan	nan	nan	nan	nan	nan	nan	nan	nan	nan	nan	nan	nan	nan	nan	nan	nan	nan	nan	nan	nan	nan	nan	nan	nan	nan	nan	nan	nan	nan	nan	nan	nan	nan	nan	nan	nan	nan	nan	nan	nan	nan	nan	nan	nan	nan	nan	nan	nan	nan	nan	nan	nan	nan	nan	nan	nan	nan	nan	nan	nan	nan	nan	nan	nan	nan	nan	nan	nan	nan	nan	nan	nan	nan	nan	nan	nan	nan	nan	nan	nan	nan	nan	nan	nan	nan	nan	nan	nan	nan	nan	nan	nan	nan	nan	needs_multistep_run	0.000000000000000e+00	random_20260825_011947.md
1.332630200913406e+02	4.780316879876247e+02	4.799358934935404e+02	1.216406285720124e+03	9.955345527871555e-01	1.251910970628441e+01	0.000000000000000e+00	-1.000000000000000e+30	tracing_success_coex_no_coex_pair	9	73	0	true	2.577750414635767e-01	true	2.488535416523380e+01	true	3.274424040000000e-04	3.114032840000000e-09	1.287340568695891e+00	1.342139507710648e+00	true	8.563381098376204e-01	8.036884562212690e+01	2.494872288565823e+00	2.314342948166658e-01	true	true	7.685403067549744e-01	7.659946847447940e-01	2.692398169051327e-02	0.000000000000000e+00	3.866258324786519e+00	1.253265607148717e+00	3.647195342026759e-02	0.000000000000000e+00	CMS:2012qwq	ATLAS:2014vuz	ATLAS:2020gxx		LHC8 [vbfH;HW;Htt;H;HZ]>[bb;tautau;WW;ZZ;gamgam]	LHC8 [HW;HZ]>[bb]	LHC13 [ggH]->X1->Z(X2->[bb])		5.976129942958210e+00	true	all checks passed	1	6.594782976518287e+00	2.582355628990042e-01	7.365822355465204e+00	-3.583137373708883e+00	-3.522850271350985e+00	1.216406285720124e+03	1.251910970628441e+01	30451.77167870546	14441.118020183654	10.952649052137851	0.064684481900160087	-0.70493744635192601	-1.2411902485978745	0	-0.0089796416341503191	0	0	0	success	non_bfb	success	no_coex_pair	18.751000000000001	nan	nan	nan	nan	nan	nan	nan	nan	nan	nan	nan	nan	nan	nan	nan	nan	nan	nan	nan	nan	nan	nan	nan	nan	nan	nan	nan	nan	nan	nan	nan	nan	nan	nan	nan	nan	nan	nan	nan	nan	nan	nan	nan	nan	nan	nan	nan	nan	nan	nan	nan	nan	nan	nan	nan	nan	nan	nan	nan	nan	nan	nan	nan	nan	nan	nan	nan	nan	nan	nan	nan	nan	nan	nan	not_set	nan	nan	nan	nan	nan	nan	nan	nan	nan	nan	nan	nan	nan	nan	nan	nan	nan	nan	nan	nan	nan	nan	nan	nan	nan	nan	nan	nan	nan	nan	nan	nan	nan	nan	nan	nan	nan	nan	nan	nan	nan	nan	nan	nan	nan	nan	nan	nan	nan	nan	nan	nan	nan	nan	nan	nan	nan	nan	nan	nan	nan	nan	nan	nan	nan	nan	nan	nan	nan	nan	nan	nan	nan	nan	nan	nan	nan	nan	nan	nan	nan	nan	nan	nan	nan	nan	nan	nan	nan	nan	nan	nan	nan	nan	nan	nan	nan	nan	nan	nan	nan	nan	nan	nan	nan	nan	nan	nan	nan	nan	nan	nan	nan	nan	nan	nan	nan	nan	nan	nan	nan	nan	nan	nan	nan	nan	nan	nan	nan	nan	nan	nan	nan	nan	nan	nan	nan	nan	nan	nan	nan	nan	nan	nan	nan	nan	nan	nan	needs_multistep_run	0.000000000000000e+00	async_mcmc_20260903_141342.md
1.321555417108982e+02	2.772718597902016e+02	2.842061160824780e+02	1.041298132295323e+03	9.986101653016825e-01	1.485859877706276e+01	0.000000000000000e+00	-1.000000000000000e+30	tracing_success_coex_no_coex_pair	7	172	0	true	2.577482907607072e-01	true	2.248496183289118e+01	true	3.273685980000000e-04	3.115028800000000e-09	1.296170505500288e+00	1.334193874309629e+00	true	1.340301481686677e+00	8.037133402029694e+01	2.495020039989814e+00	2.314277756703732e-01	true	true	7.679774144065182e-01	7.693354369371618e-01	6.123806012694177e-02	2.794344730702913e-04	3.863426609638921e+00	1.258722149947712e+00	5.549014989581075e-02	1.992411041529959e-04	CMS:2012qwq	ATLAS:2014vuz	ATLAS:2020gxx	ATLAS:2021upq	LHC8 [vbfH;HW;Htt;H;HZ]>[bb;tautau;WW;ZZ;gamgam]	LHC8 [HW;HZ]>[bb]	LHC13 [ggH]->X1->Z(X2->[bb])	LHC13 [Hpmtb>tb]	4.851718328873972e+00	true	all checks passed	1	7.301971236123371e+00	2.582087644053478e-01	2.406083168214567e+00	-1.142247289047501e+00	-1.013572816604848e+00	1.041298132295323e+03	1.485859877706276e+01	10377.662947489698	718.2373370739906	108.61692004928196	-5.1495373081937936	-0.035808026640812278	-0.0024480999656131546	0	0.0013209144752414431	0	0	0	success	non_bfb	success	no_coex_pair	12.82	nan	nan	nan	nan	nan	nan	nan	nan	nan	nan	nan	nan	nan	nan	nan	nan	nan	nan	nan	nan	nan	nan	nan	nan	nan	nan	nan	nan	nan	nan	nan	nan	nan	nan	nan	nan	nan	nan	nan	nan	nan	nan	nan	nan	nan	nan	nan	nan	nan	nan	nan	nan	nan	nan	nan	nan	nan	nan	nan	nan	nan	nan	nan	nan	nan	nan	nan	nan	nan	nan	nan	nan	nan	nan	not_set	nan	nan	nan	nan	nan	nan	nan	nan	nan	nan	nan	nan	nan	nan	nan	nan	nan	nan	nan	nan	nan	nan	nan	nan	nan	nan	nan	nan	nan	nan	nan	nan	nan	nan	nan	nan	nan	nan	nan	nan	nan	nan	nan	nan	nan	nan	nan	nan	nan	nan	nan	nan	nan	nan	nan	nan	nan	nan	nan	nan	nan	nan	nan	nan	nan	nan	nan	nan	nan	nan	nan	nan	nan	nan	nan	nan	nan	nan	nan	nan	nan	nan	nan	nan	nan	nan	nan	nan	nan	nan	nan	nan	nan	nan	nan	nan	nan	nan	nan	nan	nan	nan	nan	nan	nan	nan	nan	nan	nan	nan	nan	nan	nan	nan	nan	nan	nan	nan	nan	nan	nan	nan	nan	nan	nan	nan	nan	nan	nan	nan	nan	nan	nan	nan	nan	nan	nan	nan	nan	nan	nan	nan	nan	nan	nan	nan	nan	nan	needs_multistep_run	0.000000000000000e+00	async_mcmc_20260903_210907.md
1.406828976020401e+02	4.535781186858828e+02	4.531857350344708e+02	1.933319069549536e+03	9.977670156652924e-01	8.426060895038997e+00	2.229846115862524e-04	-3.651725107058452e+00	success	10	40	0	true	2.577110264099429e-01	true	1.803964614825097e+01	true	3.268877850000000e-04	3.120636560000000e-09	1.354432277579574e+00	1.289896261695999e+00	true	2.425913390240027e-01	8.036296341394866e+01	2.494534565646895e+00	2.314670490344865e-01	true	true	7.724807014814744e-01	7.698898127247247e-01	6.479898933835504e-01	5.075758361684475e-04	3.886081076801440e+00	1.260128373112677e+00	7.581478626308937e-01	3.749841014085698e-04	CMS:2012qwq	ATLAS:2014vuz	ATLAS:2020gxx	ATLAS:2021upq	LHC8 [vbfH;HW;Htt;H;HZ]>[bb;tautau;WW;ZZ;gamgam]	LHC8 [HW;HZ]>[bb]	LHC13 [ggH]->X1->Z(X2->[bb])	LHC13 [Hpmtb>tb]	6.007997727186392e+00	true	all checks passed	1	4.152755278170595e+00	2.581714334809067e-01	6.484436310566678e+00	-3.114908482649160e+00	-3.126667333594073e+00	1.933319069549536e+03	8.426060895038997e+00	22042.994514335442	11098.659741844878	192.0784389553701	-2.2170483167154793	-0.51088021635764458	-0.74227171100197731	0	-0.00014314248343901071	0	0	0	success	non_bfb	success	success	440.40100000000001	success	301.08003796366881	-1.521694579153942e-08	10.18183563243451	3.4838936843836961	1.0205199742227663e-09	0	0	0	0	failure	nan	nan	nan	nan	nan	nan	nan	nan	nan	nan	nan	nan	nan	nan	nan	nan	nan	nan	nan	nan	nan	nan	nan	nan	nan	nan	nan	nan	nan	nan	nan	nan	nan	nan	nan	nan	nan	nan	nan	nan	not_set	nan	nan	nan	nan	nan	nan	nan	nan	nan	nan	nan	nan	nan	nan	nan	nan	nan	nan	nan	nan	nan	nan	0	success	187.69282785019755	0	0	0	0	-2.6644643763244409e-09	49.797549041661888	229.70605797022068	1.9471339654492077e-09	success	success	122.44425735504254	0	0	0	0	1.4379732592188315e-09	35.69872449008723	246.92622613211057	-2.0546503896001699e-10	success	127.44166083281038	0	0	0	0	-4.2941811683127987e-09	36.432711296635404	246.43679810858222	2.4457684358379593e-09	success	118.01075734643783	0	0	0	0	-7.0178024478511976e-10	35.0901780656353	247.28869364118194	3.6303743333539595e-09	success	116.29262167819635	0	0	0	0	1.827275772277425e-09	34.8654687990906	247.37396158917059	8.3169282978935426e-10	success	118.01072881865878	118.01072881865878	0.94999999999999996	0.0061177616678238936	155.80243294091852	0	0.009620230084052727	0.10000000000000001	0.5774639278986119	0.57720697717238223	0.00033758521698323363	0	0.00016746728865994567	0.0010669051892403213	1.1825006790775451e-17	6.7926752682306365e-07	0.0018421401752594024	4.76029936587674e-22	0	0.00022296761604446497	1.9588129710518071e-08	0.00022298461158625239	nan	nan	nan	nan	nan	nan	nan	nan	nan	nan	nan	nan	nan	nan	nan	nan	nan	nan	nan	nan	nan	nan	nan	nan	nan	nan	nan	nan	nan	nan	nan	nan	nan	nan	nan	nan	nan	nan	nan	nan	nan	nan	nan	nan	nan	nan	nan	nan	nan	nan	nan	nan	nan	nan	nan	nan	nan	nan	nan	nan	nan	nan	nan	nan	nan	nan	nan	nan	nan	nan	nan	nan	nan	nan	needs_multistep_run	2.229846115862524e-04	typeI_mH125-220/async_mcmc_20260903_011320.md
1.884667074732632e+02	2.273901305432282e+02	2.324889060227503e+02	3.667056852598970e+03	9.994891692799459e-01	7.485719320723346e+00	0.000000000000000e+00	-1.000000000000000e+30	tracing_success_coex_no_coex_pair	0	0	0	true	2.574953254941044e-01	true	2.233566371542112e+01	true	3.301931540000000e-04	3.479341400000000e-09	9.797713475560045e-01	1.023683417312742e-02	true	1.480050771609638e-01	8.036224763074193e+01	2.494544516225346e+00	2.314933727608290e-01	true	true	7.702758161386443e-01	1.496783605983407e-01	2.067547789957827e-01	7.793649702405517e-02	3.874989067394789e+00	1.448311000599421e-01	1.888947195665990e-01	4.412519329478289e-02	CMS:2012qwq	CMS:2018amk	ATLAS:2022enb	ATLAS:2021upq	LHC8 [vbfH;HW;Htt;H;HZ]>[bb;tautau;WW;ZZ;gamgam]	LHC13 [vbfH;H]>[ZZ]	LHC13 [H]->X1->Z(X2->[bb])	LHC13 [Hpmtb>tb]	3.317849681805029e+00	true	all checks passed	1	7.415109261153638e+00	2.579553472100904e-01	1.073764783221862e+00	-4.702141478224466e-01	-3.927199328978365e-01	3.667056852598970e+03	7.485719320723346e+00	7766.6341325328494	-479.37994057352978	44.244636855743167	0.32716250400141539	-0.020898348680471954	0.032448155037199257	0	0.00064853814923976588	0	0	0	success	non_bfb	success	no_coex_pair	27.41	nan	nan	nan	nan	nan	nan	nan	nan	nan	nan	nan	nan	nan	nan	nan	nan	nan	nan	nan	nan	nan	nan	nan	nan	nan	nan	nan	nan	nan	nan	nan	nan	nan	nan	nan	nan	nan	nan	nan	nan	nan	nan	nan	nan	nan	nan	nan	nan	nan	nan	nan	nan	nan	nan	nan	nan	nan	nan	nan	nan	nan	nan	nan	nan	nan	nan	nan	nan	nan	nan	nan	nan	nan	nan	not_set	nan	nan	nan	nan	nan	nan	nan	nan	nan	nan	nan	nan	nan	nan	nan	nan	nan	nan	nan	nan	nan	nan	nan	nan	nan	nan	nan	nan	nan	nan	nan	nan	nan	nan	nan	nan	nan	nan	nan	nan	nan	nan	nan	nan	nan	nan	nan	nan	nan	nan	nan	nan	nan	nan	nan	nan	nan	nan	nan	nan	nan	nan	nan	nan	nan	nan	nan	nan	nan	nan	nan	nan	nan	nan	nan	nan	nan	nan	nan	nan	nan	nan	nan	nan	nan	nan	nan	nan	nan	nan	nan	nan	nan	nan	nan	nan	nan	nan	nan	nan	nan	nan	nan	nan	nan	nan	nan	nan	nan	nan	nan	nan	nan	nan	nan	nan	nan	nan	nan	nan	nan	nan	nan	nan	nan	nan	nan	nan	nan	nan	nan	nan	nan	nan	nan	nan	nan	nan	nan	nan	nan	nan	nan	nan	nan	nan	nan	nan	needs_multistep_run	0.000000000000000e+00	random_20260822_061721.md
1.863509753556642e+02	2.110205744624215e+02	2.013157529715151e+02	4.023835601505930e+03	9.993447431838418e-01	4.940755791601794e+00	0.000000000000000e+00	-1.000000000000000e+30	not_set	0	0	0	true	2.629995079399109e-01	true	1.811638497280268e+01	true	3.267264410000000e-04	3.526734010000000e-09	1.374269890655078e+00	7.001317824827759e-02	true	4.350939590512182e-01	8.035768236623319e+01	2.494262754918978e+00	2.315267682817023e-01	true	true	7.741060569943914e-01	6.036642404484376e-01	6.036642404484376e-01	7.005670666623663e-02	3.894257673692092e+00	4.104641620508699e-01	4.104641620508699e-01	9.002323799293339e-02	CMS:2012qwq	CMS:2022goy	CMS:2022goy	ATLAS:2021upq	LHC8 [vbfH;HW;Htt;H;HZ]>[bb;tautau;WW;ZZ;gamgam]	2d likelihood {LHC13 [ggH>tautau]; LHC13 [bbH>tautau]}	2d likelihood {LHC13 [ggH>tautau]; LHC13 [bbH>tautau]}	LHC13 [Hpmtb>tb]	4.074830790941746e+00	true	all checks passed	1	6.021383173357002e+00	2.634693630128674e-01	7.367161637300008e-01	-2.616031441489175e-01	-3.938541340346435e-01	4.023835601505930e+03	4.940755791601794e+00	5217.0180786787751	-734.02619359724713	13.962946015271971	0.57962758054379959	-0.021388738681953692	0.035024669623245644	0	-0.0047426464390498656	0	0	0	success	non_bfb	success	success	84.509	success	185.10899766039699	-1.602954688953354e-09	1.4750508699677403e-06	1.308396613758814e-06	2.9743291728947295e-09	-2.9259015670613083e-10	3.5383111026165213	4.494957684706633	2.8608685362311951e-09	failure	nan	nan	nan	nan	nan	nan	nan	nan	nan	nan	nan	nan	nan	nan	nan	nan	nan	nan	nan	nan	nan	nan	nan	nan	nan	nan	nan	nan	nan	nan	nan	nan	nan	nan	nan	nan	nan	nan	nan	nan	not_set	nan	nan	nan	nan	nan	nan	nan	nan	nan	nan	nan	nan	nan	nan	nan	nan	nan	nan	nan	nan	nan	nan	0	nan	nan	nan	nan	nan	nan	nan	nan	nan	nan	nan	nan	nan	nan	nan	nan	nan	nan	nan	nan	nan	nan	nan	nan	nan	nan	nan	nan	nan	nan	nan	nan	nan	nan	nan	nan	nan	nan	nan	nan	nan	nan	nan	nan	nan	nan	nan	nan	nan	nan	nan	nan	nan	nan	nan	nan	nan	nan	nan	nan	nan	nan	nan	nan	nan	nan	nan	nan	nan	nan	nan	nan	nan	nan	nan	nan	nan	nan	nan	nan	nan	nan	nan	nan	nan	nan	nan	nan	nan	nan	nan	nan	nan	nan	nan	nan	nan	nan	nan	nan	nan	nan	nan	nan	nan	nan	nan	nan	nan	nan	nan	nan	nan	nan	nan	nan	nan	nan	nan	nan	nan	nan	nan	nan	nan	nan	nan	nan	nan	nan	nan	nan	nan	nan	nan	nan	nan	nan	nan	nan	nan	nan	nan	nan	nan	nan	nan	nan	needs_multistep_run	0.000000000000000e+00	random_20260823_182414.md
2.029231348406868e+02	5.263670511341206e+02	5.229589199034968e+02	3.456393757670677e+03	9.999206518694390e-01	1.140500421199238e+01	0.000000000000000e+00	-1.000000000000000e+30	tracing_success_coex_no_coex_pair	0	0	0	true	2.570555185000770e-01	true	1.876495111897038e+01	true	3.319862370000000e-04	3.455424490000000e-09	8.018507795572556e-01	3.498821850190400e-04	true	8.938914333946186e-01	8.035516142663168e+01	2.494115567103873e+00	2.315120967560446e-01	true	true	7.667593706676982e-01	8.119946187899343e-02	8.119946187899343e-02	1.329538183478082e-04	3.857299056270834e+00	9.576054968029424e-02	9.576054968029424e-02	1.081489177998022e-04	CMS:2012qwq	ATLAS:2020gxx	ATLAS:2020gxx	ATLAS:2021upq	LHC8 [vbfH;HW;Htt;H;HZ]>[bb;tautau;WW;ZZ;gamgam]	LHC13 [ggH]->X1->Z(X2->[bb])	LHC13 [ggH]->X1->Z(X2->[bb])	LHC13 [Hpmtb>tb]	4.220279573365644e+00	true	all checks passed	1	3.497310695845574e+00	2.575147544900786e-01	8.020140499818069e+00	-3.803730361011552e+00	-3.921921933917823e+00	3.456393757670677e+03	1.140500421199238e+01	24675.532186918979	16559.117791864119	-129.49060326682013	5.1190926470800733	-0.95433069694672934	-1.3626117794363213	0	0.020459601163623217	0	0	0	success	non_bfb	success	no_coex_pair	22.863	nan	nan	nan	nan	nan	nan	nan	nan	nan	nan	nan	nan	nan	nan	nan	nan	nan	nan	nan	nan	nan	nan	nan	nan	nan	nan	nan	nan	nan	nan	nan	nan	nan	nan	nan	nan	nan	nan	nan	nan	nan	nan	nan	nan	nan	nan	nan	nan	nan	nan	nan	nan	nan	nan	nan	nan	nan	nan	nan	nan	nan	nan	nan	nan	nan	nan	nan	nan	nan	nan	nan	nan	nan	nan	not_set	nan	nan	nan	nan	nan	nan	nan	nan	nan	nan	nan	nan	nan	nan	nan	nan	nan	nan	nan	nan	nan	nan	nan	nan	nan	nan	nan	nan	nan	nan	nan	nan	nan	nan	nan	nan	nan	nan	nan	nan	nan	nan	nan	nan	nan	nan	nan	nan	nan	nan	nan	nan	nan	nan	nan	nan	nan	nan	nan	nan	nan	nan	nan	nan	nan	nan	nan	nan	nan	nan	nan	nan	nan	nan	nan	nan	nan	nan	nan	nan	nan	nan	nan	nan	nan	nan	nan	nan	nan	nan	nan	nan	nan	nan	nan	nan	nan	nan	nan	nan	nan	nan	nan	nan	nan	nan	nan	nan	nan	nan	nan	nan	nan	nan	nan	nan	nan	nan	nan	nan	nan	nan	nan	nan	nan	nan	nan	nan	nan	nan	nan	nan	nan	nan	nan	nan	nan	nan	nan	nan	nan	nan	nan	nan	nan	nan	nan	nan	needs_multistep_run	0.000000000000000e+00	random_20260823_182414.md
1.660290000000000e+02	4.617230000000000e+02	4.526180000000000e+02	4.764390000000000e+03	9.992810000000000e-01	5.535700000000000e+00	0.000000000000000e+00	-1.000000000000000e+30	tracing_not_set_coex_not_set	0	0	0	true	2.554915915252785e-01	true	1.065187145258184e+01	true	3.302032580000000e-04	3.478401580000000e-09	9.787188637522580e-01	9.591554655129631e-03	true	4.764241365576071e+00	8.034395076569280e+01	2.493448897654325e+00	2.315714429744779e-01	true	true	7.713083775896115e-01	5.891586553653717e-01	5.891586553653717e-01	3.098103127443324e-03	1.261880380878148e+00	9.755623703683525e-01	9.755623703683525e-01	2.286610398512549e-03	ATLAS:2014vuz	ATLAS:2020gxx	ATLAS:2020gxx	ATLAS:2021upq	LHC8 [HW;HZ]>[bb]	LHC13 [ggH]->X1->Z(X2->[bb])	LHC13 [ggH]->X1->Z(X2->[bb])	LHC13 [Hpmtb>tb]	5.279525137505914e+00	true	all checks passed	1	5.000273124271983e-01	2.559480335213727e-01	6.163783112699810e+00	-2.797658126362051e+00	-3.072794447500263e+00	4.764390000000000e+03	5.535700000000000e+00	14672.804753828746	10082.572635306406	564.45123738780842	-1.8960577743855807	-0.48270813561416831	-0.43745296684042861	0	0.017073481147714779	0	0	0	no_nlo_stability	not_set	not_set	not_set	0.38200000000000001	nan	nan	nan	nan	nan	nan	nan	nan	nan	nan	nan	nan	nan	nan	nan	nan	nan	nan	nan	nan	nan	nan	nan	nan	nan	nan	nan	nan	nan	nan	nan	nan	nan	nan	nan	nan	nan	nan	nan	nan	nan	nan	nan	nan	nan	nan	nan	nan	nan	nan	nan	nan	nan	nan	nan	nan	nan	nan	nan	nan	nan	nan	nan	nan	nan	nan	nan	nan	nan	nan	nan	nan	nan	nan	not_set	nan	nan	nan	nan	nan	nan	nan	nan	nan	nan	nan	nan	nan	nan	nan	nan	nan	nan	nan	nan	nan	nan	nan	nan	nan	nan	nan	nan	nan	nan	nan	nan	nan	nan	nan	nan	nan	nan	nan	nan	nan	nan	nan	nan	nan	nan	nan	nan	nan	nan	nan	nan	nan	nan	nan	nan	nan	nan	nan	nan	nan	nan	nan	nan	nan	nan	nan	nan	nan	nan	nan	nan	nan	nan	nan	nan	nan	nan	nan	nan	nan	nan	nan	nan	nan	nan	nan	nan	nan	nan	nan	nan	nan	nan	nan	nan	nan	nan	nan	nan	nan	nan	nan	nan	nan	nan	nan	nan	nan	nan	nan	nan	nan	nan	nan	nan	nan	nan	nan	nan	nan	nan	nan	nan	nan	nan	nan	nan	nan	nan	nan	nan	nan	nan	nan	nan	nan	nan	nan	nan	nan	nan	nan	nan	nan	nan	nan	nan	needs_multistep_run	0.000000000000000e+00	random_20260824_004325.md
2.009860000000000e+02	4.874200000000000e+02	4.825080000000000e+02	4.270590000000000e+03	9.991240000000000e-01	4.156940000000000e+00	0.000000000000000e+00	-1.000000000000000e+30	tracing_success_coex_no_coex_pair	0	0	0	true	2.708239817027559e-01	true	2.441644580698811e+01	true	3.287402440000000e-04	3.497201540000000e-09	1.137001975566584e+00	2.649209724579814e-02	true	1.468310525654609e+00	8.035262438848595e+01	2.493924276873886e+00	2.315271154367284e-01	true	true	7.721923761792304e-01	5.913942705851296e-01	5.913942705851296e-01	9.398178039489542e-03	1.263326625349717e+00	5.597108934591336e-01	5.597108934591336e-01	7.374713075495578e-03	ATLAS:2014vuz	ATLAS:2020gxx	ATLAS:2020gxx	ATLAS:2021upq	LHC8 [HW;HZ]>[bb]	LHC13 [ggH]->X1->Z(X2->[bb])	LHC13 [ggH]->X1->Z(X2->[bb])	LHC13 [Hpmtb>tb]	6.106998044880186e+00	true	all checks passed	1	6.561032214614336e+00	2.713078153900432e-01	7.043104263123525e+00	-3.458089720261077e+00	-3.615545148114868e+00	4.270590000000000e+03	4.156940000000000e+00	26556.133522740947	13692.079228587978	-1029.0768154863433	-0.049888505775920189	-0.66930238282054777	-1.3408669243342295	0	0.026406359915640044	0	0	0	success	non_bfb	success	no_coex_pair	16.027999999999999	nan	nan	nan	nan	nan	nan	nan	nan	nan	nan	nan	nan	nan	nan	nan	nan	nan	nan	nan	nan	nan	nan	nan	nan	nan	nan	nan	nan	nan	nan	nan	nan	nan	nan	nan	nan	nan	nan	nan	nan	nan	nan	nan	nan	nan	nan	nan	nan	nan	nan	nan	nan	nan	nan	nan	nan	nan	nan	nan	nan	nan	nan	nan	nan	nan	nan	nan	nan	nan	nan	nan	nan	nan	nan	not_set	nan	nan	nan	nan	nan	nan	nan	nan	nan	nan	nan	nan	nan	nan	nan	nan	nan	nan	nan	nan	nan	nan	nan	nan	nan	nan	nan	nan	nan	nan	nan	nan	nan	nan	nan	nan	nan	nan	nan	nan	nan	nan	nan	nan	nan	nan	nan	nan	nan	nan	nan	nan	nan	nan	nan	nan	nan	nan	nan	nan	nan	nan	nan	nan	nan	nan	nan	nan	nan	nan	nan	nan	nan	nan	nan	nan	nan	nan	nan	nan	nan	nan	nan	nan	nan	nan	nan	nan	nan	nan	nan	nan	nan	nan	nan	nan	nan	nan	nan	nan	nan	nan	nan	nan	nan	nan	nan	nan	nan	nan	nan	nan	nan	nan	nan	nan	nan	nan	nan	nan	nan	nan	nan	nan	nan	nan	nan	nan	nan	nan	nan	nan	nan	nan	nan	nan	nan	nan	nan	nan	nan	nan	nan	nan	nan	nan	nan	nan	needs_multistep_run	0.000000000000000e+00	random_20260825_011947.md
2.161580000000000e+02	3.587770000000000e+02	3.555720000000000e+02	5.119450000000000e+03	9.992910000000000e-01	7.601980000000000e+00	0.000000000000000e+00	-1.000000000000000e+30	tracing_success_coex_no_coex_pair	0	0	0	true	2.554086152582145e-01	true	2.301022130523101e+01	true	3.309270570000000e-04	3.469255550000000e-09	9.047957581198058e-01	4.408753933442342e-03	true	4.129326949858727e-01	8.035809925335730e+01	2.494302862420545e+00	2.315070269196061e-01	true	true	7.706334894471306e-01	2.976493227580003e-01	9.006097275812142e-02	5.454265639522554e-03	1.260776246486473e+00	3.216696231045710e-01	7.243312561603889e-02	3.919091439653463e-03	ATLAS:2014vuz	ATLAS:2020tlo	ATLAS:2020gxx	CMS:2020imj	LHC8 [HW;HZ]>[bb]	LHC13 [ggH>ZZ]	LHC13 [ggH]->X1->Z(X2->[bb])	LHC13 [Hpmtb>tb]	4.090081199566271e+00	true	all checks passed	1	7.322380540679215e+00	2.558649090151720e-01	3.156209102433904e+00	-1.397160515133146e+00	-1.472826076141805e+00	5.119450000000000e+03	7.601980000000000e+00	12878.686003100431	2194.8416483471597	-143.1167729976334	0.46109580664379851	-0.093166840686211561	-0.23176040407658624	0	0.001853716469023153	0	0	0	success	non_bfb	success	no_coex_pair	12.303000000000001	nan	nan	nan	nan	nan	nan	nan	nan	nan	nan	nan	nan	nan	nan	nan	nan	nan	nan	nan	nan	nan	nan	nan	nan	nan	nan	nan	nan	nan	nan	nan	nan	nan	nan	nan	nan	nan	nan	nan	nan	nan	nan	nan	nan	nan	nan	nan	nan	nan	nan	nan	nan	nan	nan	nan	nan	nan	nan	nan	nan	nan	nan	nan	nan	nan	nan	nan	nan	nan	nan	nan	nan	nan	nan	not_set	nan	nan	nan	nan	nan	nan	nan	nan	nan	nan	nan	nan	nan	nan	nan	nan	nan	nan	nan	nan	nan	nan	nan	nan	nan	nan	nan	nan	nan	nan	nan	nan	nan	nan	nan	nan	nan	nan	nan	nan	nan	nan	nan	nan	nan	nan	nan	nan	nan	nan	nan	nan	nan	nan	nan	nan	nan	nan	nan	nan	nan	nan	nan	nan	nan	nan	nan	nan	nan	nan	nan	nan	nan	nan	nan	nan	nan	nan	nan	nan	nan	nan	nan	nan	nan	nan	nan	nan	nan	nan	nan	nan	nan	nan	nan	nan	nan	nan	nan	nan	nan	nan	nan	nan	nan	nan	nan	nan	nan	nan	nan	nan	nan	nan	nan	nan	nan	nan	nan	nan	nan	nan	nan	nan	nan	nan	nan	nan	nan	nan	nan	nan	nan	nan	nan	nan	nan	nan	nan	nan	nan	nan	nan	nan	nan	nan	nan	nan	needs_multistep_run	0.000000000000000e+00	random_20260825_011947.md
1.325924971011704e+02	2.915486471867319e+02	2.892042123960152e+02	1.154331878874301e+03	9.994125826557351e-01	1.473221304046036e+01	0.000000000000000e+00	-1.000000000000000e+30	tracing_not_set_coex_not_set	7	146	0	true	2.576611775881991e-01	true	8.178449305513126e+00	true	3.273675830000000e-04	3.115036600000000e-09	1.296292147539860e+00	1.334131740066109e+00	true	2.681889290783548e-01	8.036006681475459e+01	2.494395305668353e+00	2.314889622270016e-01	true	true	7.675945480973209e-01	7.704271064816278e-01	4.082631009291810e-01	2.810238794803418e-04	3.861500542727135e+00	1.260615252910539e+00	3.219004004580869e-01	1.927418167875870e-04	CMS:2012qwq	ATLAS:2014vuz	ATLAS:2020gxx	ATLAS:2021upq	LHC8 [vbfH;HW;Htt;H;HZ]>[bb;tautau;WW;ZZ;gamgam]	LHC8 [HW;HZ]>[bb]	LHC13 [ggH]->X1->Z(X2->[bb])	LHC13 [Hpmtb>tb]	4.610524160056030e+00	true	all checks passed	1	2.063476774903874e+00	2.581214956030200e-01	2.465877976767715e+00	-1.077290664028407e+00	-1.122288258344423e+00	1.154331878874301e+03	1.473221304046036e+01	4765.0818337029086	890.00927452596397	60.453985436767638	-3.8871720889258938	-0.040451429515818225	-0.0017076677565765997	0	-0.0023839778643306962	0	0	0	no_nlo_stability	not_set	not_set	not_set	0.378	nan	nan	nan	nan	nan	nan	nan	nan	nan	nan	nan	nan	nan	nan	nan	nan	nan	nan	nan	nan	nan	nan	nan	nan	nan	nan	nan	nan	nan	nan	nan	nan	nan	nan	nan	nan	nan	nan	nan	nan	nan	nan	nan	nan	nan	nan	nan	nan	nan	nan	nan	nan	nan	nan	nan	nan	nan	nan	nan	nan	nan	nan	nan	nan	nan	nan	nan	nan	nan	nan	nan	nan	nan	nan	not_set	nan	nan	nan	nan	nan	nan	nan	nan	nan	nan	nan	nan	nan	nan	nan	nan	nan	nan	nan	nan	nan	nan	nan	nan	nan	nan	nan	nan	nan	nan	nan	nan	nan	nan	nan	nan	nan	nan	nan	nan	nan	nan	nan	nan	nan	nan	nan	nan	nan	nan	nan	nan	nan	nan	nan	nan	nan	nan	nan	nan	nan	nan	nan	nan	nan	nan	nan	nan	nan	nan	nan	nan	nan	nan	nan	nan	nan	nan	nan	nan	nan	nan	nan	nan	nan	nan	nan	nan	nan	nan	nan	nan	nan	nan	nan	nan	nan	nan	nan	nan	nan	nan	nan	nan	nan	nan	nan	nan	nan	nan	nan	nan	nan	nan	nan	nan	nan	nan	nan	nan	nan	nan	nan	nan	nan	nan	nan	nan	nan	nan	nan	nan	nan	nan	nan	nan	nan	nan	nan	nan	nan	nan	nan	nan	nan	nan	nan	nan	needs_multistep_run	0.000000000000000e+00	async_mcmc_20260903_210907.md
1.884950000000000e+02	2.387110000000000e+02	2.494520000000000e+02	3.858980000000000e+03	9.991770000000000e-01	6.091480000000000e+00	0.000000000000000e+00	-1.000000000000000e+30	tracing_success_coex_no_coex_pair	0	0	0	true	2.589554875230367e-01	true	2.231966628360927e+01	true	3.246394670000000e-04	3.148426420000000e-09	1.643865839457310e+00	1.081410513127425e+00	true	3.668914323945369e-01	8.036629554272960e+01	2.494742385845268e+00	2.314681177987456e-01	true	true	7.729640864830210e-01	2.240015081668729e-01	5.331954003160100e-01	3.874975971304254e-02	3.888512818207688e+00	2.152686541330364e-01	4.222297769751611e-01	7.138622882507352e-02	CMS:2012qwq	CMS:2018amk	CMS:2019qcx	CMS:2020imj	LHC8 [vbfH;HW;Htt;H;HZ]>[bb;tautau;WW;ZZ;gamgam]	LHC13 [vbfH;H]>[ZZ]	LHC13 [ggH]->X1->Z(X2->[bb])	LHC13 [Hpmtb>tb]	4.297186718937155e+00	true	all checks passed	1	7.384963308175072e+00	2.594181178543087e-01	1.408787528025454e+00	-7.159966801379941e-01	-5.427083338163605e-01	3.858980000000000e+03	6.091480000000000e+00	8228.1292502429005	-267.34302195969218	66.594385789185665	0.31426984925020379	-0.022959249268101393	0.021498163500787208	0	0.0018032287669859422	0	0	0	success	non_bfb	success	no_coex_pair	11.186	nan	nan	nan	nan	nan	nan	nan	nan	nan	nan	nan	nan	nan	nan	nan	nan	nan	nan	nan	nan	nan	nan	nan	nan	nan	nan	nan	nan	nan	nan	nan	nan	nan	nan	nan	nan	nan	nan	nan	nan	nan	nan	nan	nan	nan	nan	nan	nan	nan	nan	nan	nan	nan	nan	nan	nan	nan	nan	nan	nan	nan	nan	nan	nan	nan	nan	nan	nan	nan	nan	nan	nan	nan	nan	not_set	nan	nan	nan	nan	nan	nan	nan	nan	nan	nan	nan	nan	nan	nan	nan	nan	nan	nan	nan	nan	nan	nan	nan	nan	nan	nan	nan	nan	nan	nan	nan	nan	nan	nan	nan	nan	nan	nan	nan	nan	nan	nan	nan	nan	nan	nan	nan	nan	nan	nan	nan	nan	nan	nan	nan	nan	nan	nan	nan	nan	nan	nan	nan	nan	nan	nan	nan	nan	nan	nan	nan	nan	nan	nan	nan	nan	nan	nan	nan	nan	nan	nan	nan	nan	nan	nan	nan	nan	nan	nan	nan	nan	nan	nan	nan	nan	nan	nan	nan	nan	nan	nan	nan	nan	nan	nan	nan	nan	nan	nan	nan	nan	nan	nan	nan	nan	nan	nan	nan	nan	nan	nan	nan	nan	nan	nan	nan	nan	nan	nan	nan	nan	nan	nan	nan	nan	nan	nan	nan	nan	nan	nan	nan	nan	nan	nan	nan	nan	needs_multistep_run	0.000000000000000e+00	random_20260822_062803.md
1.899110000000000e+02	4.633830000000000e+02	4.688420000000000e+02	4.117180000000000e+03	9.996969999999999e-01	5.845060000000000e+00	0.000000000000000e+00	-1.000000000000000e+30	tracing_success_coex_no_coex_pair	0	0	0	true	2.605491292885044e-01	true	2.424107902959063e+01	true	3.259177030000000e-04	3.132163240000000e-09	1.475879320765123e+00	1.201191510193787e+00	true	2.385277600863456e+00	8.037480844526573e+01	2.495205072759688e+00	2.314075253301735e-01	true	true	7.705237993465053e-01	6.189103378322474e-01	6.189103378322474e-01	2.563295138814314e-03	3.876236584451959e+00	6.238372323962397e-01	6.238372323962397e-01	1.949910609848867e-03	CMS:2012qwq	ATLAS:2020gxx	ATLAS:2020gxx	ATLAS:2021upq	LHC8 [vbfH;HW;Htt;H;HZ]>[bb;tautau;WW;ZZ;gamgam]	LHC13 [ggH]->X1->Z(X2->[bb])	LHC13 [ggH]->X1->Z(X2->[bb])	LHC13 [Hpmtb>tb]	4.958379721578211e+00	true	all checks passed	1	6.726172154364895e+00	2.610146066998864e-01	6.565102609951033e+00	-3.307097079121847e+00	-3.138909615475870e+00	4.117180000000000e+03	5.845060000000000e+00	22636.28050735857	11092.336051400751	-770.64665706227811	1.7387579520490564	-0.5367873094219221	-1.0825443892494777	0	-0.024709266024246217	0	0	0	success	non_bfb	success	no_coex_pair	14.228999999999999	nan	nan	nan	nan	nan	nan	nan	nan	nan	nan	nan	nan	nan	nan	nan	nan	nan	nan	nan	nan	nan	nan	nan	nan	nan	nan	nan	nan	nan	nan	nan	nan	nan	nan	nan	nan	nan	nan	nan	nan	nan	nan	nan	nan	nan	nan	nan	nan	nan	nan	nan	nan	nan	nan	nan	nan	nan	nan	nan	nan	nan	nan	nan	nan	nan	nan	nan	nan	nan	nan	nan	nan	nan	nan	not_set	nan	nan	nan	nan	nan	nan	nan	nan	nan	nan	nan	nan	nan	nan	nan	nan	nan	nan	nan	nan	nan	nan	nan	nan	nan	nan	nan	nan	nan	nan	nan	nan	nan	nan	nan	nan	nan	nan	nan	nan	nan	nan	nan	nan	nan	nan	nan	nan	nan	nan	nan	nan	nan	nan	nan	nan	nan	nan	nan	nan	nan	nan	nan	nan	nan	nan	nan	nan	nan	nan	nan	nan	nan	nan	nan	nan	nan	nan	nan	nan	nan	nan	nan	nan	nan	nan	nan	nan	nan	nan	nan	nan	nan	nan	nan	nan	nan	nan	nan	nan	nan	nan	nan	nan	nan	nan	nan	nan	nan	nan	nan	nan	nan	nan	nan	nan	nan	nan	nan	nan	nan	nan	nan	nan	nan	nan	nan	nan	nan	nan	nan	nan	nan	nan	nan	nan	nan	nan	nan	nan	nan	nan	nan	nan	nan	nan	nan	nan	needs_multistep_run	0.000000000000000e+00	random_20260823_011757.md
2.624637596917062e+02	5.944882221914620e+02	2.586120172664680e+02	7.953432047645381e+03	9.873954733065984e-01	7.718356631793934e+00	0.000000000000000e+00	-1.000000000000000e+30	tracing_not_set_coex_not_set	0	0	0	true	2.455882787570096e-01	true	2.508998548359533e+01	true	3.304963780000000e-04	3.475168090000000e-09	9.484322080855530e-01	7.531899574888352e-03	true	2.218763519446231e+00	8.035111036688686e+01	2.494197372413840e+00	2.316192221757128e-01	true	true	7.732160004674866e-01	1.295560659145099e-01	1.463875763740081e-02	1.936143174469451e-02	3.889780109631455e+00	2.616872471660204e-01	1.537777415438777e-02	3.325691826628780e-02	CMS:2012qwq	ATLAS:2020tlo	ATLAS:2022enb	CMS:2020imj	LHC8 [vbfH;HW;Htt;H;HZ]>[bb;tautau;WW;ZZ;gamgam]	LHC13 [vbfH>ZZ]	LHC13 [H]->X1->Z(X2->[bb])	LHC13 [Hpmtb>tb]	6.148438252989479e+00	true	all checks passed	1	7.458589459988295e+00	2.460270282418907e-01	1.386665923947066e+00	4.661143780691470e+00	-4.808618624283516e+00	7.953432047645381e+03	7.718356631793934e+00	52120.336759332917	11036.317852628941	3656.0371113424571	-28.217250302913147	-0.68877235046590646	-1.4537008885443472	0	0.88696036803825606	0	-3.2596290111541748e-09	0	no_nlo_stability	not_set	not_set	not_set	0.745	nan	nan	nan	nan	nan	nan	nan	nan	nan	nan	nan	nan	nan	nan	nan	nan	nan	nan	nan	nan	nan	nan	nan	nan	nan	nan	nan	nan	nan	nan	nan	nan	nan	nan	nan	nan	nan	nan	nan	nan	nan	nan	nan	nan	nan	nan	nan	nan	nan	nan	nan	nan	nan	nan	nan	nan	nan	nan	nan	nan	nan	nan	nan	nan	nan	nan	nan	nan	nan	nan	nan	nan	nan	nan	not_set	nan	nan	nan	nan	nan	nan	nan	nan	nan	nan	nan	nan	nan	nan	nan	nan	nan	nan	nan	nan	nan	nan	nan	nan	nan	nan	nan	nan	nan	nan	nan	nan	nan	nan	nan	nan	nan	nan	nan	nan	nan	nan	nan	nan	nan	nan	nan	nan	nan	nan	nan	nan	nan	nan	nan	nan	nan	nan	nan	nan	nan	nan	nan	nan	nan	nan	nan	nan	nan	nan	nan	nan	nan	nan	nan	nan	nan	nan	nan	nan	nan	nan	nan	nan	nan	nan	nan	nan	nan	nan	nan	nan	nan	nan	nan	nan	nan	nan	nan	nan	nan	nan	nan	nan	nan	nan	nan	nan	nan	nan	nan	nan	nan	nan	nan	nan	nan	nan	nan	nan	nan	nan	nan	nan	nan	nan	nan	nan	nan	nan	nan	nan	nan	nan	nan	nan	nan	nan	nan	nan	nan	nan	nan	nan	nan	nan	nan	nan	needs_multistep_run	0.000000000000000e+00	random_20260830_123811.md
2.771974070837475e+02	2.301587279096415e+02	2.384662621902135e+02	9.992656450605422e+03	9.876198066399033e-01	6.618218733469501e+00	0.000000000000000e+00	-1.000000000000000e+30	tracing_success_coex_no_coex_pair	0	0	0	true	2.382048593834391e-01	true	2.385505144883089e+01	true	3.296232800000000e-04	3.486860170000000e-09	1.040047861380613e+00	1.615543558179425e-02	true	1.062609019381110e+00	8.035429595980618e+01	2.494169971476447e+00	2.315541708966907e-01	true	true	7.778110525084493e-01	2.966176582853506e-01	7.873955126879325e-01	3.304384858386094e-02	3.912896214343271e+00	2.330310571516347e-01	7.372570557405774e-01	5.004140429317754e-02	CMS:2012qwq	ATLAS:2020tlo	ATLAS:2022enb	CMS:2020imj	LHC8 [vbfH;HW;Htt;H;HZ]>[bb;tautau;WW;ZZ;gamgam]	LHC13 [vbfH>ZZ]	LHC13 [H]->X1->Z(X2->[bb])	LHC13 [Hpmtb>tb]	5.333712520428293e+00	true	all checks passed	1	7.922335886488706e+00	2.386304182084761e-01	8.133169563376494e-01	1.137580265129894e-01	2.424221209669270e-01	9.992656450605422e+03	6.618218733469501e+00	9395.2207142598054	-402.1143427186712	47.379211107426556	-0.20777626018531176	-0.023098989483285835	-0.0013798879577578197	0	6.1025563337705069e-05	0	0	0	success	non_bfb	success	no_coex_pair	26.372	nan	nan	nan	nan	nan	nan	nan	nan	nan	nan	nan	nan	nan	nan	nan	nan	nan	nan	nan	nan	nan	nan	nan	nan	nan	nan	nan	nan	nan	nan	nan	nan	nan	nan	nan	nan	nan	nan	nan	nan	nan	nan	nan	nan	nan	nan	nan	nan	nan	nan	nan	nan	nan	nan	nan	nan	nan	nan	nan	nan	nan	nan	nan	nan	nan	nan	nan	nan	nan	nan	nan	nan	nan	nan	not_set	nan	nan	nan	nan	nan	nan	nan	nan	nan	nan	nan	nan	nan	nan	nan	nan	nan	nan	nan	nan	nan	nan	nan	nan	nan	nan	nan	nan	nan	nan	nan	nan	nan	nan	nan	nan	nan	nan	nan	nan	nan	nan	nan	nan	nan	nan	nan	nan	nan	nan	nan	nan	nan	nan	nan	nan	nan	nan	nan	nan	nan	nan	nan	nan	nan	nan	nan	nan	nan	nan	nan	nan	nan	nan	nan	nan	nan	nan	nan	nan	nan	nan	nan	nan	nan	nan	nan	nan	nan	nan	nan	nan	nan	nan	nan	nan	nan	nan	nan	nan	nan	nan	nan	nan	nan	nan	nan	nan	nan	nan	nan	nan	nan	nan	nan	nan	nan	nan	nan	nan	nan	nan	nan	nan	nan	nan	nan	nan	nan	nan	nan	nan	nan	nan	nan	nan	nan	nan	nan	nan	nan	nan	nan	nan	nan	nan	nan	nan	needs_multistep_run	0.000000000000000e+00	random_20260830_123811.md
2.985011528597732e+02	2.205666537999430e+02	2.934748342950422e+02	1.272116769395081e+04	9.880232418030119e-01	6.162388847537866e+00	0.000000000000000e+00	-1.000000000000000e+30	tracing_success_coex_no_coex_pair	0	0	0	true	2.296188411891367e-01	true	2.089665125093291e+01	true	3.297019320000000e-04	3.485501960000000e-09	1.031621685685939e+00	1.498679148444249e-02	true	3.282556984581364e-01	8.035875784237223e+01	2.494357080254139e+00	2.315130756829705e-01	true	true	7.802207099340253e-01	1.595228162121221e-01	5.388679796935157e-01	7.901973406839571e-02	3.925018360702587e+00	2.021988284534920e-01	7.469566733846127e-01	5.224715408550989e-02	CMS:2012qwq	ATLAS:2020tlo	CMS:2019qcx	ATLAS:2021upq	LHC8 [vbfH;HW;Htt;H;HZ]>[bb;tautau;WW;ZZ;gamgam]	LHC13 [vbfH>ZZ]	LHC13 [ggH]->X1->Z(X2->[bb])	LHC13 [Hpmtb>tb]	6.089844798854386e+00	true	all checks passed	1	6.896149864306923e+00	2.300290608820335e-01	1.471240698713772e+00	-7.130048574711126e-01	5.256040920958956e-01	1.272116769395081e+04	6.162388847537866e+00	9199.2936329229124	-73.105842092929549	50.779316490255951	-0.47539795385286893	-0.029392222315774888	-0.036604520557884393	0	-0.0019597612525596442	0	0	0	success	non_bfb	success	no_coex_pair	27.074999999999999	nan	nan	nan	nan	nan	nan	nan	nan	nan	nan	nan	nan	nan	nan	nan	nan	nan	nan	nan	nan	nan	nan	nan	nan	nan	nan	nan	nan	nan	nan	nan	nan	nan	nan	nan	nan	nan	nan	nan	nan	nan	nan	nan	nan	nan	nan	nan	nan	nan	nan	nan	nan	nan	nan	nan	nan	nan	nan	nan	nan	nan	nan	nan	nan	nan	nan	nan	nan	nan	nan	nan	nan	nan	nan	not_set	nan	nan	nan	nan	nan	nan	nan	nan	nan	nan	nan	nan	nan	nan	nan	nan	nan	nan	nan	nan	nan	nan	nan	nan	nan	nan	nan	nan	nan	nan	nan	nan	nan	nan	nan	nan	nan	nan	nan	nan	nan	nan	nan	nan	nan	nan	nan	nan	nan	nan	nan	nan	nan	nan	nan	nan	nan	nan	nan	nan	nan	nan	nan	nan	nan	nan	nan	nan	nan	nan	nan	nan	nan	nan	nan	nan	nan	nan	nan	nan	nan	nan	nan	nan	nan	nan	nan	nan	nan	nan	nan	nan	nan	nan	nan	nan	nan	nan	nan	nan	nan	nan	nan	nan	nan	nan	nan	nan	nan	nan	nan	nan	nan	nan	nan	nan	nan	nan	nan	nan	nan	nan	nan	nan	nan	nan	nan	nan	nan	nan	nan	nan	nan	nan	nan	nan	nan	nan	nan	nan	nan	nan	nan	nan	nan	nan	nan	nan	needs_multistep_run	0.000000000000000e+00	random_20260902_020759.md
2.933740000000000e+02	3.422470000000000e+02	2.463140000000000e+02	1.263700000000000e+04	9.881490000000001e-01	5.927800000000000e+00	0.000000000000000e+00	-1.000000000000000e+30	not_set	0	0	0	true	2.291076871678284e-01	true	2.024821521127873e+01	true	3.290192710000000e-04	3.494789780000000e-09	1.105898978868260e+00	2.385403558202623e-02	true	7.793794294567095e+00	8.038655322260819e+01	2.496062022455702e+00	2.314046569642984e-01	true	true	7.605502341626889e-01	1.411652473245592e-01	7.845329539605961e-01	3.796215761148183e-02	1.244279781014924e+00	2.012417178317890e-01	7.819077207336576e-01	6.595520968885502e-02	ATLAS:2014vuz	ATLAS:2020tlo	ATLAS:2022enb	CMS:2020imj	LHC8 [HW;HZ]>[bb]	LHC13 [vbfH>ZZ]	LHC13 [H]->X1->Z(X2->[bb])	LHC13 [Hpmtb>tb]	4.999721429122559e+00	true	all checks passed	1	6.656598666640891e+00	2.295169936715263e-01	6.396736853736894e-01	1.203537312100329e+00	-6.624955523652675e-01	1.263700000000000e+04	5.927800000000000e+00	9478.5717223202246	157.87213746487942	79.720082637247017	-0.61586892372980317	-0.037386677770057143	-0.055447534565439313	0	0.0069048012921268725	0	0	0	success	non_bfb	success	success	77.385000000000005	success	224.08508041329742	-1.1274654984896049e-09	1.5200228967787539e-06	2.5191633216785303e-06	3.6948221341079626e-09	6.5012731252904492e-09	3.4057849391490107	5.6455151220314486	-3.0011551744969118e-09	failure	nan	nan	nan	nan	nan	nan	nan	nan	nan	nan	nan	nan	nan	nan	nan	nan	nan	nan	nan	nan	nan	nan	nan	nan	nan	nan	nan	nan	nan	nan	nan	nan	nan	nan	nan	nan	nan	nan	nan	nan	not_set	nan	nan	nan	nan	nan	nan	nan	nan	nan	nan	nan	nan	nan	nan	nan	nan	nan	nan	nan	nan	nan	nan	0	nan	nan	nan	nan	nan	nan	nan	nan	nan	nan	nan	nan	nan	nan	nan	nan	nan	nan	nan	nan	nan	nan	nan	nan	nan	nan	nan	nan	nan	nan	nan	nan	nan	nan	nan	nan	nan	nan	nan	nan	nan	nan	nan	nan	nan	nan	nan	nan	nan	nan	nan	nan	nan	nan	nan	nan	nan	nan	nan	nan	nan	nan	nan	nan	nan	nan	nan	nan	nan	nan	nan	nan	nan	nan	nan	nan	nan	nan	nan	nan	nan	nan	nan	nan	nan	nan	nan	nan	nan	nan	nan	nan	nan	nan	nan	nan	nan	nan	nan	nan	nan	nan	nan	nan	nan	nan	nan	nan	nan	nan	nan	nan	nan	nan	nan	nan	nan	nan	nan	nan	nan	nan	nan	nan	nan	nan	nan	nan	nan	nan	nan	nan	nan	nan	nan	nan	nan	nan	nan	nan	nan	nan	nan	nan	nan	nan	nan	nan	needs_multistep_run	0.000000000000000e+00	random_20260826_184030.md
3.047030000000000e+02	2.649380000000000e+02	2.374400000000000e+02	1.472610000000000e+04	9.836700000000000e-01	5.458240000000000e+00	0.000000000000000e+00	-1.000000000000000e+30	not_set	0	0	0	true	2.203900436439675e-01	true	1.914054405040168e+01	true	3.282904730000000e-04	3.504590790000000e-09	1.188045730093432e+00	3.543584248304561e-02	true	4.482037879227226e-01	8.036764460931647e+01	2.494953492502083e+00	2.314971788610248e-01	true	true	7.560091643041849e-01	2.475153134634953e-01	8.679227163660214e-01	5.006144133404723e-02	1.236850473711728e+00	2.837318950798672e-01	1.152162508065441e+00	7.452672474362351e-02	ATLAS:2014vuz	ATLAS:2020tlo	CMS:2019qcx	CMS:2020imj	LHC8 [HW;HZ]>[bb]	LHC13 [vbfH>ZZ]	LHC13 [ggH]->X1->Z(X2->[bb])	LHC13 [Hpmtb>tb]	6.002797451442319e+00	true	all checks passed	1	6.342737509909739e+00	2.207837758636448e-01	4.887609004369701e-01	6.694623288286882e-01	2.129090125486960e-01	1.472610000000000e+04	5.458240000000000e+00	7931.0927826347661	-391.94613584421933	89.861656705013814	-0.2792958398295855	-0.026090855952865425	-0.016064239697119329	0	-0.0029720928397529542	0	0	0	success	non_bfb	success	success	60.319000000000003	success	220.23638769224561	-1.3205668481753189e-09	-1.2489010582666272e-07	-2.0298878567081588e-07	3.3476828047732319e-10	-4.1576026647957712e-09	3.1548954200139483	5.1737331401179265	-7.2540340778463091e-10	failure	nan	nan	nan	nan	nan	nan	nan	nan	nan	nan	nan	nan	nan	nan	nan	nan	nan	nan	nan	nan	nan	nan	nan	nan	nan	nan	nan	nan	nan	nan	nan	nan	nan	nan	nan	nan	nan	nan	nan	nan	not_set	nan	nan	nan	nan	nan	nan	nan	nan	nan	nan	nan	nan	nan	nan	nan	nan	nan	nan	nan	nan	nan	nan	0	nan	nan	nan	nan	nan	nan	nan	nan	nan	nan	nan	nan	nan	nan	nan	nan	nan	nan	nan	nan	nan	nan	nan	nan	nan	nan	nan	nan	nan	nan	nan	nan	nan	nan	nan	nan	nan	nan	nan	nan	nan	nan	nan	nan	nan	nan	nan	nan	nan	nan	nan	nan	nan	nan	nan	nan	nan	nan	nan	nan	nan	nan	nan	nan	nan	nan	nan	nan	nan	nan	nan	nan	nan	nan	nan	nan	nan	nan	nan	nan	nan	nan	nan	nan	nan	nan	nan	nan	nan	nan	nan	nan	nan	nan	nan	nan	nan	nan	nan	nan	nan	nan	nan	nan	nan	nan	nan	nan	nan	nan	nan	nan	nan	nan	nan	nan	nan	nan	nan	nan	nan	nan	nan	nan	nan	nan	nan	nan	nan	nan	nan	nan	nan	nan	nan	nan	nan	nan	nan	nan	nan	nan	nan	nan	nan	nan	nan	nan	needs_multistep_run	0.000000000000000e+00	random_20260826_184030.md
3.149420000000000e+02	2.871000000000000e+02	2.909440000000000e+02	8.589410000000000e+03	9.899150000000000e-01	1.113300000000000e+01	0.000000000000000e+00	-1.000000000000000e+30	tracing_success_coex_no_coex_pair	0	0	0	true	2.508208836995636e-01	true	2.144735817414502e+01	true	3.315915730000000e-04	3.460715930000000e-09	8.394829102890033e-01	1.365412078060644e-03	true	6.333583836043855e-01	8.035655217859561e+01	2.494322965457482e+00	2.315394728501795e-01	true	true	7.589136469351163e-01	1.747105331630243e-01	2.121935451524979e-01	1.723648399041428e-02	1.241602282138893e+00	2.206787551828780e-01	3.114632164972631e-01	1.165146957192779e-02	ATLAS:2014vuz	ATLAS:2020tlo	CMS:2019qcx	ATLAS:2021upq	LHC8 [HW;HZ]>[bb]	LHC13 [vbfH>ZZ]	LHC13 [ggH]->X1->Z(X2->[bb])	LHC13 [Hpmtb>tb]	5.421167393987758e+00	true	all checks passed	1	6.879257841696725e+00	2.512689813615433e-01	2.017625330186068e+00	1.574297086692144e-01	2.308648708081523e-01	8.589410000000000e+03	1.113300000000000e+01	11433.632717715789	1054.2176467011789	53.119372787266954	-1.2241328728642236	-0.042744430152115875	-0.10702819827765137	0	-0.0020091286056917648	0	0	0	success	non_bfb	success	no_coex_pair	12.369	nan	nan	nan	nan	nan	nan	nan	nan	nan	nan	nan	nan	nan	nan	nan	nan	nan	nan	nan	nan	nan	nan	nan	nan	nan	nan	nan	nan	nan	nan	nan	nan	nan	nan	nan	nan	nan	nan	nan	nan	nan	nan	nan	nan	nan	nan	nan	nan	nan	nan	nan	nan	nan	nan	nan	nan	nan	nan	nan	nan	nan	nan	nan	nan	nan	nan	nan	nan	nan	nan	nan	nan	nan	nan	not_set	nan	nan	nan	nan	nan	nan	nan	nan	nan	nan	nan	nan	nan	nan	nan	nan	nan	nan	nan	nan	nan	nan	nan	nan	nan	nan	nan	nan	nan	nan	nan	nan	nan	nan	nan	nan	nan	nan	nan	nan	nan	nan	nan	nan	nan	nan	nan	nan	nan	nan	nan	nan	nan	nan	nan	nan	nan	nan	nan	nan	nan	nan	nan	nan	nan	nan	nan	nan	nan	nan	nan	nan	nan	nan	nan	nan	nan	nan	nan	nan	nan	nan	nan	nan	nan	nan	nan	nan	nan	nan	nan	nan	nan	nan	nan	nan	nan	nan	nan	nan	nan	nan	nan	nan	nan	nan	nan	nan	nan	nan	nan	nan	nan	nan	nan	nan	nan	nan	nan	nan	nan	nan	nan	nan	nan	nan	nan	nan	nan	nan	nan	nan	nan	nan	nan	nan	nan	nan	nan	nan	nan	nan	nan	nan	nan	nan	nan	nan	needs_multistep_run	0.000000000000000e+00	random_20260828_001210.md
3.413830000000000e+02	5.775640000000000e+02	3.199950000000000e+02	1.401850000000000e+04	9.880850000000000e-01	7.950910000000000e+00	0.000000000000000e+00	-1.000000000000000e+30	tracing_not_set_coex_not_set	0	0	0	true	2.337317115608389e-01	true	2.079399939154065e+01	true	3.263269880000000e-04	3.127555500000000e-09	1.424004080753864e+00	1.236271766709273e+00	true	6.571979274349791e+00	8.038473463631176e+01	2.496057668174833e+00	2.314262699931600e-01	true	true	7.727494445140902e-01	3.546943184820577e-01	2.486982419848992e-02	3.650519978028811e-02	3.887433029298852e+00	2.246170502766543e-01	2.622491146571140e-02	2.261153426288883e-02	CMS:2012qwq	ATLAS:2020tlo	ATLAS:2022enb	ATLAS:2021upq	LHC8 [vbfH;HW;Htt;H;HZ]>[bb;tautau;WW;ZZ;gamgam]	LHC13 [vbfH>ZZ]	LHC13 [H]->X1->Z(X2->[bb])	LHC13 [Hpmtb>tb]	5.455003295422159e+00	true	all checks passed	1	5.300761202432464e+00	2.341492789975535e-01	1.909033452814813e+00	3.999100029690720e+00	-3.641304956461701e+00	1.401850000000000e+04	7.950910000000000e+00	45681.701144661391	8806.3670162307408	3667.0978435480292	-30.189992337690747	-0.54268221428315155	-1.1723091275982425	0	0.91422794668908347	0	-3.7252902984619141e-09	0	no_nlo_stability	not_set	not_set	not_set	0.41099999999999998	nan	nan	nan	nan	nan	nan	nan	nan	nan	nan	nan	nan	nan	nan	nan	nan	nan	nan	nan	nan	nan	nan	nan	nan	nan	nan	nan	nan	nan	nan	nan	nan	nan	nan	nan	nan	nan	nan	nan	nan	nan	nan	nan	nan	nan	nan	nan	nan	nan	nan	nan	nan	nan	nan	nan	nan	nan	nan	nan	nan	nan	nan	nan	nan	nan	nan	nan	nan	nan	nan	nan	nan	nan	nan	not_set	nan	nan	nan	nan	nan	nan	nan	nan	nan	nan	nan	nan	nan	nan	nan	nan	nan	nan	nan	nan	nan	nan	nan	nan	nan	nan	nan	nan	nan	nan	nan	nan	nan	nan	nan	nan	nan	nan	nan	nan	nan	nan	nan	nan	nan	nan	nan	nan	nan	nan	nan	nan	nan	nan	nan	nan	nan	nan	nan	nan	nan	nan	nan	nan	nan	nan	nan	nan	nan	nan	nan	nan	nan	nan	nan	nan	nan	nan	nan	nan	nan	nan	nan	nan	nan	nan	nan	nan	nan	nan	nan	nan	nan	nan	nan	nan	nan	nan	nan	nan	nan	nan	nan	nan	nan	nan	nan	nan	nan	nan	nan	nan	nan	nan	nan	nan	nan	nan	nan	nan	nan	nan	nan	nan	nan	nan	nan	nan	nan	nan	nan	nan	nan	nan	nan	nan	nan	nan	nan	nan	nan	nan	nan	nan	nan	nan	nan	nan	needs_multistep_run	0.000000000000000e+00	random_20260825_015240.md
2.734780000000000e+02	3.655740000000000e+02	2.440470000000000e+02	7.982950000000000e+03	9.891390000000000e-01	8.596450000000001e+00	0.000000000000000e+00	-1.000000000000000e+30	tracing_success_coex_no_coex_pair	0	0	0	true	2.466925711304497e-01	true	2.319487876571868e+01	true	3.262100290000000e-04	3.129189390000000e-09	1.438733457564660e+00	1.223774643145922e+00	true	3.588994886210441e+00	8.037894299197259e+01	2.495666669195110e+00	2.314460711744845e-01	true	true	7.713709947336312e-01	2.058218078395649e-01	1.301158547813987e-01	1.681643983206766e-02	3.880498529062291e+00	2.246302627534687e-01	1.411798546792264e-01	2.804444865783744e-02	CMS:2012qwq	ATLAS:2020tlo	ATLAS:2022enb	CMS:2020imj	LHC8 [vbfH;HW;Htt;H;HZ]>[bb;tautau;WW;ZZ;gamgam]	LHC13 [vbfH>ZZ]	LHC13 [H]->X1->Z(X2->[bb])	LHC13 [Hpmtb>tb]	4.962397828151438e+00	true	all checks passed	1	7.556865900999900e+00	2.471332934607469e-01	1.088969105925339e+00	1.389386888041191e+00	-1.059070090840427e+00	7.982950000000000e+03	8.596450000000001e+00	12000.860319348214	939.29907419160543	101.14620345431479	-1.3355881699703194	-0.054391273048020321	-0.10331354349212998	0	0.022293644110179797	0	0	0	success	non_bfb	success	no_coex_pair	11.818	nan	nan	nan	nan	nan	nan	nan	nan	nan	nan	nan	nan	nan	nan	nan	nan	nan	nan	nan	nan	nan	nan	nan	nan	nan	nan	nan	nan	nan	nan	nan	nan	nan	nan	nan	nan	nan	nan	nan	nan	nan	nan	nan	nan	nan	nan	nan	nan	nan	nan	nan	nan	nan	nan	nan	nan	nan	nan	nan	nan	nan	nan	nan	nan	nan	nan	nan	nan	nan	nan	nan	nan	nan	nan	not_set	nan	nan	nan	nan	nan	nan	nan	nan	nan	nan	nan	nan	nan	nan	nan	nan	nan	nan	nan	nan	nan	nan	nan	nan	nan	nan	nan	nan	nan	nan	nan	nan	nan	nan	nan	nan	nan	nan	nan	nan	nan	nan	nan	nan	nan	nan	nan	nan	nan	nan	nan	nan	nan	nan	nan	nan	nan	nan	nan	nan	nan	nan	nan	nan	nan	nan	nan	nan	nan	nan	nan	nan	nan	nan	nan	nan	nan	nan	nan	nan	nan	nan	nan	nan	nan	nan	nan	nan	nan	nan	nan	nan	nan	nan	nan	nan	nan	nan	nan	nan	nan	nan	nan	nan	nan	nan	nan	nan	nan	nan	nan	nan	nan	nan	nan	nan	nan	nan	nan	nan	nan	nan	nan	nan	nan	nan	nan	nan	nan	nan	nan	nan	nan	nan	nan	nan	nan	nan	nan	nan	nan	nan	nan	nan	nan	nan	nan	nan	needs_multistep_run	0.000000000000000e+00	random_20260826_184019.md
2.923330000000000e+02	2.739440000000000e+02	2.260100000000000e+02	1.351810000000000e+04	9.862140000000000e-01	5.362810000000000e+00	0.000000000000000e+00	-1.000000000000000e+30	not_set	0	0	0	true	2.240633041108451e-01	true	1.917161683795754e+01	true	3.233802690000000e-04	3.164176200000000e-09	1.818201153773854e+00	9.714060005521979e-01	true	3.088564318540929e+00	8.037749492705555e+01	2.495515277614645e+00	2.314494847950544e-01	true	true	5.515515617844124e-01	1.653318552264483e-01	9.534844740875019e-01	1.440398382940725e-01	3.268453699463185e+00	2.305528772326655e-01	1.271305191848722e+00	8.248844348255714e-02	CMS:2013fjq	ATLAS:2020tlo	CMS:2019qcx	ATLAS:2021upq	LHC8 [vbfH;HW;Htt;H;HZ]>[ZZ]	LHC13 [vbfH>ZZ]	LHC13 [ggH]->X1->Z(X2->[bb])	LHC13 [Hpmtb>tb]	5.203573762234214e+00	true	all checks passed	1	6.363787443306079e+00	2.244635987004605e-01	3.326020345886501e-01	7.915260242972281e-01	-4.891464344796366e-04	1.351810000000000e+04	5.362810000000000e+00	7547.9393375145719	-489.41951611165581	37.156664611808068	-0.10666648358488735	-0.025285745402432606	-0.0078050485475883368	0	-0.0062562562738361985	0	0	0	success	non_bfb	success	success	57.258000000000003	success	208.33356564826056	-2.5184069052786395e-09	5.5169925864085857e-07	9.8787786864478993e-07	5.1166322570453825e-09	-3.7546816337086719e-09	3.5089185792830002	6.3111407130437973	-3.3028940778619581e-10	failure	nan	nan	nan	nan	nan	nan	nan	nan	nan	nan	nan	nan	nan	nan	nan	nan	nan	nan	nan	nan	nan	nan	nan	nan	nan	nan	nan	nan	nan	nan	nan	nan	nan	nan	nan	nan	nan	nan	nan	nan	not_set	nan	nan	nan	nan	nan	nan	nan	nan	nan	nan	nan	nan	nan	nan	nan	nan	nan	nan	nan	nan	nan	nan	0	nan	nan	nan	nan	nan	nan	nan	nan	nan	nan	nan	nan	nan	nan	nan	nan	nan	nan	nan	nan	nan	nan	nan	nan	nan	nan	nan	nan	nan	nan	nan	nan	nan	nan	nan	nan	nan	nan	nan	nan	nan	nan	nan	nan	nan	nan	nan	nan	nan	nan	nan	nan	nan	nan	nan	nan	nan	nan	nan	nan	nan	nan	nan	nan	nan	nan	nan	nan	nan	nan	nan	nan	nan	nan	nan	nan	nan	nan	nan	nan	nan	nan	nan	nan	nan	nan	nan	nan	nan	nan	nan	nan	nan	nan	nan	nan	nan	nan	nan	nan	nan	nan	nan	nan	nan	nan	nan	nan	nan	nan	nan	nan	nan	nan	nan	nan	nan	nan	nan	nan	nan	nan	nan	nan	nan	nan	nan	nan	nan	nan	nan	nan	nan	nan	nan	nan	nan	nan	nan	nan	nan	nan	nan	nan	nan	nan	nan	nan	needs_multistep_run	0.000000000000000e+00	random_20260830_180625.md
3.828072474710810e+02	4.697971559101852e+02	3.884514883567659e+02	1.022304398179166e+04	9.960056627252484e-01	1.426710045259313e+01	0.000000000000000e+00	-1.000000000000000e+30	tracing_not_set_coex_not_set	0	0	0	true	2.479437147548248e-01	true	1.154224210965423e+01	true	3.320433880000000e-04	3.454754010000000e-09	7.964728269211782e-01	2.687349712259549e-04	true	1.723131335496323e+00	8.035195942235013e+01	2.494091852253825e+00	2.315689316863453e-01	true	true	7.675604141419617e-01	7.486421985101957e-02	2.530999745248213e-01	6.939622677076155e-03	3.861328826698834e+00	7.973019060249802e-02	2.966875865811426e-01	4.636653141996215e-03	CMS:2012qwq	ATLAS:2020tlo	ATLAS:2022enb	ATLAS:2021upq	LHC8 [vbfH;HW;Htt;H;HZ]>[bb;tautau;WW;ZZ;gamgam]	LHC13 [vbfH>ZZ]	LHC13 [H]->X1->Z(X2->[bb])	LHC13 [Hpmtb>tb]	3.502890070834098e+00	true	all checks passed	1	2.159085497251402e+00	2.483866722839007e-01	3.167494010922406e+00	1.082193010509957e+00	-1.225124356623105e+00	1.022304398179166e+04	1.426710045259313e+01	11707.88283544458	4510.8416084805076	360.48084199787195	-17.978916752540187	-0.22739456148675685	-0.30968609639191741	0	0.17930037628635573	0	0	0	no_nlo_stability	not_set	not_set	not_set	1.9610000000000001	nan	nan	nan	nan	nan	nan	nan	nan	nan	nan	nan	nan	nan	nan	nan	nan	nan	nan	nan	nan	nan	nan	nan	nan	nan	nan	nan	nan	nan	nan	nan	nan	nan	nan	nan	nan	nan	nan	nan	nan	nan	nan	nan	nan	nan	nan	nan	nan	nan	nan	nan	nan	nan	nan	nan	nan	nan	nan	nan	nan	nan	nan	nan	nan	nan	nan	nan	nan	nan	nan	nan	nan	nan	nan	not_set	nan	nan	nan	nan	nan	nan	nan	nan	nan	nan	nan	nan	nan	nan	nan	nan	nan	nan	nan	nan	nan	nan	nan	nan	nan	nan	nan	nan	nan	nan	nan	nan	nan	nan	nan	nan	nan	nan	nan	nan	nan	nan	nan	nan	nan	nan	nan	nan	nan	nan	nan	nan	nan	nan	nan	nan	nan	nan	nan	nan	nan	nan	nan	nan	nan	nan	nan	nan	nan	nan	nan	nan	nan	nan	nan	nan	nan	nan	nan	nan	nan	nan	nan	nan	nan	nan	nan	nan	nan	nan	nan	nan	nan	nan	nan	nan	nan	nan	nan	nan	nan	nan	nan	nan	nan	nan	nan	nan	nan	nan	nan	nan	nan	nan	nan	nan	nan	nan	nan	nan	nan	nan	nan	nan	nan	nan	nan	nan	nan	nan	nan	nan	nan	nan	nan	nan	nan	nan	nan	nan	nan	nan	nan	nan	nan	nan	nan	nan	needs_multistep_run	0.000000000000000e+00	random_20260830_123811.md
2.748282069659189e+02	5.727154499865308e+02	5.731168726452986e+02	4.578445484561095e+03	9.950972232386753e-01	1.632785382939076e+01	0.000000000000000e+00	-1.000000000000000e+30	tracing_not_set_coex_not_set	0	0	0	true	2.554834358649367e-01	true	2.170408815665294e+01	true	3.322386270000000e-04	3.452196680000000e-09	7.782371879366490e-01	5.737696816170950e-05	true	2.047159132598756e-01	8.036316022410796e+01	2.494596552692968e+00	2.314744072350600e-01	true	true	7.659097907379301e-01	1.186579618795519e-01	4.815148871569639e-03	0.000000000000000e+00	3.853025115857863e+00	1.091584108659259e-01	5.244137169379222e-03	0.000000000000000e+00	CMS:2012qwq	ATLAS:2020tlo	ATLAS:2022enb		LHC8 [vbfH;HW;Htt;H;HZ]>[bb;tautau;WW;ZZ;gamgam]	LHC13 [vbfH>ZZ]	LHC13 [H]->X1->Z(X2->[bb])		5.636971843717475e+00	true	all checks passed	1	3.043939888822574e+00	2.559398632907436e-01	1.022967137861014e+01	-4.195358534448220e+00	-4.180157164316253e+00	4.578445484561095e+03	1.632785382939076e+01	16406.081470477879	28137.965180937434	-940.86312262938213	85.259074261067525	-1.7003594370376685	-2.1079681135882633	0	-0.0059152005859841273	0	1.862645149230957e-09	0	no_nlo_stability	not_set	not_set	not_set	0.81499999999999995	nan	nan	nan	nan	nan	nan	nan	nan	nan	nan	nan	nan	nan	nan	nan	nan	nan	nan	nan	nan	nan	nan	nan	nan	nan	nan	nan	nan	nan	nan	nan	nan	nan	nan	nan	nan	nan	nan	nan	nan	nan	nan	nan	nan	nan	nan	nan	nan	nan	nan	nan	nan	nan	nan	nan	nan	nan	nan	nan	nan	nan	nan	nan	nan	nan	nan	nan	nan	nan	nan	nan	nan	nan	nan	not_set	nan	nan	nan	nan	nan	nan	nan	nan	nan	nan	nan	nan	nan	nan	nan	nan	nan	nan	nan	nan	nan	nan	nan	nan	nan	nan	nan	nan	nan	nan	nan	nan	nan	nan	nan	nan	nan	nan	nan	nan	nan	nan	nan	nan	nan	nan	nan	nan	nan	nan	nan	nan	nan	nan	nan	nan	nan	nan	nan	nan	nan	nan	nan	nan	nan	nan	nan	nan	nan	nan	nan	nan	nan	nan	nan	nan	nan	nan	nan	nan	nan	nan	nan	nan	nan	nan	nan	nan	nan	nan	nan	nan	nan	nan	nan	nan	nan	nan	nan	nan	nan	nan	nan	nan	nan	nan	nan	nan	nan	nan	nan	nan	nan	nan	nan	nan	nan	nan	nan	nan	nan	nan	nan	nan	nan	nan	nan	nan	nan	nan	nan	nan	nan	nan	nan	nan	nan	nan	nan	nan	nan	nan	nan	nan	nan	nan	nan	nan	needs_multistep_run	0.000000000000000e+00	random_20260830_123811.md
3.503528206799445e+02	5.272458636828584e+02	3.547831815973114e+02	1.439706451565180e+04	9.986022652293713e-01	7.973871059729826e+00	0.000000000000000e+00	-1.000000000000000e+30	tracing_not_set_coex_not_set	0	0	0	true	2.407956676844388e-01	true	2.458246114711127e+01	true	3.310615820000000e-04	3.467504900000000e-09	8.913762890380178e-01	3.643537740903817e-03	true	2.983626174450996e+00	8.034837991419663e+01	2.493916998603084e+00	2.315997701668429e-01	true	true	7.720285080212271e-01	1.579995333465359e-01	4.873190772775969e-03	4.412179575105855e-02	3.883806249164257e+00	1.836514173760799e-01	8.414435593477175e-03	3.162236993603659e-02	CMS:2012qwq	CMS:2024phk	ATLAS:2022enb	CMS:2020imj	LHC8 [vbfH;HW;Htt;H;HZ]>[bb;tautau;WW;ZZ;gamgam]	LHC13 [H]->X1->(X2->[bb])(X3->[bb; tautau; gamgam; WW])	LHC13 [H]->X1->Z(X2->[bb])	LHC13 [Hpmtb>tb]	1.801890685487621e+00	true	all checks passed	1	7.891131805217334e+00	2.412258550520643e-01	1.206078763715934e+00	2.360563406480584e+00	-2.666771342226285e+00	1.439706451565180e+04	7.973871059729826e+00	29790.637009256796	2728.5598900500163	2025.6041083804723	-18.325852261389862	-0.2216348492940062	-0.73157752262490694	0	0.51641452196461535	0	0	0	no_nlo_stability	not_set	not_set	not_set	0.73699999999999999	nan	nan	nan	nan	nan	nan	nan	nan	nan	nan	nan	nan	nan	nan	nan	nan	nan	nan	nan	nan	nan	nan	nan	nan	nan	nan	nan	nan	nan	nan	nan	nan	nan	nan	nan	nan	nan	nan	nan	nan	nan	nan	nan	nan	nan	nan	nan	nan	nan	nan	nan	nan	nan	nan	nan	nan	nan	nan	nan	nan	nan	nan	nan	nan	nan	nan	nan	nan	nan	nan	nan	nan	nan	nan	not_set	nan	nan	nan	nan	nan	nan	nan	nan	nan	nan	nan	nan	nan	nan	nan	nan	nan	nan	nan	nan	nan	nan	nan	nan	nan	nan	nan	nan	nan	nan	nan	nan	nan	nan	nan	nan	nan	nan	nan	nan	nan	nan	nan	nan	nan	nan	nan	nan	nan	nan	nan	nan	nan	nan	nan	nan	nan	nan	nan	nan	nan	nan	nan	nan	nan	nan	nan	nan	nan	nan	nan	nan	nan	nan	nan	nan	nan	nan	nan	nan	nan	nan	nan	nan	nan	nan	nan	nan	nan	nan	nan	nan	nan	nan	nan	nan	nan	nan	nan	nan	nan	nan	nan	nan	nan	nan	nan	nan	nan	nan	nan	nan	nan	nan	nan	nan	nan	nan	nan	nan	nan	nan	nan	nan	nan	nan	nan	nan	nan	nan	nan	nan	nan	nan	nan	nan	nan	nan	nan	nan	nan	nan	nan	nan	nan	nan	nan	nan	needs_multistep_run	0.000000000000000e+00	random_20260902_020759.md
3.055380000000000e+02	5.441750000000000e+02	5.476310000000000e+02	1.291710000000000e+04	9.948930000000000e-01	6.713070000000000e+00	0.000000000000000e+00	-1.000000000000000e+30	tracing_success_coex_no_coex_pair	0	0	0	true	2.338757440459950e-01	true	2.205879376264792e+01	true	3.312016560000000e-04	3.465411170000000e-09	8.775098314192133e-01	2.824068499035707e-03	true	6.395926102041324e-01	8.036811758263728e+01	2.494876154835471e+00	2.314517224753781e-01	true	true	7.673526524099511e-01	5.970458644071023e-02	3.785190980731978e-02	1.905426894005504e-03	1.255408712552752e+00	6.898566407823975e-02	5.215327628376838e-02	1.519873094229928e-03	ATLAS:2014vuz	ATLAS:2020tlo	ATLAS:2022enb	ATLAS:2021upq	LHC8 [HW;HZ]>[bb]	LHC13 [vbfH>ZZ]	LHC13 [H]->X1->Z(X2->[bb])	LHC13 [Hpmtb>tb]	6.071499330635390e+00	true	all checks passed	1	4.925159937596437e+00	2.342935688002778e-01	8.035116791899718e+00	-3.553364819185487e+00	-3.428661218947534e+00	1.291710000000000e+04	6.713070000000000e+00	13772.338686389965	14953.430289776754	-1791.4533667061642	9.7635141857914149	-0.9842811167760035	-1.6364857237253436	0	-0.031958842483181218	0	1.862645149230957e-09	0	success	non_bfb	success	no_coex_pair	15.457000000000001	nan	nan	nan	nan	nan	nan	nan	nan	nan	nan	nan	nan	nan	nan	nan	nan	nan	nan	nan	nan	nan	nan	nan	nan	nan	nan	nan	nan	nan	nan	nan	nan	nan	nan	nan	nan	nan	nan	nan	nan	nan	nan	nan	nan	nan	nan	nan	nan	nan	nan	nan	nan	nan	nan	nan	nan	nan	nan	nan	nan	nan	nan	nan	nan	nan	nan	nan	nan	nan	nan	nan	nan	nan	nan	not_set	nan	nan	nan	nan	nan	nan	nan	nan	nan	nan	nan	nan	nan	nan	nan	nan	nan	nan	nan	nan	nan	nan	nan	nan	nan	nan	nan	nan	nan	nan	nan	nan	nan	nan	nan	nan	nan	nan	nan	nan	nan	nan	nan	nan	nan	nan	nan	nan	nan	nan	nan	nan	nan	nan	nan	nan	nan	nan	nan	nan	nan	nan	nan	nan	nan	nan	nan	nan	nan	nan	nan	nan	nan	nan	nan	nan	nan	nan	nan	nan	nan	nan	nan	nan	nan	nan	nan	nan	nan	nan	nan	nan	nan	nan	nan	nan	nan	nan	nan	nan	nan	nan	nan	nan	nan	nan	nan	nan	nan	nan	nan	nan	nan	nan	nan	nan	nan	nan	nan	nan	nan	nan	nan	nan	nan	nan	nan	nan	nan	nan	nan	nan	nan	nan	nan	nan	nan	nan	nan	nan	nan	nan	nan	nan	nan	nan	nan	nan	needs_multistep_run	0.000000000000000e+00	random_20260826_184030.md
3.073870000000000e+02	5.645880000000000e+02	2.999040000000000e+02	1.202590000000000e+04	9.956920000000000e-01	7.325750000000000e+00	0.000000000000000e+00	-1.000000000000000e+30	tracing_not_set_coex_not_set	0	0	0	true	2.373825082853149e-01	true	1.994701206805840e+01	true	3.305368490000000e-04	3.474488970000000e-09	9.442879358692570e-01	7.130911434731242e-03	true	1.713333030617683e-01	8.036434686640348e+01	2.494885420542749e+00	2.315335279888530e-01	true	true	7.676731173715199e-01	4.933481134319281e-02	8.654652032717961e-03	6.684659442268290e-02	1.255933001487648e+00	5.801315702229416e-02	9.888094260190161e-03	4.152812735799726e-02	ATLAS:2014vuz	ATLAS:2020tlo	ATLAS:2022enb	ATLAS:2021upq	LHC8 [HW;HZ]>[bb]	LHC13 [vbfH>ZZ]	LHC13 [H]->X1->Z(X2->[bb])	LHC13 [Hpmtb>tb]	2.978799563728330e+00	true	all checks passed	1	5.640090145206192e+00	2.378065979599406e-01	1.073795988854543e+00	3.777763256790841e+00	-3.784441797343602e+00	1.202590000000000e+04	7.325750000000000e+00	35217.621060078985	6206.6638768203056	2757.8905855840335	-18.035997139071288	-0.42398203449640282	-0.92624226850184377	0	0.62918872681144944	0	0	0	no_nlo_stability	not_set	not_set	not_set	0.33000000000000002	nan	nan	nan	nan	nan	nan	nan	nan	nan	nan	nan	nan	nan	nan	nan	nan	nan	nan	nan	nan	nan	nan	nan	nan	nan	nan	nan	nan	nan	nan	nan	nan	nan	nan	nan	nan	nan	nan	nan	nan	nan	nan	nan	nan	nan	nan	nan	nan	nan	nan	nan	nan	nan	nan	nan	nan	nan	nan	nan	nan	nan	nan	nan	nan	nan	nan	nan	nan	nan	nan	nan	nan	nan	nan	not_set	nan	nan	nan	nan	nan	nan	nan	nan	nan	nan	nan	nan	nan	nan	nan	nan	nan	nan	nan	nan	nan	nan	nan	nan	nan	nan	nan	nan	nan	nan	nan	nan	nan	nan	nan	nan	nan	nan	nan	nan	nan	nan	nan	nan	nan	nan	nan	nan	nan	nan	nan	nan	nan	nan	nan	nan	nan	nan	nan	nan	nan	nan	nan	nan	nan	nan	nan	nan	nan	nan	nan	nan	nan	nan	nan	nan	nan	nan	nan	nan	nan	nan	nan	nan	nan	nan	nan	nan	nan	nan	nan	nan	nan	nan	nan	nan	nan	nan	nan	nan	nan	nan	nan	nan	nan	nan	nan	nan	nan	nan	nan	nan	nan	nan	nan	nan	nan	nan	nan	nan	nan	nan	nan	nan	nan	nan	nan	nan	nan	nan	nan	nan	nan	nan	nan	nan	nan	nan	nan	nan	nan	nan	nan	nan	nan	nan	nan	nan	needs_multistep_run	0.000000000000000e+00	random_20260828_001210.md
3.071430000000000e+02	4.710500000000000e+02	4.614560000000000e+02	1.385170000000000e+04	9.987800000000000e-01	6.077470000000000e+00	6.814347273635087e-18	-1.716657573763337e+01	success	0	0	0	true	2.432593043037546e-01	true	2.002248039249108e+01	true	3.306206290000000e-04	3.472997340000000e-09	9.357376131735251e-01	6.288675946202233e-03	true	2.487311682314764e+00	8.034928708778759e+01	2.493815732949944e+00	2.315575824902927e-01	true	true	7.709297740143212e-01	6.250276116934286e-01	3.241132780144427e-02	9.536122475086334e-03	1.261260975673083e+00	3.499449922518011e-01	3.902759947217387e-02	7.149550366748132e-03	ATLAS:2014vuz	CMS:2024phk	ATLAS:2022enb	ATLAS:2021upq	LHC8 [HW;HZ]>[bb]	LHC13 [H]->X1->(X2->[bb])(X3->[bb; tautau; gamgam; WW])	LHC13 [H]->X1->Z(X2->[bb])	LHC13 [Hpmtb>tb]	3.937144254435964e+00	true	all checks passed	1	5.730033614113506e+00	2.436938930186396e-01	4.693762392633704e+00	-1.942175583797391e+00	-2.237848217943732e+00	1.385170000000000e+04	6.077470000000000e+00	12237.481775926373	4892.6157182233874	-543.10527015193077	1.2714601767503102	-0.29830334485413712	-0.68194994384011531	0	0.035853878300486725	0	0	0	success	non_bfb	success	success	243.727	success	370.84730597536304	-2.0090544434917439e-08	4.2994651763539959	5.0618904415895623	2.581321039959877e-08	0	0	0	0	failure	nan	nan	nan	nan	nan	nan	nan	nan	nan	nan	nan	nan	nan	nan	nan	nan	nan	nan	nan	nan	nan	nan	nan	nan	nan	nan	nan	nan	nan	nan	nan	nan	nan	nan	nan	nan	nan	nan	nan	nan	not_set	nan	nan	nan	nan	nan	nan	nan	nan	nan	nan	nan	nan	nan	nan	nan	nan	nan	nan	nan	nan	nan	nan	0	success	240.46724773831352	0	0	0	0	-1.1894412094428235e-08	25.270041434512976	95.963355163622126	5.0134360089871519e-09	success	success	239.77755865877978	0	0	0	0	2.6101755624799758e-09	26.786080287380084	102.57581050275546	6.9807716437152271e-09	success	239.79798013115186	0	0	0	0	1.9877914047893665e-09	26.747639325959682	102.40511922311104	8.3285084669891939e-09	success	239.65622323279212	0	0	0	0	6.401959714057877e-09	27.008528364894104	103.56685360851144	9.9095429205862976e-09	success	239.64449943272501	0	0	0	0	7.2730680572826464e-09	27.029490357367692	103.6605397504193	4.0813844462546978e-09	success	239.65622737773288	239.65622737773288	0.94999999999999996	0.00010098549819182545	51667.998085607382	0	0.00016129658889151813	0.10000000000000001	0.57789245916478393	0.5778178645396187	0.22788400653502952	0	0.10184806279306596	0.64992143922845735	2.9367246416732913e-27	6.8931734801582646e-06	1.1203286907237258	4.114768776682647e-34	0	6.8142304216316904e-18	2.1635497899533583e-22	6.8143472736350875e-18	nan	nan	nan	nan	nan	nan	nan	nan	nan	nan	nan	nan	nan	nan	nan	nan	nan	nan	nan	nan	nan	nan	nan	nan	nan	nan	nan	nan	nan	nan	nan	nan	nan	nan	nan	nan	nan	nan	nan	nan	nan	nan	nan	nan	nan	nan	nan	nan	nan	nan	nan	nan	nan	nan	nan	nan	nan	nan	nan	nan	nan	nan	nan	nan	nan	nan	nan	nan	nan	nan	nan	nan	nan	nan	needs_multistep_run	6.814347273635087e-18	typeI_mH220-500/random_20260902_194953.md
3.063040000000000e+02	4.982540000000000e+02	5.033550000000000e+02	6.614520000000000e+03	9.983050000000000e-01	1.392260000000000e+01	0.000000000000000e+00	-1.000000000000000e+30	tracing_success_coex_no_coex_pair	0	0	0	true	2.514234993618062e-01	true	2.174430261925843e+01	true	3.275380850000000e-04	3.112885730000000e-09	1.275938491598967e+00	1.351320226368997e+00	true	8.725533172547215e-01	8.036950650449607e+01	2.494973552253799e+00	2.314459126082646e-01	true	true	7.683428693569596e-01	2.121923166801429e-02	3.784338360807164e-03	1.866200182190422e-04	3.865265086075433e+00	2.469673130936333e-02	7.314605269633284e-03	1.536955699646588e-04	CMS:2012qwq	ATLAS:2020tlo	ATLAS:2022enb	ATLAS:2021upq	LHC8 [vbfH;HW;Htt;H;HZ]>[bb;tautau;WW;ZZ;gamgam]	LHC13 [vbfH>ZZ]	LHC13 [H]->X1->Z(X2->[bb])	LHC13 [Hpmtb>tb]	4.061328707527309e+00	true	all checks passed	1	5.526922214656012e+00	2.518726736114502e-01	6.600348465752309e+00	-2.741573386972385e+00	-2.572718620993140e+00	6.614520000000000e+03	1.392260000000000e+01	11428.320916875178	10141.685600679903	-681.46136606281243	35.539677622701674	-0.60181590640216021	-1.1074252418131789	0	-0.032175728936432307	0	0	0	success	non_bfb	success	no_coex_pair	14.109	nan	nan	nan	nan	nan	nan	nan	nan	nan	nan	nan	nan	nan	nan	nan	nan	nan	nan	nan	nan	nan	nan	nan	nan	nan	nan	nan	nan	nan	nan	nan	nan	nan	nan	nan	nan	nan	nan	nan	nan	nan	nan	nan	nan	nan	nan	nan	nan	nan	nan	nan	nan	nan	nan	nan	nan	nan	nan	nan	nan	nan	nan	nan	nan	nan	nan	nan	nan	nan	nan	nan	nan	nan	nan	not_set	nan	nan	nan	nan	nan	nan	nan	nan	nan	nan	nan	nan	nan	nan	nan	nan	nan	nan	nan	nan	nan	nan	nan	nan	nan	nan	nan	nan	nan	nan	nan	nan	nan	nan	nan	nan	nan	nan	nan	nan	nan	nan	nan	nan	nan	nan	nan	nan	nan	nan	nan	nan	nan	nan	nan	nan	nan	nan	nan	nan	nan	nan	nan	nan	nan	nan	nan	nan	nan	nan	nan	nan	nan	nan	nan	nan	nan	nan	nan	nan	nan	nan	nan	nan	nan	nan	nan	nan	nan	nan	nan	nan	nan	nan	nan	nan	nan	nan	nan	nan	nan	nan	nan	nan	nan	nan	nan	nan	nan	nan	nan	nan	nan	nan	nan	nan	nan	nan	nan	nan	nan	nan	nan	nan	nan	nan	nan	nan	nan	nan	nan	nan	nan	nan	nan	nan	nan	nan	nan	nan	nan	nan	nan	nan	nan	nan	nan	nan	needs_multistep_run	0.000000000000000e+00	random_20260830_180625.md
2.427500000000000e+02	4.931410000000000e+02	2.403210000000000e+02	7.544940000000000e+03	9.918960000000000e-01	6.685570000000000e+00	1.212717569782040e-15	-1.491624033035106e+01	success	0	0	0	true	2.447945766523791e-01	true	2.034890912773484e+01	true	3.251047310000000e-04	3.142739780000000e-09	1.581672799397125e+00	1.122578392323998e+00	true	1.751329313782727e+00	8.035230539392468e+01	2.494209673099463e+00	2.316032218128599e-01	true	true	7.781503825210543e-01	1.966442356580620e-01	1.282525296210833e-02	3.289397705120756e-02	3.914603265326223e+00	1.877563606000705e-01	2.341362672070354e-02	5.140302583022484e-02	CMS:2012qwq	ATLAS:2020tlo	ATLAS:2022enb	CMS:2020imj	LHC8 [vbfH;HW;Htt;H;HZ]>[bb;tautau;WW;ZZ;gamgam]	LHC13 [vbfH>ZZ]	LHC13 [H]->X1->Z(X2->[bb])	LHC13 [Hpmtb>tb]	4.886964172390179e+00	true	all checks passed	1	6.392923268125899e+00	2.452319081689789e-01	9.534782718003970e-01	2.962033930476772e+00	-3.166390381771230e+00	7.544940000000000e+03	6.685570000000000e+00	19268.688615434417	4191.4923856808246	773.91787046249544	-4.1104918796576193	-0.24425951511098401	-0.45197119690930448	0	0.15476113321936016	0	0	0	success	non_bfb	success	success	365.83999999999997	success	276.23878936378173	2.8626114944376115e-09	6.6103906386031888	5.3558127663107733	-4.9452440692499047e-09	0	0	0	0	failure	nan	nan	nan	nan	nan	nan	nan	nan	nan	nan	nan	nan	nan	nan	nan	nan	nan	nan	nan	nan	nan	nan	nan	nan	nan	nan	nan	nan	nan	nan	nan	nan	nan	nan	nan	nan	nan	nan	nan	nan	not_set	nan	nan	nan	nan	nan	nan	nan	nan	nan	nan	nan	nan	nan	nan	nan	nan	nan	nan	nan	nan	nan	nan	0	success	186.54161252849082	0	0	0	0	-4.8911702959152732e-09	29.627986818109523	93.347217454880621	-5.6208932889212105e-09	success	success	185.89658563290283	0	0	0	0	-2.9287895774872358e-10	31.262143725008229	100.01702232947579	3.6773775561083914e-09	success	185.9184046765368	0	0	0	0	-5.6172554897015612e-10	31.21563179535223	99.820026964285205	-1.654313324885986e-09	success	185.7900596449644	0	0	0	0	-9.6017839966340511e-10	31.482774443263082	100.95781042397398	2.4784734709071855e-09	success	185.77934243101038	0	0	0	0	-4.9469245631266858e-09	31.504404074060737	101.05061433097796	-2.1029411283865317e-09	success	185.7900596449644	185.7900596449644	0.94999999999999996	0.00029778561954200592	43793.509716398352	0	0.000474345839062718	0.10000000000000001	0.57771501570659245	0.5775275564536354	0.14965219627489884	0	0.066934726190643348	0.42679660591586749	1.545625521588452e-25	1.3339283764272624e-05	0.73628198809707679	4.3040157187785351e-32	0	1.2126983632807747e-15	3.4433995719266417e-20	1.2127175697820397e-15	nan	nan	nan	nan	nan	nan	nan	nan	nan	nan	nan	nan	nan	nan	nan	nan	nan	nan	nan	nan	nan	nan	nan	nan	nan	nan	nan	nan	nan	nan	nan	nan	nan	nan	nan	nan	nan	nan	nan	nan	nan	nan	nan	nan	nan	nan	nan	nan	nan	nan	nan	nan	nan	nan	nan	nan	nan	nan	nan	nan	nan	nan	nan	nan	nan	nan	nan	nan	nan	nan	nan	nan	nan	nan	needs_multistep_run	1.212717569782040e-15	typeI_mH220-500/random_20260825_015240.md
2.398010000000000e+02	5.550960000000000e+02	2.408890000000000e+02	8.670309999999999e+03	9.986460000000000e-01	4.235740000000000e+00	3.224167774813937e-07	-6.491582367059232e+00	success	0	0	0	true	2.597780345866855e-01	true	2.167631882260805e+01	true	3.210372390000000e-04	3.193003390000000e-09	2.165972306767651e+00	7.853419447264212e-01	true	3.757475111063411e+00	8.034639209461821e+01	2.493833612510982e+00	2.316417798324343e-01	true	true	7.796146385264325e-01	6.135552239801119e-01	2.410029090823829e-02	8.929679163585567e-02	3.921969426763241e+00	1.171332700325668e+00	3.626744213896468e-02	1.409087351117249e-01	CMS:2012qwq	ATLAS:2020tlo	ATLAS:2020gxx	CMS:2020imj	LHC8 [vbfH;HW;Htt;H;HZ]>[bb;tautau;WW;ZZ;gamgam]	LHC13 [ggH>ZZ]	LHC13 [ggH]->X1->Z(X2->[bb])	LHC13 [Hpmtb>tb]	3.664945986190077e+00	true	all checks passed	1	6.084725261154654e+00	2.602421344184658e-01	7.325653338916953e-01	3.814671632027478e+00	-4.451045166670387e+00	8.670309999999999e+03	4.235740000000000e+00	28824.406234737486	7368.1543720728205	2567.1774942109655	-4.0659273202397346	-0.4518720600839225	-0.83769523411036984	0	0.33590347775596735	0	-1.3969838619232178e-09	0	success	non_bfb	success	success	345.91699999999997	success	329.4479170450071	1.4834551093303676e-09	9.0828325595597175	5.1487248469462639	1.749795610523431e-09	0	0	0	0	success	success	329.44659018454888	-1.1162325273074262e-08	8.9853395050430098	5.0932094448183172	-1.603972630058174e-08	0	0	0	0	success	329.44659068528176	-1.1162325273074262e-08	8.9853395050430098	5.0932094448183172	-1.603972630058174e-08	0	0	0	0	success	329.44573542214459	-9.8992527928840772e-10	8.9180204613180791	5.0548764021600618	9.6598121724808639e-09	0	0	0	0	success	329.44571772980601	-2.0350079423353045e-09	8.9168192734164755	5.0541926497494716	-9.670316342564944e-09	0	0	0	0	success	329.44573542214459	329.44573542214459	0.94999999999999996	1.8417188730751844e-06	47411559.442980185	0	2.9338414931603258e-06	0.10000000000000001	0.57746975102082476	0.57746869960208624	287.77498068907352	0	127.66785813080291	813.92130738218884	4.4610139184703262e-38	0.00015738285903828085	1404.346439438832	5.4464794625002332e-47	0	5.51134631530945e-38	2.2846087317362244e-38	6.9770225261521319e-38	0-(0)->1-(1)->2	success	156.08711054415448	0	0	0	0	-1.5098328702028715e-09	56.619685110839875	186.81334075335329	-1.3967183220470603e-09	success	success	145.77125659107091	0	0	0	0	-2.6447197700174944e-09	58.319882069280347	201.04949066548605	5.512133403674118e-10	success	146.17653398175725	0	0	0	0	3.1919610362633897e-09	58.279932414740884	200.5931520323914	-1.0339780262169107e-09	success	144.81146799408742	0	0	0	0	7.8020345246427746e-11	58.409191446503648	202.1080761609773	3.1998819987349378e-10	success	144.66206821619147	0	0	0	0	4.9965644692628289e-11	58.422447554324698	202.27013258463293	1.6887013901065669e-10	success	144.81146839260811	144.81146839260811	0.94999999999999996	0.0026482229985805841	2449.8241182847983	0	0.0041755918175628336	0.10000000000000001	0.5778739425436189	0.57678354596210624	0.0065204083311429222	0	0.0029116690503410013	0.018528695398455707	2.57062310795373e-20	5.1280266894831853e-06	0.032028359553751017	8.4287420561976445e-26	0	3.2241533103427561e-07	1.5085393546498847e-12	3.2241677748139366e-07	nan	nan	nan	nan	nan	nan	nan	nan	nan	nan	nan	nan	nan	nan	nan	nan	nan	nan	nan	nan	nan	nan	nan	nan	nan	nan	nan	nan	nan	nan	nan	nan	nan	nan	nan	nan	nan	nan	nan	nan	nan	nan	nan	nan	nan	nan	nan	nan	nan	nan	nan	nan	nan	nan	nan	nan	nan	nan	nan	nan	nan	nan	nan	nan	nan	nan	nan	nan	nan	nan	nan	nan	nan	nan	multi_step	3.224167774813937e-07	typeI_mH220-500/random_20260830_180625.md
2.361986659758660e+02	2.866668855410560e+02	2.864819888426700e+02	6.105748264899825e+03	9.992774267951379e-01	7.794423032724501e+00	0.000000000000000e+00	-1.000000000000000e+30	tracing_success_coex_no_coex_pair	0	0	0	true	2.542338149594728e-01	true	2.430333702936721e+01	true	3.306900920000000e-04	3.472534040000000e-09	9.286779251204037e-01	6.037847309412676e-03	true	2.265980129480678e-01	8.035997890743376e+01	2.494441806001961e+00	2.315074518223386e-01	true	true	7.707515499164249e-01	1.766865613094257e-01	3.519428897572362e-01	6.077273921911470e-02	3.877382318161938e+00	2.923145192449651e-01	5.193354290495623e-01	4.259355545516175e-02	CMS:2012qwq	ATLAS:2020tlo	CMS:2019qcx	ATLAS:2021upq	LHC8 [vbfH;HW;Htt;H;HZ]>[bb;tautau;WW;ZZ;gamgam]	LHC13 [ggH>ZZ]	LHC13 [ggH]->X1->Z(X2->[bb])	LHC13 [Hpmtb>tb]	2.839820360307499e+00	true	all checks passed	1	8.038591331567638e+00	2.546880099068758e-01	1.444503249333166e+00	-5.550899490859050e-01	-5.585922735804907e-01	6.105748264899825e+03	7.794423032724501e+00	10163.911677810767	-31.588260775556748	-50.64810147397781	-0.023446186824794303	-0.028048719755696502	-0.029760263544200721	0	-0.0011335750468885154	0	0	0	success	non_bfb	success	no_coex_pair	28.135000000000002	nan	nan	nan	nan	nan	nan	nan	nan	nan	nan	nan	nan	nan	nan	nan	nan	nan	nan	nan	nan	nan	nan	nan	nan	nan	nan	nan	nan	nan	nan	nan	nan	nan	nan	nan	nan	nan	nan	nan	nan	nan	nan	nan	nan	nan	nan	nan	nan	nan	nan	nan	nan	nan	nan	nan	nan	nan	nan	nan	nan	nan	nan	nan	nan	nan	nan	nan	nan	nan	nan	nan	nan	nan	nan	not_set	nan	nan	nan	nan	nan	nan	nan	nan	nan	nan	nan	nan	nan	nan	nan	nan	nan	nan	nan	nan	nan	nan	nan	nan	nan	nan	nan	nan	nan	nan	nan	nan	nan	nan	nan	nan	nan	nan	nan	nan	nan	nan	nan	nan	nan	nan	nan	nan	nan	nan	nan	nan	nan	nan	nan	nan	nan	nan	nan	nan	nan	nan	nan	nan	nan	nan	nan	nan	nan	nan	nan	nan	nan	nan	nan	nan	nan	nan	nan	nan	nan	nan	nan	nan	nan	nan	nan	nan	nan	nan	nan	nan	nan	nan	nan	nan	nan	nan	nan	nan	nan	nan	nan	nan	nan	nan	nan	nan	nan	nan	nan	nan	nan	nan	nan	nan	nan	nan	nan	nan	nan	nan	nan	nan	nan	nan	nan	nan	nan	nan	nan	nan	nan	nan	nan	nan	nan	nan	nan	nan	nan	nan	nan	nan	nan	nan	nan	nan	needs_multistep_run	0.000000000000000e+00	random_20260829_222735.md
2.616851095058256e+02	5.465784247404692e+02	5.483565153700622e+02	6.807377811374610e+03	9.996884239358317e-01	9.619545987008413e+00	0.000000000000000e+00	-1.000000000000000e+30	tracing_success_coex_no_coex_pair	0	0	0	true	2.541577253297886e-01	true	2.027224060423398e+01	true	3.318360610000000e-04	3.457323960000000e-09	8.160687035892586e-01	6.378167667253617e-04	true	4.577245994441034e-01	8.036661462742904e+01	2.494779598986853e+00	2.314549099545133e-01	true	true	7.683701953577529e-01	1.470190649297288e-01	5.699119523882450e-03	3.166453220190453e-04	3.865402553657967e+00	1.660778661676704e-01	7.676057709401079e-03	2.524068194390385e-04	CMS:2012qwq	CMS:2024phk	ATLAS:2020gxx	ATLAS:2021upq	LHC8 [vbfH;HW;Htt;H;HZ]>[bb;tautau;WW;ZZ;gamgam]	LHC13 [H]->X1->(X2->[bb])(X3->[bb; tautau; gamgam; WW])	LHC13 [ggH]->X1->Z(X2->[bb])	LHC13 [Hpmtb>tb]	4.010459559685927e+00	true	all checks passed	1	4.125601044847815e+00	2.546117843412016e-01	8.178992580864719e+00	-3.907234724195165e+00	-3.842891622964931e+00	6.807377811374610e+03	9.619545987008413e+00	19055.436975378394	15766.631276885644	-765.68371586745491	14.116744656868384	-1.0315046372639287	-1.6107631824231763	0	-0.015840623614054541	0	0	0	success	non_bfb	success	no_coex_pair	31.481000000000002	nan	nan	nan	nan	nan	nan	nan	nan	nan	nan	nan	nan	nan	nan	nan	nan	nan	nan	nan	nan	nan	nan	nan	nan	nan	nan	nan	nan	nan	nan	nan	nan	nan	nan	nan	nan	nan	nan	nan	nan	nan	nan	nan	nan	nan	nan	nan	nan	nan	nan	nan	nan	nan	nan	nan	nan	nan	nan	nan	nan	nan	nan	nan	nan	nan	nan	nan	nan	nan	nan	nan	nan	nan	nan	not_set	nan	nan	nan	nan	nan	nan	nan	nan	nan	nan	nan	nan	nan	nan	nan	nan	nan	nan	nan	nan	nan	nan	nan	nan	nan	nan	nan	nan	nan	nan	nan	nan	nan	nan	nan	nan	nan	nan	nan	nan	nan	nan	nan	nan	nan	nan	nan	nan	nan	nan	nan	nan	nan	nan	nan	nan	nan	nan	nan	nan	nan	nan	nan	nan	nan	nan	nan	nan	nan	nan	nan	nan	nan	nan	nan	nan	nan	nan	nan	nan	nan	nan	nan	nan	nan	nan	nan	nan	nan	nan	nan	nan	nan	nan	nan	nan	nan	nan	nan	nan	nan	nan	nan	nan	nan	nan	nan	nan	nan	nan	nan	nan	nan	nan	nan	nan	nan	nan	nan	nan	nan	nan	nan	nan	nan	nan	nan	nan	nan	nan	nan	nan	nan	nan	nan	nan	nan	nan	nan	nan	nan	nan	nan	nan	nan	nan	nan	nan	needs_multistep_run	0.000000000000000e+00	random_20260829_222735.md
2.245480000000000e+02	4.663780000000000e+02	4.704790000000000e+02	6.182750000000000e+03	9.998480000000000e-01	6.553150000000000e+00	0.000000000000000e+00	-1.000000000000000e+30	tracing_success_coex_no_coex_pair	0	0	0	true	2.582947507308695e-01	true	2.384750588353864e+01	true	3.309062600000000e-04	3.469306280000000e-09	9.068792996886454e-01	4.432014832799040e-03	true	1.133444389980771e+00	8.037049907143739e+01	2.494981230442192e+00	2.314339212297261e-01	true	true	7.687025858197403e-01	5.175482787421906e-01	2.292028500281782e-01	2.116441191861871e-03	3.867074694181298e+00	5.606773019707065e-01	4.035284491474140e-01	1.615496464343019e-03	CMS:2012qwq	ATLAS:2020tlo	ATLAS:2020gxx	ATLAS:2021upq	LHC8 [vbfH;HW;Htt;H;HZ]>[bb;tautau;WW;ZZ;gamgam]	LHC13 [ggH>ZZ]	LHC13 [ggH]->X1->Z(X2->[bb])	LHC13 [Hpmtb>tb]	4.219872658049752e+00	true	all checks passed	1	6.741797914315446e+00	2.587562006396528e-01	6.119833760857071e+00	-3.036099118766527e+00	-2.909122763521633e+00	6.182750000000000e+03	6.553150000000000e+00	19306.436342726403	9195.5574743436428	-839.16201550657604	3.0574424775376245	-0.47312118514085194	-1.0139602809247212	0	-0.019272633527319578	0	0	0	success	non_bfb	success	no_coex_pair	41.723999999999997	nan	nan	nan	nan	nan	nan	nan	nan	nan	nan	nan	nan	nan	nan	nan	nan	nan	nan	nan	nan	nan	nan	nan	nan	nan	nan	nan	nan	nan	nan	nan	nan	nan	nan	nan	nan	nan	nan	nan	nan	nan	nan	nan	nan	nan	nan	nan	nan	nan	nan	nan	nan	nan	nan	nan	nan	nan	nan	nan	nan	nan	nan	nan	nan	nan	nan	nan	nan	nan	nan	nan	nan	nan	nan	not_set	nan	nan	nan	nan	nan	nan	nan	nan	nan	nan	nan	nan	nan	nan	nan	nan	nan	nan	nan	nan	nan	nan	nan	nan	nan	nan	nan	nan	nan	nan	nan	nan	nan	nan	nan	nan	nan	nan	nan	nan	nan	nan	nan	nan	nan	nan	nan	nan	nan	nan	nan	nan	nan	nan	nan	nan	nan	nan	nan	nan	nan	nan	nan	nan	nan	nan	nan	nan	nan	nan	nan	nan	nan	nan	nan	nan	nan	nan	nan	nan	nan	nan	nan	nan	nan	nan	nan	nan	nan	nan	nan	nan	nan	nan	nan	nan	nan	nan	nan	nan	nan	nan	nan	nan	nan	nan	nan	nan	nan	nan	nan	nan	nan	nan	nan	nan	nan	nan	nan	nan	nan	nan	nan	nan	nan	nan	nan	nan	nan	nan	nan	nan	nan	nan	nan	nan	nan	nan	nan	nan	nan	nan	nan	nan	nan	nan	nan	nan	needs_multistep_run	0.000000000000000e+00	random_20260830_121226.md
4.963750000000000e+02	5.366190000000000e+02	4.872050000000000e+02	1.364980000000000e+04	9.991730000000000e-01	1.797050000000000e+01	0.000000000000000e+00	-1.000000000000000e+30	tracing_not_set_coex_not_set	0	0	0	true	2.468154871391541e-01	true	1.901492760181985e+01	true	3.322408600000000e-04	3.452184390000000e-09	7.780298436000014e-01	5.673673807491083e-05	true	1.522410449372471e-01	8.036112300955780e+01	2.494599944136912e+00	2.315161903299791e-01	true	true	7.694129420022695e-01	9.771702355609953e-03	7.649357890380172e-02	4.710113806553016e-03	1.258779399415507e+00	1.010318578876876e-02	1.162123880592009e-01	3.741268273100052e-03	ATLAS:2014vuz	ATLAS:2022xzm	ATLAS:2022enb	ATLAS:2021upq	LHC8 [HW;HZ]>[bb]	LHC13 [H]->X1->(X2->[tautau])(X3->[bb])	LHC13 [H]->X1->Z(X2->[bb])	LHC13 [Hpmtb>tb]	1.406229087081869e+00	true	all checks passed	1	5.583461439543054e+00	2.472564290619164e-01	2.753670427248226e+00	9.795066607054521e-01	-6.924888160610230e-01	1.364980000000000e+04	1.797050000000000e+01	10546.222282638	428.66882635812061	265.4366872342012	-39.483415276072236	-0.22446047949905346	-0.62648537465749776	0	0.20915798778692138	0	0	0	no_nlo_stability	not_set	not_set	not_set	0.97699999999999998	nan	nan	nan	nan	nan	nan	nan	nan	nan	nan	nan	nan	nan	nan	nan	nan	nan	nan	nan	nan	nan	nan	nan	nan	nan	nan	nan	nan	nan	nan	nan	nan	nan	nan	nan	nan	nan	nan	nan	nan	nan	nan	nan	nan	nan	nan	nan	nan	nan	nan	nan	nan	nan	nan	nan	nan	nan	nan	nan	nan	nan	nan	nan	nan	nan	nan	nan	nan	nan	nan	nan	nan	nan	nan	not_set	nan	nan	nan	nan	nan	nan	nan	nan	nan	nan	nan	nan	nan	nan	nan	nan	nan	nan	nan	nan	nan	nan	nan	nan	nan	nan	nan	nan	nan	nan	nan	nan	nan	nan	nan	nan	nan	nan	nan	nan	nan	nan	nan	nan	nan	nan	nan	nan	nan	nan	nan	nan	nan	nan	nan	nan	nan	nan	nan	nan	nan	nan	nan	nan	nan	nan	nan	nan	nan	nan	nan	nan	nan	nan	nan	nan	nan	nan	nan	nan	nan	nan	nan	nan	nan	nan	nan	nan	nan	nan	nan	nan	nan	nan	nan	nan	nan	nan	nan	nan	nan	nan	nan	nan	nan	nan	nan	nan	nan	nan	nan	nan	nan	nan	nan	nan	nan	nan	nan	nan	nan	nan	nan	nan	nan	nan	nan	nan	nan	nan	nan	nan	nan	nan	nan	nan	nan	nan	nan	nan	nan	nan	nan	nan	nan	nan	nan	nan	needs_multistep_run	0.000000000000000e+00	random_20260828_001210.md
3.357090000000000e+02	5.512970000000000e+02	3.432830000000000e+02	1.156950000000000e+04	9.999000000000000e-01	9.221510000000000e+00	0.000000000000000e+00	-1.000000000000000e+30	tracing_not_set_coex_not_set	0	0	0	true	2.540642668546963e-01	true	2.281652250927751e+01	true	3.313758240000000e-04	3.463442530000000e-09	8.604198883074173e-01	2.148651757442399e-03	true	5.957961002867558e+00	8.034229948406268e+01	2.493593068792220e+00	2.316363326777033e-01	true	true	7.702424351742211e-01	3.694859150772221e-01	2.284806758861315e-03	3.578271401908599e-02	1.260136471619272e+00	3.175054130165109e-01	3.349587778912097e-03	2.608250535966376e-02	ATLAS:2014vuz	CMS:2024phk	ATLAS:2020gxx	CMS:2020imj	LHC8 [HW;HZ]>[bb]	LHC13 [H]->X1->(X2->[bb])(X3->[bb; tautau; gamgam; WW])	LHC13 [ggH]->X1->Z(X2->[bb])	LHC13 [Hpmtb>tb]	8.414301953391998e-01	true	all checks passed	1	7.334965797487921e+00	2.545181589002507e-01	7.141286766169974e-01	2.911375949590260e+00	-3.238573290941169e+00	1.156950000000000e+04	9.221510000000000e+00	31833.179707547264	2798.7106469468772	2047.6561744874714	-26.879737195539796	-0.26831878858978514	-0.80869793936498291	0	0.58950473715722118	0	0	0	no_nlo_stability	not_set	not_set	not_set	0.27300000000000002	nan	nan	nan	nan	nan	nan	nan	nan	nan	nan	nan	nan	nan	nan	nan	nan	nan	nan	nan	nan	nan	nan	nan	nan	nan	nan	nan	nan	nan	nan	nan	nan	nan	nan	nan	nan	nan	nan	nan	nan	nan	nan	nan	nan	nan	nan	nan	nan	nan	nan	nan	nan	nan	nan	nan	nan	nan	nan	nan	nan	nan	nan	nan	nan	nan	nan	nan	nan	nan	nan	nan	nan	nan	nan	not_set	nan	nan	nan	nan	nan	nan	nan	nan	nan	nan	nan	nan	nan	nan	nan	nan	nan	nan	nan	nan	nan	nan	nan	nan	nan	nan	nan	nan	nan	nan	nan	nan	nan	nan	nan	nan	nan	nan	nan	nan	nan	nan	nan	nan	nan	nan	nan	nan	nan	nan	nan	nan	nan	nan	nan	nan	nan	nan	nan	nan	nan	nan	nan	nan	nan	nan	nan	nan	nan	nan	nan	nan	nan	nan	nan	nan	nan	nan	nan	nan	nan	nan	nan	nan	nan	nan	nan	nan	nan	nan	nan	nan	nan	nan	nan	nan	nan	nan	nan	nan	nan	nan	nan	nan	nan	nan	nan	nan	nan	nan	nan	nan	nan	nan	nan	nan	nan	nan	nan	nan	nan	nan	nan	nan	nan	nan	nan	nan	nan	nan	nan	nan	nan	nan	nan	nan	nan	nan	nan	nan	nan	nan	nan	nan	nan	nan	nan	nan	needs_multistep_run	0.000000000000000e+00	random_20260902_194953.md
2.278620000000000e+02	4.705750000000000e+02	4.578320000000000e+02	4.300610000000000e+03	9.996440000000000e-01	1.150030000000000e+01	9.952142432563518e-12	-1.100208341709521e+01	success	0	0	0	true	2.556421892657295e-01	true	1.959821174662705e+01	true	3.319250910000000e-04	3.456239620000000e-09	8.076247018234936e-01	4.629352882806389e-04	true	7.047973861195878e+00	8.033987189413226e+01	2.493270388587194e+00	2.315995166787557e-01	true	true	7.702632552288299e-01	1.155366149449991e-01	6.197977019276394e-03	2.690699203589795e-04	1.260170533765105e+00	1.251646661904157e-01	1.195717581514437e-02	2.003958583744709e-04	ATLAS:2014vuz	ATLAS:2020tlo	ATLAS:2020gxx	ATLAS:2021upq	LHC8 [HW;HZ]>[bb]	LHC13 [ggH>ZZ]	LHC13 [ggH]->X1->Z(X2->[bb])	LHC13 [Hpmtb>tb]	3.979776899492265e+00	true	all checks passed	1	5.135201511286045e+00	2.560989003083816e-01	5.687628343214278e+00	-2.444761522711779e+00	-2.835755322731609e+00	4.300610000000000e+03	1.150030000000000e+01	18068.855549958615	8291.1747788669309	-117.49482609417196	3.5587842264483251	-0.42726897782451301	-0.80346514050693185	0	0.04669620788719752	0	0	0	success	non_bfb	success	success	309.99599999999998	success	339.40279991087618	-1.103028087715415e-08	3.5180870577265306	3.7924691082620399	5.5827651086372075e-08	0	0	0	0	success	not_met	nan	nan	nan	nan	nan	nan	nan	nan	nan	not_met	nan	nan	nan	nan	nan	nan	nan	nan	nan	not_met	nan	nan	nan	nan	nan	nan	nan	nan	nan	not_met	nan	nan	nan	nan	nan	nan	nan	nan	nan	not_set	nan	nan	nan	nan	nan	nan	nan	nan	nan	nan	nan	nan	nan	nan	nan	nan	nan	nan	nan	nan	nan	nan	0	success	248.1309565890509	0	0	0	0	5.7250558479660394e-10	29.956102395321302	188.0020151142574	-2.0680125508002492e-08	success	success	236.45486617482737	0	0	0	0	-3.0751345835191403e-09	29.631913268976565	201.76430218252361	1.0968653221115965e-09	success	236.81859381367087	0	0	0	0	-1.9406009037333971e-08	29.648264886099756	201.40122686025347	4.5602835102868398e-09	success	235.14581099116646	0	0	0	0	-2.2688654981125232e-08	29.570981390134619	203.04433738665799	1.0194180565745915e-09	success	234.96840851495756	0	0	0	0	2.9475575636650066e-08	29.562487156636017	203.21468941487308	7.378073185044779e-09	success	235.14580731011168	235.14580731011168	0.94999999999999996	0.00029420578621932577	3349.4292698402551	0	0.00046846823955263341	0.10000000000000001	0.57766713576521755	0.57748063839946995	0.014492870815474214	0	0.0064762077902713946	0.041289111620427185	3.3725815638135842e-24	1.2748786404803563e-06	0.071238285692985348	7.0118563915076912e-30	0	9.9520925281660715e-12	5.767779147477307e-17	9.9521424325635184e-12	nan	nan	nan	nan	nan	nan	nan	nan	nan	nan	nan	nan	nan	nan	nan	nan	nan	nan	nan	nan	nan	nan	nan	nan	nan	nan	nan	nan	nan	nan	nan	nan	nan	nan	nan	nan	nan	nan	nan	nan	nan	nan	nan	nan	nan	nan	nan	nan	nan	nan	nan	nan	nan	nan	nan	nan	nan	nan	nan	nan	nan	nan	nan	nan	nan	nan	nan	nan	nan	nan	nan	nan	nan	nan	needs_multistep_run	9.952142432563518e-12	typeI_mH220-500/random_20260828_001210.md
3.541570000000000e+02	4.842180000000000e+02	3.417760000000000e+02	7.071950000000000e+03	9.995600000000000e-01	1.757010000000000e+01	0.000000000000000e+00	-1.000000000000000e+30	tracing_not_set_coex_not_set	0	0	0	true	2.532526331041559e-01	true	1.763823866843291e+01	true	3.275600050000000e-04	3.112679690000000e-09	1.273333478116416e+00	1.352972550992817e+00	true	6.456330161800222e-01	8.036923142235504e+01	2.495113252759025e+00	2.314883369091600e-01	true	true	7.669621151123698e-01	2.284890114787701e-02	7.328851793645491e-04	8.591786852093239e-03	3.858318992883300e+00	2.645006713235436e-02	1.159632043548923e-03	6.303950025632448e-03	CMS:2012qwq	CMS:2024phk	ATLAS:2022enb	CMS:2020imj	LHC8 [vbfH;HW;Htt;H;HZ]>[bb;tautau;WW;ZZ;gamgam]	LHC13 [H]->X1->(X2->[bb])(X3->[bb; tautau; gamgam; WW])	LHC13 [H]->X1->Z(X2->[bb])	LHC13 [Hpmtb>tb]	9.205992147934126e-01	true	all checks passed	1	5.584381232231031e+00	2.537050751461036e-01	9.314716417449485e-01	2.073877503454427e+00	-1.814556542021150e+00	7.071950000000000e+03	1.757010000000000e+01	15874.321900641471	1306.9226540158984	428.69775857170907	-36.633284304894083	-0.12806641445909053	-0.35208763990351227	0	0.22836115350721153	0	0	0	no_nlo_stability	not_set	not_set	not_set	1.2030000000000001	nan	nan	nan	nan	nan	nan	nan	nan	nan	nan	nan	nan	nan	nan	nan	nan	nan	nan	nan	nan	nan	nan	nan	nan	nan	nan	nan	nan	nan	nan	nan	nan	nan	nan	nan	nan	nan	nan	nan	nan	nan	nan	nan	nan	nan	nan	nan	nan	nan	nan	nan	nan	nan	nan	nan	nan	nan	nan	nan	nan	nan	nan	nan	nan	nan	nan	nan	nan	nan	nan	nan	nan	nan	nan	not_set	nan	nan	nan	nan	nan	nan	nan	nan	nan	nan	nan	nan	nan	nan	nan	nan	nan	nan	nan	nan	nan	nan	nan	nan	nan	nan	nan	nan	nan	nan	nan	nan	nan	nan	nan	nan	nan	nan	nan	nan	nan	nan	nan	nan	nan	nan	nan	nan	nan	nan	nan	nan	nan	nan	nan	nan	nan	nan	nan	nan	nan	nan	nan	nan	nan	nan	nan	nan	nan	nan	nan	nan	nan	nan	nan	nan	nan	nan	nan	nan	nan	nan	nan	nan	nan	nan	nan	nan	nan	nan	nan	nan	nan	nan	nan	nan	nan	nan	nan	nan	nan	nan	nan	nan	nan	nan	nan	nan	nan	nan	nan	nan	nan	nan	nan	nan	nan	nan	nan	nan	nan	nan	nan	nan	nan	nan	nan	nan	nan	nan	nan	nan	nan	nan	nan	nan	nan	nan	nan	nan	nan	nan	nan	nan	nan	nan	nan	nan	needs_multistep_run	0.000000000000000e+00	random_20260825_015240.md
2.942790000000000e+02	5.535710000000000e+02	2.792650000000000e+02	1.110820000000000e+04	9.994530000000000e-01	7.023040000000000e+00	0.000000000000000e+00	-1.000000000000000e+30	not_set	0	0	0	true	2.503130340000022e-01	true	2.035403417321481e+01	true	3.256489610000000e-04	3.135898910000000e-09	1.510446045372637e+00	1.173121221631251e+00	true	5.434470550912437e+00	8.038267767593504e+01	2.495932111611650e+00	2.314409610699776e-01	true	true	7.707902401999290e-01	5.027280112535646e-01	2.581900729873751e-03	7.296894024282691e-02	3.877576955488532e+00	3.252076162254993e-01	2.478756074117212e-03	5.386683406273764e-02	CMS:2012qwq	CMS:2024phk	ATLAS:2020gxx	ATLAS:2021upq	LHC8 [vbfH;HW;Htt;H;HZ]>[bb;tautau;WW;ZZ;gamgam]	LHC13 [H]->X1->(X2->[bb])(X3->[bb; tautau; gamgam; WW])	LHC13 [ggH]->X1->Z(X2->[bb])	LHC13 [Hpmtb>tb]	1.190648044115164e+00	true	all checks passed	1	6.450182700126939e+00	2.507602243760347e-01	3.586591879041365e-01	3.801605926489471e+00	-3.748526660462742e+00	1.110820000000000e+04	7.023040000000000e+00	29548.862556324319	4542.9098790391845	2066.3450142365027	-12.244576464535879	-0.34826424410272167	-0.79219567881837383	0	0.45006593788714244	0	0	0	success	non_bfb	success	success	39.366	false_lower	-1	nan	nan	nan	nan	nan	nan	nan	nan	not_set	nan	nan	nan	nan	nan	nan	nan	nan	nan	nan	nan	nan	nan	nan	nan	nan	nan	nan	nan	nan	nan	nan	nan	nan	nan	nan	nan	nan	nan	nan	nan	nan	nan	nan	nan	nan	nan	nan	nan	nan	not_set	nan	nan	nan	nan	nan	nan	nan	nan	nan	nan	nan	nan	nan	nan	nan	nan	nan	nan	nan	nan	nan	nan	0	nan	nan	nan	nan	nan	nan	nan	nan	nan	nan	nan	nan	nan	nan	nan	nan	nan	nan	nan	nan	nan	nan	nan	nan	nan	nan	nan	nan	nan	nan	nan	nan	nan	nan	nan	nan	nan	nan	nan	nan	nan	nan	nan	nan	nan	nan	nan	nan	nan	nan	nan	nan	nan	nan	nan	nan	nan	nan	nan	nan	nan	nan	nan	nan	nan	nan	nan	nan	nan	nan	nan	nan	nan	nan	nan	nan	nan	nan	nan	nan	nan	nan	nan	nan	nan	nan	nan	nan	nan	nan	nan	nan	nan	nan	nan	nan	nan	nan	nan	nan	nan	nan	nan	nan	nan	nan	nan	nan	nan	nan	nan	nan	nan	nan	nan	nan	nan	nan	nan	nan	nan	nan	nan	nan	nan	nan	nan	nan	nan	nan	nan	nan	nan	nan	nan	nan	nan	nan	nan	nan	nan	nan	nan	nan	nan	nan	nan	nan	needs_multistep_run	0.000000000000000e+00	random_20260825_015240.md
2.430580000000000e+02	5.308819999999999e+02	2.463130000000000e+02	6.215310000000000e+03	9.999270000000000e-01	8.646710000000001e+00	9.559297732031965e-11	-1.001957401173081e+01	success	0	0	0	true	2.568544535661952e-01	true	1.935277119001339e+01	true	3.262408920000000e-04	3.128799640000000e-09	1.434839326746994e+00	1.226749955578236e+00	true	5.059676764207763e+00	8.034432776133222e+01	2.493780862946488e+00	2.316469448836996e-01	true	true	7.671412788576096e-01	1.762569837723093e-01	3.742712823881176e-02	2.028244256505179e-02	3.859220303218549e+00	3.233001736524664e-01	5.148219728961682e-02	3.523794066774018e-02	CMS:2012qwq	ATLAS:2020tlo	ATLAS:2020gxx	CMS:2020imj	LHC8 [vbfH;HW;Htt;H;HZ]>[bb;tautau;WW;ZZ;gamgam]	LHC13 [ggH>ZZ]	LHC13 [ggH]->X1->Z(X2->[bb])	LHC13 [Hpmtb>tb]	9.838506966409852e-01	true	all checks passed	1	6.103904663019039e+00	2.573133303487599e-01	4.613422744539660e-01	3.552057298231615e+00	-3.757269291595865e+00	6.215310000000000e+03	8.646710000000001e+00	21451.582186764001	4513.2556159218047	750.95096909477536	-7.9690504340691337	-0.31726542241488354	-0.59980179568590808	0	0.18939417985470955	0	0	0	success	non_bfb	success	success	441.70800000000003	success	385.86639861643562	1.6294006441311146e-08	184.53999670042126	45.261894153566075	-4.3499899501530637e-10	0	0	0	0	success	not_met	nan	nan	nan	nan	nan	nan	nan	nan	nan	not_met	nan	nan	nan	nan	nan	nan	nan	nan	nan	success	383.70872744544636	2.0818313116024779e-08	178.78148292170022	44.943519003015481	-1.2112409081703637e-09	0	0	0	0	success	383.70354238899421	-2.3069984875690933e-09	178.76620539223759	44.942441537849376	1.7604118157709336e-09	0	0	0	0	success	383.70872744544636	383.70872744544636	0.94999999999999996	0.00050393142275449981	42334.83239289726	0	0.00080222930670776249	0.10000000000000001	0.57776740289498718	0.57749781633702757	0.29947022356781489	0	0.65267555720749604	4.161329829331379	4.7953196169835565e-26	0.00022002356438542925	7.1794311292824577	1.5808979964436166e-32	0	4.4260775190712683e-19	1.2971065147112206e-21	4.4328411669749544e-19	0-(0)->1-(1)->2	success	157.05811898755019	0	0	0	0	1.9137153116265488e-09	21.296267984235893	148.47564999051386	9.6953864513973335e-10	success	success	155.06438414121055	0	0	0	0	1.2775528396903403e-08	22.675411854652975	158.84831310588618	-6.3128168268541658e-09	success	155.13688310100727	0	0	0	0	2.1722648692740164e-08	22.634368814297204	158.53072215556028	2.0132788954049231e-09	success	154.81019312750686	0	0	0	0	1.447529151866373e-09	22.815408432687999	159.93637822379841	2.4677166771369248e-09	success	154.78032310695841	0	0	0	0	-7.353388680117089e-09	22.831476647234229	160.06174363326164	-4.9708343701484914e-09	success	154.81019421040457	154.81019421040457	0.94999999999999996	0.0015606997665731435	13142.286528363131	0	0.0024754348003436142	0.10000000000000001	0.57812388085897637	0.57727649898789091	0.037404804979824534	0	0.016659015564597601	0.10615150871485804	2.8142634233811921e-22	1.7351714399806155e-05	0.18324917121057357	3.5998174060168392e-28	0	9.559216007938028e-11	1.1563942403808404e-15	9.5592977320319652e-11	nan	nan	nan	nan	nan	nan	nan	nan	nan	nan	nan	nan	nan	nan	nan	nan	nan	nan	nan	nan	nan	nan	nan	nan	nan	nan	nan	nan	nan	nan	nan	nan	nan	nan	nan	nan	nan	nan	nan	nan	nan	nan	nan	nan	nan	nan	nan	nan	nan	nan	nan	nan	nan	nan	nan	nan	nan	nan	nan	nan	nan	nan	nan	nan	nan	nan	nan	nan	nan	nan	nan	nan	nan	nan	multi_step	9.559297732031965e-11	typeI_mH220-500/random_20260825_015240.md
9.552790000000000e+01	3.567570000000000e+02	3.503010000000000e+02	7.706530000000000e+02	4.459270000000000e-02	8.684400000000000e+00	2.263994018656447e+00	3.548752751364058e-01	success	0	0	0	true	2.569381789282867e-01	true	1.307595896654424e+01	true	3.312631970000000e-04	3.464918120000000e-09	8.714520239911616e-01	2.646258077698011e-03	true	1.601750735924380e+00	8.035243901414559e+01	2.493931316699044e+00	2.315120811738435e-01	true	true	8.803080575417588e-01	7.571580010426630e-01	8.803080575417588e-01	7.616905022183410e-04	8.327613691902004e-01	3.808997913291250e+00	8.327613691902004e-01	5.381722914412011e-04	CMS:2019ogx	CMS:2012qwq	CMS:2019ogx	CMS:2020imj	LHC13 [H]->X1->Z(X2->[bb])	LHC8 [vbfH;HW;Htt;H;HZ]>[bb;tautau;WW;ZZ;gamgam]	LHC13 [H]->X1->Z(X2->[bb])	LHC13 [Hpmtb>tb]	4.450539793191041e+00	true	all checks passed	1	3.278654380883220e+00	2.573972052882648e-01	4.091395359272349e+00	-1.840250930585923e+00	-1.991112403518702e+00	7.706530000000000e+02	8.684400000000000e+00	11761.04701553739	3940.9856150003866	346.85084218924646	-3.7046638213712333	-0.13944544448278118	-0.12776179780873106	0	-0.0031364333438911826	0	0	0	success	non_bfb	success	success	927.85500000000002	success	101.98083984252349	-4.6243035691389177e-11	276.84546238494465	44.162715737694533	1.5908130057204196e-10	1.2277223911428166e-10	33.099697231797215	231.98654598403425	-8.4971906217720926e-10	success	success	62.238484249131716	-8.1385212159060116e-11	260.67541194235531	69.91383198352689	1.31692639065342e-11	8.2917956257700668e-10	29.415776653000574	244.17574181355664	3.4575966836056844e-10	success	63.440068776543342	7.8965473858578647e-12	261.317324760666	68.794780550785688	5.0117478354644868e-11	-7.4222394664184851e-10	29.482060707494302	244.04014161058333	-5.9226631682296678e-10	success	61.313037000568727	-2.2919680531364895e-11	260.1675741708774	70.799557181241838	-1.4072263683973965e-10	-1.7163100876831374e-09	29.366372886923205	244.27285090573045	4.8522272755952982e-10	success	61.04286772530719	2.5095643320881371e-11	260.01695563488738	71.06225037290497	5.2852049090995532e-11	3.3492848416071336e-10	29.352216052236201	244.30004096321164	7.6816448342413613e-10	success	61.313033566699545	61.313033566699545	0.94999999999999996	0.1297676304674843	578.73377353595049	0	0.16386578943645846	0.10000000000000001	0.58556181564863119	0.57341129515424538	0.00064626934194287461	0	0.00028450174172909947	0.0017942429709445614	6.2219811009589294e-14	2.0699695932056496e-05	0.0031295191590200947	4.6095623860047932e-18	0	2.2637509929714463	0.00026484112123500699	2.2639940186564473	0-(0)->1	nan	nan	nan	nan	nan	nan	nan	nan	nan	nan	nan	nan	nan	nan	nan	nan	nan	nan	nan	nan	nan	nan	nan	nan	nan	nan	nan	nan	nan	nan	nan	nan	nan	nan	nan	nan	nan	nan	nan	nan	nan	nan	nan	nan	nan	nan	nan	nan	nan	nan	nan	nan	nan	nan	nan	nan	nan	nan	nan	nan	nan	nan	nan	nan	nan	nan	nan	nan	nan	nan	nan	nan	nan	nan	nan	nan	nan	nan	nan	nan	nan	nan	nan	nan	nan	nan	nan	nan	nan	nan	nan	nan	nan	nan	nan	nan	nan	nan	nan	nan	nan	nan	nan	nan	nan	nan	nan	nan	nan	nan	nan	nan	nan	nan	nan	nan	nan	nan	nan	nan	nan	nan	nan	nan	nan	nan	nan	nan	nan	nan	nan	nan	nan	nan	nan	nan	nan	nan	nan	nan	nan	nan	nan	nan	nan	nan	nan	nan	single_step	2.263994018656447e+00	random_20260820_005445.md
8.873914848302647e+01	3.228452215628730e+02	3.242234285249193e+02	5.352011334613231e+02	1.652618297714159e-02	1.044073486288640e+01	1.576361072560817e+01	1.197655701643469e+00	success	0	0	0	true	2.576347443706780e-01	true	1.501787796621749e+01	true	3.315641210000000e-04	3.461052820000000e-09	8.421326218909732e-01	1.452613911443527e-03	true	5.186642710206107e-01	8.036702347753324e+01	2.494777737214319e+00	2.314299477912106e-01	true	true	2.563207973133461e-01	7.631330231670305e-01	2.563207973133461e-01	2.267381933002238e-04	2.826513064437815e-01	3.839056166353682e+00	2.826513064437815e-01	1.403790289809618e-04	CMS:2019ogx	CMS:2012qwq	CMS:2019ogx	ATLAS:2021upq	LHC13 [H]->X1->Z(X2->[bb])	LHC8 [vbfH;HW;Htt;H;HZ]>[bb;tautau;WW;ZZ;gamgam]	LHC13 [H]->X1->Z(X2->[bb])	LHC13 [Hpmtb>tb]	4.954932981092639e+00	true	all checks passed	1	4.332993369806421e+00	2.580950151619072e-01	3.530859291777657e+00	-1.658627009748909e+00	-1.629153993737510e+00	5.352011334613231e+02	1.044073486288640e+01	10835.620545999336	2533.7097642345402	288.81840133112405	-4.9287520773587614	-0.086449360026654903	-0.062698651482320622	0	-0.00042359275427334385	0	0	0	success	non_bfb	success	success	643.03200000000004	success	74.291993140614807	-1.148267384879769e-10	238.63900723873081	76.148885181063633	-1.1447942076235938e-10	-2.1534896492428271e-09	26.684667841762202	242.71216050400463	4.7216261365545298e-10	success	success	40.863631957019926	-2.8958747069608728e-11	217.13925432797294	122.57993099182774	6.6728816335602801e-11	-4.412475541642022e-10	24.132029430448629	245.60413162442086	1.1586568186976338e-09	success	42.10027151430792	5.068346021434052e-11	218.11635077049644	120.87306965193726	4.2090285931083658e-11	6.442177530708531e-10	24.182207709053973	245.60679795800999	-1.5935780829841284e-09	success	40.28021830942015	1.6149429580254308e-11	216.67601696450708	123.37711435365486	6.1757421635806942e-12	-5.093373174636263e-10	24.109181290404251	245.60111893209864	-1.174199122904412e-09	success	40.030473821444161	-1.7091538819834911e-11	216.47735881493168	123.7166356274906	9.3097943910301177e-11	-8.000304651156147e-10	24.099562992116486	245.5995319098665	6.4340359738003029e-10	success	40.2800819418066	40.2800819418066	0.94999999999999996	0.32721963738029314	406.5007867345355	0	0.33845182743513508	0.10000000000000001	0.58725564243705508	0.57892856007342275	0.00029572312198870279	0	0.0001317407303058525	0.00084319136643420771	1.2070681841256237e-12	2.018194619298055e-05	0.0014491480333643774	1.823560888710834e-16	0	15.758580173755931	0.0059154593701175951	15.763610725608167	0-(0)->1	nan	nan	nan	nan	nan	nan	nan	nan	nan	nan	nan	nan	nan	nan	nan	nan	nan	nan	nan	nan	nan	nan	nan	nan	nan	nan	nan	nan	nan	nan	nan	nan	nan	nan	nan	nan	nan	nan	nan	nan	nan	nan	nan	nan	nan	nan	nan	nan	nan	nan	nan	nan	nan	nan	nan	nan	nan	nan	nan	nan	nan	nan	nan	nan	nan	nan	nan	nan	nan	nan	nan	nan	nan	nan	nan	nan	nan	nan	nan	nan	nan	nan	nan	nan	nan	nan	nan	nan	nan	nan	nan	nan	nan	nan	nan	nan	nan	nan	nan	nan	nan	nan	nan	nan	nan	nan	nan	nan	nan	nan	nan	nan	nan	nan	nan	nan	nan	nan	nan	nan	nan	nan	nan	nan	nan	nan	nan	nan	nan	nan	nan	nan	nan	nan	nan	nan	nan	nan	nan	nan	nan	nan	nan	nan	nan	nan	nan	nan	single_step	1.576361072560817e+01	typeI_mH62-125/random_20260831_095833.md
7.586360000000001e+01	3.004340000000000e+02	3.007170000000000e+02	4.947260000000000e+02	8.781360000000000e-04	7.178350000000000e+00	1.622434489270585e+00	2.101671698652083e-01	success	0	0	0	true	2.583792342954704e-01	true	8.966505084797069e+00	true	3.258739700000000e-04	3.133147870000000e-09	1.481477184379229e+00	1.193760669269166e+00	true	3.488500476457964e-01	8.036539496154343e+01	2.494761358150334e+00	2.314296136959143e-01	true	true	4.773791788198515e-01	7.652650517912155e-01	4.773791788198515e-01	2.476593162047517e-03	4.927490146857257e-01	3.849781659010980e+00	4.927490146857257e-01	1.536925798853225e-03	CMS:2019ogx	CMS:2012qwq	CMS:2019ogx	ATLAS:2021upq	LHC13 [H]->X1->Z(X2->[bb])	LHC8 [vbfH;HW;Htt;H;HZ]>[bb;tautau;WW;ZZ;gamgam]	LHC13 [H]->X1->Z(X2->[bb])	LHC13 [Hpmtb>tb]	5.315918282292415e+00	true	all checks passed	1	2.078230474190558e+00	2.588408351362168e-01	3.092932424511488e+00	-1.437315821589469e+00	-1.431693317359184e+00	4.947260000000000e+02	7.178350000000000e+00	6843.9796980031306	1683.9638902348217	356.26505117864968	-2.1295654932849439	-0.059092604954573406	0.0018234237399365394	0	-0.0008983581260391672	0	0	0	success	ew_sym_res	success	success	1170.4690000000001	success	147.07837125211472	2.3469691587616959e-09	2.2098445944646232e-08	8.7646284872025912e-09	2.3470207305721184e-09	7.589186422858888e-11	285.2738831650309	29.268273370381173	-1.1462721157796882e-10	success	not_met	nan	nan	nan	nan	nan	nan	nan	nan	nan	not_met	nan	nan	nan	nan	nan	nan	nan	nan	nan	not_met	nan	nan	nan	nan	nan	nan	nan	nan	nan	not_met	nan	nan	nan	nan	nan	nan	nan	nan	nan	not_set	nan	nan	nan	nan	nan	nan	nan	nan	nan	nan	nan	nan	nan	nan	nan	nan	nan	nan	nan	nan	nan	nan	0-(1)->2	success	134.33244778715022	2.3469691587616959e-09	2.2098445944646232e-08	8.7646284872025912e-09	2.3470207305721184e-09	-1.0867259907865617e-09	29.981490609909208	148.41322616866972	-5.2777930248828414e-09	success	success	132.32572023711487	2.3469691587616959e-09	2.2098445944646232e-08	8.7646284872025912e-09	2.3470207305721184e-09	1.020373595708009e-09	32.715888326735552	160.04702154203068	-1.45041822587162e-09	success	132.40493687694723	2.3469691587616959e-09	2.2098445944646232e-08	8.7646284872025912e-09	2.3470207305721184e-09	2.6721684890839669e-10	32.631227284391557	159.66302668511187	2.3406371460751544e-09	success	132.08119679443737	2.3469691587616959e-09	2.2098445944646232e-08	8.7646284872025912e-09	2.3470207305721184e-09	2.225304603652849e-09	32.968400979700633	161.20477286355887	-1.5288648147486203e-09	success	132.05109344568382	2.3469691587616959e-09	2.2098445944646232e-08	8.7646284872025912e-09	2.3470207305721184e-09	-2.382610948925517e-10	32.998602498672128	161.34454809276272	-3.3433380177039919e-09	success	132.08119863090698	132.08119863090698	0.94999999999999996	0.0036527051168292533	11142.202003471277	0	0.0056885997944497134	0.10000000000000001	0.57739403081472918	0.57547178123854281	0.027037973763934898	0	0.012021572272096683	0.076232531264658454	5.5824286861668251e-21	2.9008535547596545e-05	0.13223729499306353	1.4495239435328939e-26	0	4.2121914264675451e-09	6.4480771878035522e-14	4.2122405129546696e-09	success	107.29112718839349	1.9659275247310661e-11	287.66836274358241	40.315033608735739	4.0114434307697182e-11	-2.2661597185789173e-11	37.942213022297707	214.89567808496693	-1.1238403961928328e-09	success	success	59.370618733106632	-8.562628797635381e-12	274.74052998613934	68.380394909992631	5.1423820430324419e-11	1.4033228295403732e-10	34.7498340584958	241.98984595210447	-9.5143761367584638e-10	success	60.591433528229373	-1.1168482709529646e-11	275.36391469179688	67.237231841084522	-4.2783455854640564e-11	-4.9273018382076999e-10	34.799394840893392	241.76161945671092	5.8654323934394174e-10	success	58.495952295205804	1.8850688576651323e-11	274.27552599140444	69.225836332942961	-2.236431679840702e-11	-3.1753741015115853e-10	34.715762357997633	242.14360028317637	-5.5412042002011347e-10	success	58.234608437147756	-1.6810810392057622e-11	274.13340050069479	69.48300289554706	9.1048184908552331e-12	-7.318662912992957e-10	34.705812152280828	242.18799524862675	7.7256636410406154e-10	success	58.495954367962831	58.495954367962831	0.94999999999999996	0.11807705927970928	570.08498942674601	0	0.14808676943288968	0.10000000000000001	0.58052058424869279	0.5702278734102455	0.0006068309287693758	0	0.00026783937771029091	0.0016750005530266373	4.7925659257633228e-14	1.77633845698036e-05	0.0029462331548131999	3.268253786849536e-18	0	1.6222679176915786	0.00018336839006267324	1.6224344892705846	single_step	1.622434489270585e+00	typeI_mH62-125/random_20260816_071725.md
8.978080000000000e+01	3.406360000000000e+02	3.501250000000000e+02	5.082390000000000e+02	4.860930000000000e-02	1.094900000000000e+01	1.749083821941288e+00	2.428106228201651e-01	success	0	0	0	true	2.566737961695907e-01	true	1.806298199384857e+01	true	3.271131610000000e-04	3.118065640000000e-09	1.326963217207543e+00	1.310112001767056e+00	true	5.888601140951986e+00	8.038283426463140e+01	2.495659759263930e+00	2.313446575839643e-01	true	true	3.985520138605750e-01	7.577844010015473e-01	3.985520138605750e-01	2.941519948358213e-04	4.107046294653061e-01	3.812149113084412e+00	4.107046294653061e-01	2.077181739230855e-04	CMS:2019ogx	CMS:2012qwq	CMS:2019ogx	CMS:2020imj	LHC13 [H]->X1->Z(X2->[bb])	LHC8 [vbfH;HW;Htt;H;HZ]>[bb;tautau;WW;ZZ;gamgam]	LHC13 [H]->X1->Z(X2->[bb])	LHC13 [Hpmtb>tb]	4.692331305624521e+00	true	all checks passed	1	5.278529560463253e+00	2.571323502032845e-01	4.148988951082842e+00	-2.041295181163592e+00	-1.824670449555422e+00	5.082390000000000e+02	1.094900000000000e+01	14177.666598282278	3755.0023622717285	320.23550261926169	-6.1650608540044445	-0.13041315128086498	-0.15016805453532844	0	0.00097612034141627776	0	0	0	success	non_bfb	success	success	331.27600000000001	success	67.993777879253486	1.2200383967031242e-10	208.2134370554007	106.30603872540381	1.3902046108507899e-10	-7.2730950148282215e-12	26.143034707193909	245.66986330458118	-9.8336090140522816e-10	success	success	46.235499882288174	-1.2626210971099437e-11	189.2990845205004	142.13870745567732	2.0176711387249408e-11	2.8767771863480934e-10	23.650290332848698	246.20793832888603	-4.5834114086166495e-10	success	47.0181314376226	7.1787184042247198e-11	190.07988652883753	140.90515550746557	-1.4976233441157661e-10	2.9122384455113522e-10	23.707714388780648	246.22176790935382	8.2199590541358463e-10	success	45.70494464784877	-3.9387175804927525e-12	188.76502079193568	142.97187507148496	-3.0409225594418825e-11	3.2881592433839482e-09	23.612407402551202	246.19762850623115	-2.9433129652038381e-09	success	45.5417954862735	-5.2908761924377194e-11	188.59999999024848	143.22759845053682	1.0174180532917378e-10	2.1315626779247527e-09	23.600925242708449	246.19431172846731	-8.1690282537594471e-10	success	45.70494464784877	45.70494464784877	0.94999999999999996	0.13723170627999345	711.7755173972472	9.8934011814483115e-11	0.17898968991308534	0.10000000000000001	0.58687014358553335	0.5794390258894373	0.00058896783252115664	2.3185292671485783e-34	0.00026056239116442501	0.001669996902671327	5.1827035952535706e-14	2.0308355461568748e-05	0.0028661863028086754	4.021266128346553e-18	4.4566214469809967e-21	1.7488801934998872	0.00022290578148067937	1.7490838219412883	0-(0)->1	nan	nan	nan	nan	nan	nan	nan	nan	nan	nan	nan	nan	nan	nan	nan	nan	nan	nan	nan	nan	nan	nan	nan	nan	nan	nan	nan	nan	nan	nan	nan	nan	nan	nan	nan	nan	nan	nan	nan	nan	nan	nan	nan	nan	nan	nan	nan	nan	nan	nan	nan	nan	nan	nan	nan	nan	nan	nan	nan	nan	nan	nan	nan	nan	nan	nan	nan	nan	nan	nan	nan	nan	nan	nan	nan	nan	nan	nan	nan	nan	nan	nan	nan	nan	nan	nan	nan	nan	nan	nan	nan	nan	nan	nan	nan	nan	nan	nan	nan	nan	nan	nan	nan	nan	nan	nan	nan	nan	nan	nan	nan	nan	nan	nan	nan	nan	nan	nan	nan	nan	nan	nan	nan	nan	nan	nan	nan	nan	nan	nan	nan	nan	nan	nan	nan	nan	nan	nan	nan	nan	nan	nan	nan	nan	nan	nan	nan	nan	single_step	1.749083821941288e+00	typeI_mH62-125/random_20260816_190708.md
8.121250000000001e+01	2.805630000000000e+02	2.810760000000000e+02	3.419320000000000e+02	5.324410000000000e-04	1.331080000000000e+01	5.466706064250210e+00	7.377257232228180e-01	success	0	0	0	true	2.579116816590674e-01	true	1.939197666363508e+01	true	3.318277220000000e-04	3.457679490000000e-09	8.168618606905377e-01	7.012433610000230e-04	true	3.496886411701033e-01	8.036541357750326e+01	2.494737254995743e+00	2.314345125920698e-01	true	true	9.998993776708924e-02	7.700301144748061e-01	9.998993776708924e-02	2.180657400673375e-04	1.161835876539205e-01	1.259789109483931e+00	1.161835876539205e-01	1.590048796507493e-04	CMS:2019ogx	ATLAS:2014vuz	CMS:2019ogx	ATLAS:2021upq	LHC13 [H]->X1->Z(X2->[bb])	LHC8 [HW;HZ]>[bb]	LHC13 [H]->X1->Z(X2->[bb])	LHC13 [Hpmtb>tb]	5.314290659575448e+00	true	all checks passed	1	6.169725748840822e+00	2.583724472055548e-01	2.685628867180476e+00	-1.234628227314275e+00	-1.225106090788397e+00	3.419320000000000e+02	1.331080000000000e+01	9547.8283288770344	996.85278348284248	225.59859387743364	-7.0321176922448947	-0.039543214818957714	0.02757667490383247	0	-0.0007897217610446603	0	0	0	success	non_bfb	success	success	241.34200000000001	success	53.616605465336704	2.9254962059817974e-10	154.52656114382228	184.95029836847073	-1.240344091067425e-10	-1.7641301491228139e-09	21.225847731527619	245.72756215946075	-5.212367896689094e-10	success	success	30.160189482755456	-1.3185061570107096e-11	142.5642606095912	197.35835582781917	2.3982821726596094e-11	-7.8696915997893968e-10	19.044517218043058	245.86482148369797	9.0807972218018094e-10	success	32.537676208310316	-6.4169872845864322e-11	143.38370924580752	196.65778512517079	1.7510319669132838e-11	-1.1975828777590789e-09	19.172254779589505	245.91521128287397	-9.3977352122678548e-10	success	29.969935341622424	-6.1259553304680111e-11	142.50306796942388	197.40963736198634	2.6823220338405523e-11	-7.7448934768695442e-10	19.034963855202712	245.86064755355284	2.3284771380126778e-10	success	29.499091278540163	-9.1315751140208417e-11	142.35437829064659	197.53364293711522	2.3575412970579492e-11	-2.1886151304214221e-10	19.011730158407918	245.85021130882663	-1.3123865589736327e-09	success	29.969935341622424	29.969935341622424	0.94999999999999996	0.26500190090956005	145.44411800716372	3.8051171517611064e-11	0.30816096260535625	0.10000000000000001	0.59343455935612666	0.58663583289878729	7.8247796199547602e-05	2.5179446578784874e-33	3.858551150561986e-05	0.00025220040423061659	4.6698560054839798e-12	5.1992205911063907e-06	0.00042444062656181848	7.0434724306125324e-16	1.7546957673980418e-21	5.4636650984272181	0.0036405902290919819	5.4667060642502099	0-(0)->1	nan	nan	nan	nan	nan	nan	nan	nan	nan	nan	nan	nan	nan	nan	nan	nan	nan	nan	nan	nan	nan	nan	nan	nan	nan	nan	nan	nan	nan	nan	nan	nan	nan	nan	nan	nan	nan	nan	nan	nan	nan	nan	nan	nan	nan	nan	nan	nan	nan	nan	nan	nan	nan	nan	nan	nan	nan	nan	nan	nan	nan	nan	nan	nan	nan	nan	nan	nan	nan	nan	nan	nan	nan	nan	nan	nan	nan	nan	nan	nan	nan	nan	nan	nan	nan	nan	nan	nan	nan	nan	nan	nan	nan	nan	nan	nan	nan	nan	nan	nan	nan	nan	nan	nan	nan	nan	nan	nan	nan	nan	nan	nan	nan	nan	nan	nan	nan	nan	nan	nan	nan	nan	nan	nan	nan	nan	nan	nan	nan	nan	nan	nan	nan	nan	nan	nan	nan	nan	nan	nan	nan	nan	nan	nan	nan	nan	nan	nan	single_step	5.466706064250210e+00	typeI_mH62-125/random_20260831_005538.md
9.990340000000000e+01	4.362080000000000e+02	4.267010000000000e+02	8.529360000000000e+02	3.744060000000000e-02	7.053800000000000e+00	6.777831028499560e+01	1.831090737663803e+00	success	0	0	0	true	2.578943089813096e-01	true	1.604091647427109e+01	true	3.263864530000000e-04	3.126662860000000e-09	1.416544343272051e+00	1.243126113000946e+00	true	5.655333451858394e+00	8.034250502723421e+01	2.493350929516759e+00	2.315658789179315e-01	true	true	7.098591649196778e-01	7.573778918108424e-01	7.098591649196778e-01	1.046874217577987e-03	6.057513765075374e-01	3.810104107079065e+00	6.057513765075374e-01	7.441067707752304e-04	CMS:2019ogx	CMS:2012qwq	CMS:2019ogx	ATLAS:2021upq	LHC13 [H]->X1->Z(X2->[bb])	LHC8 [vbfH;HW;Htt;H;HZ]>[bb;tautau;WW;ZZ;gamgam]	LHC13 [H]->X1->Z(X2->[bb])	LHC13 [Hpmtb>tb]	4.315196867688996e+00	true	all checks passed	1	3.473777369709012e+00	2.583550434910835e-01	6.033086871386772e+00	-2.771708456068226e+00	-3.042832650099557e+00	8.529360000000000e+02	7.053800000000000e+00	21829.831036366664	9963.1038172866101	704.99711568712121	-4.3900441000909778	-0.42173870018569681	-0.51643922997024927	0	0.0096620283124969168	0	0	0	success	non_bfb	success	success	308.017	success	93.870205726207814	-4.1531159250820007e-11	298.44262543749267	46.921635199585076	4.165296894977793e-11	1.1789783425450737e-09	41.083055976552139	243.59671612793036	-1.0134374723269799e-09	success	success	45.092398536709076	6.2711613555848043e-11	278.95230056314557	72.989371166278445	1.9428607949778927e-11	3.7300262233030194e-11	35.420728916581538	245.10436434190771	-7.6729271389792012e-11	success	47.392996369439594	8.6978791832954333e-12	279.85300096644943	71.593033389173044	8.4054365828444702e-12	-5.6516742875514524e-10	35.536509683360741	245.2001818791305	6.9572700291157899e-10	success	44.22509417878733	-2.4180236289608674e-11	278.61528714620397	73.512983278206235	-4.1018919741676614e-11	-6.385385462079097e-10	35.379629404763037	245.06636180769343	-1.0439744472067166e-09	success	43.731466212918846	2.7516480093309081e-11	278.42420982778049	73.81005025862008	-9.3532701046417435e-11	7.1428283891900075e-10	35.356840194768054	245.04432968249259	-3.5475867572781121e-10	success	44.225090751788414	44.225090751788414	0.94999999999999996	0.59351923201370682	222.75895538338904	0	0.48856081245718741	0.10000000000000001	0.59672404395678968	0.5816875098126475	0.00017824892974851932	0	8.0495120064714065e-05	0.00051905899269516725	1.2344010061050877e-11	1.8210164797627622e-05	0.00088544632071185466	2.8001639298976463e-15	0	67.738064871421201	0.04850340388067232	67.778310284995598	0-(0)->1	nan	nan	nan	nan	nan	nan	nan	nan	nan	nan	nan	nan	nan	nan	nan	nan	nan	nan	nan	nan	nan	nan	nan	nan	nan	nan	nan	nan	nan	nan	nan	nan	nan	nan	nan	nan	nan	nan	nan	nan	nan	nan	nan	nan	nan	nan	nan	nan	nan	nan	nan	nan	nan	nan	nan	nan	nan	nan	nan	nan	nan	nan	nan	nan	nan	nan	nan	nan	nan	nan	nan	nan	nan	nan	nan	nan	nan	nan	nan	nan	nan	nan	nan	nan	nan	nan	nan	nan	nan	nan	nan	nan	nan	nan	nan	nan	nan	nan	nan	nan	nan	nan	nan	nan	nan	nan	nan	nan	nan	nan	nan	nan	nan	nan	nan	nan	nan	nan	nan	nan	nan	nan	nan	nan	nan	nan	nan	nan	nan	nan	nan	nan	nan	nan	nan	nan	nan	nan	nan	nan	nan	nan	nan	nan	nan	nan	nan	nan	single_step	6.777831028499560e+01	typeI_mH62-125/random_20260831_090924.md
1.035710000000000e+02	4.270120000000000e+02	4.291930000000000e+02	1.246200000000000e+03	3.912450000000000e-02	5.514520000000000e+00	1.453214273839078e+02	2.162329654962149e+00	success	0	0	0	true	2.584389010237897e-01	true	1.313924991680038e+01	true	3.254683650000000e-04	3.137641810000000e-09	1.533899849787332e+00	1.160138393104353e+00	true	9.795229391918628e-01	8.036970511934757e+01	2.494865273973623e+00	2.314215969364039e-01	true	true	8.159283520083945e-01	7.549393475686003e-01	8.159283520083945e-01	2.755106419257146e-03	1.284855213201315e+00	3.797836641216751e+00	1.284855213201315e+00	1.964524812559111e-03	ATLAS-CONF-2023-034-Fig5-bot	CMS:2012qwq	ATLAS-CONF-2023-034-Fig5-bot	ATLAS:2021upq	LHC13 [ggH]->X1->Z(X2->[bb])	LHC8 [vbfH;HW;Htt;H;HZ]>[bb;tautau;WW;ZZ;gamgam]	LHC13 [ggH]->X1->Z(X2->[bb])	LHC13 [Hpmtb>tb]	4.028874077943044e+00	true	all checks passed	1	2.120234745066961e+00	2.589006084606077e-01	6.068136852403675e+00	-2.957496105373647e+00	-2.895780753896352e+00	1.246200000000000e+03	5.514520000000000e+00	18642.496101434415	9714.6476346585696	822.7193122212127	-2.7381876772788338	-0.4108520021194752	-0.41357100647494549	0	-0.0029609005104099017	0	0	0	success	non_bfb	success	success	975.86000000000001	success	113.41491342172958	-2.9736884554113949e-12	344.49490676347773	39.533528934103877	7.2186154841644952e-11	0	0	0	0	success	not_met	nan	nan	nan	nan	nan	nan	nan	nan	nan	not_met	nan	nan	nan	nan	nan	nan	nan	nan	nan	not_met	nan	nan	nan	nan	nan	nan	nan	nan	nan	not_met	nan	nan	nan	nan	nan	nan	nan	nan	nan	not_set	nan	nan	nan	nan	nan	nan	nan	nan	nan	nan	nan	nan	nan	nan	nan	nan	nan	nan	nan	nan	nan	nan	0-(1)->2	success	114.75536548280904	5.1694157462409608e-11	345.00112573409649	39.22270961883779	9.1744657364595938e-11	4.7164698026385336e-10	51.312416810847772	229.16274144839258	-8.0605451736469469e-10	success	success	42.288883117726911	-1.5367141201081647e-11	319.92817875322402	59.989311792154218	1.8220416476775354e-11	-5.6502482183149983e-10	44.426642492663277	243.08807415382006	-5.009614271734736e-11	success	49.07216923247632	-3.2059742343414006e-11	321.71775035031504	58.100974408562934	7.6615766616491392e-11	2.8728101002898262e-10	44.653092268118677	243.16387049569795	-4.6438268046643686e-10	success	42.410564535353998	4.0716085285507177e-11	319.95816689992864	59.957215364583917	5.7006464660577202e-11	-1.5282015355947558e-10	44.430193130275619	243.09047251059707	-5.1518573261246841e-11	success	40.828208744110675	3.7219259277854369e-11	319.574788644031	60.368633985208746	4.1344187168642697e-11	-1.9143214302744222e-10	44.385361504365655	243.05686912972115	3.5780635425386243e-10	success	42.41029110824099	50.763617084034578	0.94999999999999996	1.0526987792058762	53.442099075291111	0	0.63067255319928694	0.10000000000000001	0.5951470112201106	0.57968863652481184	4.9047358445061189e-05	0	2.7930769503495597e-05	0.0001791345989177205	2.8500879265926864e-10	8.424043087368862e-06	0.00030723846453845153	9.6805010000140375e-14	0	145.09424795622027	0.26981676282789885	145.32142738390777	success	116.32352129766404	0	0	0	0	-3.808870180831305e-11	51.579700565216797	228.2103559348748	7.9638593448511746e-10	success	not_met	nan	nan	nan	nan	nan	nan	nan	nan	nan	not_met	nan	nan	nan	nan	nan	nan	nan	nan	nan	not_met	nan	nan	nan	nan	nan	nan	nan	nan	nan	not_met	nan	nan	nan	nan	nan	nan	nan	nan	nan	not_set	nan	nan	nan	nan	nan	nan	nan	nan	nan	nan	nan	nan	nan	nan	nan	nan	nan	nan	nan	nan	nan	nan	single_step	1.453214273839078e+02	typeI_mH62-125/random_20260831_090924.md
8.233060000000000e+01	4.039690000000000e+02	3.993330000000000e+02	3.252810000000000e+02	3.652220000000000e-02	1.108050000000000e+01	2.309604114205021e+00	3.635375445022738e-01	success	0	0	0	true	2.570038249712416e-01	true	2.335553208717955e+01	true	3.272176840000000e-04	3.116779680000000e-09	1.314319363777996e+00	1.320282778369827e+00	true	1.115213719631184e+00	8.035460909396609e+01	2.494121179782757e+00	2.314906927620838e-01	true	true	3.928690131800459e-01	7.600698742127753e-01	3.928690131800459e-01	2.017270964167292e-04	3.213291265656508e-01	3.823646531959287e+00	3.213291265656508e-01	1.389401022329612e-04	CMS:2019ogx	CMS:2012qwq	CMS:2019ogx	ATLAS:2021upq	LHC13 [H]->X1->Z(X2->[bb])	LHC8 [vbfH;HW;Htt;H;HZ]>[bb;tautau;WW;ZZ;gamgam]	LHC13 [H]->X1->Z(X2->[bb])	LHC13 [Hpmtb>tb]	4.792412825084085e+00	true	all checks passed	1	6.780276827699760e+00	2.574629686094856e-01	5.414629347829300e+00	-2.513535338261981e+00	-2.636613799230981e+00	3.252810000000000e+02	1.108050000000000e+01	23455.838180610634	7621.3908180179405	440.93034035263867	-8.4882499283785418	-0.29799163815450225	-0.48368007539153174	0	0.0022664170670019051	0	0	0	success	non_bfb	success	success	379.541	success	50.674139879086347	2.8041577358164061e-11	153.38173079433679	184.599963633111	-1.1729944301696249e-10	-1.3497150480077084e-10	25.668302977905828	247.6324707110293	-5.764024247579946e-10	success	success	30.028811007506683	6.5618002521008664e-11	141.38184019144066	195.08244813507483	-1.2474499163887498e-10	4.3803081667947318e-11	22.981170585136145	246.01903302921849	1.5603122064035627e-11	success	31.776824177291232	3.5523345920957157e-11	142.13110473159222	194.50884914112865	-3.9440779237286315e-11	-1.4293964616216839e-09	23.115678560259528	246.13625672781268	1.0804315545227254e-09	success	29.726792179614328	-5.6604836356533265e-11	141.25826680585584	195.17593590616784	-3.3276592302955763e-11	-1.2210596793807649e-09	22.959208309907101	245.99946852691849	4.4081709299022255e-10	success	29.389138229061437	-2.0791457681814743e-11	141.12216861918841	195.27853935237087	1.3330535246280839e-11	3.1837078826466939e-10	22.935085245859305	245.97775263379282	-7.3716148282603686e-10	success	29.726691176966597	29.726691176966597	0.94999999999999996	0.2472012375788559	211.07897473905788	2.8230368844787186e-11	0.20764674043319231	0.10000000000000001	0.6041640021130753	0.53466882424963136	0.00011261979958461098	5.8923980023307679e-34	5.2921268857765536e-05	0.00030262118732145667	1.2940817672755157e-12	5.6937202721644862e-06	0.00058213395743542107	1.4972832339593687e-16	8.3555802459156113e-22	2.3085423339763183	0.0013478225876714987	2.3096041142050208	0-(0)->1	nan	nan	nan	nan	nan	nan	nan	nan	nan	nan	nan	nan	nan	nan	nan	nan	nan	nan	nan	nan	nan	nan	nan	nan	nan	nan	nan	nan	nan	nan	nan	nan	nan	nan	nan	nan	nan	nan	nan	nan	nan	nan	nan	nan	nan	nan	nan	nan	nan	nan	nan	nan	nan	nan	nan	nan	nan	nan	nan	nan	nan	nan	nan	nan	nan	nan	nan	nan	nan	nan	nan	nan	nan	nan	nan	nan	nan	nan	nan	nan	nan	nan	nan	nan	nan	nan	nan	nan	nan	nan	nan	nan	nan	nan	nan	nan	nan	nan	nan	nan	nan	nan	nan	nan	nan	nan	nan	nan	nan	nan	nan	nan	nan	nan	nan	nan	nan	nan	nan	nan	nan	nan	nan	nan	nan	nan	nan	nan	nan	nan	nan	nan	nan	nan	nan	nan	nan	nan	nan	nan	nan	nan	nan	nan	nan	nan	nan	nan	single_step	2.309604114205021e+00	typeI_mH62-125/random_20260901_123420.md
1.006837605906030e+02	3.573922696538440e+02	3.637117020971032e+02	7.801450029133505e+02	8.724923117180766e-02	1.004695129099604e+01	1.415863460805451e+00	1.510213740614590e-01	success	0	0	0	true	2.558502797164576e-01	true	1.556248405777878e+01	true	3.315907210000000e-04	3.460645970000000e-09	8.395650839330818e-01	1.347641822127281e-03	true	3.059227472380432e+00	8.037673241234569e+01	2.495286559824452e+00	2.313834474378872e-01	true	true	6.003985703804777e-01	7.482418276487930e-01	6.003985703804777e-01	1.056436904988808e-01	5.982025862458974e-01	3.764143753650824e+00	5.982025862458974e-01	1.371723944865656e-01	CMS:2019ogx	CMS:2012qwq	CMS:2019ogx	ATLAS:2018gfm	LHC13 [H]->X1->Z(X2->[bb])	LHC8 [vbfH;HW;Htt;H;HZ]>[bb;tautau;WW;ZZ;gamgam]	LHC13 [H]->X1->Z(X2->[bb])	LHC13 [Hpmtb>taunu]	4.239215350939048e+00	true	all checks passed	1	4.191031531821986e+00	2.563073625178049e-01	4.408844144018208e+00	-2.130468658013738e+00	-1.979864922339007e+00	7.801450029133505e+02	1.004695129099604e+01	13714.612108342753	4471.1926040435901	302.08086559343769	-4.8733297412161134	-0.16083684850713031	-0.18463100726251117	0	-0.00086925123817004546	0	0	0	success	non_bfb	success	success	643.04600000000005	success	92.65450166802664	-1.3859601048431358e-10	251.05500946785421	51.7338564259286	1.3804442883773763e-11	4.8689145546701431e-10	29.244775823774315	240.21867325209647	-1.7435881617359827e-09	success	success	61.051085061677782	9.6189509344822453e-11	235.86164106286995	80.577572034834731	-1.184326854707005e-10	1.8254517512387248e-09	25.840759997012452	245.57612185450807	5.8222313521262252e-10	success	61.979469762395382	9.3329107274268881e-11	236.47177156822812	79.373728823218102	-7.4529614271208183e-11	-1.1218552134289915e-09	25.902191291217015	245.52239679774269	-8.7200008368730154e-11	success	60.269277810726493	4.7939131882420103e-11	235.3316704874043	81.619709219859971	-7.2582466711402454e-12	-1.4782637506384064e-11	25.790436758157437	245.61759706419735	1.7737940887936991e-09	success	60.059690820546933	-3.3205568508178101e-11	235.18689960842562	81.903750765153546	-6.1513315432978706e-11	-8.8371846438993001e-10	25.77716200371416	245.62814114149231	1.519965515947838e-09	success	60.269272190107415	60.269272190107415	0.94999999999999996	0.11892154154007932	736.7184259008435	0	0.15427147291974586	0.10000000000000001	0.58713953511524219	0.57508615127264606	0.00080844048293693741	0	0.00035441241839370902	0.0022451277714661965	3.1979891793372464e-14	2.4067360158045848e-05	0.0038985366023307996	2.1780103486151303e-18	0	1.4157389938048108	0.00013219295787257116	1.4158634608054512	0-(0)->1	nan	nan	nan	nan	nan	nan	nan	nan	nan	nan	nan	nan	nan	nan	nan	nan	nan	nan	nan	nan	nan	nan	nan	nan	nan	nan	nan	nan	nan	nan	nan	nan	nan	nan	nan	nan	nan	nan	nan	nan	nan	nan	nan	nan	nan	nan	nan	nan	nan	nan	nan	nan	nan	nan	nan	nan	nan	nan	nan	nan	nan	nan	nan	nan	nan	nan	nan	nan	nan	nan	nan	nan	nan	nan	nan	nan	nan	nan	nan	nan	nan	nan	nan	nan	nan	nan	nan	nan	nan	nan	nan	nan	nan	nan	nan	nan	nan	nan	nan	nan	nan	nan	nan	nan	nan	nan	nan	nan	nan	nan	nan	nan	nan	nan	nan	nan	nan	nan	nan	nan	nan	nan	nan	nan	nan	nan	nan	nan	nan	nan	nan	nan	nan	nan	nan	nan	nan	nan	nan	nan	nan	nan	nan	nan	nan	nan	nan	nan	single_step	1.415863460805451e+00	typeI_mH62-125/random_20260831_095833.md
9.029869593050017e+01	4.369145460154839e+02	4.450826902762034e+02	6.975094357395171e+02	1.961511072253982e-01	6.339384901289269e+00	1.864395599313181e+00	2.705380691606458e-01	success	0	0	0	true	2.471206246063528e-01	true	1.611164544539797e+01	true	3.307028920000000e-04	3.471995220000000e-09	9.273799478217859e-01	5.752552947067740e-03	true	7.798992286390376e+00	8.038599124467569e+01	2.495813551936172e+00	2.313251007684911e-01	true	true	8.854403111960462e-01	6.965906903107826e-01	8.854403111960462e-01	4.784356891068239e-04	7.191423482225178e-01	3.504304890337385e+00	7.191423482225178e-01	3.488680679598092e-04	CMS:2019ogx	CMS:2012qwq	CMS:2019ogx	ATLAS:2021upq	LHC13 [H]->X1->Z(X2->[bb])	LHC8 [vbfH;HW;Htt;H;HZ]>[bb;tautau;WW;ZZ;gamgam]	LHC13 [H]->X1->Z(X2->[bb])	LHC13 [Hpmtb>tb]	4.740069684055015e+00	true	all checks passed	1	3.150756919118060e+00	2.475621116646860e-01	6.732842186251541e+00	-3.317652738543983e+00	-3.079557667369867e+00	6.975094357395171e+02	6.339384901289269e+00	23281.897416639957	11996.286073281482	805.70043065824802	-3.8406176383803472	-0.51764229126510386	-0.57729386606364519	0	-0.011235929630657317	0	0	0	success	non_bfb	success	success	665.41999999999996	success	89.885290573447008	-1.5364920378539112e-11	266.50215212862059	48.417981058970348	2.8826504824946466e-11	-4.3231579508674844e-10	45.244965301495874	243.90454186357937	-1.976561956929954e-10	success	success	58.748445354819566	4.0998622034997488e-11	250.1301183912019	68.821761410398565	-2.176887398219841e-11	-2.9678698615712505e-10	40.080567243976006	245.20930712132349	4.6479489768541383e-10	success	59.683374082937618	4.0153309217037861e-11	250.72334602954513	67.983577517437766	3.9114828167072069e-11	5.7925113675020233e-10	40.166101014081256	245.22783517964174	-4.0507899767630253e-10	success	57.993576775648222	-2.1568834549126339e-11	249.64112803990199	69.515739964521728	-3.2261174240057436e-13	-1.1268380463551705e-09	40.013820899362898	245.19246476285088	3.5833671818880615e-10	success	57.786589819780673	5.6050572814591942e-11	249.50536624111712	69.708869832516683	7.5661787419205736e-12	2.7932035662144373e-10	39.995873921316679	245.18755965958442	8.9245179429712167e-10	success	57.993455823338422	57.993455823338422	0.94999999999999996	0.1298566273016826	744.26268677897485	0	0.16926854048350104	0.10000000000000001	0.58995203003793772	0.57790202373813415	0.00078529145266300953	0	0.00033032910154580792	0.0021084006531096413	4.4201928377704775e-14	2.4434396517655312e-05	0.0036336201170038872	3.2680691141870202e-18	0	1.8642120698481282	0.000195949390473837	1.8643955993131807	0-(0)->1	nan	nan	nan	nan	nan	nan	nan	nan	nan	nan	nan	nan	nan	nan	nan	nan	nan	nan	nan	nan	nan	nan	nan	nan	nan	nan	nan	nan	nan	nan	nan	nan	nan	nan	nan	nan	nan	nan	nan	nan	nan	nan	nan	nan	nan	nan	nan	nan	nan	nan	nan	nan	nan	nan	nan	nan	nan	nan	nan	nan	nan	nan	nan	nan	nan	nan	nan	nan	nan	nan	nan	nan	nan	nan	nan	nan	nan	nan	nan	nan	nan	nan	nan	nan	nan	nan	nan	nan	nan	nan	nan	nan	nan	nan	nan	nan	nan	nan	nan	nan	nan	nan	nan	nan	nan	nan	nan	nan	nan	nan	nan	nan	nan	nan	nan	nan	nan	nan	nan	nan	nan	nan	nan	nan	nan	nan	nan	nan	nan	nan	nan	nan	nan	nan	nan	nan	nan	nan	nan	nan	nan	nan	nan	nan	nan	nan	nan	nan	single_step	1.864395599313181e+00	typeI_mH62-125/random_20260901_123251.md
1.094577839432097e+02	2.493420800196095e+02	2.380929519014015e+02	6.500117484659488e+02	1.202009561215202e-01	1.706544827347408e+01	1.073079042368043e+00	3.063171301904432e-02	success	0	0	0	true	2.560778020814410e-01	true	1.517168665993281e+01	true	3.320126590000000e-04	3.455276170000000e-09	7.993622001392862e-01	3.310103432687674e-04	true	1.773710027957201e+00	8.035166829762845e+01	2.493911609664356e+00	2.315306817367145e-01	true	true	5.979566314534690e-01	7.451805632561933e-01	6.875248154738892e-02	8.731661169794723e-05	5.074293143177108e-01	3.748743599829049e+00	5.948952297516657e-02	1.314086053114849e-04	CMS:2015mca	CMS:2012qwq	CMS:2019ogx	CMS:2020imj	2d likelihood {LHC8 [ggH>tautau]; LHC8 [bbH>tautau]}	LHC8 [vbfH;HW;Htt;H;HZ]>[bb;tautau;WW;ZZ;gamgam]	LHC13 [H]->X1->Z(X2->[bb])	LHC13 [Hpmtb>tb]	5.708497932618712e+00	true	all checks passed	1	4.847360674945552e+00	2.565352913570750e-01	1.870241875792702e+00	-6.622083978790911e-01	-8.434239152094585e-01	6.500117484659488e+02	1.706544827347408e+01	5367.4103309379379	39.705855390167955	68.775746542314806	-5.3644731961169567	-0.019671869695057628	0.064434460599097451	0	-0.0083878865561300871	0	0	0	success	non_bfb	success	success	638.95600000000002	success	93.084337393903041	1.4219731326754077e-10	214.1513422142105	42.328946222459408	1.7403268000971298e-10	-3.5850051322303612e-09	16.96915806656915	231.46230856671079	3.9079603100609679e-09	success	success	62.021949846317852	2.0224964404388413e-10	203.75905363621578	74.827568433370701	-1.9581069638540155e-10	1.6454942580039824e-09	15.276877288918357	243.70548746730469	9.0528876222515229e-10	success	63.010027398771484	-7.5561337124209232e-11	204.26143242443052	73.324139247321739	-2.4489242058674609e-10	-2.1874970338556612e-09	15.31306169590041	243.50818899794095	5.6117808084050654e-10	success	61.205565672953384	2.3565300593640899e-10	203.3272099881008	76.105100412080333	1.188736812397621e-10	5.9219824224424616e-10	15.24771130488695	243.86075808170662	-1.0596721870600739e-09	success	60.985646476335063	-1.0523088508859927e-10	203.20811733615545	76.454963414427439	1.571063546781286e-10	-7.1229395973719778e-10	15.239966055957668	243.90140484336052	-4.2142272147646497e-09	success	61.205755112484155	61.205755112484155	0.94999999999999996	0.10758920354044028	700.82947811260749	4.3322204159370334e-11	0.13739276688112309	0.10000000000000001	0.58249784834936458	0.5707170664786082	0.00078122027230694024	2.9363354595465568e-35	0.00034873379339919427	0.002183706900896908	2.4752007712815973e-14	2.1365704802667051e-05	0.0038360717273911377	1.5370819198028298e-18	7.706025727641685e-22	1.0729918443938147	9.3072747392378027e-05	1.0730790423680434	0-(0)->1	nan	nan	nan	nan	nan	nan	nan	nan	nan	nan	nan	nan	nan	nan	nan	nan	nan	nan	nan	nan	nan	nan	nan	nan	nan	nan	nan	nan	nan	nan	nan	nan	nan	nan	nan	nan	nan	nan	nan	nan	nan	nan	nan	nan	nan	nan	nan	nan	nan	nan	nan	nan	nan	nan	nan	nan	nan	nan	nan	nan	nan	nan	nan	nan	nan	nan	nan	nan	nan	nan	nan	nan	nan	nan	nan	nan	nan	nan	nan	nan	nan	nan	nan	nan	nan	nan	nan	nan	nan	nan	nan	nan	nan	nan	nan	nan	nan	nan	nan	nan	nan	nan	nan	nan	nan	nan	nan	nan	nan	nan	nan	nan	nan	nan	nan	nan	nan	nan	nan	nan	nan	nan	nan	nan	nan	nan	nan	nan	nan	nan	nan	nan	nan	nan	nan	nan	nan	nan	nan	nan	nan	nan	nan	nan	nan	nan	nan	nan	single_step	1.073079042368043e+00	typeI_mH62-125/random_20260901_123251.md
1.192410000000000e+02	3.026060000000000e+02	3.083640000000000e+02	9.943790000000000e+02	1.330210000000000e-01	1.285860000000000e+01	1.082005853697239e+00	3.422961032834429e-02	success	0	0	0	true	2.569870475916190e-01	true	1.388119112758880e+01	true	3.272503710000000e-04	3.116438520000000e-09	1.310377733068261e+00	1.322987644943999e+00	true	1.527847567991726e+00	8.037202592858961e+01	2.495036593902968e+00	2.314192465485243e-01	true	true	7.770899663375112e-01	7.384318084644221e-01	4.459294156558544e-01	3.383386980393569e-04	1.267056449737979e+00	3.714792967485771e+00	3.595723245202130e-01	2.098156959075967e-04	ATLAS:2014vuz	CMS:2012qwq	CMS:2019qcx	ATLAS:2021upq	LHC8 [HW;HZ]>[bb]	LHC8 [vbfH;HW;Htt;H;HZ]>[bb;tautau;WW;ZZ;gamgam]	LHC13 [ggH]->X1->Z(X2->[bb])	LHC13 [Hpmtb>tb]	5.505215995267235e+00	true	all checks passed	1	4.106115520886561e+00	2.574461612566629e-01	2.991605094270567e+00	-1.416859477195858e+00	-1.300593852898152e+00	9.943790000000000e+02	1.285860000000000e+01	8506.8092803854215	1562.7382579950945	136.6717144766526	-4.8439459014221775	-0.057786067262695688	-0.033100716920916803	0	0.0012583489635616286	0	0	0	success	non_bfb	success	success	348.66800000000001	success	118.85025727706957	1.9477103878741438e-11	271.53664711484521	38.306915050433332	1.1366214510637689e-10	-3.4147706969336258e-09	21.366656090011297	214.65773958533859	8.2737415048916571e-09	success	success	75.234496797252177	-1.9686363693344663e-10	256.80781800484027	61.804463403402295	-2.534845581306289e-11	2.0143843321913188e-09	20.133133366818601	241.48138093127892	7.740493940348036e-10	success	76.696621009763533	1.9776980832903557e-10	257.41693110936245	60.687320405573132	1.3615246420906012e-10	1.5417424324917174e-09	20.177332802849005	241.05615476451274	2.1164556173045313e-09	success	73.965990279295838	8.7741060974987193e-11	256.2675284529621	62.800549048285433	2.711271639334326e-10	-8.4780622672488791e-10	20.095399105432726	241.83020928959732	3.0291931648907231e-10	success	73.609413281829902	7.5846919550289968e-11	256.11354346531209	63.085223444702649	-6.1579216784078941e-11	-2.7975331745922803e-09	20.084897232893667	241.92496095866295	-2.5225136673883412e-09	success	73.965345917652584	73.965345917652584	0.94999999999999996	0.09011443416328617	529.42074719771688	0	0.11914809286164296	0.10000000000000001	0.58356837438309173	0.57206509310103903	0.00071506043623222504	0	0.00030914348938368126	0.0019427043490389522	2.7543798985451252e-14	1.6270880398424165e-05	0.003400578383220494	1.5557792354790461e-18	0	1.081920912209797	9.1792467461546419e-05	1.0820058536972388	0-(0)->1	nan	nan	nan	nan	nan	nan	nan	nan	nan	nan	nan	nan	nan	nan	nan	nan	nan	nan	nan	nan	nan	nan	nan	nan	nan	nan	nan	nan	nan	nan	nan	nan	nan	nan	nan	nan	nan	nan	nan	nan	nan	nan	nan	nan	nan	nan	nan	nan	nan	nan	nan	nan	nan	nan	nan	nan	nan	nan	nan	nan	nan	nan	nan	nan	nan	nan	nan	nan	nan	nan	nan	nan	nan	nan	nan	nan	nan	nan	nan	nan	nan	nan	nan	nan	nan	nan	nan	nan	nan	nan	nan	nan	nan	nan	nan	nan	nan	nan	nan	nan	nan	nan	nan	nan	nan	nan	nan	nan	nan	nan	nan	nan	nan	nan	nan	nan	nan	nan	nan	nan	nan	nan	nan	nan	nan	nan	nan	nan	nan	nan	nan	nan	nan	nan	nan	nan	nan	nan	nan	nan	nan	nan	nan	nan	nan	nan	nan	nan	single_step	1.082005853697239e+00	typeI_mH62-125/random_20260816_190708.md
1.149990000000000e+02	3.037600000000000e+02	3.116670000000000e+02	9.136910000000000e+02	1.544190000000000e-01	1.281350000000000e+01	5.878149777841640e+01	1.769240647891988e+00	success	0	0	0	true	2.559998381028153e-01	true	1.503624784117624e+01	true	3.272518820000000e-04	3.116418450000000e-09	1.310195669091208e+00	1.323146854939389e+00	true	2.720114808020797e+00	8.037579745894388e+01	2.495238194797045e+00	2.313967263544045e-01	true	true	7.900782296030365e-01	7.315686849557498e-01	4.804468743789254e-01	3.137867806810282e-04	1.280729110212557e+00	3.680266986003446e+00	3.763544608470046e-01	1.945272751658263e-04	ATLAS:2014vuz	CMS:2012qwq	CMS:2019qcx	ATLAS:2021upq	LHC8 [HW;HZ]>[bb]	LHC8 [vbfH;HW;Htt;H;HZ]>[bb;tautau;WW;ZZ;gamgam]	LHC13 [ggH]->X1->Z(X2->[bb])	LHC13 [Hpmtb>tb]	6.097815195106165e+00	true	all checks passed	1	4.490428633312774e+00	2.564571880938888e-01	3.130464333755805e+00	-1.490905110163000e+00	-1.330082144699321e+00	9.136910000000000e+02	1.281350000000000e+01	9252.6138809852873	1746.0918546082678	155.25921641669669	-5.2720975933636369	-0.062389240861609421	-0.03914778296570269	0	0.0019705978975125297	0	0	0	success	non_bfb	success	success	325.05000000000001	success	97.899116898845307	-2.2337525330435109e-11	252.23955924374744	42.800623018336672	-1.0214872100765073e-10	3.1097208441998717e-09	22.080564694318664	233.40947556441472	6.6785278503165209e-10	success	success	44.161185403018621	-4.9706925646097908e-11	235.49766559868016	76.060856278148364	-1.7818666580304819e-12	-1.7136646324403025e-10	19.554973125664681	245.8480417204882	-3.6283619071800781e-10	success	47.222536283368136	-4.0240992485685209e-12	236.52845769875285	73.846618144979516	2.1521414103835849e-11	9.6106013817314328e-10	19.626735085515211	245.77939272215841	1.0789083418901244e-09	success	43.341924736151881	7.1635425272339342e-11	235.22347921613067	76.646565079556567	-9.3489795488893698e-11	6.3350207282122278e-10	19.536972942000038	245.85956484977117	-5.399290200195318e-10	success	42.676425033503079	-8.7680203846627805e-11	235.00155837538856	77.119441967102006	1.3821439029550911e-10	1.524861579465318e-10	19.522719062109385	245.86698311955158	1.3790949634470657e-09	success	43.342057487909358	43.342057487909358	0.94999999999999996	0.59405644744413466	158.0636116606224	0	0.47687662973880773	0.10000000000000001	0.59021517111129695	0.57714318532378606	0.00012390844759130001	0	5.7332058839647617e-05	0.00036519015982692062	2.187811157789286e-11	1.2817662498292548e-05	0.00063065264723612385	5.0568136581029311e-15	0	58.738792209748851	0.051967385872226449	58.781497778416401	0-(0)->1	nan	nan	nan	nan	nan	nan	nan	nan	nan	nan	nan	nan	nan	nan	nan	nan	nan	nan	nan	nan	nan	nan	nan	nan	nan	nan	nan	nan	nan	nan	nan	nan	nan	nan	nan	nan	nan	nan	nan	nan	nan	nan	nan	nan	nan	nan	nan	nan	nan	nan	nan	nan	nan	nan	nan	nan	nan	nan	nan	nan	nan	nan	nan	nan	nan	nan	nan	nan	nan	nan	nan	nan	nan	nan	nan	nan	nan	nan	nan	nan	nan	nan	nan	nan	nan	nan	nan	nan	nan	nan	nan	nan	nan	nan	nan	nan	nan	nan	nan	nan	nan	nan	nan	nan	nan	nan	nan	nan	nan	nan	nan	nan	nan	nan	nan	nan	nan	nan	nan	nan	nan	nan	nan	nan	nan	nan	nan	nan	nan	nan	nan	nan	nan	nan	nan	nan	nan	nan	nan	nan	nan	nan	nan	nan	nan	nan	nan	nan	single_step	5.878149777841640e+01	typeI_mH62-125/random_20260817_182439.md
1.108260000000000e+02	3.073770000000000e+02	3.084030000000000e+02	8.057300000000000e+02	1.249330000000000e-01	1.334280000000000e+01	3.878984740004778e+01	1.588718071081171e+00	success	0	0	0	true	2.559918699462660e-01	true	1.623313929522912e+01	true	3.272934800000000e-04	3.115920920000000e-09	1.305188394765652e+00	1.327096690768683e+00	true	3.636866886195390e-01	8.036548285655167e+01	2.494660311927583e+00	2.314509225398965e-01	true	true	7.904056151366072e-01	7.412869567584536e-01	9.393169879766880e-02	2.658653268818407e-04	1.280378342320691e+00	3.729156223079883e+00	1.286539803624117e-01	1.648717943435833e-04	ATLAS:2014vuz	CMS:2012qwq	CMS:2019ogx	ATLAS:2021upq	LHC8 [HW;HZ]>[bb]	LHC8 [vbfH;HW;Htt;H;HZ]>[bb;tautau;WW;ZZ;gamgam]	LHC13 [H]->X1->Z(X2->[bb])	LHC13 [Hpmtb>tb]	5.409556915776335e+00	true	all checks passed	1	4.921961572446350e+00	2.564492057020323e-01	3.109082700120353e+00	-1.403482047221917e+00	-1.382601940142797e+00	8.057300000000000e+02	1.334280000000000e+01	9662.8201032490433	1765.4502937292884	154.60881667936545	-5.7630580232903226	-0.06227265297329667	-0.036718377060174376	0	-0.00074394630980286912	0	0	0	success	non_bfb	success	success	305.91199999999998	success	87.675231186575743	9.0287400496268072e-11	234.23496079609782	50.287863664029103	2.8276232523179351e-10	4.8718689304680383e-10	21.415381342486956	239.10388012311088	-1.2828480743917943e-09	success	success	43.706453648195556	2.9937483736693467e-11	218.16994474950397	88.612837875874803	-1.4081931324208588e-10	2.0260768575680106e-09	18.880193449388855	246.02206767559946	-6.7735680003965053e-10	success	45.80259714722466	4.5348467202004541e-12	219.08750682915317	86.502395857396067	1.3421602744746071e-10	-8.77212648740616e-10	18.940751259850416	245.999784064545	8.336625430362646e-10	success	42.922122271092086	5.8786599966569147e-11	217.82495239372579	89.396858918028727	-6.5236430042698281e-11	-2.8002766854009748e-09	18.858692118537125	246.02611903293999	4.6838353339417438e-09	success	42.476612619495882	1.9707343867951437e-11	217.62874380841882	89.840385925711985	-1.2120746267423334e-11	3.1251696953071068e-10	18.846754605649704	246.02745433381335	-1.2210106578995702e-09	success	42.921909124960166	42.921909124960166	0.94999999999999996	0.4658178392375909	238.85327069516211	2.6517748916257849e-11	0.41860108476158614	0.10000000000000001	0.58990839257527161	0.57795340638556691	0.00018539139981294561	1.0282330072746444e-33	8.401296345818382e-05	0.0005363059133931177	6.6340436215946698e-12	1.6250278235755008e-05	0.00092414259804002221	1.2939909640840763e-15	3.5973550616286538e-21	38.770141319997421	0.023823767297011814	38.789847400047783	0-(0)->1	nan	nan	nan	nan	nan	nan	nan	nan	nan	nan	nan	nan	nan	nan	nan	nan	nan	nan	nan	nan	nan	nan	nan	nan	nan	nan	nan	nan	nan	nan	nan	nan	nan	nan	nan	nan	nan	nan	nan	nan	nan	nan	nan	nan	nan	nan	nan	nan	nan	nan	nan	nan	nan	nan	nan	nan	nan	nan	nan	nan	nan	nan	nan	nan	nan	nan	nan	nan	nan	nan	nan	nan	nan	nan	nan	nan	nan	nan	nan	nan	nan	nan	nan	nan	nan	nan	nan	nan	nan	nan	nan	nan	nan	nan	nan	nan	nan	nan	nan	nan	nan	nan	nan	nan	nan	nan	nan	nan	nan	nan	nan	nan	nan	nan	nan	nan	nan	nan	nan	nan	nan	nan	nan	nan	nan	nan	nan	nan	nan	nan	nan	nan	nan	nan	nan	nan	nan	nan	nan	nan	nan	nan	nan	nan	nan	nan	nan	nan	single_step	3.878984740004778e+01	typeI_mH62-125/random_20260818_171842.md
1.202600000000000e+02	3.188880000000000e+02	3.058320000000000e+02	9.930280000000000e+02	1.349250000000000e-01	1.335770000000000e+01	7.968216119678599e+00	9.013611048221397e-01	not_set	0	0	0	true	0.25710860873507935	true	12.870624215027046	true	0.000327290543	3.11595541e-09	1.305541615609004	1.326822688564423	true	4.343761840115425				true	true	0.7514990555512124	0.738360179636631	0.5217673050444883	0.0003044074569517246	2.2359377145288053	3.7144326278271893	0.4146590804452154	0.00018881951113968321	CMS:2013zmy	CMS:2012qwq	CMS:2019qcx	ATLAS:2021upq	LHC8 [ggH,vbfH,HW,HZ]>[WW]	LHC8 [vbfH,HW,Htt,H,HZ]>[bb,tautau,WW,ZZ,gamgam]	LHC13 [ggH]->X1->Z(X2->[bb])	LHC13 [Hpmtb>tb]	5.495032206835958	true	all checks passed	1	3.701602884982493e+00	2.575679395720882e-01	2.923394502975230e+00	-1.190395210308326e+00	-1.459955138922246e+00	9.930280000000000e+02	1.335770000000000e+01	7941.5941372617135	1674.0198077622968	105.52134114345181	-4.3438654466912778	-0.061585289243074853	-0.035063795385487907	0	-0.0065623755072830407	0	0	0	success	ew_sym_res	success	success	773.68499999999995	success	308.92726932866896	2.3107087233412549e-12	1.7001059738501996e-07	-3.1877666650936716e-09	8.0888000903451856e-10	-1.2025640123894579e-09	311.48092387385509	10.295862473678882	3.9309655170399636e-10	success	not_met	nan	nan	nan	nan	nan	nan	nan	nan	nan	not_met	nan	nan	nan	nan	nan	nan	nan	nan	nan	not_met	nan	nan	nan	nan	nan	nan	nan	nan	nan	not_met	nan	nan	nan	nan	nan	nan	nan	nan	nan	not_set	nan	nan	nan	nan	nan	nan	nan	nan	nan	nan	nan	nan	nan	nan	nan	nan	nan	nan	nan	nan	nan	nan	0-(1)->2	success	154.08229044699715	2.3107087233412549e-12	1.7001059738501996e-07	-3.1877666650936716e-09	8.0888000903451856e-10	-2.8779883543872447e-08	9.2751200797784161	92.62024968547756	-4.1164837542675404e-08	success	success	153.79387551204945	2.3107087233412549e-12	1.7001059738501996e-07	-3.1877666650936716e-09	8.0888000903451856e-10	-1.5643907384136093e-08	10.055474501703602	99.617407918413164	1.8802857290550423e-08	success	153.80451638727243	2.3107087233412549e-12	1.7001059738501996e-07	-3.1877666650936716e-09	8.0888000903451856e-10	-4.7155700834481798e-08	10.031022223086067	99.399018293329618	-2.4617187213403517e-08	success	153.74325790282083	2.3107087233412549e-12	1.7001059738501996e-07	-3.1877666650936716e-09	8.0888000903451856e-10	2.8699028731610838e-08	10.168573491979586	100.62693164589034	8.5425336050620271e-09	success	153.73837739227253	2.3107087233412549e-12	1.7001059738501996e-07	-3.1877666650936716e-09	8.0888000903451856e-10	-3.0865259138123643e-08	10.179210970435941	100.72183411319929	7.837602351422685e-08	success	153.74325790282083	153.74325790282083	0.94999999999999996	0.00081692555267474454	79691.727519233245	0	0.0012939937859363128	0.10000000000000001	0.57743315195180067	0.57694792914097182	0.22524460650753361	0	0.10060752003353568	0.64050806507904579	1.3190016704863827e-24	5.4834858148536569e-05	1.1066827203688925	7.2986778672933939e-31	0	3.1800314493348556e-15	3.8849709262017406e-19	3.1802414391453042e-15	success	128.91832003652115	-1.2797668645288231e-11	291.67308619457935	30.505929659783749	-4.5720690195684821e-10	5.7140473088416286e-09	19.190422410179536	198.7564215202097	1.0344645001507342e-09	success	success	67.023276858566703	3.3559665143944612e-11	273.69544958936279	52.771101569216754	1.8616938772051007e-10	-5.767100553463915e-09	18.986346487877782	243.26614886651896	-2.3641495890675201e-09	success	69.526705082282746	-5.4543018960994031e-11	274.5096826096235	51.513335017702822	2.100211050328688e-10	-3.5377324123718661e-09	19.033644836605855	242.7236749859085	3.471044423199642e-09	success	65.549991889155265	1.4560824743622559e-11	273.21262529635106	53.526524926902631	6.002907638128979e-11	2.718156053001501e-09	18.959071862005867	243.55503481296316	2.4510336169798589e-09	success	64.964167482985417	-2.4056533657839862e-11	273.01988409287566	53.829994237009799	-1.1195491858003558e-12	2.5562019983259483e-09	18.94835084829262	243.66385902646084	1.5389383266759975e-09	success	65.54998045420831	65.54998045420831	0.94999999999999996	0.17602495428498641	279.66910304824756	0	0.20699378158423287	0.10000000000000001	0.58509901516451646	0.57189170942238765	0.00033422979373245413	0	0.00014991975972798447	0.00094168638516239195	5.1106496218931985e-13	1.3994669415786145e-05	0.0016491173570078292	5.1410312757548072e-17	0	7.9665896331883568	0.0019073628011346672	7.9682161196785986	single_step	7.968216119678599e+00	typeI_mH62-125/random_20260813_154904.md
8.949110000000000e+01	3.076090000000000e+02	3.074960000000000e+02	7.088500000000000e+02	9.418530000000000e-02	8.623830000000000e+00	7.605321626836980e+00	8.811175849645545e-01	success	0	0	0	true	0.2543064743550055	true	10.814379618855583	true	0.000326508523	3.125419e-09	1.4012923480374784	1.2527089840784784	true	0.294990926204768				true	true	0.2872627528904759	0.7443780102068634	0.2872627528904759	0.0012468894426425918	0.3310805600887911	3.744706235255217	0.3310805600887911	0.000773304555043554	CMS:2019ogx	CMS:2012qwq	CMS:2019ogx	ATLAS:2021upq	LHC13 [H]->X1->Z(X2->[bb])	LHC8 [vbfH,HW,Htt,H,HZ]>[bb,tautau,WW,ZZ,gamgam]	LHC13 [H]->X1->Z(X2->[bb])	LHC13 [Hpmtb>tb]	4.340729130007276	true	all checks passed	1	2.772282466330671e+00	2.547607991102012e-01	3.246572285444356e+00	-1.458937877554669e+00	-1.461235017649850e+00	7.088500000000000e+02	8.623830000000000e+00	7689.7024597841992	1950.5848201357758	277.33404110460378	-2.8570582981653114	-0.066478764415322744	-0.014677648482591321	0	-0.001225666492186326	0	0	0	success	ew_sym_res	success	success	1060.9839999999999	success	185.77997718341959	-2.830722635395682e-09	1.3149567407438782e-08	2.1130702604720839e-09	-2.8309172329155555e-09	-1.4653420737518376e-11	255.68118894618658	20.60036117898499	4.633655850028272e-11	success	success	133.71596098131454	-2.830722635395682e-09	1.3149567407438782e-08	2.1130702604720839e-09	-2.8309172329155555e-09	-1.4874777147568163e-11	259.94965083031229	30.054234060976025	6.2568385005432381e-11	success	134.2651500188058	-2.830722635395682e-09	1.3149567407438782e-08	2.1130702604720839e-09	-2.8309172329155555e-09	1.0411404942406965e-12	259.97728370140095	29.923653237504659	-1.5931294999265668e-10	success	132.05643559686806	-2.830722635395682e-09	1.3149567407438782e-08	2.1130702604720839e-09	-2.8309172329155555e-09	2.8989076861403134e-11	259.8586669922862	30.454074251904132	-1.2308977987998125e-10	success	132.01547447554535	-2.830722635395682e-09	1.3149567407438782e-08	2.1130702604720839e-09	-2.8309172329155555e-09	1.2656047796021986e-10	259.85627989267329	30.464044583055241	-3.1859437924020713e-11	success	132.05643559686806	132.05643559686806	0.94999999999999996	0.0051646589071883218	9552.886508935826	0	0.0081486558474024307	0.10000000000000001	0.57735567126193044	0.57741366007641337	0.023176931804102484	0	0.0055466411009484221	0.03535629518101549	6.9940399723514916e-20	1.9033626200022359e-05	0.061013052110432654	2.7837657990760496e-25	0	2.8171651014316466e-07	2.6682190064755745e-12	2.8171888018671065e-07	0-(1)->2	success	139.42771117968357	-2.830722635395682e-09	1.3149567407438782e-08	2.1130702604720839e-09	-2.8309172329155555e-09	1.8288509740758087e-09	34.308894821475533	147.63101146297183	-3.4590275882176177e-10	success	success	137.28224948241262	-2.830722635395682e-09	1.3149567407438782e-08	2.1130702604720839e-09	-2.8309172329155555e-09	-1.703047080889991e-09	36.262939268272525	159.18398826930584	8.9819763098723474e-10	success	137.36563694182155	-2.830722635395682e-09	1.3149567407438782e-08	2.1130702604720839e-09	-2.8309172329155555e-09	-6.4278006983295659e-10	36.211714369661458	158.80418197034706	3.4060988566908011e-10	success	137.0207190886494	-2.830722635395682e-09	1.3149567407438782e-08	2.1130702604720839e-09	-2.8309172329155555e-09	3.3810145709234743e-09	36.41429813740185	160.3493877914739	3.4081504557532138e-09	success	136.98837288416581	-2.830722635395682e-09	1.3149567407438782e-08	2.1130702604720839e-09	-2.8309172329155555e-09	-2.0724463514451504e-10	36.432078864859093	160.49091678546054	3.1961851405565492e-11	success	137.02070152935482	137.02070152935482	0.94999999999999996	0.0030076475844269786	10895.271583140591	0	0.0047006265583156353	0.10000000000000001	0.57736565852980437	0.57577001314827303	0.027431928546702782	0	0.012032525106617859	0.076362793288235226	3.2457541979043516e-21	2.3957542570432916e-05	0.13235777617279645	7.2178622669704106e-27	0	2.4417681820985714e-09	3.2078873972690596e-14	2.4417925973006703e-09	success	100.45714638446208	1.6102957761648026e-11	256.08727625307472	39.872381186075735	-2.2992190562710175e-11	1.1521626593354255e-09	32.932240364764553	225.64720294796058	-1.3298949697770652e-09	success	success	52.384145032146606	1.0884799801314589e-11	242.68374814460282	65.661207922311675	2.2755888581267777e-11	-2.9037290822276051e-10	28.958200812143982	244.11637779783908	6.0726494076290363e-10	success	54.108509370849283	-5.0140004271977376e-11	243.37104953421058	64.359971458418698	9.3959721056071606e-11	7.0119067181027507e-10	29.018046257572639	243.94614290754723	9.9890205691550678e-10	success	51.473186383971395	-7.8681502842690421e-12	242.31128088664303	66.363657069475849	1.0366630900111164e-11	-1.2309801678906528e-10	28.928379082585696	244.19705560027802	-2.0486541908170369e-10	success	51.10813676329888	2.6960337174534357e-12	242.16012438306123	66.64813726924028	5.1233206802478663e-11	-8.1912136727302712e-11	28.916767252475978	244.22765587269015	1.4965380233592774e-09	success	51.473156764982889	51.473156764982889	0.94999999999999996	0.20600476759567421	358.05745733322686	0	0.23401650800076532	0.10000000000000001	0.58299624823945728	0.5722457013116844	0.00033443941581235283	0	0.00014756129511185603	0.00092774080164689365	4.993624022174023e-13	1.5646099740974281e-05	0.0016231742462304165	5.4470208496845057e-17	0	7.6036269929643909	0.0019893783235583442	7.6053216268369743	single_step	7.605321626836980e+00	typeI_mH62-125/random_20260813_231224.md
1.043480000000000e+02	3.729490000000000e+02	3.753250000000000e+02	9.277580000000000e+02	1.404430000000000e-01	9.289210000000001e+00	1.632926015607177e+02	2.212966508226299e+00	success	0	0	0	true	2.542884284573534e-01	true	1.470516914513877e+01	true	3.268912530000000e-04	3.120689200000000e-09	1.354007462354597e+00	1.289483983313197e+00	true	9.001657424044897e-01	8.036926039397765e+01	2.494860165471237e+00	2.314249711569573e-01	true	true	4.870131290781421e-01	7.307393661915564e-01	4.870131290781421e-01	5.401376730259552e-04	7.687070774654994e-01	3.676094972450243e+00	7.687070774654994e-01	3.497785246170576e-04	ATLAS-CONF-2023-034-Fig5-bot	CMS:2012qwq	ATLAS-CONF-2023-034-Fig5-bot	ATLAS:2021upq	LHC13 [ggH]->X1->Z(X2->[bb])	LHC8 [vbfH;HW;Htt;H;HZ]>[bb;tautau;WW;ZZ;gamgam]	LHC13 [ggH]->X1->Z(X2->[bb])	LHC13 [Hpmtb>tb]	4.562224289910944e+00	true	all checks passed	1	3.686950967610940e+00	2.547427209731102e-01	4.686635808176343e+00	-2.213112911574480e+00	-2.154354929421000e+00	9.277580000000000e+02	9.289210000000001e+00	14155.782657660096	5285.5239940481306	324.28883413148327	-4.2952091483648687	-0.19575169940346951	-0.22256164107881088	0	-0.0014544397807253052	0	0	0	success	non_bfb	success	success	275.23599999999999	success	96.337355788301124	-5.4832317612918131e-11	270.520099597637	40.804129304937355	-5.8817212168628151e-11	-2.1905121413617408e-09	30.766547144610811	238.81410418041978	-1.8931586747831853e-09	success	success	34.674052672303219	-1.0380307454701323e-11	250.03474390913325	70.444184985530867	4.8581918091113981e-11	9.158509624082484e-10	26.624975306315683	245.41011888562974	-5.5866393860059123e-10	success	40.028779043985494	6.2419418032604399e-11	251.56818072563001	67.820197962937144	-3.1541235047617231e-11	-5.7436896554810486e-11	26.742770284518734	245.56041577192372	-3.5000508183557511e-10	success	34.839134591430152	1.6473472799084935e-11	250.07947510811752	70.367675220022448	9.6003737828840502e-12	1.9621611327618655e-10	26.628199354051322	245.41521837721675	1.0421874023837845e-09	success	33.650764309178584	1.4385785981655753e-11	249.76167915730588	70.911002098863008	2.5684479308104321e-12	4.7530015803690136e-10	26.605303952766324	245.37806774694755	-1.3837541317362094e-09	success	34.838980414598723	43.407658468274491	0.94999999999999996	1.4099259110197375	60.489675457808971	0	0.7226254391113669	0.10000000000000001	0.59609937814424341	0.58420284283597435	4.7270938214155427e-05	0	2.6022371916958709e-05	0.0001688577331267053	3.7178223599210917e-10	8.9731735739250969e-06	0.00028624609108654579	1.393296409770407e-13	0	163.00705667712631	0.33704003487999018	163.29260156071771	0-(0)->1	nan	nan	nan	nan	nan	nan	nan	nan	nan	nan	nan	nan	nan	nan	nan	nan	nan	nan	nan	nan	nan	nan	nan	nan	nan	nan	nan	nan	nan	nan	nan	nan	nan	nan	nan	nan	nan	nan	nan	nan	nan	nan	nan	nan	nan	nan	nan	nan	nan	nan	nan	nan	nan	nan	nan	nan	nan	nan	nan	nan	nan	nan	nan	nan	nan	nan	nan	nan	nan	nan	nan	nan	nan	nan	nan	nan	nan	nan	nan	nan	nan	nan	nan	nan	nan	nan	nan	nan	nan	nan	nan	nan	nan	nan	nan	nan	nan	nan	nan	nan	nan	nan	nan	nan	nan	nan	nan	nan	nan	nan	nan	nan	nan	nan	nan	nan	nan	nan	nan	nan	nan	nan	nan	nan	nan	nan	nan	nan	nan	nan	nan	nan	nan	nan	nan	nan	nan	nan	nan	nan	nan	nan	nan	nan	nan	nan	nan	nan	single_step	1.632926015607177e+02	typeI_mH62-125/random_20260831_090924.md
1.259633910381938e+02	4.468877566679604e+02	4.387327165423279e+02	2.105284622252684e+03	9.873894353249906e-01	5.625258841427667e+00	1.539720799878282e+00	1.874419766382578e-01	success	95	266	1	true	2.595134129275825e-01	true	1.350529387755929e+01	true	3.302022670000000e-04	3.478456800000000e-09	9.788220663138227e-01	9.628887826872727e-03	true	4.052137885958015e+00	8.034545802742375e+01	2.493521078046210e+00	2.315600338510461e-01	true	true	7.833990202104387e-01	7.526838960018829e-01	3.008389065551986e-01	2.604548003556837e-03	3.941007331556728e+00	2.240403067360655e+00	2.435099766771036e-01	1.881397203125761e-03	CMS:2012qwq	CMS:2013zmy	ATLAS:2022enb	ATLAS:2021upq	LHC8 [vbfH;HW;Htt;H;HZ]>[bb;tautau;WW;ZZ;gamgam]	LHC8 [ggH;vbfH;HW;HZ]>[WW]	LHC13 [H]->X1->Z(X2->[bb])	LHC13 [Hpmtb>tb]	5.847627650550294e+00	true	all checks passed	1	2.170591025205450e+00	2.599770400062770e-01	6.159230384487279e+00	-2.859526398548440e+00	-3.098216017661122e+00	2.105284622252684e+03	5.625258841427667e+00	19100.489704517142	10332.018878697549	695.21823882239312	-2.5514096325660862	-0.45757442506696117	-0.50440148261874185	0	0.011604340431999396	0	0	0	success	non_bfb	success	success	563.91899999999998	success	119.44834269569185	0	0	0	0	-7.4926979902050708e-10	47.515232239955893	229.433995757498	-4.6823704927195659e-10	success	not_met	nan	nan	nan	nan	nan	nan	nan	nan	nan	success	64.341944887915375	0	0	0	0	-2.8112903643986097e-10	44.198547162847184	243.14821076174763	-1.2731639283704305e-10	success	53.636920637901213	0	0	0	0	1.1716229259101465e-10	43.809528222778042	243.43947342900094	1.6186965261572806e-10	success	50.370117201138271	0	0	0	0	-5.7699691747758035e-10	43.710544862501933	243.44032100500897	-2.7428289900354287e-10	success	53.636919712343328	53.636919712343328	0.94999999999999996	0.15563883555980049	15.123792794674261	0	0.19446179337303893	0.10000000000000001	0.58059920541701748	0.57685660147041551	1.4733393468956384e-05	0	1.7983287317705218e-05	0.00011446084145627362	9.6942284112381443e-12	1.5434068177110765e-06	0.00019781616049475739	1.7093957479618032e-15	0	1.5380815273684245	0.0019052152523100852	1.5397207998782816	0-(0)->1	nan	nan	nan	nan	nan	nan	nan	nan	nan	nan	nan	nan	nan	nan	nan	nan	nan	nan	nan	nan	nan	nan	nan	nan	nan	nan	nan	nan	nan	nan	nan	nan	nan	nan	nan	nan	nan	nan	nan	nan	nan	nan	nan	nan	nan	nan	nan	nan	nan	nan	nan	nan	nan	nan	nan	nan	nan	nan	nan	nan	nan	nan	nan	nan	nan	nan	nan	nan	nan	nan	nan	nan	nan	nan	nan	nan	nan	nan	nan	nan	nan	nan	nan	nan	nan	nan	nan	nan	nan	nan	nan	nan	nan	nan	nan	nan	nan	nan	nan	nan	nan	nan	nan	nan	nan	nan	nan	nan	nan	nan	nan	nan	nan	nan	nan	nan	nan	nan	nan	nan	nan	nan	nan	nan	nan	nan	nan	nan	nan	nan	nan	nan	nan	nan	nan	nan	nan	nan	nan	nan	nan	nan	nan	nan	nan	nan	nan	nan	single_step	1.539720799878282e+00	typeI_mH125-220/async_mcmc_20260903_212216.md
1.260687305159004e+02	4.805352800001158e+02	4.750065468072670e+02	1.859112207036057e+03	9.638734030686109e-01	6.554753290278581e+00	1.217915533185157e+02	2.085617169459725e+00	success	0	0	0	true	2.590101390142842e-01	true	1.605508052151993e+01	true	3.309225650000000e-04	3.469095930000000e-09	9.052455849840048e-01	4.335963645242537e-03	true	2.183689904308041e+00	8.035025186477309e+01	2.493800604565850e+00	2.315334731216558e-01	true	true	5.282912624865607e-01	7.513641572421431e-01	8.287971565446275e-01	1.112557152671065e-03	3.130614888809248e+00	2.237041803060539e+00	1.216640146422334e+00	8.576349403696579e-04	CMS:2013fjq	CMS:2013zmy	ATLAS:2022enb	ATLAS:2021upq	LHC8 [vbfH;HW;Htt;H;HZ]>[ZZ]	LHC8 [ggH;vbfH;HW;HZ]>[WW]	LHC13 [H]->X1->Z(X2->[bb])	LHC13 [Hpmtb>tb]	6.137464704258093e+00	true	all checks passed	1	2.690638643019243e+00	2.594728669817861e-01	7.254339023861236e+00	-3.435102018324212e+00	-3.609698350369469e+00	1.859112207036057e+03	6.554753290278581e+00	25627.30581551481	14464.816879289494	690.40675754023096	-3.8817972062018522	-0.69654309638144474	-0.83031419625482972	0	0.014863931965927391	0	0	0	success	non_bfb	success	success	590.63999999999999	success	123.70662675418407	-5.1871622972069074e-11	361.30672545222637	34.89478926575692	2.0217189287207226e-10	-1.3520940617542688e-09	45.05380758398109	242.6946568416198	-7.3082602309478552e-10	success	success	50.538954950780905	-3.5369769606642544e-11	335.3507566522274	52.162481447698539	-2.5134683266456162e-11	1.9079707097026145e-09	37.899653844327865	245.23129480170766	6.9282657295825957e-10	success	57.28757600036927	9.8818213280824251e-12	337.02223750637557	50.635763332398902	1.1719821865159282e-10	-2.4608509474753889e-10	38.179492862808942	245.54477803946153	4.9801324822907747e-11	success	49.933220130857421	6.0860406452091336e-12	335.21189168542469	52.292727272841546	1.5449874846716319e-11	1.9204867054918283e-09	37.877185399896689	245.20008265533266	1.0869034072282705e-10	success	48.22020622878297	6.166903674984122e-12	334.82958545869917	52.654077503278309	-6.5440074061844494e-11	6.1772436738992623e-10	37.815885740682951	245.10957443888287	9.0805395119649484e-11	success	49.933214969414749	49.933214969414749	0.94999999999999996	0.9140350547981172	58.652292107047401	0	0.59750254634608058	0.10000000000000001	0.59914271575580436	0.58075575155360382	5.3110905680877996e-05	0	2.9924976551781507e-05	0.00019247915061512111	1.9967766839152451e-10	8.4772784173249516e-06	0.00032917474206959658	6.3505265364349999e-14	0	121.62123733509041	0.20276616431840672	121.79155331851568	0-(0)->1	nan	nan	nan	nan	nan	nan	nan	nan	nan	nan	nan	nan	nan	nan	nan	nan	nan	nan	nan	nan	nan	nan	nan	nan	nan	nan	nan	nan	nan	nan	nan	nan	nan	nan	nan	nan	nan	nan	nan	nan	nan	nan	nan	nan	nan	nan	nan	nan	nan	nan	nan	nan	nan	nan	nan	nan	nan	nan	nan	nan	nan	nan	nan	nan	nan	nan	nan	nan	nan	nan	nan	nan	nan	nan	nan	nan	nan	nan	nan	nan	nan	nan	nan	nan	nan	nan	nan	nan	nan	nan	nan	nan	nan	nan	nan	nan	nan	nan	nan	nan	nan	nan	nan	nan	nan	nan	nan	nan	nan	nan	nan	nan	nan	nan	nan	nan	nan	nan	nan	nan	nan	nan	nan	nan	nan	nan	nan	nan	nan	nan	nan	nan	nan	nan	nan	nan	nan	nan	nan	nan	nan	nan	nan	nan	nan	nan	nan	nan	single_step	1.217915533185157e+02	typeI_mH125-220/random_20260824_135839.md
1.273976772493608e+02	4.183083096589386e+02	4.146980254376352e+02	1.643524056234264e+03	9.863531051216402e-01	8.428842302351233e+00	3.559040422854854e+01	1.551332920659960e+00	success	2	56	1	true	2.581245115603980e-01	true	1.380366787254249e+01	true	3.267957220000000e-04	3.121781370000000e-09	1.365733965377522e+00	1.280944935541936e+00	true	7.096935789911992e-01	8.035623481908563e+01	2.494151637301493e+00	2.315030322427229e-01	true	true	7.703303502305734e-01	7.529537740656657e-01	6.685604337077004e-01	6.473718714391163e-04	3.875263409397482e+00	2.241560684838649e+00	4.366635465352167e-01	4.536557023305893e-04	CMS:2012qwq	CMS:2013zmy	ATLAS:2022enb	ATLAS:2021upq	LHC8 [vbfH;HW;Htt;H;HZ]>[bb;tautau;WW;ZZ;gamgam]	LHC8 [ggH;vbfH;HW;HZ]>[WW]	LHC13 [H]->X1->Z(X2->[bb])	LHC13 [Hpmtb>tb]	5.796044049208206e+00	true	all checks passed	1	2.828443984294997e+00	2.585856573327270e-01	5.455503627267890e+00	-2.559968759845326e+00	-2.659360313412810e+00	1.643524056234264e+03	8.428842302351233e+00	16272.451370839781	7709.1033287279506	336.85377693112019	-3.6303394588404041	-0.32291371649816081	-0.3842807932804671	0	0.0024374615888939871	0	0	0	success	non_bfb	success	success	269.40899999999999	success	138.3128726799751	-1.5463430259143481e-10	362.45040020642227	30.168030430503975	-8.4796101040511841e-11	9.0231829444613237e-10	31.99641299446731	211.92573402415061	-2.3007520444268977e-09	success	success	66.487596144210784	-7.4322608351799625e-12	334.78288688406093	45.965286966723319	-3.6406253948742787e-11	5.8068167280101212e-11	29.89037283813207	244.90205930956867	-1.0676871843316406e-09	success	70.105748050501518	1.5084699569319567e-11	335.97935382802768	45.025235955712233	-3.5761225047986914e-12	-1.7841386432239919e-10	30.006289709817384	244.60300973870275	2.2299922939228595e-09	success	64.772503974907892	-1.9276573133186767e-11	334.23097182071916	46.409556012284234	-9.1450592423931871e-11	-6.4560131694645637e-10	29.838185792403266	245.01787011255911	1.3524186429418692e-09	success	63.889668116694608	-8.6365933541067853e-12	333.95092721042107	46.637600973794306	3.6141110749378161e-11	1.0775857185228214e-10	29.812017110646217	245.07128986058103	-3.9358160974605838e-10	success	64.772235634942547	64.772235634942547	0.94999999999999996	0.31536607198246414	177.67858920770576	0	0.32259544837984255	0.10000000000000001	0.59088202956092883	0.5751159868579484	0.00020978706581084377	0	9.7301583436985853e-05	0.00061643402375570488	4.6915592203082701e-12	1.4350910557505377e-05	0.0010703174178068443	7.4264961506823954e-16	0	35.576545702698766	0.016708336721435374	35.590404228548543	0-(0)->1	nan	nan	nan	nan	nan	nan	nan	nan	nan	nan	nan	nan	nan	nan	nan	nan	nan	nan	nan	nan	nan	nan	nan	nan	nan	nan	nan	nan	nan	nan	nan	nan	nan	nan	nan	nan	nan	nan	nan	nan	nan	nan	nan	nan	nan	nan	nan	nan	nan	nan	nan	nan	nan	nan	nan	nan	nan	nan	nan	nan	nan	nan	nan	nan	nan	nan	nan	nan	nan	nan	nan	nan	nan	nan	nan	nan	nan	nan	nan	nan	nan	nan	nan	nan	nan	nan	nan	nan	nan	nan	nan	nan	nan	nan	nan	nan	nan	nan	nan	nan	nan	nan	nan	nan	nan	nan	nan	nan	nan	nan	nan	nan	nan	nan	nan	nan	nan	nan	nan	nan	nan	nan	nan	nan	nan	nan	nan	nan	nan	nan	nan	nan	nan	nan	nan	nan	nan	nan	nan	nan	nan	nan	nan	nan	nan	nan	nan	nan	single_step	3.559040422854854e+01	typeI_mH125-220/async_mcmc_20260903_011320.md
1.275197120135775e+02	4.192337201725672e+02	4.136987709912687e+02	1.647912951981349e+03	9.856694526419978e-01	8.397092722901705e+00	6.027095968558137e+00	7.801081067298018e-01	success	2	219	1	true	2.581355647803122e-01	true	1.386306733165643e+01	true	3.267850950000000e-04	3.121909610000000e-09	1.367041562767384e+00	1.279944161835338e+00	true	1.584398687233873e+00	8.035219152934994e+01	2.493923815047259e+00	2.315248119888806e-01	true	true	7.700171316263693e-01	7.529707433433256e-01	7.193554163875527e-01	6.636832149973357e-04	3.873687715806218e+00	2.241676047527980e+00	4.646783186846054e-01	4.645713039555543e-04	CMS:2012qwq	CMS:2013zmy	ATLAS:2022enb	ATLAS:2021upq	LHC8 [vbfH;HW;Htt;H;HZ]>[bb;tautau;WW;ZZ;gamgam]	LHC8 [ggH;vbfH;HW;HZ]>[WW]	LHC13 [H]->X1->Z(X2->[bb])	LHC13 [Hpmtb>tb]	5.847191612549409e+00	true	all checks passed	1	2.861991871491315e+00	2.585967302994897e-01	5.428896831358220e+00	-2.520036159312264e+00	-2.672400459994537e+00	1.647912951981349e+03	8.397092722901705e+00	16351.813886549173	7684.2963008775396	344.41594633052125	-3.666039550360106	-0.32154380234791319	-0.38516331789054403	0	0.0043964018423170888	0	0	0	success	non_bfb	success	success	240.84700000000001	success	141.40240950528073	1.4051699727410117e-11	359.16776707586348	30.851680827288227	1.4106883838546231e-10	2.7586230404607632e-09	31.945764093406613	207.61502405022193	3.1472985175133351e-09	success	success	79.879360774127036	2.3238999923926403e-12	333.34214394044176	45.46972975095273	-6.7064964021834772e-11	-2.5938480098095674e-09	30.486974006582408	243.39750925424045	9.3708026370315624e-10	success	82.207072288699493	-8.9465629175397335e-12	334.29401912974595	44.758729245707009	-3.0055175728599299e-11	-1.6270764005978616e-09	30.579932494645252	243.0096189803842	-1.8517482901738039e-09	success	78.105331516674255	-2.9113019819253878e-13	332.62082943693639	46.019515699855951	-1.913174714241788e-11	1.08387079874328e-09	30.418118584770259	243.66675925071067	1.0061397318786833e-09	success	77.517680388636251	-1.753770099455011e-11	332.38273728144088	46.203096362668909	3.711518924353286e-11	4.0231637512283911e-10	30.395700848958157	243.75105010787547	-1.6411111771469358e-09	success	78.10542654508464	78.10542654508464	0.94999999999999996	0.14536396467811466	331.69015296884737	0	0.18127813679022059	0.10000000000000001	0.58804891519856561	0.57462074158950682	0.00047339849154472158	0	0.00021255150385451061	0.0013447994537365505	2.3149157517276494e-13	1.7097782341272236e-05	0.0023380665423996167	2.0023696923846443e-17	0	6.0262160584911877	0.00099097800833136272	6.0270959685581369	0-(0)->1	nan	nan	nan	nan	nan	nan	nan	nan	nan	nan	nan	nan	nan	nan	nan	nan	nan	nan	nan	nan	nan	nan	nan	nan	nan	nan	nan	nan	nan	nan	nan	nan	nan	nan	nan	nan	nan	nan	nan	nan	nan	nan	nan	nan	nan	nan	nan	nan	nan	nan	nan	nan	nan	nan	nan	nan	nan	nan	nan	nan	nan	nan	nan	nan	nan	nan	nan	nan	nan	nan	nan	nan	nan	nan	nan	nan	nan	nan	nan	nan	nan	nan	nan	nan	nan	nan	nan	nan	nan	nan	nan	nan	nan	nan	nan	nan	nan	nan	nan	nan	nan	nan	nan	nan	nan	nan	nan	nan	nan	nan	nan	nan	nan	nan	nan	nan	nan	nan	nan	nan	nan	nan	nan	nan	nan	nan	nan	nan	nan	nan	nan	nan	nan	nan	nan	nan	nan	nan	nan	nan	nan	nan	nan	nan	nan	nan	nan	nan	single_step	6.027095968558137e+00	typeI_mH125-220/async_mcmc_20260903_011320.md
1.809624379048604e+02	4.665611026909511e+02	4.732693168565889e+02	3.443327738128714e+03	9.974870572858979e-01	9.377122522557237e+00	2.155225975111000e+00	3.334928125935515e-01	success	155	195	1	true	2.548973480973688e-01	true	1.161361487190232e+01	true	3.316937470000000e-04	3.459196040000000e-09	8.296575980609711e-01	1.005554716784796e-03	true	3.681852184287709e+00	8.037811363755641e+01	2.495409123590797e+00	2.313890439674241e-01	true	true	7.715572109107340e-01	2.035310065533232e-02	7.471814592878411e-03	3.586186245805635e-04	3.881435317723348e+00	1.738012466340156e-02	8.223658043946478e-03	2.753841657598729e-04	CMS:2012qwq	CMS:2013yea	ATLAS:2022enb	ATLAS:2021upq	LHC8 [vbfH;HW;Htt;H;HZ]>[bb;tautau;WW;ZZ;gamgam]	LHC8 [vbfH>WW]	LHC13 [H]->X1->Z(X2->[bb])	LHC13 [Hpmtb>tb]	5.505944682301845e+00	true	all checks passed	1	6.429677339735593e-01	2.553527284630008e-01	6.768115323037945e+00	-3.265792827845849e+00	-3.057431940354736e+00	3.443327738128714e+03	9.377122522557237e+00	13900.285895914443	11564.943849766029	90.531078857002058	-0.84618961996104081	-0.57511920679182993	-0.53588337965056521	0	-0.019357351863066839	0	0	0	success	ew_sym_res	success	success	569.82899999999995	success	108.48523001115294	1.1328211692199657e-08	6.1102652798416667e-08	2.4193775292510218e-09	1.1073960850818017e-08	2.9181882697592224e-09	26.543994174840975	231.68412413327496	-2.8892774763531932e-09	success	success	56.16014862065559	-1.1362116277182026e-10	2.1172594862754524e-11	-4.2008544872686124e-12	-1.5410111403149126e-10	5.6729150360206373e-10	26.273489521323814	245.24337682005313	-1.3065864549328465e-09	success	62.723418864605712	-1.1362116277182026e-10	2.1172594862754524e-11	-4.2008544872686124e-12	-1.5410111403149126e-10	1.5741549458413283e-11	26.316095270029457	244.8217932424881	-3.3113249982165887e-10	success	55.487231727309833	-1.1362116277182026e-10	2.1172594862754524e-11	-4.2008544872686124e-12	-1.5410111403149126e-10	-1.8107693699312595e-09	26.269339659795971	245.27353365294212	-2.2030965979129031e-09	success	53.910415742682275	-1.1362116277182026e-10	2.1172594862754524e-11	-4.2008544872686124e-12	-1.5410111403149126e-10	8.8297624241324586e-10	26.25980386710108	245.33557758913483	1.6095813411608548e-09	success	55.487229544959376	55.487229544959376	0.94999999999999996	0.1323904560288901	71.26208214762157	0	0.16868017264295629	0.10000000000000001	0.58076976256420243	0.57517535501401063	7.187219444366365e-05	0	3.9849877250204625e-05	0.00025250062858799926	1.8345850329624633e-12	2.9678060157925074e-06	0.00043834864975225083	2.1123894994765178e-16	0	2.1542696125198226	0.0011580763883390541	2.1552259751109997	0-(0)->1	nan	nan	nan	nan	nan	nan	nan	nan	nan	nan	nan	nan	nan	nan	nan	nan	nan	nan	nan	nan	nan	nan	nan	nan	nan	nan	nan	nan	nan	nan	nan	nan	nan	nan	nan	nan	nan	nan	nan	nan	nan	nan	nan	nan	nan	nan	nan	nan	nan	nan	nan	nan	nan	nan	nan	nan	nan	nan	nan	nan	nan	nan	nan	nan	nan	nan	nan	nan	nan	nan	nan	nan	nan	nan	nan	nan	nan	nan	nan	nan	nan	nan	nan	nan	nan	nan	nan	nan	nan	nan	nan	nan	nan	nan	nan	nan	nan	nan	nan	nan	nan	nan	nan	nan	nan	nan	nan	nan	nan	nan	nan	nan	nan	nan	nan	nan	nan	nan	nan	nan	nan	nan	nan	nan	nan	nan	nan	nan	nan	nan	nan	nan	nan	nan	nan	nan	nan	nan	nan	nan	nan	nan	nan	nan	nan	nan	nan	nan	single_step	2.155225975111000e+00	typeI_mH125-220/async_mcmc_20260903_212216.md
1.697511118271358e+02	4.691698087986972e+02	4.684929980684309e+02	5.354736328209370e+03	9.987405993798280e-01	4.875048632326912e+00	2.214793526880515e+00	3.453332455405543e-01	success	151	339	1	true	2.549067215893722e-01	true	1.200884195707935e+01	true	3.296610510000000e-04	3.485354230000000e-09	1.035997087048760e+00	1.486232555163999e-02	true	2.229977941764832e-01	8.036201754294143e+01	2.494460779386697e+00	2.314743207430747e-01	true	true	7.771201847338629e-01	3.002130257412843e-01	3.002130257412843e-01	4.611529604386303e-03	3.909420699446597e+00	6.718572265123149e-01	6.718572265123149e-01	3.505491859263242e-03	CMS:2012qwq	ATLAS:2020gxx	ATLAS:2020gxx	ATLAS:2021upq	LHC8 [vbfH;HW;Htt;H;HZ]>[bb;tautau;WW;ZZ;gamgam]	LHC13 [ggH]->X1->Z(X2->[bb])	LHC13 [ggH]->X1->Z(X2->[bb])	LHC13 [Hpmtb>tb]	5.894512675216077e+00	true	all checks passed	1	9.854412682955592e-01	2.553621187009776e-01	6.638425520988397e+00	-3.166899208181154e+00	-3.187872843221779e+00	5.354736328209370e+03	4.875048632326912e+00	16144.498467700723	11468.61923175521	430.6088284802903	-1.2582605687952761	-0.56505360569803731	-0.56191404935809941	0	0.00061180725844497399	0	1.3969838619232178e-09	0	success	ew_sym_res	success	success	560.36000000000001	success	110.84303314961315	6.875349643880283e-09	1.9887006745802921e-08	1.37144831674187e-08	1.1242656733519666e-08	4.4910830606682384e-10	50.210686651160707	228.11259799726844	1.4107636094138301e-10	success	success	53.685860932188788	6.875349643880283e-09	1.9887006745802921e-08	1.37144831674187e-08	1.1242656733519666e-08	-5.2651210481824861e-10	49.843761600635233	241.79658947518476	4.9638646199930849e-11	success	62.290607759604335	6.875349643880283e-09	1.9887006745802921e-08	1.37144831674187e-08	1.1242656733519666e-08	-1.2690385593041643e-10	49.960896944826963	241.36636734412801	8.9179614628302605e-12	success	54.064471896905822	6.875349643880283e-09	1.9887006745802921e-08	1.37144831674187e-08	1.1242656733519666e-08	-9.6327709024900791e-10	49.848802376010596	241.78522904213114	-1.2741445839340566e-10	success	52.063251738578195	6.875349643880283e-09	1.9887006745802921e-08	1.37144831674187e-08	1.1242656733519666e-08	1.1594817349241473e-09	49.822386551416749	241.83825866519476	2.31361550991706e-10	success	54.064471896905822	54.064471896905822	0.94999999999999996	0.14674064659666847	47.94132428350067	0	0.18426667485361922	0.10000000000000001	0.58099583839617441	0.57587254891947115	4.7084478014737512e-05	0	2.9827314863773903e-05	0.00018934689929025052	3.7837722809180518e-12	2.4289939592300823e-06	0.00032810046350151295	5.1174371659052121e-16	0	2.2134348497611316	0.0016235372383182284	2.2147935268805146	0-(0)->1	nan	nan	nan	nan	nan	nan	nan	nan	nan	nan	nan	nan	nan	nan	nan	nan	nan	nan	nan	nan	nan	nan	nan	nan	nan	nan	nan	nan	nan	nan	nan	nan	nan	nan	nan	nan	nan	nan	nan	nan	nan	nan	nan	nan	nan	nan	nan	nan	nan	nan	nan	nan	nan	nan	nan	nan	nan	nan	nan	nan	nan	nan	nan	nan	nan	nan	nan	nan	nan	nan	nan	nan	nan	nan	nan	nan	nan	nan	nan	nan	nan	nan	nan	nan	nan	nan	nan	nan	nan	nan	nan	nan	nan	nan	nan	nan	nan	nan	nan	nan	nan	nan	nan	nan	nan	nan	nan	nan	nan	nan	nan	nan	nan	nan	nan	nan	nan	nan	nan	nan	nan	nan	nan	nan	nan	nan	nan	nan	nan	nan	nan	nan	nan	nan	nan	nan	nan	nan	nan	nan	nan	nan	nan	nan	nan	nan	nan	nan	single_step	2.214793526880515e+00	typeI_mH125-220/async_mcmc_20260903_212216.md
1.909450264428597e+02	4.623642311504114e+02	4.666794624207814e+02	2.789660131010875e+03	9.951589811634414e-01	1.300388929110331e+01	3.753565388082663e+00	5.744439857908243e-01	success	66	17	1	true	2.558629299510766e-01	true	1.142528960137349e+01	true	3.320446600000000e-04	3.454703490000000e-09	7.963533366083126e-01	2.630537239013346e-04	true	1.534325281452568e+00	8.037204734890193e+01	2.495077908684037e+00	2.314230045097557e-01	true	true	7.679863217417554e-01	5.632380586706394e-02	8.825449800526505e-03	0.000000000000000e+00	3.863471419336876e+00	3.580126754397327e-02	8.984763312463879e-03	0.000000000000000e+00	CMS:2012qwq	CMS:2018amk	ATLAS:2022enb		LHC8 [vbfH;HW;Htt;H;HZ]>[bb;tautau;WW;ZZ;gamgam]	LHC13 [vbfH>ZZ]	LHC13 [H]->X1->Z(X2->[bb])		5.787964732136686e+00	true	all checks passed	1	4.884489477695339e-01	2.563200353523784e-01	6.692402990003789e+00	-3.062129064708033e+00	-2.929633909772531e+00	2.789660131010875e+03	1.300388929110331e+01	12159.117941215745	11493.119061879295	12.127101426316411	1.0259164470508892	-0.55541006798083659	-0.49611290967653138	0	-0.013041253771832587	0	-1.3969838619232178e-09	0	success	ew_sym_res	success	success	580.52599999999995	success	106.54534668421834	-7.7077396250467196e-09	4.8383594256239988e-08	-4.2755256020422749e-09	-3.2191350951175224e-09	-3.4917243748418135e-09	19.46720281038742	232.71652034629082	1.0546846752726935e-10	success	not_met	nan	nan	nan	nan	nan	nan	nan	nan	nan	success	57.830206284272542	-9.7882690976128819e-11	2.2314789596952664e-11	9.901450782125102e-11	-5.6597129980731889e-11	-2.1755030723116365e-09	18.983482448089958	245.80210879334834	2.5131472266306961e-09	success	48.720426486016677	-9.7882690976128819e-11	2.2314789596952664e-11	9.901450782125102e-11	-5.6597129980731889e-11	-1.2321079911900572e-09	18.941502445129633	246.11879483357782	1.399934041553379e-09	success	45.954699374466188	-9.7882690976128819e-11	2.2314789596952664e-11	9.901450782125102e-11	-5.6597129980731889e-11	-1.7751867768232961e-09	18.931585840875226	246.14440979373754	1.6549297552092441e-09	success	48.720440520837244	48.720440520837244	0.94999999999999996	0.22841959660991215	17.674266209720098	0	0.25961086635892416	0.10000000000000001	0.58129842348943661	0.57636467769712285	1.5608184471240909e-05	0	1.7592904368072685e-05	0.00011182868797480092	2.5162477257184697e-11	2.049927742067446e-06	0.00019352194804879956	5.0067876788838974e-15	0	3.7489818125044008	0.0053199208406005888	3.7535653880826634	0-(0)->1	nan	nan	nan	nan	nan	nan	nan	nan	nan	nan	nan	nan	nan	nan	nan	nan	nan	nan	nan	nan	nan	nan	nan	nan	nan	nan	nan	nan	nan	nan	nan	nan	nan	nan	nan	nan	nan	nan	nan	nan	nan	nan	nan	nan	nan	nan	nan	nan	nan	nan	nan	nan	nan	nan	nan	nan	nan	nan	nan	nan	nan	nan	nan	nan	nan	nan	nan	nan	nan	nan	nan	nan	nan	nan	nan	nan	nan	nan	nan	nan	nan	nan	nan	nan	nan	nan	nan	nan	nan	nan	nan	nan	nan	nan	nan	nan	nan	nan	nan	nan	nan	nan	nan	nan	nan	nan	nan	nan	nan	nan	nan	nan	nan	nan	nan	nan	nan	nan	nan	nan	nan	nan	nan	nan	nan	nan	nan	nan	nan	nan	nan	nan	nan	nan	nan	nan	nan	nan	nan	nan	nan	nan	nan	nan	nan	nan	nan	nan	single_step	3.753565388082663e+00	typeI_mH125-220/async_mcmc_20260903_212216.md
1.707830000000000e+02	4.535960000000000e+02	4.577650000000000e+02	2.091160000000000e+03	9.946130000000000e-01	1.373350000000000e+01	1.167733380225236e+00	6.734369490408551e-02	success	0	0	0	true	2.567951981623395e-01	true	1.258311389270626e+01	true	3.320779830000000e-04	3.454281280000000e-09	7.932262031808596e-01	2.179471871391437e-04	true	1.618794361447185e+00	8.037230257803779e+01	2.495085418292417e+00	2.314199476361878e-01	true	true	7.643794057379454e-01	5.439087020598828e-02	9.236782234097596e-03	0.000000000000000e+00	1.250544404382471e+00	4.389552175074417e-02	8.254201570137804e-03	0.000000000000000e+00	ATLAS:2014vuz	CMS:2013yea	ATLAS:2022enb		LHC8 [HW;HZ]>[bb]	LHC8 [vbfH>WW]	LHC13 [H]->X1->Z(X2->[bb])		5.951157480902310e+00	true	all checks passed	1	1.362144028855535e+00	2.572539690836715e-01	6.544517573975114e+00	-3.048401187948024e+00	-2.922832280254192e+00	2.091160000000000e+03	1.373350000000000e+01	14490.62070081451	11028.193004692728	50.784449460137267	-1.2232647092978308	-0.51696763969741111	-0.52412523531784072	0	-0.011296289952352613	0	-1.1641532182693481e-09	0	success	non_bfb	success	success	232.364	success	114.31974818557109	0	0	0	0	-7.6335003122327988e-09	18.775114555951092	232.91400031394733	-2.0498458481211137e-09	success	success	60.832971386932527	0	0	0	0	5.3633862641398755e-09	18.049315609484257	246.23866892071069	8.5875857642942815e-09	success	67.183777069769278	0	0	0	0	-8.5228379353363113e-09	18.103557133310531	245.84193111217718	2.9166768447496474e-09	success	59.740726450439738	0	0	0	0	1.3994552429041455e-09	18.040963238550674	246.28613117240624	-4.5342492548315664e-09	success	58.200124617700197	0	0	0	0	-3.4773746402916754e-10	18.029658965947146	246.34352994062931	6.0305299367468124e-09	success	59.740737693519918	59.740737693519918	0.94999999999999996	0.099180053249356082	82.175585545438736	0	0.13263380175039788	0.10000000000000001	0.58027743195194437	0.57540300917693921	8.9370345699376033e-05	0	4.7265431049338742e-05	0.00029966978243880994	6.7091925804049868e-13	2.7421723460366672e-06	0.00051991974154272629	6.4101208012037966e-17	0	1.1673420525963503	0.00047588945977643476	1.1677333802252363	0-(0)->1	nan	nan	nan	nan	nan	nan	nan	nan	nan	nan	nan	nan	nan	nan	nan	nan	nan	nan	nan	nan	nan	nan	nan	nan	nan	nan	nan	nan	nan	nan	nan	nan	nan	nan	nan	nan	nan	nan	nan	nan	nan	nan	nan	nan	nan	nan	nan	nan	nan	nan	nan	nan	nan	nan	nan	nan	nan	nan	nan	nan	nan	nan	nan	nan	nan	nan	nan	nan	nan	nan	nan	nan	nan	nan	nan	nan	nan	nan	nan	nan	nan	nan	nan	nan	nan	nan	nan	nan	nan	nan	nan	nan	nan	nan	nan	nan	nan	nan	nan	nan	nan	nan	nan	nan	nan	nan	nan	nan	nan	nan	nan	nan	nan	nan	nan	nan	nan	nan	nan	nan	nan	nan	nan	nan	nan	nan	nan	nan	nan	nan	nan	nan	nan	nan	nan	nan	nan	nan	nan	nan	nan	nan	nan	nan	nan	nan	nan	nan	single_step	1.167733380225236e+00	typeI_mH125-220/random_20260825_210947.md
1.267463242290615e+02	3.552368329941282e+02	3.473777917278686e+02	1.284449731627470e+03	9.926027850916412e-01	1.129875454829381e+01	1.945173782888645e+01	1.288958407501362e+00	success	5	228	1	true	2.578729272104464e-01	true	1.271992602374902e+01	true	3.271531330000000e-04	3.117570070000000e-09	1.322120769295539e+00	1.314026853267595e+00	true	2.108558897589301e+00	8.035039215878363e+01	2.493837671199296e+00	2.315370299692142e-01	true	true	7.682821609735616e-01	7.547979012854750e-01	2.535036882118081e-01	3.395799719858993e-04	3.864959683365082e+00	2.246742004904490e+00	3.033082187357160e-01	2.428687058367399e-04	CMS:2012qwq	CMS:2013zmy	ATLAS:2022enb	CMS:2020imj	LHC8 [vbfH;HW;Htt;H;HZ]>[bb;tautau;WW;ZZ;gamgam]	LHC8 [ggH;vbfH;HW;HZ]>[WW]	LHC13 [H]->X1->Z(X2->[bb])	LHC13 [Hpmtb>tb]	5.034944401950838e+00	true	all checks passed	1	3.298522181445139e+00	2.583336235211621e-01	3.749149653239345e+00	-1.661099378033959e+00	-1.843592514724013e+00	1.284449731627470e+03	1.129875454829381e+01	10255.033916121443	3251.8619283728181	157.88199296663146	-3.9888352008461059	-0.1189672988581788	-0.12678557832394646	0	-0.0017222119116562019	0	0	0	success	ew_sym_res	success	success	403.62599999999998	false_lower	-1	nan	nan	nan	nan	nan	nan	nan	nan	not_set	nan	nan	nan	nan	nan	nan	nan	nan	nan	nan	nan	nan	nan	nan	nan	nan	nan	nan	nan	nan	nan	nan	nan	nan	nan	nan	nan	nan	nan	nan	nan	nan	nan	nan	nan	nan	nan	nan	nan	nan	not_set	nan	nan	nan	nan	nan	nan	nan	nan	nan	nan	nan	nan	nan	nan	nan	nan	nan	nan	nan	nan	nan	nan	0-(1)->2	success	147.33278746559745	-4.6756479382217399e-09	1.1039691028225536e-08	7.761660837050847e-09	-9.6897275370689777e-09	-4.226336285747634e-09	16.951388330133103	152.13649640258552	-8.6159027669258198e-09	success	success	145.41592843028241	-4.6756479382217399e-09	1.1039691028225536e-08	7.761660837050847e-09	-9.6897275370689777e-09	7.3863851324429859e-09	18.270666065957407	163.22915800521724	-9.5105705981743929e-09	success	145.48786631812879	-4.6756479382217399e-09	1.1039691028225536e-08	7.761660837050847e-09	-9.6897275370689777e-09	-4.7950852840110223e-09	18.230528915669705	162.88123728279635	4.0204598116878287e-09	success	145.17461969442223	-4.6756479382217399e-09	1.1039691028225536e-08	7.761660837050847e-09	-9.6897275370689777e-09	3.3344524212459824e-09	18.401456247243473	164.36856211076108	-2.0014909382935251e-09	success	145.14592734392468	-4.6756479382217399e-09	1.1039691028225536e-08	7.761660837050847e-09	-9.6897275370689777e-09	-2.0969764885508058e-09	18.416629341621029	164.50132481964715	1.2488889513820834e-09	success	145.17461969442223	145.17461969442223	0.94999999999999996	0.0023886460496184122	12831.668200878719	0	0.003748565644597082	0.10000000000000001	0.57742623761538914	0.57614342002606578	0.034238554994171111	0	0.01524538712816974	0.096849424000849699	1.1346080522473839e-21	2.4164349788869776e-05	0.16769925840986713	2.0270240864502005e-27	0	4.816708858405138e-10	7.1142855390064935e-15	4.8167601604515353e-10	success	146.17321351335602	-8.9352231796919976e-12	337.52140530019193	28.204229126385084	3.7321614252440111e-11	-4.7191960587291191e-09	17.818058014069301	159.3490384169076	9.9740629041598407e-09	success	success	67.87165707306545	-5.72384851959542e-12	311.65759739274313	47.391770033267747	6.040465191462191e-11	-2.3835085217791309e-09	22.303521325997522	243.6633155895031	1.4954275092753186e-09	success	71.31708658206955	7.6199527811451861e-11	312.76747675008386	46.272895215875366	-5.1240334989802429e-11	-2.1195320214488527e-09	22.363077143777389	243.01945244595552	-3.6870609826505705e-09	success	66.159831426973426	-1.1666586802663446e-10	311.11365049289418	47.952557700677062	-1.9703741485484711e-11	9.1702090437176791e-10	22.274362348805365	243.94276276991374	-4.4952757055006397e-10	success	65.332044975545784	4.0096304725072425e-11	310.85259042535574	48.22463173192083	-4.2073377895133817e-11	-2.294909488183534e-09	22.260392061067556	244.06869138993244	-2.2234393660441971e-10	success	66.159832548721027	66.159832548721027	0.94999999999999996	0.24306487078234265	195.8164478844262	0	0.26547593200702357	0.10000000000000001	0.58746943579550903	0.57290471740170679	0.00023622571882889323	0	0.00010808294085701628	0.00068072181324226294	2.1450098349770033e-12	1.3059609681984934e-05	0.0011889123494271791	2.8286190867807627e-16	0	19.445680278502881	0.0072803399817595593	19.451737828886451	single_step	1.945173782888645e+01	typeI_mH125-220/async_mcmc_20260903_011320.md
1.304304675186308e+02	3.589812898094132e+02	3.687201732551046e+02	1.332705399720120e+03	9.960892072719565e-01	1.162353919658575e+01	2.289982775303685e+00	3.598322156941694e-01	success	5	129	1	true	2.577382817228303e-01	true	1.343589262695610e+01	true	3.272284880000000e-04	3.116646690000000e-09	1.313015885778796e+00	1.321336852413271e+00	true	5.191287070396018e+00	8.038120564139506e+01	2.495566609084325e+00	2.313704067527292e-01	true	true	7.694716405761675e-01	7.666758086603129e-01	1.019643177081682e-02	2.407780520225525e-04	3.870943540523018e+00	1.254303784898051e+00	1.182368375261089e-02	1.808544557235404e-04	CMS:2012qwq	ATLAS:2014vuz	ATLAS:2022enb	CMS:2020imj	LHC8 [vbfH;HW;Htt;H;HZ]>[bb;tautau;WW;ZZ;gamgam]	LHC8 [HW;HZ]>[bb]	LHC13 [H]->X1->Z(X2->[bb])	LHC13 [Hpmtb>tb]	5.662089069758167e+00	true	all checks passed	1	3.421657291259934e+00	2.581987374860792e-01	4.236015699367739e+00	-2.105825842979802e+00	-1.871606802327928e+00	1.332705399720120e+03	1.162353919658575e+01	11528.876839876071	4043.5834203207305	152.59248991075162	-4.1976382290532497	-0.15179835913059656	-0.17997062675734102	0	-0.0024922843790637114	0	0	0	success	non_bfb	success	success	309.50299999999999	success	147.25597700060996	1.1147652192214786e-10	333.31405778082461	28.029510731662764	-2.932470278840273e-11	-5.054309016853198e-09	19.204162455673369	171.14642381665885	4.2600349149145985e-09	success	success	84.491182544645582	-3.3444492641046491e-11	309.44938118414478	43.709640262466486	-1.7002205450459264e-11	2.4522628228252628e-09	22.100042486273885	240.74755536739994	2.0826548130698461e-09	success	86.676994508948297	-5.2396577513746036e-11	310.32339693941486	42.950769909399284	-1.2205537825863471e-10	-1.1243000153748854e-09	22.148278643634246	240.06940916706304	-4.5365368696728588e-09	success	82.680853534979391	-5.4227308571971308e-12	308.72394754349494	44.352613158118857	-1.5741426085285054e-10	2.3350789663718766e-09	22.060076913713672	241.27011015297421	-1.66033968164364e-10	success	82.12291908077836	-1.1249203531406442e-10	308.50009399588987	44.553445763156297	7.1244595896994295e-12	2.4551273634858386e-09	22.047777093099164	241.42416596020124	-4.5571328022035182e-09	success	82.680863330401152	82.680863330401152	0.94999999999999996	0.10239623965789676	372.86566343320175	0	0.13442492121515145	0.10000000000000001	0.58540684832286638	0.57350175421071226	0.00056373915351783251	0	0.00025137654875993131	0.0015857160291763129	7.1901920331895767e-14	1.4896493886440821e-05	0.0027651420363592446	4.7250401414460802e-18	0	2.289749856115658	0.00025752270603677542	2.289982775303685	0-(0)->1	nan	nan	nan	nan	nan	nan	nan	nan	nan	nan	nan	nan	nan	nan	nan	nan	nan	nan	nan	nan	nan	nan	nan	nan	nan	nan	nan	nan	nan	nan	nan	nan	nan	nan	nan	nan	nan	nan	nan	nan	nan	nan	nan	nan	nan	nan	nan	nan	nan	nan	nan	nan	nan	nan	nan	nan	nan	nan	nan	nan	nan	nan	nan	nan	nan	nan	nan	nan	nan	nan	nan	nan	nan	nan	nan	nan	nan	nan	nan	nan	nan	nan	nan	nan	nan	nan	nan	nan	nan	nan	nan	nan	nan	nan	nan	nan	nan	nan	nan	nan	nan	nan	nan	nan	nan	nan	nan	nan	nan	nan	nan	nan	nan	nan	nan	nan	nan	nan	nan	nan	nan	nan	nan	nan	nan	nan	nan	nan	nan	nan	nan	nan	nan	nan	nan	nan	nan	nan	nan	nan	nan	nan	nan	nan	nan	nan	nan	nan	single_step	2.289982775303685e+00	typeI_mH125-220/async_mcmc_20260903_210907.md
1.489590000000000e+02	2.866760000000000e+02	2.984830000000000e+02	2.463840000000000e+03	9.954440000000000e-01	8.669510000000001e+00	3.651097364026618e+01	1.562423414460461e+00	success	0	0	0	true	2.564557189543180e-01	true	6.014475493297756e+00	true	3.264871780000000e-04	3.125676520000000e-09	1.403953336298300e+00	1.250721993808683e+00	true	3.064830267578273e+00	8.037675710280395e+01	2.495317569563210e+00	2.314000882326208e-01	true	true	7.729800790809960e-01	3.954027465849474e-02	3.226565297944329e-02	2.900418184067549e-03	3.888593271392137e+00	3.164768887005220e-02	2.013466862151521e-02	1.828378491508749e-03	CMS:2012qwq	CMS:2013yea	ATLAS:2020gxx	ATLAS:2021upq	LHC8 [vbfH;HW;Htt;H;HZ]>[bb;tautau;WW;ZZ;gamgam]	LHC8 [vbfH>WW]	LHC13 [ggH]->X1->Z(X2->[bb])	LHC13 [Hpmtb>tb]	5.955809623265907e+00	true	all checks passed	1	1.039587508549044e+00	2.569138833877166e-01	2.568320140988603e+00	-1.228709632014303e+00	-1.000374239291717e+00	2.463840000000000e+03	8.669510000000001e+00	3713.7322445295536	946.70077342391437	97.440486963907006	-1.363042585415015	-0.043165231942472133	-0.0062106682194498003	0	0.0043993070078507035	0	0	0	success	ew_sym_res	success	success	480.07799999999997	true_lower	400	7.0589433420529101e-09	1.0002380302613176e-08	-9.8011060619154452e-09	7.0590164881444413e-09	-3.0529297829568009e-11	1745.6514540665198	4.4161613830730486	-3.2938076032834396e-09	success	success	360.23938775852628	7.0589433420529101e-09	1.0002380302613176e-08	-9.8011060619154452e-09	7.0590164881444413e-09	-2.0557047522519102e-10	1745.876520224695	4.4510694565825339	7.607732735561835e-10	success	374.87748070033626	7.0589433420529101e-09	1.0002380302613176e-08	-9.8011060619154452e-09	7.0590164881444413e-09	1.160593519538073e-09	1745.951336627309	4.4381392862680897	-3.3317170311970544e-09	success	329.95813501197415	7.0589433420529101e-09	1.0002380302613176e-08	-9.8011060619154452e-09	7.0590164881444413e-09	2.4648655942371901e-10	1745.2476806429777	4.4778366324823962	-3.1924841387415865e-09	success	320.29817939261102	7.0589433420529101e-09	1.0002380302613176e-08	-9.8011060619154452e-09	7.0590164881444413e-09	-6.0548958893898502e-10	1744.9360608330501	4.4863179697634887	-8.8472334647927535e-10	success	329.95813067799247	329.95813067799247	0.94999999999999996	0.1133046378744328	71.106456827509533	0	0.15168932373420424	0.10000000000000001	0.57733681647676072	0.57836829337210693	0.00043227269378838886	0	0.00023244780299784586	0.0014855124637485613	1.2377341882170265e-12	1.5316729877897531e-05	0.0025569258329763045	1.3453553491956903e-16	0	36.504637660957698	0.0070345382359709857	36.51097364026618	0-(0)->1	success	140.99659867463734	7.0589433420529101e-09	1.0002380302613176e-08	-9.8011060619154452e-09	7.0590164881444413e-09	3.7153565886218941e-09	10.019120236287707	66.810074866593339	-9.5415491976332218e-09	success	success	140.90156317886829	7.0589433420529101e-09	1.0002380302613176e-08	-9.8011060619154452e-09	7.0590164881444413e-09	-3.7681948151006472e-09	10.758839613116452	71.843194610611206	-4.0155604340936782e-09	success	140.90520271063056	7.0589433420529101e-09	1.0002380302613176e-08	-9.8011060619154452e-09	7.0590164881444413e-09	-4.296744774254159e-09	10.734681341839273	71.67834329751031	-3.6848072727144259e-10	success	140.88250934494749	7.0589433420529101e-09	1.0002380302613176e-08	-9.8011060619154452e-09	7.0590164881444413e-09	-1.4016562380621728e-10	10.881469060710069	72.680520261026274	-4.6127273802745817e-09	success	140.88080267646018	7.0589433420529101e-09	1.0002380302613176e-08	-9.8011060619154452e-09	7.0590164881444413e-09	1.3512327897413473e-08	10.892155025758223	72.753527200468625	-9.1090579276957201e-09	success	140.88250957938001	140.88250957938001	0.94999999999999996	0.0007319826830144879	208714.29607593501	0	0.0011583065067954097	0.10000000000000001	0.57723128770359688	0.57680802530128095	0.54037384909755648	0	0.2415754989803737	1.5373905361753128	1.4628504311392277e-25	0.00011792405708740092	2.6573304887841109	6.8393416432509268e-32	0	2.6438393212831065e-17	1.5161423934623009e-20	2.6446347804727919e-17	false_lower	-1	nan	nan	nan	nan	nan	nan	nan	nan	not_set	nan	nan	nan	nan	nan	nan	nan	nan	nan	nan	nan	nan	nan	nan	nan	nan	nan	nan	nan	nan	nan	nan	nan	nan	nan	nan	nan	nan	nan	nan	nan	nan	nan	nan	nan	nan	nan	nan	nan	nan	not_set	nan	nan	nan	nan	nan	nan	nan	nan	nan	nan	nan	nan	nan	nan	nan	nan	nan	nan	nan	nan	nan	nan	single_step	3.651097364026618e+01	typeI_mH125-220/random_20260823_011757.md
1.789315760956411e+02	4.719291996353503e+02	4.737837872158040e+02	3.446464073183335e+03	9.990518317364645e-01	9.051714421470367e+00	1.158401703300593e+00	6.385918743517162e-02	success	52	85	1	true	2.557319548459390e-01	true	1.221233590302819e+01	true	3.316402950000000e-04	3.459880820000000e-09	8.347904645069991e-01	1.160887085284259e-03	true	6.083149968898137e-01	8.036752148935739e+01	2.494807273333592e+00	2.314454644429958e-01	true	true	7.703246907448659e-01	1.712104059909170e-02	2.161159877194616e-02	4.062419077546613e-04	3.875234938498118e+00	3.682807255952486e-02	3.333227785345562e-02	3.123074867697536e-04	CMS:2012qwq	CMS:2013cul	ATLAS:2020gxx	ATLAS:2021upq	LHC8 [vbfH;HW;Htt;H;HZ]>[bb;tautau;WW;ZZ;gamgam]	LHC8 [H>WW]	LHC13 [ggH]->X1->Z(X2->[bb])	LHC13 [Hpmtb>tb]	4.952576514179725e+00	true	all checks passed	1	1.024765347896091e+00	2.561888262570021e-01	6.732274377440524e+00	-3.216468758744671e+00	-3.158503673144569e+00	3.446464073183335e+03	9.051714421470367e+00	15541.647457911084	11587.69896996798	152.0272613784513	-1.6225911580962666	-0.58149334827224164	-0.58664668167573431	0	-0.0064366502593761052	0	1.6298145055770874e-09	0	success	ew_sym_res	success	success	557.822	success	112.39303624029932	5.3017511592734021e-09	2.4689125779251247e-08	1.7356763927097044e-08	6.6372872405661622e-09	-5.8311650920115702e-09	27.4469982219969	231.79343231379355	1.4820177019192347e-10	success	success	60.746025882695626	5.3017511592734021e-09	2.4689125779251247e-08	1.7356763927097044e-08	6.6372872405661622e-09	1.8364220499536696e-09	27.273637797526568	245.14807124026555	-9.3738170985486092e-10	success	66.700832994576928	5.3017511592734021e-09	2.4689125779251247e-08	1.7356763927097044e-08	6.6372872405661622e-09	1.2093588942203721e-09	27.317341241338259	244.71469884075634	4.6418447089930518e-10	success	59.578861000303093	5.3017511592734021e-09	2.4689125779251247e-08	1.7356763927097044e-08	6.6372872405661622e-09	-3.1516466039298612e-10	27.265250016223799	245.21079462328296	-6.1020780747861791e-10	success	58.139478289819579	5.3017511592734021e-09	2.4689125779251247e-08	1.7356763927097044e-08	6.6372872405661622e-09	-3.1662426304025557e-09	27.255007295849442	245.27883526104904	3.3142145903879252e-10	success	59.578865421740105	59.578865421740105	0.94999999999999996	0.097776765097392762	89.371473471173573	0	0.13095345111468989	0.10000000000000001	0.58058676252665842	0.575329542709199	9.6927949528117539e-05	0	5.0308426911839159e-05	0.00031890028047469322	5.7928539217158996e-13	2.8814181827593796e-06	0.00055339269603023084	5.3453113039206981e-17	0	1.158038904119276	0.00044173801840520868	1.1584017033005927	0-(0)->1	nan	nan	nan	nan	nan	nan	nan	nan	nan	nan	nan	nan	nan	nan	nan	nan	nan	nan	nan	nan	nan	nan	nan	nan	nan	nan	nan	nan	nan	nan	nan	nan	nan	nan	nan	nan	nan	nan	nan	nan	nan	nan	nan	nan	nan	nan	nan	nan	nan	nan	nan	nan	nan	nan	nan	nan	nan	nan	nan	nan	nan	nan	nan	nan	nan	nan	nan	nan	nan	nan	nan	nan	nan	nan	nan	nan	nan	nan	nan	nan	nan	nan	nan	nan	nan	nan	nan	nan	nan	nan	nan	nan	nan	nan	nan	nan	nan	nan	nan	nan	nan	nan	nan	nan	nan	nan	nan	nan	nan	nan	nan	nan	nan	nan	nan	nan	nan	nan	nan	nan	nan	nan	nan	nan	nan	nan	nan	nan	nan	nan	nan	nan	nan	nan	nan	nan	nan	nan	nan	nan	nan	nan	nan	nan	nan	nan	nan	nan	single_step	1.158401703300593e+00	typeI_mH125-220/async_mcmc_20260903_115445.md
1.741903309336218e+02	4.651221652953810e+02	4.742390051199574e+02	5.850106618118652e+03	9.994163831419547e-01	4.649748598886899e+00	1.430589235978239e+00	1.555149530075584e-01	success	58	197	1	true	2.558773492539455e-01	true	1.205361249288385e+01	true	3.294254830000000e-04	3.488377150000000e-09	1.061389794413544e+00	1.751255222499995e-02	true	6.761845689994450e+00	8.038409710498220e+01	2.495706585737713e+00	2.313561482204892e-01	true	true	7.742479841415879e-01	8.543593327321619e-01	8.543593327321619e-01	5.462994231024277e-03	3.894971659685459e+00	1.494875959787339e+00	1.494875959787339e+00	4.204034597442236e-03	CMS:2012qwq	ATLAS:2020gxx	ATLAS:2020gxx	ATLAS:2021upq	LHC8 [vbfH;HW;Htt;H;HZ]>[bb;tautau;WW;ZZ;gamgam]	LHC13 [ggH]->X1->Z(X2->[bb])	LHC13 [ggH]->X1->Z(X2->[bb])	LHC13 [Hpmtb>tb]	5.355180558166808e+00	true	all checks passed	1	1.002136524167093e+00	2.563344804156855e-01	6.756739562650356e+00	-3.387648866212400e+00	-3.104616103699901e+00	5.850106618118652e+03	4.649748598886899e+00	15085.911052428241	11452.762336349366	197.59842465157942	-0.76039734049768981	-0.57225447004645913	-0.56865694947190437	0	-0.025331370850580976	0	1.1641532182693481e-09	0	success	non_bfb	success	success	540.58399999999995	success	111.61158520312293	0	0	0	0	3.1514730885517914e-10	52.300535367888493	227.42219134298423	-6.8527210336451123e-10	success	success	59.082569367894429	0	0	0	0	-1.4038065971137014e-10	52.218800838775884	241.10083080020766	-2.7630429870609549e-10	success	65.356456091846056	0	0	0	0	1.3097056622881123e-10	52.29996460947158	240.65470553022436	7.6072248936250789e-10	success	58.103064043462616	0	0	0	0	6.4830748390001044e-11	52.206097783968517	241.15147779953318	1.2092516461869686e-10	success	56.587036895972275	0	0	0	0	-2.4959066986010603e-10	52.186468364782279	241.22049568126539	6.4755781644822375e-10	success	58.103083801592213	58.103083801592213	0.94999999999999996	0.10867388353390649	80.651552620371703	0	0.1433145928420814	0.10000000000000001	0.58065751113525021	0.57535944988551124	8.5261800637814302e-05	0	4.5430064815326917e-05	0.00028799980115187395	8.9911940362042168e-13	2.8555877750495201e-06	0.00049973071296859615	9.043323896607543e-17	0	1.4300735786101746	0.0006265741052361699	1.4305892359782393	0-(0)->1	nan	nan	nan	nan	nan	nan	nan	nan	nan	nan	nan	nan	nan	nan	nan	nan	nan	nan	nan	nan	nan	nan	nan	nan	nan	nan	nan	nan	nan	nan	nan	nan	nan	nan	nan	nan	nan	nan	nan	nan	nan	nan	nan	nan	nan	nan	nan	nan	nan	nan	nan	nan	nan	nan	nan	nan	nan	nan	nan	nan	nan	nan	nan	nan	nan	nan	nan	nan	nan	nan	nan	nan	nan	nan	nan	nan	nan	nan	nan	nan	nan	nan	nan	nan	nan	nan	nan	nan	nan	nan	nan	nan	nan	nan	nan	nan	nan	nan	nan	nan	nan	nan	nan	nan	nan	nan	nan	nan	nan	nan	nan	nan	nan	nan	nan	nan	nan	nan	nan	nan	nan	nan	nan	nan	nan	nan	nan	nan	nan	nan	nan	nan	nan	nan	nan	nan	nan	nan	nan	nan	nan	nan	nan	nan	nan	nan	nan	nan	single_step	1.430589235978239e+00	typeI_mH125-220/async_mcmc_20260903_115445.md
1.814859630354853e+02	4.787349282658105e+02	4.765084614046385e+02	6.765264221484512e+03	9.990313214640177e-01	4.466822351834610e+00	2.716547664176161e+00	4.340173295085534e-01	success	47	306	1	true	2.536348009790863e-01	true	1.182652882920657e+01	true	3.291909740000000e-04	3.491398100000000e-09	1.086973714871682e+00	2.037815319393589e-02	true	4.110985062996452e-01	8.035846162423303e+01	2.494255359289573e+00	2.314941922371395e-01	true	true	7.769827681355019e-01	4.389547203614736e-01	4.389547203614736e-01	6.558859119409211e-03	3.908729404451778e+00	7.297549841044240e-01	7.297549841044240e-01	5.073279795656113e-03	CMS:2012qwq	ATLAS:2020gxx	ATLAS:2020gxx	ATLAS:2021upq	LHC8 [vbfH;HW;Htt;H;HZ]>[bb;tautau;WW;ZZ;gamgam]	LHC13 [ggH]->X1->Z(X2->[bb])	LHC13 [ggH]->X1->Z(X2->[bb])	LHC13 [Hpmtb>tb]	5.685558427564303e+00	true	all checks passed	1	7.568073396008711e-01	2.540879257733180e-01	6.748148401895163e+00	-3.192539229213239e+00	-3.262828665112996e+00	6.765264221484512e+03	4.466822351834610e+00	15894.509120306167	11811.216604797668	451.31489606078725	-1.0914832387759226	-0.60192165970241229	-0.59008546684948937	0	0.0054378587842804542	0	0	0	success	non_bfb	success	success	542.15800000000002	success	109.77804192544397	0	0	0	0	-3.6678618721644968e-10	54.102526029349995	227.21907231089247	6.4053696661650899e-10	success	not_met	nan	nan	nan	nan	nan	nan	nan	nan	nan	success	60.117512544463125	0	0	0	0	1.2573233463544449e-10	54.209617230230251	240.48734390898011	1.0185127743433051e-11	success	51.024224875629557	0	0	0	0	3.1536641268415947e-10	54.108468043631035	240.87165938065834	-2.6654208320415137e-10	success	48.454481087527839	0	0	0	0	-6.2955281447621692e-10	54.079991372156243	240.91380079484867	-6.5211686430070721e-11	success	51.024186433852549	51.024186433852549	0.94999999999999996	0.18445382299483587	25.648770126449111	0	0.22146495949411293	0.10000000000000001	0.58158811433140278	0.5764993603939299	2.3743543160358331e-05	0	2.0728952368214339e-05	0.00013181038170760056	1.1731649972287327e-11	2.0415541012317566e-06	0.00022801847605035777	2.0190144673082552e-15	0	2.7139469718500151	0.0030520299423092059	2.7165476641761606	0-(0)->1	nan	nan	nan	nan	nan	nan	nan	nan	nan	nan	nan	nan	nan	nan	nan	nan	nan	nan	nan	nan	nan	nan	nan	nan	nan	nan	nan	nan	nan	nan	nan	nan	nan	nan	nan	nan	nan	nan	nan	nan	nan	nan	nan	nan	nan	nan	nan	nan	nan	nan	nan	nan	nan	nan	nan	nan	nan	nan	nan	nan	nan	nan	nan	nan	nan	nan	nan	nan	nan	nan	nan	nan	nan	nan	nan	nan	nan	nan	nan	nan	nan	nan	nan	nan	nan	nan	nan	nan	nan	nan	nan	nan	nan	nan	nan	nan	nan	nan	nan	nan	nan	nan	nan	nan	nan	nan	nan	nan	nan	nan	nan	nan	nan	nan	nan	nan	nan	nan	nan	nan	nan	nan	nan	nan	nan	nan	nan	nan	nan	nan	nan	nan	nan	nan	nan	nan	nan	nan	nan	nan	nan	nan	nan	nan	nan	nan	nan	nan	single_step	2.716547664176161e+00	typeI_mH125-220/async_mcmc_20260903_212216.md
3.027215277039555e+02	4.941725721027080e+02	4.798545296372679e+02	6.033359643339468e+03	9.944961275555616e-01	1.515656464606221e+01	2.910705096343910e+00	4.639982062913023e-01	success	0	0	0	true	2.541855899357511e-01	true	1.243402712794088e+01	true	3.321566750000000e-04	3.453263040000000e-09	7.858659198216762e-01	1.266044000190366e-04	true	6.562829299684623e+00	8.034076288138013e+01	2.493356842427722e+00	2.316024694671614e-01	true	true	7.661177675349157e-01	1.079274869856460e-01	1.070944873087979e-02	1.735658487600103e-04	3.854071374610514e+00	1.214100038848818e-01	1.977849692429167e-02	1.353127151422592e-04	CMS:2012qwq	ATLAS:2020tlo	ATLAS:2022enb	ATLAS:2021upq	LHC8 [vbfH;HW;Htt;H;HZ]>[bb;tautau;WW;ZZ;gamgam]	LHC13 [vbfH>ZZ]	LHC13 [H]->X1->Z(X2->[bb])	LHC13 [Hpmtb>tb]	5.499407610815183e+00	true	all checks passed	1	3.021930639044444e-01	2.546396987279661e-01	6.838801459205783e+00	-2.056830155127002e+00	-2.517738391137397e+00	6.033359643339468e+03	1.515656464606221e+01	7074.0967795345987	13016.246361790385	-152.97405003082187	15.097943930095177	-0.65768862770104886	-0.55579658816644784	0	0.068034463293688008	0	0	0	success	non_bfb	success	success	509.209	success	111.70928916149438	0	0	0	0	2.5128682282283723e-09	16.787082415422354	235.0200923036796	-7.0114460378070292e-09	success	not_met	nan	nan	nan	nan	nan	nan	nan	nan	nan	success	58.908441359494148	0	0	0	0	3.5160362362670365e-09	16.232939621893813	246.58370022352358	-1.1619314455318674e-08	success	49.230650436447327	0	0	0	0	1.0738207349158335e-09	16.211570755685127	246.68443361640661	-8.1536870157143249e-09	success	46.256327664079862	0	0	0	0	-2.7237523314899864e-09	16.207997815826289	246.65156896507631	-2.7245394405007513e-09	success	49.230650436447327	49.230650436447327	0.94999999999999996	0.20885620079389275	15.240365942369923	0	0.2460913509229212	0.10000000000000001	0.58215602718243675	0.57823996200359618	1.3602484748231282e-05	0	1.6664889907212467e-05	0.00010646414214647912	2.2303233839615863e-11	1.8223561436758164e-06	0.00018331378897933716	4.4197456489485361e-15	0	2.9070953280286136	0.0041700969545869944	2.9107050963439098	0-(0)->1	nan	nan	nan	nan	nan	nan	nan	nan	nan	nan	nan	nan	nan	nan	nan	nan	nan	nan	nan	nan	nan	nan	nan	nan	nan	nan	nan	nan	nan	nan	nan	nan	nan	nan	nan	nan	nan	nan	nan	nan	nan	nan	nan	nan	nan	nan	nan	nan	nan	nan	nan	nan	nan	nan	nan	nan	nan	nan	nan	nan	nan	nan	nan	nan	nan	nan	nan	nan	nan	nan	nan	nan	nan	nan	nan	nan	nan	nan	nan	nan	nan	nan	nan	nan	nan	nan	nan	nan	nan	nan	nan	nan	nan	nan	nan	nan	nan	nan	nan	nan	nan	nan	nan	nan	nan	nan	nan	nan	nan	nan	nan	nan	nan	nan	nan	nan	nan	nan	nan	nan	nan	nan	nan	nan	nan	nan	nan	nan	nan	nan	nan	nan	nan	nan	nan	nan	nan	nan	nan	nan	nan	nan	nan	nan	nan	nan	nan	nan	single_step	2.910705096343910e+00	typeI_mH220-500/random_20260825_014923.md
2.848758257777844e+02	5.223118537265342e+02	2.753415673043281e+02	9.372826204847333e+03	9.973400348187498e-01	7.817969971102830e+00	5.065572237495873e+01	1.704628512983394e+00	success	0	0	0	true	2.450852637658693e-01	true	2.460634865087382e+01	true	3.306410440000000e-04	3.473203870000000e-09	9.336600149859754e-01	6.402135350498305e-03	true	5.859419318395688e-01	8.036872879672052e+01	2.495134229977406e+00	2.315109912009252e-01	true	true	7.736622687161344e-01	9.561944313367955e-02	3.504821459979434e-03	5.407300096764474e-02	3.892025129594959e+00	7.185574166997584e-02	6.404663330416658e-03	4.094166861984429e-02	CMS:2012qwq	ATLAS:2020tlo	ATLAS:2022enb	ATLAS:2021upq	LHC8 [vbfH;HW;Htt;H;HZ]>[bb;tautau;WW;ZZ;gamgam]	LHC13 [ggH>ZZ]	LHC13 [H]->X1->Z(X2->[bb])	LHC13 [Hpmtb>tb]	2.358360657091424e+00	true	all checks passed	1	7.888760679767417e+00	2.455231146021286e-01	8.088872704114127e-01	3.233179181292423e+00	-3.277386416488151e+00	9.372826204847333e+03	7.817969971102830e+00	30078.261432748481	4285.0550263731375	1673.4104046169145	-13.879330642020589	-0.28192711263054238	-0.71571303397960406	0	0.41043641438974471	0	0	0	success	non_bfb	success	success	644.59699999999998	success	137.68694460452875	-9.9354835127781211e-10	331.97858793858666	55.046827351367448	1.0066915841642797e-10	-3.3344482445709507e-09	34.888589539750768	219.23592021766873	-2.6877064000574548e-09	success	success	82.435866131102173	3.1940967859052648e-11	315.38515130634437	62.277649231935982	-2.8258912889468911e-10	3.7983360091492104e-10	32.388937650352901	241.49888124666685	8.6568343527041977e-11	success	86.029022924541238	6.187033954840945e-09	316.20583290547893	61.868703002409852	3.9216757206274038e-10	-4.16802476796184e-09	32.507719930847458	240.74285978223634	9.4829879551127251e-10	success	80.068026647178812	-1.2903581520637605e-10	314.86862991807101	62.538902562586166	3.7853524269248878e-10	-1.8314551771215784e-09	32.314156308655598	241.95177597746297	-7.1037824670971007e-10	success	79.04518203575094	-3.1969007785684189e-09	314.65157869331836	62.649623862581329	3.3876628980574426e-10	-3.3835732073097325e-09	32.282688988177824	242.1362818063115	6.7082828553311032e-10	success	80.067820821100725	80.067820821100725	0.94999999999999996	0.30923984306917968	180.66984655258327	0	0.32364348038558316	0.10000000000000001	0.59720004573845731	0.57773947362496325	0.00026441835251098897	0	0.00012923313124968292	0.00082449968495660296	4.024474661036154e-12	1.8949234904693283e-05	0.0014215644437465121	6.2841614551468181e-16	0	50.63880061258476	0.019958889960664923	50.655722374958728	0-(0)->1	nan	nan	nan	nan	nan	nan	nan	nan	nan	nan	nan	nan	nan	nan	nan	nan	nan	nan	nan	nan	nan	nan	nan	nan	nan	nan	nan	nan	nan	nan	nan	nan	nan	nan	nan	nan	nan	nan	nan	nan	nan	nan	nan	nan	nan	nan	nan	nan	nan	nan	nan	nan	nan	nan	nan	nan	nan	nan	nan	nan	nan	nan	nan	nan	nan	nan	nan	nan	nan	nan	nan	nan	nan	nan	nan	nan	nan	nan	nan	nan	nan	nan	nan	nan	nan	nan	nan	nan	nan	nan	nan	nan	nan	nan	nan	nan	nan	nan	nan	nan	nan	nan	nan	nan	nan	nan	nan	nan	nan	nan	nan	nan	nan	nan	nan	nan	nan	nan	nan	nan	nan	nan	nan	nan	nan	nan	nan	nan	nan	nan	nan	nan	nan	nan	nan	nan	nan	nan	nan	nan	nan	nan	nan	nan	nan	nan	nan	nan	single_step	5.065572237495873e+01	typeI_mH220-500/random_20260831_005128.md
3.072854929067109e+02	3.875984055298591e+02	3.398811460613014e+02	5.762390693298636e+03	9.925805306333000e-01	1.612311353718522e+01	2.247855879520695e+01	1.351768463153545e+00	success	0	0	0	true	2.574925936258856e-01	true	1.885386170168731e+01	true	3.320865230000000e-04	3.454221960000000e-09	7.924257734890009e-01	2.119494202330825e-04	true	4.727744848936528e+00	8.034433920022805e+01	2.493635015580503e+00	2.316025992902524e-01	true	true	7.640161859891492e-01	1.252845656618202e-01	3.971079801720485e-01	3.784524090943287e-03	3.843499050589092e+00	1.471812204241498e-01	4.095435473791178e-01	2.798983864758664e-03	CMS:2012qwq	ATLAS:2020tlo	ATLAS:2022enb	CMS:2020imj	LHC8 [vbfH;HW;Htt;H;HZ]>[bb;tautau;WW;ZZ;gamgam]	LHC13 [vbfH>ZZ]	LHC13 [H]->X1->Z(X2->[bb])	LHC13 [Hpmtb>tb]	6.009472391993228e+00	true	all checks passed	1	5.320582515422509e+00	2.579526104613220e-01	3.537009429584037e+00	2.058830035293517e-01	-9.413617093183386e-01	5.762390693298636e+03	1.612311353718522e+01	14902.150405432794	4337.3037372898643	91.021939973561203	-6.8230468695129058	-0.14620802274198888	-0.31570114101252389	0	0.071053574633776706	0	0	0	success	non_bfb	success	success	628.03899999999999	success	130.8530861579618	-2.7611041634997202e-10	260.11328911838865	15.828115694709089	1.7064267278880598e-10	8.2424563908985981e-09	16.560641154404436	237.17107656329839	-1.1966506350548157e-08	success	success	67.881310680038922	1.4529888336304405e-11	234.25630948323627	18.621728215261808	1.3247130966976329e-10	-1.0692493097752242e-09	15.290288950140347	247.95822722570418	2.7631793316602161e-10	success	70.7376036650233	7.2483422647898071e-11	235.28018161241621	18.493696853795967	-7.2439932973976708e-12	9.0310075185245186e-09	15.310183493925424	247.93277868951975	6.489776789301249e-09	success	66.276503402413098	-4.6367126302533166e-11	233.69394842747064	18.692838969665253	-8.9290908908062853e-11	-6.0302739670089581e-09	15.280319331341367	247.95828628079852	-4.8726618834886228e-09	success	65.602540495306201	2.412863661008684e-11	233.46071374829876	18.722500511145217	-6.1568252259790443e-11	3.8977919506595717e-09	15.27638458949051	247.95538508903766	1.677911864542968e-09	success	66.273956798557919	66.273956798557919	0.94999999999999996	0.25458293911508645	249.50397191717443	4.016367695673014e-11	0.28273746160590568	0.10000000000000001	0.59105344050005248	0.57751845342125274	0.000301518654532142	8.6686467733208683e-34	0.00013469605871173682	0.00085884292088747398	1.6703206144138967e-12	1.7110306547307399e-05	0.0014816566458291053	2.2325203964159392e-16	6.6889113331067311e-21	22.472249724256102	0.0074182110008181937	22.478558795206947	0-(0)->1	nan	nan	nan	nan	nan	nan	nan	nan	nan	nan	nan	nan	nan	nan	nan	nan	nan	nan	nan	nan	nan	nan	nan	nan	nan	nan	nan	nan	nan	nan	nan	nan	nan	nan	nan	nan	nan	nan	nan	nan	nan	nan	nan	nan	nan	nan	nan	nan	nan	nan	nan	nan	nan	nan	nan	nan	nan	nan	nan	nan	nan	nan	nan	nan	nan	nan	nan	nan	nan	nan	nan	nan	nan	nan	nan	nan	nan	nan	nan	nan	nan	nan	nan	nan	nan	nan	nan	nan	nan	nan	nan	nan	nan	nan	nan	nan	nan	nan	nan	nan	nan	nan	nan	nan	nan	nan	nan	nan	nan	nan	nan	nan	nan	nan	nan	nan	nan	nan	nan	nan	nan	nan	nan	nan	nan	nan	nan	nan	nan	nan	nan	nan	nan	nan	nan	nan	nan	nan	nan	nan	nan	nan	nan	nan	nan	nan	nan	nan	single_step	2.247855879520695e+01	typeI_mH220-500/random_20260831_005128.md
3.799660000000000e+02	3.870800000000000e+02	3.484250000000000e+02	1.041780000000000e+04	9.948110000000000e-01	1.367370000000000e+01	5.469156506598905e+01	1.737920351419940e+00	success	0	0	0	true	2.482640323242109e-01	true	1.876600232388637e+01	true	3.273769460000000e-04	3.114873650000000e-09	1.295170261182595e+00	1.335430088755321e+00	true	2.166472407142219e-01	8.036558486656924e+01	2.494865082250761e+00	2.314973040639000e-01	true	true	7.672910059837706e-01	1.009303565654118e-01	4.536214733504640e-01	8.027083925902128e-03	3.859973528186555e+00	1.093412196125294e-01	4.677261327730628e-01	5.711542248001091e-03	CMS:2012qwq	ATLAS:2020tlo	ATLAS:2022enb	CMS:2020imj	LHC8 [vbfH;HW;Htt;H;HZ]>[bb;tautau;WW;ZZ;gamgam]	LHC13 [vbfH>ZZ]	LHC13 [H]->X1->Z(X2->[bb])	LHC13 [Hpmtb>tb]	3.639395019910069e+00	true	all checks passed	1	5.642850104686813e+00	2.487075621084827e-01	2.490802356180642e+00	8.302386635972565e-01	-1.093788185562226e-01	1.041780000000000e+04	1.367370000000000e+01	13932.404647090976	2611.7045401311816	161.72229339685072	-8.7061719725340918	-0.1106233004979256	-0.29592629198981552	0	0.046304662747764236	0	0	0	success	non_bfb	success	success	619.50199999999995	false_lower	-1	nan	nan	nan	nan	nan	nan	nan	nan	not_set	nan	nan	nan	nan	nan	nan	nan	nan	nan	nan	nan	nan	nan	nan	nan	nan	nan	nan	nan	nan	nan	nan	nan	nan	nan	nan	nan	nan	nan	nan	nan	nan	nan	nan	nan	nan	nan	nan	nan	nan	not_set	nan	nan	nan	nan	nan	nan	nan	nan	nan	nan	nan	nan	nan	nan	nan	nan	nan	nan	nan	nan	nan	nan	0-(1)->2	success	177.19838174732467	1.0521875417983627e-10	405.0745579451048	14.20139873410978	1.9201259533903765e-10	-3.988930014144897e-09	20.598267382890274	170.77450968640201	-1.5920592207528879e-08	success	success	92.588857111624435	-8.3998893214734443e-10	375.32007527327568	15.777904520133967	-4.1322689837118141e-10	2.4675204662085664e-09	18.298234932450566	241.33707933414166	-3.5155892431257284e-09	success	97.615384666363497	4.6388473564187908e-10	376.70624342512519	15.696811680268187	-1.9255430254396393e-10	-3.5662104514536094e-09	18.369548553860795	239.92259179630588	4.1626197295192249e-09	success	89.400569637712621	2.4238130966616778e-10	374.48109227401216	15.827487287569113	5.1744179896923864e-11	-3.1158190305810536e-09	18.256882124830323	242.1381937987924	1.5355560255156555e-09	success	87.895077131911407	-1.0158681983521005e-09	374.0962840852394	15.850362529367281	9.1845895197223989e-11	1.5366085643735478e-09	18.238410780188783	242.49016109587441	-3.2179761103265042e-09	success	89.400669235926046	89.400669235926046	0.94999999999999996	0.29169079104337148	137.33392255135308	0	0.30894450754136737	0.10000000000000001	0.59395468242129179	0.57661022904303383	0.00022472631117968463	0	0.00010923050462384302	0.00069477652753247509	5.8180210171387344e-12	1.5300743063805371e-05	0.0012015355508622732	9.1343109384525016e-16	0	54.671640785588444	0.023819761232098197	54.691565065989046	success	226.11251481839724	0	0	0	0	-1.4372027208243058e-09	3.7660893634762109	14.539816329091687	-8.5730844729176139e-10	success	success	226.10432607891937	0	0	0	0	3.9279670826904532e-09	3.8499301585925259	14.867816537828304	8.8349955048372426e-09	success	226.10454881697558	0	0	0	0	-1.2188736320749393e-09	3.8481149618300252	14.86070864384838	-5.8612167117778971e-09	success	226.10213162416892	0	0	0	0	-7.81676778824156e-09	3.8713558274360373	14.951689687407322	-1.2855542301389284e-08	success	226.10197331040331	0	0	0	0	3.4513880123271941e-09	3.8728763936342396	14.957643020006776	-3.6605827768102809e-09	success	226.10213162416892	226.10213162416892	0.94999999999999996	4.4821603005859804e-06	3602521.0133491396	0	7.1554492447948985e-06	0.10000000000000001	0.57773800320810076	0.57773508309419142	14.984968646347674	0	6.7199889273827109	42.872623708916869	8.3167169928255285e-35	2.0182548036232309e-05	73.919878201209812	3.2621937412831369e-43	0	7.0401508061622248e-31	2.599690685879415e-33	7.0536935159561264e-31	single_step	5.469156506598905e+01	typeI_mH220-500/random_20260816_071725.md
1.023320000000000e+02	2.987420000000000e+02	2.826920000000000e+02	1.371740000000000e+03	3.842820000000000e-02	4.047780000000000e+00	4.363669554521857e-10	-9.360148144445146e+00	success	0	0	0	true	2.606164603974542e-01	true	7.289885205056379e+00	true	3.259084330000000e-04	3.535849260000000e-09	1.477065004198037e+00	8.763490419200494e-02	true	6.062575833214930e+00	8.034184190579339e+01	2.493253644013963e+00	2.315767429339318e-01	true	true	9.981309252721745e-01	7.518465521467587e-01	9.981309252721745e-01	2.832051421395880e-02	1.310202606298449e+00	3.782277865780437e+00	1.310202606298449e+00	2.041639573478176e-02	CMS:2019ogx	CMS:2012qwq	CMS:2019ogx	ATLAS:2021upq	LHC13 [H]->X1->Z(X2->[bb])	LHC8 [vbfH;HW;Htt;H;HZ]>[bb;tautau;WW;ZZ;gamgam]	LHC13 [H]->X1->Z(X2->[bb])	LHC13 [Hpmtb>tb]	4.019519941509969e+00	true	all checks passed	1	1.526745095229661e+00	2.610820580975141e-01	2.641089588791654e+00	-1.068996008195410e+00	-1.377410830721684e+00	1.371740000000000e+03	4.047780000000000e+00	4338.6747614749629	1142.9098147905129	246.1540756258087	-0.28345935158262692	-0.048482009583037493	0.0083199423949153733	0	-0.012371580169430362	0	0	0	success	ew_sym_res	success	success	601.13400000000001	success	133.53010309473538	8.2002473154235585e-09	-2.2448027013734039e-08	-1.9403557197458058e-09	8.2002647853529465e-09	4.2840378907430612e-10	43.136071520486922	128.50461107817725	2.698853489511064e-10	success	success	132.23969308843127	8.2002473154235585e-09	-2.2448027013734039e-08	-1.9403557197458058e-09	8.2002647853529465e-09	-1.2279605829899499e-09	46.221862918497088	139.13140982976489	7.2071642200098014e-10	success	132.29053099131906	8.2002473154235585e-09	-2.2448027013734039e-08	-1.9403557197458058e-09	8.2002647853529465e-09	1.1120069512767128e-09	46.126873215749342	138.78951655492952	-7.795916492565341e-10	success	132.06968221004587	8.2002473154235585e-09	-2.2448027013734039e-08	-1.9403557197458058e-09	8.2002647853529465e-09	1.3432159745454157e-09	46.530138826098394	140.24846939693907	-3.1431664634327643e-10	success	132.04990068532993	8.2002473154235585e-09	-2.2448027013734039e-08	-1.9403557197458058e-09	8.2002647853529465e-09	-1.6219832714780858e-10	46.565110638076618	140.37592935489425	-5.7593564970219868e-10	success	132.06967783696862	132.06967783696862	0.94999999999999996	0.0031566960629324696	16940.071586538594	0	0.0049291847886376644	0.10000000000000001	0.57741477196967417	0.57569230595019039	0.041103642122908887	0	0.01830046729917437	0.11611732947641566	1.6197542402281436e-21	3.8223283444986737e-05	0.20130514029091812	3.5103702542403518e-27	0	4.3635985162611046e-10	1.0266473357897224e-14	4.3636695545218567e-10	0-(0)->1	nan	nan	nan	nan	nan	nan	nan	nan	nan	nan	nan	nan	nan	nan	nan	nan	nan	nan	nan	nan	nan	nan	nan	nan	nan	nan	nan	nan	nan	nan	nan	nan	nan	nan	nan	nan	nan	nan	nan	nan	nan	nan	nan	nan	nan	nan	nan	nan	nan	nan	nan	nan	nan	nan	nan	nan	nan	nan	nan	nan	nan	nan	nan	nan	nan	nan	nan	nan	nan	nan	nan	nan	nan	nan	nan	nan	nan	nan	nan	nan	nan	nan	nan	nan	nan	nan	nan	nan	nan	nan	nan	nan	nan	nan	nan	nan	nan	nan	nan	nan	nan	nan	nan	nan	nan	nan	nan	nan	nan	nan	nan	nan	nan	nan	nan	nan	nan	nan	nan	nan	nan	nan	nan	nan	nan	nan	nan	nan	nan	nan	nan	nan	nan	nan	nan	nan	nan	nan	nan	nan	nan	nan	nan	nan	nan	nan	nan	nan	single_step	4.363669554521857e-10	typeI_mH62-125/random_20260901_123243.md
1.049802771797254e+02	3.372109713706675e+02	3.226112499302440e+02	6.932749133989557e+02	2.280710557244290e-02	6.832180670864116e+00	1.905701820369441e-11	-1.071994505117865e+01	success	0	0	0	true	2.593750100636383e-01	true	1.693860295836291e+01	true	3.303908820000000e-04	3.476347500000000e-09	9.592777638169653e-01	8.254349063614776e-03	true	6.904343438254819e+00	8.034027188980093e+01	2.493228318203846e+00	2.315841910886658e-01	true	true	7.578567401102286e-01	7.606360003380042e-01	7.578567401102286e-01	4.192225224069958e-04	8.582912336367570e-01	3.826494515110343e+00	8.582912336367570e-01	2.595962126071696e-04	CMS:2019ogx	CMS:2012qwq	CMS:2019ogx	ATLAS:2021upq	LHC13 [H]->X1->Z(X2->[bb])	LHC8 [vbfH;HW;Htt;H;HZ]>[bb;tautau;WW;ZZ;gamgam]	LHC13 [H]->X1->Z(X2->[bb])	LHC13 [Hpmtb>tb]	4.918930796415140e+00	true	all checks passed	1	5.052783292974860e+00	2.598383898822212e-01	3.447339760427750e+00	-1.480711654860470e+00	-1.799081032585197e+00	6.932749133989557e+02	6.832180670864116e+00	11273.153452340632	2679.2070544815783	335.56114716971149	-1.1260467811755983	-0.092212105368057837	-0.098368314626033682	0	-0.0044656399351455482	0	0	0	success	non_bfb	success	success	413.58300000000003	success	171.90941777385285	1.3649112693654858e-08	1.6942474089819473e-06	8.953800554723133e-07	-1.0171738300433748e-08	4.1637352835103787e-10	51.11475119526699	124.64030620341386	-1.0168782622056099e-09	success	success	169.53167226742494	1.3649112693654858e-08	1.6942474089819473e-06	8.953800554723133e-07	-1.0171738300433748e-08	9.9528542577158619e-10	52.942956415034999	138.02919314305805	-4.3590895808474727e-10	success	169.62023770923287	1.3649112693654858e-08	1.6942474089819473e-06	8.953800554723133e-07	-1.0171738300433748e-08	2.791774908520242e-10	52.89307122652923	137.59365702549323	-2.6254359255325951e-09	success	169.20890986946949	1.3649112693654858e-08	1.6942474089819473e-06	8.953800554723133e-07	-1.0171738300433748e-08	1.9772292501838984e-09	53.10683669767355	139.53411383894692	2.9889701559821974e-09	success	169.17026679990943	1.3649112693654858e-08	1.6942474089819473e-06	8.953800554723133e-07	-1.0171738300433748e-08	-1.3053239909395783e-09	53.124297518475494	139.70386393763735	-2.7403574410289585e-09	success	169.20890986946949	169.20890986946949	0.94999999999999996	0.00083243338518119861	11071.819336633536	0	0.0013176067052667877	0.10000000000000001	0.57733742454305681	0.57686228717971755	0.034453185925360473	0	0.015391730093132812	0.097967473442698891	4.6051517261093225e-23	8.5451691137024156e-06	0.16930903102446093	4.0664203607748517e-29	0	1.9056916485685866e-11	1.4136541023553122e-16	1.9057018203694406e-11	0-(0)->1	nan	nan	nan	nan	nan	nan	nan	nan	nan	nan	nan	nan	nan	nan	nan	nan	nan	nan	nan	nan	nan	nan	nan	nan	nan	nan	nan	nan	nan	nan	nan	nan	nan	nan	nan	nan	nan	nan	nan	nan	nan	nan	nan	nan	nan	nan	nan	nan	nan	nan	nan	nan	nan	nan	nan	nan	nan	nan	nan	nan	nan	nan	nan	nan	nan	nan	nan	nan	nan	nan	nan	nan	nan	nan	nan	nan	nan	nan	nan	nan	nan	nan	nan	nan	nan	nan	nan	nan	nan	nan	nan	nan	nan	nan	nan	nan	nan	nan	nan	nan	nan	nan	nan	nan	nan	nan	nan	nan	nan	nan	nan	nan	nan	nan	nan	nan	nan	nan	nan	nan	nan	nan	nan	nan	nan	nan	nan	nan	nan	nan	nan	nan	nan	nan	nan	nan	nan	nan	nan	nan	nan	nan	nan	nan	nan	nan	nan	nan	single_step	1.905701820369441e-11	typeI_mH62-125/random_20260901_123251.md
1.167488663345648e+02	3.614223093540812e+02	1.033852229412168e+02	7.808494756893034e+02	3.380012122404663e-02	1.697065061342872e+01	1.201123974204806e-15	-1.492041216450856e+01	success	0	0	0	true	2.575863389359735e-01	true	1.003376407847900e+01	true	3.317323000000000e-04	3.459228790000000e-09	8.259652722714711e-01	1.012729665447124e-03	true	7.802542738070820e-01	8.036933441554105e+01	2.495293357304096e+00	2.315599010652535e-01	true	true	7.702160900106403e-01	7.619220106972425e-01	1.719936559664437e-01	0.000000000000000e+00	1.259664484722363e+00	3.832963984848580e+00	1.952489437792103e-01	0.000000000000000e+00	ATLAS:2014vuz	CMS:2012qwq	ATLAS:2022enb		LHC8 [HW;HZ]>[bb]	LHC8 [vbfH;HW;Htt;H;HZ]>[bb;tautau;WW;ZZ;gamgam]	LHC13 [H]->X1->Z(X2->[bb])		2.801090659167585e+00	true	all checks passed	1	1.890452988431242e+00	2.580465232497062e-01	1.852266292234935e-01	2.025028297402601e+00	-1.938802140043102e+00	7.808494756893034e+02	1.697065061342872e+01	-8684.9410788811037	615.88826584437334	-684.91966774727928	55.583586955041667	-0.061901925362327026	0.1462738779043774	0	-0.38188946000005708	0	0	0	success	ew_sym_res	success	success	537.18799999999999	success	142.60309932883618	-3.3289258358142428e-09	-4.3146461069100458e-09	-5.7136799800568984e-09	-3.3289806146292582e-09	-1.6138427208692738e-07	8.628854236526152	82.312380376719972	-3.4629022346582277e-08	success	success	142.4149547347902	-3.3289258358142428e-09	-4.3146461069100458e-09	-5.7136799800568984e-09	-3.3289806146292582e-09	1.5725385188990097e-07	8.9334870286037482	87.994769379293814	-4.2626292285103416e-08	success	142.42200682219286	-3.3289258358142428e-09	-4.3146461069100458e-09	-5.7136799800568984e-09	-3.3289806146292582e-09	1.2801323134085994e-08	8.9238451372661665	87.812064226397752	9.4116591589545907e-09	success	142.38116871340753	-3.3289258358142428e-09	-4.3146461069100458e-09	-5.7136799800568984e-09	-3.3289806146292582e-09	6.896269456266237e-08	8.9783010843642082	88.846440303299246	-4.4444276588854922e-08	success	142.37799674003867	-3.3289258358142428e-09	-4.3146461069100458e-09	-5.7136799800568984e-09	-3.3289806146292582e-09	1.5819399352839969e-07	8.9823971450006468	88.924488634336015	1.5412700087238138e-08	success	142.38116871340753	142.38116871340753	0.94999999999999996	0.00096841702835846082	113587.48257769828	0	0.0015318860157352684	0.10000000000000001	0.57736877390693531	0.57681469094165705	0.29722690940047958	0	0.13276760225924905	0.84495034427097337	1.1248513739533594e-24	8.5718117520175132e-05	1.4604436248517396	7.0770250957842724e-31	0	1.2009717919760754e-15	2.8545346059600188e-19	1.2011239742048059e-15	0-(0)->1	nan	nan	nan	nan	nan	nan	nan	nan	nan	nan	nan	nan	nan	nan	nan	nan	nan	nan	nan	nan	nan	nan	nan	nan	nan	nan	nan	nan	nan	nan	nan	nan	nan	nan	nan	nan	nan	nan	nan	nan	nan	nan	nan	nan	nan	nan	nan	nan	nan	nan	nan	nan	nan	nan	nan	nan	nan	nan	nan	nan	nan	nan	nan	nan	nan	nan	nan	nan	nan	nan	nan	nan	nan	nan	nan	nan	nan	nan	nan	nan	nan	nan	nan	nan	nan	nan	nan	nan	nan	nan	nan	nan	nan	nan	nan	nan	nan	nan	nan	nan	nan	nan	nan	nan	nan	nan	nan	nan	nan	nan	nan	nan	nan	nan	nan	nan	nan	nan	nan	nan	nan	nan	nan	nan	nan	nan	nan	nan	nan	nan	nan	nan	nan	nan	nan	nan	nan	nan	nan	nan	nan	nan	nan	nan	nan	nan	nan	nan	single_step	1.201123974204806e-15	typeI_mH62-125/random_20260901_123251.md
9.062739999999999e+01	2.767410000000000e+02	2.798160000000000e+02	3.261790000000000e+02	4.296870000000000e-02	5.344960000000000e+00	1.571630205761036e-11	-1.080364963290854e+01	success	0	0	0	true	2.592544572538800e-01	true	1.158665835446576e+01	true	3.240574250000000e-04	3.155374870000000e-09	1.723357472661018e+00	1.032151810077489e+00	true	7.750470013862041e-01	8.036890118092184e+01	2.494823845077947e+00	2.314223995008469e-01	true	true	5.427170783440365e-01	7.534670711916743e-01	5.427170783440365e-01	8.695271330037054e-03	6.683806860611557e-01	3.790430132086851e+00	6.683806860611557e-01	6.395217902884764e-03	CMS:2019ogx	CMS:2012qwq	CMS:2019ogx	ATLAS:2021upq	LHC13 [H]->X1->Z(X2->[bb])	LHC8 [vbfH;HW;Htt;H;HZ]>[bb;tautau;WW;ZZ;gamgam]	LHC13 [H]->X1->Z(X2->[bb])	LHC13 [Hpmtb>tb]	4.727918995479342e+00	true	all checks passed	1	3.346163416464314e+00	2.597176217019106e-01	2.706969454443915e+00	-1.292285798736012e+00	-1.235725128004305e+00	3.261790000000000e+02	5.344960000000000e+00	6337.5797684393438	1014.2646946629441	387.83079161236083	-0.58914962441862595	-0.041352010501535384	0.015595776100064948	0	0.00094063020767351881	0	0	0	success	ew_sym_res	success	success	246.00299999999999	success	145.95006371319352	1.2266652153146119e-08	-5.0872455714902944e-08	1.9404717145170687e-09	1.2267305066467054e-08	1.6070945326302019e-09	40.863314058360572	119.27741924323692	1.267091735555153e-09	success	success	144.86940287406441	1.2266652153146119e-08	-5.0872455714902944e-08	1.9404717145170687e-09	1.2267305066467054e-08	7.671461174278468e-10	43.206518755394569	128.27125973302947	1.9053003934771032e-09	success	144.90956335693005	1.2266652153146119e-08	-5.0872455714902944e-08	1.9404717145170687e-09	1.2267305066467054e-08	7.054741941296595e-10	43.135878272217546	127.98085001619914	-4.840007083309605e-10	success	144.7207072668044	1.2266652153146119e-08	-5.0872455714902944e-08	1.9404717145170687e-09	1.2267305066467054e-08	-1.5796459620842944e-09	43.46006987748784	129.32498394821408	-2.1552515956761922e-09	success	144.70421591276784	1.2266652153146119e-08	-5.0872455714902944e-08	1.9404717145170687e-09	1.2267305066467054e-08	-6.7676901025190655e-10	43.48744739776587	129.43984608908093	-6.8809920110940976e-10	success	144.72070865595853	144.72070865595853	0.94999999999999996	0.0017314929736183178	22247.018597291302	0	0.0027258442779174745	0.10000000000000001	0.57736206669370638	0.57638909809345173	0.059174998572329648	0	0.02634375636062132	0.16746412119452941	1.5037780360834268e-22	3.0325585221630272e-05	0.28978131996683448	1.876893881501048e-28	0	1.5716057748770108e-11	3.8144165527687316e-16	1.5716302057610363e-11	0-(0)->1	nan	nan	nan	nan	nan	nan	nan	nan	nan	nan	nan	nan	nan	nan	nan	nan	nan	nan	nan	nan	nan	nan	nan	nan	nan	nan	nan	nan	nan	nan	nan	nan	nan	nan	nan	nan	nan	nan	nan	nan	nan	nan	nan	nan	nan	nan	nan	nan	nan	nan	nan	nan	nan	nan	nan	nan	nan	nan	nan	nan	nan	nan	nan	nan	nan	nan	nan	nan	nan	nan	nan	nan	nan	nan	nan	nan	nan	nan	nan	nan	nan	nan	nan	nan	nan	nan	nan	nan	nan	nan	nan	nan	nan	nan	nan	nan	nan	nan	nan	nan	nan	nan	nan	nan	nan	nan	nan	nan	nan	nan	nan	nan	nan	nan	nan	nan	nan	nan	nan	nan	nan	nan	nan	nan	nan	nan	nan	nan	nan	nan	nan	nan	nan	nan	nan	nan	nan	nan	nan	nan	nan	nan	nan	nan	nan	nan	nan	nan	single_step	1.571630205761036e-11	typeI_mH62-125/random_20260816_071725.md
1.203920000000000e+02	2.800760000000000e+02	2.755590000000000e+02	1.107970000000000e+03	1.476920000000000e-02	1.186980000000000e+01	1.042097401017967e-20	-1.998209168722870e+01	success	0	0	0	true	2.578315646817033e-01	true	1.081438238151923e+01	true	3.270729050000000e-04	3.118622950000000e-09	1.331849017005614e+00	1.305716400317509e+00	true	4.971561301051545e-01	8.035767160417747e+01	2.494243941797258e+00	2.314998829949115e-01	true	true	7.568761827611782e-01	7.636188340272360e-01	2.356383892034546e-01	5.854339345309312e-04	2.252723418305289e+00	3.841500111409045e+00	3.482521624872009e-01	4.426637922484738e-04	CMS:2013zmy	CMS:2012qwq	CMS:2019qcx	ATLAS:2021upq	LHC8 [ggH;vbfH;HW;HZ]>[WW]	LHC8 [vbfH;HW;Htt;H;HZ]>[bb;tautau;WW;ZZ;gamgam]	LHC13 [ggH]->X1->Z(X2->[bb])	LHC13 [Hpmtb>tb]	4.691931608324836e+00	true	all checks passed	1	3.174396201464484e+00	2.582921870972467e-01	2.312576432581724e+00	-9.944185549025331e-01	-1.077365322534234e+00	1.107970000000000e+03	1.186980000000000e+01	5572.4916760959723	648.70087918203865	93.35872389443675	-2.7343644719128974	-0.033830546087743038	0.012227798792096921	0	-0.0037345550385132187	0	0	0	success	ew_sym_res	success	success	260.13499999999999	success	153.51390621012735	-3.4728763359718276e-09	3.6803614015548976e-09	-5.5171184409099116e-10	-3.4730161667193766e-09	-2.0360687417753403e-08	4.5699384962783718	46.15479858279906	5.9188184296135344e-08	success	success	153.47053192121729	-3.4728763359718276e-09	3.6803614015548976e-09	-5.5171184409099116e-10	-3.4730161667193766e-09	2.695362903435628e-08	4.8843129201579689	49.244781946502549	5.9274735003927544e-08	success	153.47210669593065	-3.4728763359718276e-09	3.6803614015548976e-09	-5.5171184409099116e-10	-3.4730161667193766e-09	-3.9325933136822654e-08	4.8741648534556292	49.145237312904939	3.9864826814156631e-08	success	153.46080765427229	-3.4728763359718276e-09	3.6803614015548976e-09	-5.5171184409099116e-10	-3.4730161667193766e-09	-1.0588177311508825e-07	4.9452891223827091	49.842632522158269	1.0688239102920793e-08	success	153.45999199153789	-3.4728763359718276e-09	3.6803614015548976e-09	-5.5171184409099116e-10	-3.4730161667193766e-09	4.1040280636064177e-09	4.9502818708398033	49.891563420881816	9.0218206907498342e-08	success	153.46080732366971	153.46080732366971	0.94999999999999996	0.0002311735757615899	474922.8743322182	0	0.00036757196924051643	0.10000000000000001	0.57742769486353784	0.57728937629486576	1.339869407825149	0	0.60023717381883035	3.8248528406518947	8.7740672127388358e-28	9.2781042732771645e-05	6.6026089120071338	1.3216072856190485e-34	0	1.0414831824409942e-20	1.1791241306407078e-23	1.0420974010179673e-20	0-(0)->1	nan	nan	nan	nan	nan	nan	nan	nan	nan	nan	nan	nan	nan	nan	nan	nan	nan	nan	nan	nan	nan	nan	nan	nan	nan	nan	nan	nan	nan	nan	nan	nan	nan	nan	nan	nan	nan	nan	nan	nan	nan	nan	nan	nan	nan	nan	nan	nan	nan	nan	nan	nan	nan	nan	nan	nan	nan	nan	nan	nan	nan	nan	nan	nan	nan	nan	nan	nan	nan	nan	nan	nan	nan	nan	nan	nan	nan	nan	nan	nan	nan	nan	nan	nan	nan	nan	nan	nan	nan	nan	nan	nan	nan	nan	nan	nan	nan	nan	nan	nan	nan	nan	nan	nan	nan	nan	nan	nan	nan	nan	nan	nan	nan	nan	nan	nan	nan	nan	nan	nan	nan	nan	nan	nan	nan	nan	nan	nan	nan	nan	nan	nan	nan	nan	nan	nan	nan	nan	nan	nan	nan	nan	nan	nan	nan	nan	nan	nan	single_step	1.042097401017967e-20	typeI_mH62-125/random_20260818_235435.md
7.749370000000000e+01	2.992540000000000e+02	2.911110000000000e+02	3.795330000000000e+02	2.521710000000000e-02	8.804370000000000e+00	2.690126784352531e-11	-1.057022725142988e+01	success	0	0	0	true	2.572851063964205e-01	true	1.281936233877394e+01	true	3.264994870000000e-04	3.125582170000000e-09	1.402418518734542e+00	1.251449802876444e+00	true	1.807943526615641e+00	8.035193439180262e+01	2.494008654886607e+00	2.315042530802833e-01	true	true	2.999471546775948e-01	7.611708375390456e-01	2.999471546775948e-01	1.100798988824634e-03	3.196984854378900e-01	3.829185094592976e+00	3.196984854378900e-01	7.430578994179427e-04	CMS:2019ogx	CMS:2012qwq	CMS:2019ogx	ATLAS:2021upq	LHC13 [H]->X1->Z(X2->[bb])	LHC8 [vbfH;HW;Htt;H;HZ]>[bb;tautau;WW;ZZ;gamgam]	LHC13 [H]->X1->Z(X2->[bb])	LHC13 [Hpmtb>tb]	5.136667769494466e+00	true	all checks passed	1	3.693328600062693e+00	2.577447525508313e-01	2.938423222953038e+00	-1.265014472594104e+00	-1.423892858310278e+00	3.795330000000000e+02	8.804370000000000e+00	7721.7530637293294	1477.5649500974546	282.59178612804385	-2.6637899192370016	-0.052271078769402332	0.0097364340182130062	0	-0.0075558019511623442	0	0	0	success	ew_sym_res	success	success	268.49299999999999	success	149.76109878121639	-1.8802570231442225e-09	3.2822108443504832e-08	4.0052337362163149e-09	2.5747130308893455e-09	-2.8075132966412991e-09	40.397025263306105	129.46540823640336	1.0770135437370046e-09	success	success	148.46616235415172	-1.8802570231442225e-09	3.2822108443504832e-08	4.0052337362163149e-09	2.5747130308893455e-09	-9.19831243304495e-10	43.593091449018466	138.42283641562165	3.9673111902427694e-10	success	148.51357851397086	-1.8802570231442225e-09	3.2822108443504832e-08	4.0052337362163149e-09	2.5747130308893455e-09	-7.4199285722742302e-09	43.504730536958313	138.13979658839207	-6.3910242294103304e-10	success	148.29276939169449	-1.8802570231442225e-09	3.2822108443504832e-08	4.0052337362163149e-09	2.5747130308893455e-09	-1.237901087997072e-09	43.903674499201252	139.43981558617276	-1.2798184594508319e-09	success	148.27329197070299	-1.8802570231442225e-09	3.2822108443504832e-08	4.0052337362163149e-09	2.5747130308893455e-09	-2.1533261409712716e-09	43.937420870695064	139.55247255599451	-3.4466579589462606e-09	success	148.29281026077194	148.29281026077194	0.94999999999999996	0.0017155749732290281	19187.712876566533	0	0.002700834749028875	0.10000000000000001	0.57735154208785078	0.57638790229692016	0.052302708511613505	0	0.023441666524866098	0.14901540485127082	1.8925331096248819e-22	2.6737228847097669e-05	0.25785833177352707	2.3987371714652732e-28	0	2.6900908556657581e-11	5.4780717373925684e-16	2.6901267843525311e-11	0-(0)->1	nan	nan	nan	nan	nan	nan	nan	nan	nan	nan	nan	nan	nan	nan	nan	nan	nan	nan	nan	nan	nan	nan	nan	nan	nan	nan	nan	nan	nan	nan	nan	nan	nan	nan	nan	nan	nan	nan	nan	nan	nan	nan	nan	nan	nan	nan	nan	nan	nan	nan	nan	nan	nan	nan	nan	nan	nan	nan	nan	nan	nan	nan	nan	nan	nan	nan	nan	nan	nan	nan	nan	nan	nan	nan	nan	nan	nan	nan	nan	nan	nan	nan	nan	nan	nan	nan	nan	nan	nan	nan	nan	nan	nan	nan	nan	nan	nan	nan	nan	nan	nan	nan	nan	nan	nan	nan	nan	nan	nan	nan	nan	nan	nan	nan	nan	nan	nan	nan	nan	nan	nan	nan	nan	nan	nan	nan	nan	nan	nan	nan	nan	nan	nan	nan	nan	nan	nan	nan	nan	nan	nan	nan	nan	nan	nan	nan	nan	nan	single_step	2.690126784352531e-11	typeI_mH62-125/random_20260818_235435.md
7.339820000000000e+01	3.072480000000000e+02	2.998400000000000e+02	3.224720000000000e+02	1.967030000000000e-02	6.054290000000000e+00	1.869555483052699e-08	-7.728261641702020e+00	success	0	0	0	true	2.580968759141097e-01	true	9.690904461888154e+00	true	3.250647130000000e-04	3.142991330000000e-09	1.586974968898534e+00	1.120741063676205e+00	true	1.609015541876979e+00	8.035271578404428e+01	2.494070442315544e+00	2.314961389171049e-01	true	true	7.525770847403067e-01	7.608529342485877e-01	7.525770847403067e-01	4.784909489062582e-03	7.569729008103048e-01	3.827585833978527e+00	7.569729008103048e-01	2.974590642585592e-03	CMS:2019ogx	CMS:2012qwq	CMS:2019ogx	ATLAS:2021upq	LHC13 [H]->X1->Z(X2->[bb])	LHC8 [vbfH;HW;Htt;H;HZ]>[bb;tautau;WW;ZZ;gamgam]	LHC13 [H]->X1->Z(X2->[bb])	LHC13 [Hpmtb>tb]	5.103783140245213e+00	true	all checks passed	1	2.349101166770025e+00	2.585579723146788e-01	3.126742418686385e+00	-1.378166357701760e+00	-1.526798385727406e+00	3.224720000000000e+02	6.054290000000000e+00	7020.7308312703235	1824.2103743034386	405.75081211817468	-1.3545647866804684	-0.063036154253667639	0.00098426998278089038	0	-0.0076749674472990116	0	0	0	success	ew_sym_res	success	success	241.31999999999999	success	134.60580439719513	2.338204067673965e-09	6.0614764880242232e-09	6.7963230810114856e-09	2.338267337501727e-09	1.0757860305236878e-09	44.403522215364006	154.0169432712577	1.2867822518935089e-09	success	success	131.85312676463934	2.338204067673965e-09	6.0614764880242232e-09	6.7963230810114856e-09	2.338267337501727e-09	2.0733946029966336e-09	46.878231076661301	166.28379167924086	-9.9444401065738815e-10	success	131.96192960712699	2.338204067673965e-09	6.0614764880242232e-09	6.7963230810114856e-09	2.338267337501727e-09	-1.0585241552497938e-09	46.811234210810596	165.87380609423857	-1.8802335071199175e-10	success	131.53793673668235	2.338204067673965e-09	6.0614764880242232e-09	6.7963230810114856e-09	2.338267337501727e-09	-1.2692420996519922e-09	47.062294534278145	167.4465259610686	4.929217535596594e-10	success	131.49735118241227	2.338204067673965e-09	6.0614764880242232e-09	6.7963230810114856e-09	2.338267337501727e-09	4.4661938828774702e-10	47.084958877329051	167.59365362126329	9.5766332649717189e-10	success	131.53793673668235	131.53793673668235	0.94999999999999996	0.0039313440058953769	8213.3309194210105	0	0.0061145352291651148	0.10000000000000001	0.57736525918450821	0.57537012127980081	0.019848356014630038	0	0.0088440010021601564	0.056067344259580688	1.2256734563291704e-20	2.2950665933005359e-05	0.097284011023761705	3.5530254644456923e-26	0	1.8695380130274748e-08	2.1455985851363401e-13	1.8695554830526992e-08	0-(0)->1	nan	nan	nan	nan	nan	nan	nan	nan	nan	nan	nan	nan	nan	nan	nan	nan	nan	nan	nan	nan	nan	nan	nan	nan	nan	nan	nan	nan	nan	nan	nan	nan	nan	nan	nan	nan	nan	nan	nan	nan	nan	nan	nan	nan	nan	nan	nan	nan	nan	nan	nan	nan	nan	nan	nan	nan	nan	nan	nan	nan	nan	nan	nan	nan	nan	nan	nan	nan	nan	nan	nan	nan	nan	nan	nan	nan	nan	nan	nan	nan	nan	nan	nan	nan	nan	nan	nan	nan	nan	nan	nan	nan	nan	nan	nan	nan	nan	nan	nan	nan	nan	nan	nan	nan	nan	nan	nan	nan	nan	nan	nan	nan	nan	nan	nan	nan	nan	nan	nan	nan	nan	nan	nan	nan	nan	nan	nan	nan	nan	nan	nan	nan	nan	nan	nan	nan	nan	nan	nan	nan	nan	nan	nan	nan	nan	nan	nan	nan	single_step	1.869555483052699e-08	typeI_mH62-125/random_20260816_064945.md
9.866610000000000e+01	2.983330000000000e+02	2.811790000000000e+02	1.705230000000000e+02	1.208460000000000e-02	4.697840000000000e+00	9.906803387276254e-11	-1.000406645603120e+01	success	0	0	0	true	2.638725280947206e-01	true	1.213049146610602e+01	true	3.229635150000000e-04	3.168774530000000e-09	1.877835321759629e+00	9.404014860489984e-01	true	7.035457549866544e+00	8.034019141448107e+01	2.493195025660300e+00	2.315837439422131e-01	true	true	7.727748676890630e-01	7.619299633706230e-01	7.727748676890630e-01	1.550510906756315e-02	9.635044745183629e-01	3.833003991975586e+00	9.635044745183629e-01	1.129762861500837e-02	CMS:2019ogx	CMS:2012qwq	CMS:2019ogx	ATLAS:2021upq	LHC13 [H]->X1->Z(X2->[bb])	LHC8 [vbfH;HW;Htt;H;HZ]>[bb;tautau;WW;ZZ;gamgam]	LHC13 [H]->X1->Z(X2->[bb])	LHC13 [Hpmtb>tb]	5.380250022177734e+00	true	all checks passed	1	3.514433573702938e+00	2.643439428396009e-01	2.701655136031878e+00	-1.128351068339044e+00	-1.456890590052311e+00	1.705230000000000e+02	4.697840000000000e+00	6366.3760509932217	1242.124548899433	323.61696474642071	-0.16737559342645753	-0.048456804792798715	0.0017920040454246743	0	-0.011322196926634834	0	0	0	success	ew_sym_res	success	success	241.5	success	145.90727628284662	-2.8253402598439958e-09	1.1508543155147282e-07	-1.9872620566375998e-09	-2.6535918609677944e-09	4.4323983777243744e-09	45.968838103432077	127.91778668012344	-7.5010328259330702e-10	success	success	144.40355215291214	-2.8253402598439958e-09	1.1508543155147282e-07	-1.9872620566375998e-09	-2.6535918609677944e-09	-7.6252920210414028e-10	48.432019614807885	138.30040425009406	-9.9949746460985477e-10	success	144.45977444217988	-2.8253402598439958e-09	1.1508543155147282e-07	-1.9872620566375998e-09	-2.6535918609677944e-09	1.1346781442516596e-09	48.356906690759878	137.95887064081805	2.4652269070464206e-10	success	144.20729624533786	-2.8253402598439958e-09	1.1508543155147282e-07	-1.9872620566375998e-09	-2.6535918609677944e-09	1.5833587722752381e-09	48.689725303846394	139.4858521865678	1.5074383508802302e-09	success	144.18473668227568	-2.8253402598439958e-09	1.1508543155147282e-07	-1.9872620566375998e-09	-2.6535918609677944e-09	1.6695567186426529e-10	48.716480326751103	139.61016563359271	-2.1698174160272893e-09	success	144.20728782172111	144.20728782172111	0.94999999999999996	0.0019881712884215297	16045.512208501877	0	0.0031249020938831028	0.10000000000000001	0.57734416098665686	0.5762466324394977	0.042527504019711858	0	0.019159970326856433	0.12175122280046827	4.1383054182765456e-22	2.5302003228260696e-05	0.21075967359542075	6.1014471575222843e-28	0	9.90668664311924e-11	1.7044803267161505e-15	9.9068033872762538e-11	0-(0)->1	nan	nan	nan	nan	nan	nan	nan	nan	nan	nan	nan	nan	nan	nan	nan	nan	nan	nan	nan	nan	nan	nan	nan	nan	nan	nan	nan	nan	nan	nan	nan	nan	nan	nan	nan	nan	nan	nan	nan	nan	nan	nan	nan	nan	nan	nan	nan	nan	nan	nan	nan	nan	nan	nan	nan	nan	nan	nan	nan	nan	nan	nan	nan	nan	nan	nan	nan	nan	nan	nan	nan	nan	nan	nan	nan	nan	nan	nan	nan	nan	nan	nan	nan	nan	nan	nan	nan	nan	nan	nan	nan	nan	nan	nan	nan	nan	nan	nan	nan	nan	nan	nan	nan	nan	nan	nan	nan	nan	nan	nan	nan	nan	nan	nan	nan	nan	nan	nan	nan	nan	nan	nan	nan	nan	nan	nan	nan	nan	nan	nan	nan	nan	nan	nan	nan	nan	nan	nan	nan	nan	nan	nan	nan	nan	nan	nan	nan	nan	single_step	9.906803387276254e-11	typeI_mH62-125/random_20260816_190714.md
8.204970000000000e+01	3.151790000000000e+02	3.045810000000000e+02	2.072310000000000e+02	3.915290000000000e-02	6.992800000000000e+00	1.221244883473756e-11	-1.091319724278905e+01	success	0	0	0	true	2.576462130730267e-01	true	1.548854985891939e+01	true	3.257910160000000e-04	3.134128860000000e-09	1.492124482859436e+00	1.186380226931028e+00	true	3.416617194361692e+00	8.034736715756789e+01	2.493703166707734e+00	2.315321063077284e-01	true	true	5.553560114158805e-01	7.568980266650895e-01	5.553560114158805e-01	2.768195011262335e-03	5.868095075962991e-01	3.807690072840086e+00	5.868095075962991e-01	1.717273783896039e-03	CMS:2019ogx	CMS:2012qwq	CMS:2019ogx	ATLAS:2021upq	LHC13 [H]->X1->Z(X2->[bb])	LHC8 [vbfH;HW;Htt;H;HZ]>[bb;tautau;WW;ZZ;gamgam]	LHC13 [H]->X1->Z(X2->[bb])	LHC13 [Hpmtb>tb]	4.940408714774065e+00	true	all checks passed	1	4.594334837734692e+00	2.581065043533741e-01	3.227396583809623e+00	-1.400003457498954e+00	-1.617077172880009e+00	2.072310000000000e+02	6.992800000000000e+00	9545.8172563401913	2068.8432503216918	393.67685900457246	-1.3807641839635412	-0.069743170385027003	-0.028033323955746207	0	-0.0076030384783650788	0	0	0	success	non_bfb	success	success	571	success	164.27402048003785	1.7147867171400153e-09	1.4028985664089853e-05	5.8546195355772708e-06	4.0621056949340473e-09	-3.0471791387106836e-09	57.184738731128192	107.23402157892247	-3.1130927335543405e-10	success	success	162.41622399269488	1.7147867171400153e-09	1.4028985664089853e-05	5.8546195355772708e-06	4.0621056949340473e-09	8.6162572351587103e-10	59.053286080963304	121.48984655759496	-5.5972511982244988e-10	success	162.48834228116635	1.7147867171400153e-09	1.4028985664089853e-05	5.8546195355772708e-06	4.0621056949340473e-09	4.5635877853480941e-10	59.004033210146559	121.02879689906138	-2.3855841294003713e-09	success	162.14095019923107	1.7147867171400153e-09	1.4028985664089853e-05	5.8546195355772708e-06	4.0621056949340473e-09	2.6630093536442096e-09	59.22993993955636	123.20322899089444	3.0509848650887534e-10	success	162.10809883299336	1.7147867171400153e-09	1.4028985664089853e-05	5.8546195355772708e-06	4.0621056949340473e-09	3.7326491064902924e-10	59.249888617727876	123.40304584831978	-2.9719496613879524e-10	success	162.14095019923107	162.14095019923107	0.94999999999999996	0.00081750868512200849	12479.234002851974	0	0.0012936839640505264	0.10000000000000001	0.57729346886725263	0.57683047303527801	0.037205850132289948	0	0.016625033234609132	0.10580835539641852	3.572613889244268e-23	9.0634099790485886e-06	0.18287536558070044	2.9756688515697725e-29	0	1.2212381111065073e-11	9.5784562109507903e-17	1.2212448834737564e-11	0-(0)->1	nan	nan	nan	nan	nan	nan	nan	nan	nan	nan	nan	nan	nan	nan	nan	nan	nan	nan	nan	nan	nan	nan	nan	nan	nan	nan	nan	nan	nan	nan	nan	nan	nan	nan	nan	nan	nan	nan	nan	nan	nan	nan	nan	nan	nan	nan	nan	nan	nan	nan	nan	nan	nan	nan	nan	nan	nan	nan	nan	nan	nan	nan	nan	nan	nan	nan	nan	nan	nan	nan	nan	nan	nan	nan	nan	nan	nan	nan	nan	nan	nan	nan	nan	nan	nan	nan	nan	nan	nan	nan	nan	nan	nan	nan	nan	nan	nan	nan	nan	nan	nan	nan	nan	nan	nan	nan	nan	nan	nan	nan	nan	nan	nan	nan	nan	nan	nan	nan	nan	nan	nan	nan	nan	nan	nan	nan	nan	nan	nan	nan	nan	nan	nan	nan	nan	nan	nan	nan	nan	nan	nan	nan	nan	nan	nan	nan	nan	nan	single_step	1.221244883473756e-11	typeI_mH62-125/random_20260816_190714.md
6.580150000000000e+01	2.959240000000000e+02	2.945310000000000e+02	2.422060000000000e+02	1.440250000000000e-01	6.255110000000000e+00	1.206147077007235e-09	-8.918599731301944e+00	success	0	0	0	true	2.466496956718565e-01	true	1.019146063465423e+01	true	3.297905400000000e-04	3.484393670000000e-09	1.022169954270362e+00	1.406569008405345e-02	true	2.738781206043644e-01	8.036352841024096e+01	2.494765528745238e+00	2.314283386795543e-01	true	true	6.944701443941299e-01	7.197925484815919e-01	6.944701443941299e-01	3.980272562945658e-03	6.597923311717054e-01	3.621025349257970e+00	6.597923311717054e-01	2.606559795802474e-03	CMS:2019ogx	CMS:2012qwq	CMS:2019ogx	ATLAS:2021upq	LHC13 [H]->X1->Z(X2->[bb])	LHC8 [vbfH;HW;Htt;H;HZ]>[bb;tautau;WW;ZZ;gamgam]	LHC13 [H]->X1->Z(X2->[bb])	LHC13 [Hpmtb>tb]	4.599980666043109e+00	true	all checks passed	1	2.533472882589388e+00	2.470903414040952e-01	3.182333784495772e+00	-1.394214086718820e+00	-1.421397106581335e+00	2.422060000000000e+02	6.255110000000000e+00	7051.6189081385082	1724.5064133018152	444.3987207924086	-1.6071066861997416	-0.05780909588701074	0.016252903923655544	0	-0.0024153096846694731	0	0	0	success	ew_sym_res	success	success	727.92100000000005	success	145.04031993000484	3.1434678737583323e-07	3.6504022140743348e-06	3.1448448644086801e-07	3.1434678737583296e-07	-1.1875268792856109e-09	101.1392353977071	58.656873455414022	-5.9548732543475357e-10	success	success	141.06741153127615	3.1434678737583323e-07	3.6504022140743348e-06	3.1448448644086801e-07	3.1434678737583296e-07	-8.5210844373222424e-11	104.52709996784512	76.95217446762382	9.332165384608395e-10	success	141.2254052461906	3.1434678737583323e-07	3.6504022140743348e-06	3.1448448644086801e-07	3.1434678737583296e-07	-1.8476381421476647e-10	104.45843449481951	76.171638762371302	3.0913928964150542e-10	success	140.61536175499901	3.1434678737583323e-07	3.6504022140743348e-06	3.1448448644086801e-07	3.1434678737583296e-07	1.8439166955097252e-10	104.69615845184676	79.20517572353333	4.9477327663804281e-11	success	140.55445291903078	3.1434678737583323e-07	3.6504022140743348e-06	3.1448448644086801e-07	3.1434678737583296e-07	3.8810481750285443e-11	104.71588108155348	79.51085473190858	-2.5100900572661929e-10	success	140.6152525338689	140.6152525338689	0.94999999999999996	0.0012035962605100661	5856.9262164239708	0	0.0019018105505102098	0.10000000000000001	0.57730206834452347	0.57673040680890952	0.015135041772080991	0	0.0067441032647195679	0.042910661746586878	4.4346301002138771e-22	5.4079580948585301e-06	0.074185135911915237	6.365912517118308e-28	0	1.2061427561722379e-09	5.0305997271696359e-15	1.2061470770072349e-09	0-(0)->1	nan	nan	nan	nan	nan	nan	nan	nan	nan	nan	nan	nan	nan	nan	nan	nan	nan	nan	nan	nan	nan	nan	nan	nan	nan	nan	nan	nan	nan	nan	nan	nan	nan	nan	nan	nan	nan	nan	nan	nan	nan	nan	nan	nan	nan	nan	nan	nan	nan	nan	nan	nan	nan	nan	nan	nan	nan	nan	nan	nan	nan	nan	nan	nan	nan	nan	nan	nan	nan	nan	nan	nan	nan	nan	nan	nan	nan	nan	nan	nan	nan	nan	nan	nan	nan	nan	nan	nan	nan	nan	nan	nan	nan	nan	nan	nan	nan	nan	nan	nan	nan	nan	nan	nan	nan	nan	nan	nan	nan	nan	nan	nan	nan	nan	nan	nan	nan	nan	nan	nan	nan	nan	nan	nan	nan	nan	nan	nan	nan	nan	nan	nan	nan	nan	nan	nan	nan	nan	nan	nan	nan	nan	nan	nan	nan	nan	nan	nan	single_step	1.206147077007235e-09	random_20260820_005445.md
1.222751961287711e+02	3.267581396754530e+02	1.167188147641081e+02	2.197933519571689e+03	1.766090186472461e-01	6.829449824002052e+00	2.987664349479098e-19	-1.852466819512877e+01	success	0	0	0	true	6.603329588526202e-03	true	7.874050343835347e+00	true	3.283243910000000e-04	3.505446170000000e-09	1.184157361553688e+00	3.655502696395832e-02	true	9.312498678924129e-01	8.035676646762539e+01	2.494486146946924e+00	2.316044700369931e-01	true	true	7.492341701019246e-01	7.084126372767459e-01	4.349969355011912e-01	0.000000000000000e+00	2.229059979501234e+00	3.563776983694893e+00	5.582428959606333e-01	0.000000000000000e+00	CMS:2013zmy	CMS:2012qwq	CMS:2019qcx		LHC8 [ggH;vbfH;HW;HZ]>[WW]	LHC8 [vbfH;HW;Htt;H;HZ]>[bb;tautau;WW;ZZ;gamgam]	LHC13 [ggH]->X1->Z(X2->[bb])		3.206134538167504e+00	true	all checks passed	1	6.615126598831954e-03	2.571544770289387e-01	2.202483042346312e-01	1.567466898065488e+00	-1.510978475859578e+00	2.197933519571689e+03	6.829449824002052e+00	-5961.0226916638321	-92.822530263596178	-1019.7848028371778	5.4510946878461102	-0.038568095428834673	0.10209809115049419	0	-0.23289752356759905	0	0	0	success	ew_sym_res	success	success	383.43000000000001	success	141.53720465541892	-4.7528065322572993e-07	-7.6956064850678424e-11	-4.752806565175455e-07	-4.7528065322572982e-07	-1.9900385708171067e-09	15.386493645617945	50.1241353282063	2.3967287855387478e-09	success	success	141.48547817533543	-4.7528065322572993e-07	-7.6956064850678424e-11	-4.752806565175455e-07	-4.7528065322572982e-07	-1.4734608408145628e-08	16.266730472034126	53.759944163638743	-4.1113329277395595e-10	success	141.487446581586	-4.7528065322572993e-07	-7.6956064850678424e-11	-4.752806565175455e-07	-4.7528065322572982e-07	1.7945232165832925e-08	16.238085124485657	53.639440837470488	-2.4042885749269138e-09	success	141.47424898605829	-4.7528065322572993e-07	-7.6956064850678424e-11	-4.752806565175455e-07	-4.7528065322572982e-07	5.3198657306797327e-09	16.424764297955377	54.427477661382966	-9.9715808124098105e-10	success	141.47328487325939	-4.7528065322572993e-07	-7.6956064850678424e-11	-4.752806565175455e-07	-4.7528065322572982e-07	-1.9926355510452699e-08	16.437932410843981	54.483309223842355	-2.047014625248119e-08	success	141.47424908510931	141.47424908510931	0.94999999999999996	0.0004287606542234323	370657.02884992672	0	0.00067954858386031554	0.10000000000000001	0.57717389880992143	0.57693557668419437	0.96370172799878961	0	0.43133766214042035	2.7459786663074617	9.3420669395982585e-27	0.00012344919997217047	4.7447142835446243	2.5562977366552968e-33	0	2.9860086909091736e-19	3.1737531316906714e-22	2.9876643494790975e-19	0-(0)->1	nan	nan	nan	nan	nan	nan	nan	nan	nan	nan	nan	nan	nan	nan	nan	nan	nan	nan	nan	nan	nan	nan	nan	nan	nan	nan	nan	nan	nan	nan	nan	nan	nan	nan	nan	nan	nan	nan	nan	nan	nan	nan	nan	nan	nan	nan	nan	nan	nan	nan	nan	nan	nan	nan	nan	nan	nan	nan	nan	nan	nan	nan	nan	nan	nan	nan	nan	nan	nan	nan	nan	nan	nan	nan	nan	nan	nan	nan	nan	nan	nan	nan	nan	nan	nan	nan	nan	nan	nan	nan	nan	nan	nan	nan	nan	nan	nan	nan	nan	nan	nan	nan	nan	nan	nan	nan	nan	nan	nan	nan	nan	nan	nan	nan	nan	nan	nan	nan	nan	nan	nan	nan	nan	nan	nan	nan	nan	nan	nan	nan	nan	nan	nan	nan	nan	nan	nan	nan	nan	nan	nan	nan	nan	nan	nan	nan	nan	nan	single_step	2.987664349479098e-19	typeI_mH62-125/random_20260831_095833.md
9.398045114018380e+01	2.816157150951616e+02	2.861383313093682e+02	1.006879457685671e+03	1.301869386917164e-01	6.047987090579792e+00	1.862093965388972e-10	-9.729998407339501e+00	success	0	0	0	true	2.522677274759090e-01	true	8.533504731659734e+00	true	3.295349770000000e-04	3.487744800000000e-09	1.049548809946069e+00	1.694018938216427e-02	true	1.261302126522315e+00	8.037121655019928e+01	2.494951450828707e+00	2.314111577414898e-01	true	true	4.090613444774082e-01	7.246133499038411e-01	4.090613444774082e-01	5.578577682296545e-03	5.253114618709376e-01	3.645277120397484e+00	5.253114618709376e-01	3.920198099589789e-03	CMS:2019ogx	CMS:2012qwq	CMS:2019ogx	ATLAS:2021upq	LHC13 [H]->X1->Z(X2->[bb])	LHC8 [vbfH;HW;Htt;H;HZ]>[bb;tautau;WW;ZZ;gamgam]	LHC13 [H]->X1->Z(X2->[bb])	LHC13 [Hpmtb>tb]	3.767898689902580e+00	true	all checks passed	1	2.058316366415907e+00	2.527184099597897e-01	2.796194172787094e+00	-1.292002157965496e+00	-1.207140843405692e+00	1.006879457685671e+03	6.047987090579792e+00	5487.9648233338094	1134.3984149145936	305.11448693897432	-1.0901529339902181	-0.04426401663239591	0.011237662866223432	0	0.0020953381749042139	0	0	0	success	ew_sym_res	success	success	415.93799999999999	success	136.44287383127769	5.6982005082794858e-07	1.2764763412424378e-06	5.6984187168235797e-07	5.6982005082794858e-07	-1.9942588001039056e-09	35.692978258595502	127.23646619786399	-1.4106182977316107e-09	success	success	135.21010698254753	5.6982005082794858e-07	1.2764763412424378e-06	5.6984187168235797e-07	5.6982005082794858e-07	-3.9337761635431565e-09	37.979059301619955	137.67862913818263	-4.1235404130641797e-10	success	135.25818257509417	5.6982005082794858e-07	1.2764763412424378e-06	5.6984187168235797e-07	5.6982005082794858e-07	2.8039312535394399e-09	37.90827148219757	137.32901872145257	-1.5220680562933101e-09	success	135.04514660283405	5.6982005082794858e-07	1.2764763412424378e-06	5.6984187168235797e-07	5.6982005082794858e-07	-1.2634536290851158e-09	38.214563816884443	138.85741907319715	-6.7238172002500559e-10	success	135.02617088033423	5.6982005082794858e-07	1.2764763412424378e-06	5.6984187168235797e-07	5.6982005082794858e-07	-6.5614915072846053e-10	38.241002748642103	138.99135481190766	-5.674387270938744e-10	success	135.04514872768684	135.04514872768684	0.94999999999999996	0.0026748673119790433	18039.022603809481	0	0.0041885366907286848	0.10000000000000001	0.57741251302975294	0.5759343881375677	0.044760649759198523	0	0.019944564311101327	0.12663110089971596	8.6106709614672238e-22	3.5356807039725038e-05	0.21939020742211462	1.603653768094537e-27	0	1.8620647460810675e-10	4.3038656044997378e-15	1.8620939653889719e-10	0-(0)->1	nan	nan	nan	nan	nan	nan	nan	nan	nan	nan	nan	nan	nan	nan	nan	nan	nan	nan	nan	nan	nan	nan	nan	nan	nan	nan	nan	nan	nan	nan	nan	nan	nan	nan	nan	nan	nan	nan	nan	nan	nan	nan	nan	nan	nan	nan	nan	nan	nan	nan	nan	nan	nan	nan	nan	nan	nan	nan	nan	nan	nan	nan	nan	nan	nan	nan	nan	nan	nan	nan	nan	nan	nan	nan	nan	nan	nan	nan	nan	nan	nan	nan	nan	nan	nan	nan	nan	nan	nan	nan	nan	nan	nan	nan	nan	nan	nan	nan	nan	nan	nan	nan	nan	nan	nan	nan	nan	nan	nan	nan	nan	nan	nan	nan	nan	nan	nan	nan	nan	nan	nan	nan	nan	nan	nan	nan	nan	nan	nan	nan	nan	nan	nan	nan	nan	nan	nan	nan	nan	nan	nan	nan	nan	nan	nan	nan	nan	nan	single_step	1.862093965388972e-10	typeI_mH62-125/random_20260901_123251.md
7.160060000000000e+01	3.064470000000000e+02	3.134880000000000e+02	3.179600000000000e+02	1.677650000000000e-01	7.318060000000000e+00	1.462843852608338e-17	-1.683480202901464e+01	success	0	0	0	true	2.459744954248526e-01	true	1.263707388744610e+01	true	3.260179630000000e-04	3.131371220000000e-09	1.463085940912382e+00	1.207185486852417e+00	true	3.575266488490452e+00	8.037825046159092e+01	2.495510062921590e+00	2.313535958339480e-01	true	true	8.497113922091930e-01	7.144154542772544e-01	5.197202249430102e-01	2.011706339114940e-03	5.392438376076751e-01	3.593975063088257e+00	5.114000226848936e-01	1.246899560777283e-03	LEPWorkingGroupforHiggsbosonsearches:2003ing	CMS:2012qwq	CMS:2019ogx	ATLAS:2021upq	LEP [eeHZ>bb]	LHC8 [vbfH;HW;Htt;H;HZ]>[bb;tautau;WW;ZZ;gamgam]	LHC13 [H]->X1->Z(X2->[bb])	LHC13 [Hpmtb>tb]	5.181986161988561e+00	true	all checks passed	1	3.373975880303385e+00	2.464139348952858e-01	3.578484961887305e+00	-1.656907089824913e+00	-1.512648965196715e+00	3.179600000000000e+02	7.318060000000000e+00	9215.6105016724086	2394.4140895564251	462.11717876993157	-2.6452790958391343	-0.077696622880504079	-0.015185544787779955	0	0.0041387264383807906	0	0	0	success	ew_sym_res	success	success	262.50299999999999	success	317.51623327502864	1.8920903056861103e-07	5.1214488603506485e-10	1.8920908289592723e-07	1.8920903056861101e-07	-9.4895686636176882e-10	101.99130303493861	3.6738792841935681	-2.8155179167548208e-09	success	success	305.67088240270505	1.8920903056861103e-07	5.1214488603506485e-10	1.8920908289592723e-07	1.8920903056861101e-07	3.5892318032337809e-09	107.62506169890659	4.2397269335332259	3.233834250271821e-09	success	305.97050133044752	1.8920903056861103e-07	5.1214488603506485e-10	1.8920908289592723e-07	1.8920903056861101e-07	-1.3947929971158375e-09	107.48656874395715	4.2244595721479454	-9.2130441413051224e-10	success	304.27421491712437	1.8920903056861103e-07	5.1214488603506485e-10	1.8920908289592723e-07	1.8920903056861101e-07	2.2521581722173574e-09	108.26782458223786	4.3115948238034916	4.3667177865251934e-10	success	304.09953905297834	1.8920903056861103e-07	5.1214488603506485e-10	1.8920908289592723e-07	1.8920903056861101e-07	2.1128960355449468e-09	108.3478752699713	4.320664465383059	-1.2241888568559336e-09	success	304.27420490493876	304.27420490493876	0.94999999999999996	1.4701285233912136e-05	4388.7156491266869	0	2.3392289423191253e-05	0.10000000000000001	0.57734023453320138	0.57733075330777173	0.024591338508037932	0	0.011034669464285583	0.070323323457172168	1.5943522004172168e-29	1.0852165747021901e-07	0.12138136410714141	2.519113731215036e-35	0	1.4628343811036497e-17	1.2204817858479703e-22	1.4628438526083377e-17	0-(0)->1	nan	nan	nan	nan	nan	nan	nan	nan	nan	nan	nan	nan	nan	nan	nan	nan	nan	nan	nan	nan	nan	nan	nan	nan	nan	nan	nan	nan	nan	nan	nan	nan	nan	nan	nan	nan	nan	nan	nan	nan	nan	nan	nan	nan	nan	nan	nan	nan	nan	nan	nan	nan	nan	nan	nan	nan	nan	nan	nan	nan	nan	nan	nan	nan	nan	nan	nan	nan	nan	nan	nan	nan	nan	nan	nan	nan	nan	nan	nan	nan	nan	nan	nan	nan	nan	nan	nan	nan	nan	nan	nan	nan	nan	nan	nan	nan	nan	nan	nan	nan	nan	nan	nan	nan	nan	nan	nan	nan	nan	nan	nan	nan	nan	nan	nan	nan	nan	nan	nan	nan	nan	nan	nan	nan	nan	nan	nan	nan	nan	nan	nan	nan	nan	nan	nan	nan	nan	nan	nan	nan	nan	nan	nan	nan	nan	nan	nan	nan	single_step	1.462843852608338e-17	typeI_mH62-125/random_20260815_194920.md
6.981710000000000e+01	3.028840000000000e+02	2.875440000000000e+02	5.003310000000000e+02	1.258720000000000e-01	5.961060000000000e+00	2.417979311722023e-08	-7.616547419291377e+00	success	0	0	0	true	2.484150682656580e-01	true	8.139065286259402e+00	true	3.248703170000000e-04	3.145426040000000e-09	1.612857622383632e+00	1.103035637456379e+00	true	6.592115794379083e+00	8.034114077681168e+01	2.493461981228665e+00	2.315546967148128e-01	true	true	8.077023414337682e-01	7.259526397315313e-01	8.077023414337682e-01	4.835647793117005e-03	7.567297221127943e-01	3.652014620565136e+00	7.567297221127943e-01	3.361130633880022e-03	CMS:2019ogx	CMS:2012qwq	CMS:2019ogx	ATLAS:2021upq	LHC13 [H]->X1->Z(X2->[bb])	LHC8 [vbfH;HW;Htt;H;HZ]>[bb;tautau;WW;ZZ;gamgam]	LHC13 [H]->X1->Z(X2->[bb])	LHC13 [Hpmtb>tb]	4.144520243860313e+00	true	all checks passed	1	1.681496377884104e+00	2.488588678793444e-01	2.982413027008101e+00	-1.165938761294518e+00	-1.465270029719398e+00	5.003310000000000e+02	5.961060000000000e+00	5519.8384611604688	1556.1163757728823	316.21498695202763	-1.0941329470242371	-0.054391638295824225	0.019771187391453955	0	-0.015612759390146622	0	0	0	success	ew_sym_res	success	success	247.81299999999999	success	131.68599408743518	5.5127399420059743e-07	1.2527033432616185e-06	5.5131542916713281e-07	5.5127399420059765e-07	-1.175176449658414e-10	90.688340451990868	111.84567853922086	-1.6379501576311629e-10	success	success	128.30176917373501	5.5127399420059743e-07	1.2527033432616185e-06	5.5131542916713281e-07	5.5127399420059765e-07	1.5133337810746736e-10	88.81770099703418	132.26529177038762	-2.1658373097359469e-10	success	128.4418282757411	5.5127399420059743e-07	1.2527033432616185e-06	5.5131542916713281e-07	5.5127399420059765e-07	3.9546063206889101e-10	88.962434607024491	131.47648100843898	2.5120627539207715e-10	success	127.91356326247629	5.5127399420059743e-07	1.2527033432616185e-06	5.5131542916713281e-07	5.5127399420059765e-07	-1.6489660650168792e-10	88.393963098262788	134.43011043710413	3.348897206678629e-10	success	127.86710503163056	5.5127399420059743e-07	1.2527033432616185e-06	5.5131542916713281e-07	5.5127399420059765e-07	9.7308250210622889e-11	88.341115214964276	134.68714390568124	-1.0468538621708488e-10	success	127.91355636587713	127.91355636587713	0.94999999999999996	0.0034631249542940667	5903.7657817557129	0	0.0054037568511684274	0.10000000000000001	0.57735113413619743	0.57566910895339252	0.013872157387171851	0	0.0074004007301590085	0.046952982386749602	1.077269598143831e-20	1.6948558802509159e-05	0.081404408031749101	2.910989397080227e-26	0	2.4179616025430737e-08	2.0981767354441406e-13	2.417979311722023e-08	0-(0)->1	nan	nan	nan	nan	nan	nan	nan	nan	nan	nan	nan	nan	nan	nan	nan	nan	nan	nan	nan	nan	nan	nan	nan	nan	nan	nan	nan	nan	nan	nan	nan	nan	nan	nan	nan	nan	nan	nan	nan	nan	nan	nan	nan	nan	nan	nan	nan	nan	nan	nan	nan	nan	nan	nan	nan	nan	nan	nan	nan	nan	nan	nan	nan	nan	nan	nan	nan	nan	nan	nan	nan	nan	nan	nan	nan	nan	nan	nan	nan	nan	nan	nan	nan	nan	nan	nan	nan	nan	nan	nan	nan	nan	nan	nan	nan	nan	nan	nan	nan	nan	nan	nan	nan	nan	nan	nan	nan	nan	nan	nan	nan	nan	nan	nan	nan	nan	nan	nan	nan	nan	nan	nan	nan	nan	nan	nan	nan	nan	nan	nan	nan	nan	nan	nan	nan	nan	nan	nan	nan	nan	nan	nan	nan	nan	nan	nan	nan	nan	single_step	2.417979311722023e-08	typeI_mH62-125/random_20260816_190708.md
7.227140000000000e+01	2.800750000000000e+02	2.858060000000000e+02	5.576330000000000e+02	1.410380000000000e-01	5.624010000000000e+00	1.550542804104761e-08	-7.809516240178085e+00	success	0	0	0	true	2.469476641585818e-01	true	7.876957827211529e+00	true	3.244853240000000e-04	3.150131570000000e-09	1.664735012146749e+00	1.069216115465694e+00	true	2.193646072230704e+00	8.037463463970970e+01	2.495276762197945e+00	2.313750084652566e-01	true	true	6.091980894919798e-01	7.178632456229994e-01	6.091980894919798e-01	6.165869551916735e-03	6.688866205575346e-01	3.611319699245203e+00	6.688866205575346e-01	4.343928980871774e-03	CMS:2019ogx	CMS:2012qwq	CMS:2019ogx	ATLAS:2021upq	LHC13 [H]->X1->Z(X2->[bb])	LHC8 [vbfH;HW;Htt;H;HZ]>[bb;tautau;WW;ZZ;gamgam]	LHC13 [H]->X1->Z(X2->[bb])	LHC13 [Hpmtb>tb]	4.093293812186232e+00	true	all checks passed	1	1.671861689707621e+00	2.473888422188320e-01	2.941914371901138e+00	-1.349937997758049e+00	-1.242757615346786e+00	5.576330000000000e+02	5.624010000000000e+00	5639.8504832980288	1265.0154725602731	421.64961083381877	-1.2255544544295114	-0.046289664843873125	0.019944177057134423	0	0.0039525556219495708	0	0	0	success	ew_sym_res	success	success	273.66199999999998	success	133.34825801857852	-5.4487598622553511e-07	-3.9423774883874142e-11	-5.4487598880326315e-07	-5.4487598493667093e-07	8.1328632214517857e-11	99.790387641897794	102.49720951442235	7.6682996634367537e-11	success	success	130.11005982290149	-5.4487598622553511e-07	-3.9423774883874142e-11	-5.4487598880326315e-07	-5.4487598493667093e-07	1.8749501399230547e-10	99.10234186467153	118.66953515550948	-2.6121411005407784e-10	success	130.23695143683813	-5.4487598622553511e-07	-3.9423774883874142e-11	-5.4487598880326315e-07	-5.4487598493667093e-07	-1.0222460318097157e-10	99.210316008033999	118.02560787402645	-1.1357154394336534e-10	success	129.75476433962803	-5.4487598622553511e-07	-3.9423774883874142e-11	-5.4487598880326315e-07	-5.4487598493667093e-07	1.2414759638894928e-10	98.770061895008126	120.47718549764311	3.2187719490178796e-10	success	129.70771809494923	-5.4487598622553511e-07	-3.9423774883874142e-11	-5.4487598880326315e-07	-5.4487598493667093e-07	-6.6676386489377024e-11	98.722824881402161	120.71703997652884	-4.0426083343279885e-10	success	129.75476433962803	129.75476433962803	0.94999999999999996	0.0030033316876901992	6967.8199738510339	0	0.0046988545147012535	0.10000000000000001	0.57737493174164933	0.57590000959583265	0.016609162138053593	0	0.0074260085295015541	0.047144535444953936	6.9634507439534246e-21	1.4772301738281207e-05	0.081686093824517095	1.6932241189614978e-26	0	1.5505325453886737e-08	1.2162650531455295e-13	1.5505428041047613e-08	0-(0)->1	nan	nan	nan	nan	nan	nan	nan	nan	nan	nan	nan	nan	nan	nan	nan	nan	nan	nan	nan	nan	nan	nan	nan	nan	nan	nan	nan	nan	nan	nan	nan	nan	nan	nan	nan	nan	nan	nan	nan	nan	nan	nan	nan	nan	nan	nan	nan	nan	nan	nan	nan	nan	nan	nan	nan	nan	nan	nan	nan	nan	nan	nan	nan	nan	nan	nan	nan	nan	nan	nan	nan	nan	nan	nan	nan	nan	nan	nan	nan	nan	nan	nan	nan	nan	nan	nan	nan	nan	nan	nan	nan	nan	nan	nan	nan	nan	nan	nan	nan	nan	nan	nan	nan	nan	nan	nan	nan	nan	nan	nan	nan	nan	nan	nan	nan	nan	nan	nan	nan	nan	nan	nan	nan	nan	nan	nan	nan	nan	nan	nan	nan	nan	nan	nan	nan	nan	nan	nan	nan	nan	nan	nan	nan	nan	nan	nan	nan	nan	single_step	1.550542804104761e-08	typeI_mH62-125/random_20260817_182439.md
6.490860000000001e+01	2.843480000000000e+02	2.816550000000000e+02	4.987840000000000e+02	1.233620000000000e-01	5.433190000000000e+00	9.709682379927764e-07	-6.012794976363964e+00	success	0	0	0	true	2.472739585483303e-01	true	7.055129358595901e+00	true	3.241997940000000e-04	3.153674040000000e-09	1.703740215076007e+00	1.044103145896807e+00	true	2.853438526528332e-01	8.036140447063789e+01	2.494650615368327e+00	2.314397601151909e-01	true	true	7.574026278048852e-01	7.243165030390114e-01	7.574026278048852e-01	6.651371748796432e-03	7.784874970541114e-01	3.643783787318858e+00	7.784874970541114e-01	4.830370346776950e-03	CMS:2019ogx	CMS:2012qwq	CMS:2019ogx	ATLAS:2021upq	LHC13 [H]->X1->Z(X2->[bb])	LHC8 [vbfH;HW;Htt;H;HZ]>[bb;tautau;WW;ZZ;gamgam]	LHC13 [H]->X1->Z(X2->[bb])	LHC13 [Hpmtb>tb]	3.980392215510619e+00	true	all checks passed	1	1.279342026474285e+00	2.477157195415124e-01	2.879487563180657e+00	-1.239399523217704e+00	-1.289774501041751e+00	4.987840000000000e+02	5.433190000000000e+00	5084.2771050809979	1225.8116478188997	393.75184180333872	-1.0640463130458628	-0.045321228813083092	0.025555109103457922	0	-0.003808885484269304	0	0	0	success	ew_sym_res	success	success	463.10199999999998	success	158.18234699063788	-2.0170103625676032e-09	9.0177893502211086e-09	-7.1596209842584957e-09	-2.0169345318984251e-09	-5.3613857862014642e-11	206.70381440461387	25.504982269688593	1.0531304856023673e-10	success	success	147.11311292092731	-2.0170103625676032e-09	9.0177893502211086e-09	-7.1596209842584957e-09	-2.0169345318984251e-09	-6.7128222155707341e-11	221.0420655225451	27.726173904565012	1.901058031444043e-10	success	147.55461707077549	-2.0170103625676032e-09	9.0177893502211086e-09	-7.1596209842584957e-09	-2.0169345318984251e-09	3.5216940105934546e-11	220.59893264105162	27.635533105377895	7.0021754015812409e-11	success	146.08053069147746	-2.0170103625676032e-09	9.0177893502211086e-09	-7.1596209842584957e-09	-2.0169345318984251e-09	-3.6232249767273427e-11	222.0481112053854	27.939059024933098	5.069558985549433e-11	success	145.91750627417468	-2.0170103625676032e-09	9.0177893502211086e-09	-7.1596209842584957e-09	-2.0169345318984251e-09	7.8868092047032797e-11	222.20318870818139	27.972787296309086	5.4597597573067891e-11	success	146.08134708586695	146.08134708586695	0.94999999999999996	0.0034035851878829429	2251.5244610887144	0	0.0053341362222141826	0.10000000000000001	0.57744836305433878	0.57619738618972483	0.0060453943049114068	0	0.0027012647852892092	0.017162811676640879	6.8937904149524597e-20	6.0936283350671769e-06	0.029713912638181302	2.6822437278586735e-25	0	9.7096327026204051e-07	5.1518337617775494e-12	9.7096823799277638e-07	0-(0)->1	true_lower	102.57729704531198	-2.0170103625676032e-09	9.0177893502211086e-09	-7.1596209842584957e-09	-2.0169345318984251e-09	-7.8884933839159753e-10	87.742713242423889	192.37410979566661	-5.4913416073112888e-10	failure	nan	nan	nan	nan	nan	nan	nan	nan	nan	nan	nan	nan	nan	nan	nan	nan	nan	nan	nan	nan	nan	nan	nan	nan	nan	nan	nan	nan	nan	nan	nan	nan	nan	nan	nan	nan	nan	nan	nan	nan	not_set	nan	nan	nan	nan	nan	nan	nan	nan	nan	nan	nan	nan	nan	nan	nan	nan	nan	nan	nan	nan	nan	nan	success	70.806704069427894	3.8916205336304679e-12	243.63301086104849	50.023708689238674	-4.3609718038816546e-11	-1.5865104736464787e-10	48.601277512574931	235.00218345667605	1.4322144576209305e-10	success	not_met	nan	nan	nan	nan	nan	nan	nan	nan	nan	not_met	nan	nan	nan	nan	nan	nan	nan	nan	nan	not_met	nan	nan	nan	nan	nan	nan	nan	nan	nan	not_met	nan	nan	nan	nan	nan	nan	nan	nan	nan	not_set	nan	nan	nan	nan	nan	nan	nan	nan	nan	nan	nan	nan	nan	nan	nan	nan	nan	nan	nan	nan	nan	nan	single_step	9.709682379927764e-07	typeI_mH62-125/random_20260816_190714.md
6.932599999999999e+01	3.266950000000000e+02	3.115720000000000e+02	4.563270000000000e+02	1.733650000000000e-01	6.090060000000000e+00	1.798028877288666e-07	-6.745203337549169e+00	success	0	0	0	true	2.433784023919197e-01	true	9.601147287777032e+00	true	3.251895760000000e-04	3.141428740000000e-09	1.570460640054783e+00	1.132178626611028e+00	true	7.422879806379221e+00	8.033975321496307e+01	2.493381518662196e+00	2.315594951219981e-01	true	true	8.232233521838752e-01	7.059565381925997e-01	8.232233521838752e-01	4.169920437076079e-03	1.066245819523076e+00	3.551421205543615e+00	1.066245819523076e+00	2.585102204211553e-03	CMS:2019ogx	CMS:2012qwq	CMS:2019ogx	ATLAS:2021upq	LHC13 [H]->X1->Z(X2->[bb])	LHC8 [vbfH;HW;Htt;H;HZ]>[bb;tautau;WW;ZZ;gamgam]	LHC13 [H]->X1->Z(X2->[bb])	LHC13 [Hpmtb>tb]	4.735355393322266e+00	true	all checks passed	1	2.020301182250766e+00	2.438132038784610e-01	3.510066084747868e+00	-1.397491749780765e+00	-1.716498684839261e+00	4.563270000000000e+02	6.090060000000000e+00	7663.0571169256928	2594.4367984534947	423.48261551778552	-1.5749497137138904	-0.085776288133480191	-0.011300015996710532	0	-0.014477042573853925	0	0	0	success	ew_sym_res	success	success	184.38999999999999	success	148.31644063487681	-1.5756688581173796e-09	-1.1322609301771541e-08	5.9674142135802934e-09	-1.5756688581172737e-09	-5.519029634860066e-11	153.91694539427175	41.360090677492636	1.9746539992949011e-10	success	success	137.22532885028676	-1.5756688581173796e-09	-1.1322609301771541e-08	5.9674142135802934e-09	-1.5756688581172737e-09	-1.4944975596689429e-10	160.21864775113457	53.566078271467077	-1.0470121413287023e-10	success	137.6765650801004	-1.5756688581173796e-09	-1.1322609301771541e-08	5.9674142135802934e-09	-1.5756688581172737e-09	4.3552418456045061e-11	160.0657219726281	52.984594699732831	-3.6782212495609534e-11	success	136.22983515036523	-1.5756688581173796e-09	-1.1322609301771541e-08	5.9674142135802934e-09	-1.5756688581172737e-09	-9.3868628396621353e-13	160.52629281607207	54.881961408261631	-1.1958545548097791e-10	success	136.06817651267372	-1.5756688581173796e-09	-1.1322609301771541e-08	5.9674142135802934e-09	-1.5756688581172737e-09	9.3354490592919509e-12	160.57236568300371	55.100101713750369	-1.6292895151998119e-10	success	136.22991545996624	136.22991545996624	0.94999999999999996	0.0019792845126464665	2125.380128710598	0	0.0031204211847514329	0.10000000000000001	0.57730536762426798	0.57662082588683905	0.0053202268750596506	0	0.0023831538431589271	0.01515882719207865	1.0645833569834533e-20	3.1378320538048155e-06	0.026214692274748201	3.4782363026682222e-26	0	1.7980215810471268e-07	7.5057829069901322e-13	1.7980288772886661e-07	0-(0)->1	nan	nan	nan	nan	nan	nan	nan	nan	nan	nan	nan	nan	nan	nan	nan	nan	nan	nan	nan	nan	nan	nan	nan	nan	nan	nan	nan	nan	nan	nan	nan	nan	nan	nan	nan	nan	nan	nan	nan	nan	nan	nan	nan	nan	nan	nan	nan	nan	nan	nan	nan	nan	nan	nan	nan	nan	nan	nan	nan	nan	nan	nan	nan	nan	nan	nan	nan	nan	nan	nan	nan	nan	nan	nan	nan	nan	nan	nan	nan	nan	nan	nan	nan	nan	nan	nan	nan	nan	nan	nan	nan	nan	nan	nan	nan	nan	nan	nan	nan	nan	nan	nan	nan	nan	nan	nan	nan	nan	nan	nan	nan	nan	nan	nan	nan	nan	nan	nan	nan	nan	nan	nan	nan	nan	nan	nan	nan	nan	nan	nan	nan	nan	nan	nan	nan	nan	nan	nan	nan	nan	nan	nan	nan	nan	nan	nan	nan	nan	single_step	1.798028877288666e-07	typeI_mH62-125/random_20260819_104213.md
1.016300000000000e+02	2.601090000000000e+02	2.689010000000000e+02	6.398120000000000e+02	1.281460000000000e-01	4.310080000000000e+00	7.362985426871825e-12	-1.113294605909622e+01	success	0	0	0	true	2.578170164424431e-01	true	9.533255907866447e+00	true	3.218264170000000e-04	3.182922250000000e-09	2.045439371351496e+00	8.481631931636444e-01	true	2.580785506869897e+00	8.037570078843721e+01	2.495133136206342e+00	2.313921907358797e-01	true	true	7.483080048196489e-01	7.145523842311283e-01	7.483080048196489e-01	2.505300207098030e-02	9.184029472218869e-01	3.594663909944335e+00	9.184029472218869e-01	1.735750225091841e-02	CMS:2019ogx	CMS:2012qwq	CMS:2019ogx	ATLAS:2021upq	LHC13 [H]->X1->Z(X2->[bb])	LHC8 [vbfH;HW;Htt;H;HZ]>[bb;tautau;WW;ZZ;gamgam]	LHC13 [H]->X1->Z(X2->[bb])	LHC13 [Hpmtb>tb]	3.426652580396023e+00	true	all checks passed	1	2.657868233795626e+00	2.582776128672002e-01	2.471689970637337e+00	-1.223688236359776e+00	-1.069974973090558e+00	6.398120000000000e+02	4.310080000000000e+00	4953.8954283476887	631.62886593461724	374.42716413307602	-0.30715844109985185	-0.034335697044632497	0.021474997358210231	0	0.0044023467810080158	0	0	0	success	ew_sym_res	success	success	204.441	success	141.22881765386376	-1.0548226151082271e-09	-2.3931570922663964e-08	-1.5777329470224569e-09	-1.0548226151082271e-09	-2.1319172576331786e-09	41.600080935487917	110.2637289828504	2.6075036635260903e-09	success	success	140.39797421300239	-1.0548226151082271e-09	-2.3931570922663964e-08	-1.5777329470224569e-09	-1.0548226151082271e-09	-1.2237230453713483e-09	44.092244654883018	118.64653089556576	3.5124310967260158e-09	success	140.42936738116759	-1.0548226151082271e-09	-2.3931570922663964e-08	-1.5777329470224569e-09	-1.0548226151082271e-09	-2.0370943457679146e-09	44.014094416669302	118.3712406537268	1.23850756484908e-09	success	140.27927268386645	-1.0548226151082271e-09	-2.3931570922663964e-08	-1.5777329470224569e-09	-1.0548226151082271e-09	2.9714361054396466e-09	44.379419376358385	119.66576256961073	1.5000628320958328e-09	success	140.26636675504108	-1.0548226151082271e-09	-2.3931570922663964e-08	-1.5777329470224569e-09	-1.0548226151082271e-09	-2.18972824554813e-09	44.409883476924996	119.77459986430625	1.9472118450852168e-09	success	140.27927575476241	140.27927575476241	0.94999999999999996	0.0018072565599171766	27519.059087287809	0	0.0028446430157855617	0.10000000000000001	0.57740612375248235	0.57638504683601588	0.070942091492956563	0	0.031655690583945566	0.20122927227667012	1.1526821086411665e-22	3.8030300994545233e-05	0.34821259642340124	1.4487822920382451e-28	0	7.3628338420888287e-12	2.4505000575124176e-16	7.3629854268718254e-12	0-(0)->1	nan	nan	nan	nan	nan	nan	nan	nan	nan	nan	nan	nan	nan	nan	nan	nan	nan	nan	nan	nan	nan	nan	nan	nan	nan	nan	nan	nan	nan	nan	nan	nan	nan	nan	nan	nan	nan	nan	nan	nan	nan	nan	nan	nan	nan	nan	nan	nan	nan	nan	nan	nan	nan	nan	nan	nan	nan	nan	nan	nan	nan	nan	nan	nan	nan	nan	nan	nan	nan	nan	nan	nan	nan	nan	nan	nan	nan	nan	nan	nan	nan	nan	nan	nan	nan	nan	nan	nan	nan	nan	nan	nan	nan	nan	nan	nan	nan	nan	nan	nan	nan	nan	nan	nan	nan	nan	nan	nan	nan	nan	nan	nan	nan	nan	nan	nan	nan	nan	nan	nan	nan	nan	nan	nan	nan	nan	nan	nan	nan	nan	nan	nan	nan	nan	nan	nan	nan	nan	nan	nan	nan	nan	nan	nan	nan	nan	nan	nan	single_step	7.362985426871825e-12	typeI_mH62-125/random_20260901_123420.md
7.646259999999999e+01	2.883010000000000e+02	2.961950000000000e+02	5.395410000000001e+02	2.166620000000000e-01	4.914830000000000e+00	1.695968399549624e-08	-7.770582244077583e+00	success	0	0	0	true	2.387009817664713e-01	true	8.861234257529905e+00	true	3.235801550000000e-04	3.161121600000000e-09	1.789940498127498e+00	9.922797858092737e-01	true	3.864404115336455e+00	8.037895704461839e+01	2.495442845992899e+00	2.313532697451089e-01	true	true	8.153265118327424e-01	6.740036377746618e-01	8.153265118327424e-01	1.106723533910631e-02	9.032400023886781e-01	3.390677304207398e+00	9.032400023886781e-01	7.135300781484612e-03	CMS:2019ogx	CMS:2012qwq	CMS:2019ogx	ATLAS:2021upq	LHC13 [H]->X1->Z(X2->[bb])	LHC8 [vbfH;HW;Htt;H;HZ]>[bb;tautau;WW;ZZ;gamgam]	LHC13 [H]->X1->Z(X2->[bb])	LHC13 [Hpmtb>tb]	5.929068597000139e+00	true	all checks passed	1	2.001198149118498e+00	2.391274269263166e-01	3.161252471958454e+00	-1.480335101374383e+00	-1.327846125764627e+00	5.395410000000001e+02	4.914830000000000e+00	6459.7980281779355	1636.9738105300175	513.87888801010047	-0.96689663985978513	-0.056967365505859964	0.0073883841258262119	0	0.0052940284561359989	0	0	0	success	ew_sym_res	success	success	246.691	success	132.09962114904721	5.7258027575466099e-07	6.856549371154658e-07	5.7262738685381689e-07	5.7258027575466088e-07	8.5863357058144277e-10	79.045444524000231	113.47406950418255	5.3554514567563271e-10	success	success	129.23614804570366	5.7258027575466099e-07	6.856549371154658e-07	5.7262738685381689e-07	5.7258027575466088e-07	-9.522119416761162e-11	79.670669678482781	132.56008012462314	2.5446538528164023e-10	success	129.35893001347665	5.7258027575466099e-07	6.856549371154658e-07	5.7262738685381689e-07	5.7258027575466088e-07	-3.2756313433013804e-10	79.687436256081952	131.84892687159532	-2.3457612531717758e-10	success	128.89003223569441	5.7258027575466099e-07	6.856549371154658e-07	5.7262738685381689e-07	5.7258027575466088e-07	4.1882564156704663e-10	79.609220732487458	134.52655064165177	-1.3238233964530107e-10	success	128.84379288172579	5.7258027575466099e-07	6.856549371154658e-07	5.7262738685381689e-07	5.7258027575466088e-07	1.2590278435505818e-10	79.599506240238313	134.78517497895402	4.2963917439698825e-10	success	128.89006132338784	128.89006132338784	0.94999999999999996	0.0031198195616068225	6953.0488056293289	0	0.0048750718735693296	0.10000000000000001	0.57729876182851303	0.57577235160188966	0.016462990794958197	0	0.007464587040173617	0.047373288147733401	7.6982943731069436e-21	1.5414551613397831e-05	0.082110457441909798	1.9201516466766453e-26	0	1.6959568371824093e-08	1.3722006397297255e-13	1.6959683995496236e-08	0-(0)->1	nan	nan	nan	nan	nan	nan	nan	nan	nan	nan	nan	nan	nan	nan	nan	nan	nan	nan	nan	nan	nan	nan	nan	nan	nan	nan	nan	nan	nan	nan	nan	nan	nan	nan	nan	nan	nan	nan	nan	nan	nan	nan	nan	nan	nan	nan	nan	nan	nan	nan	nan	nan	nan	nan	nan	nan	nan	nan	nan	nan	nan	nan	nan	nan	nan	nan	nan	nan	nan	nan	nan	nan	nan	nan	nan	nan	nan	nan	nan	nan	nan	nan	nan	nan	nan	nan	nan	nan	nan	nan	nan	nan	nan	nan	nan	nan	nan	nan	nan	nan	nan	nan	nan	nan	nan	nan	nan	nan	nan	nan	nan	nan	nan	nan	nan	nan	nan	nan	nan	nan	nan	nan	nan	nan	nan	nan	nan	nan	nan	nan	nan	nan	nan	nan	nan	nan	nan	nan	nan	nan	nan	nan	nan	nan	nan	nan	nan	nan	single_step	1.695968399549624e-08	typeI_mH62-125/random_20260820_084408.md
8.192149999999999e+01	2.970560000000000e+02	2.936740000000000e+02	8.959280000000000e+02	2.115920000000000e-01	5.802460000000000e+00	2.475010937805961e-08	-7.606422877450301e+00	success	0	0	0	true	2.415329763977587e-01	true	7.955981080337980e+00	true	3.247622250000000e-04	3.146685800000000e-09	1.627339991552981e+00	1.093929892052794e+00	true	3.244335686625617e-01	8.036040196596308e+01	2.494392215916380e+00	2.314590934518656e-01	true	true	6.046787530658924e-01	6.850247366379528e-01	6.046787530658924e-01	5.996237571770670e-03	6.796158058034585e-01	3.446120609983264e+00	6.796158058034585e-01	3.957553188070963e-03	CMS:2019ogx	CMS:2012qwq	CMS:2019ogx	ATLAS:2021upq	LHC13 [H]->X1->Z(X2->[bb])	LHC8 [vbfH;HW;Htt;H;HZ]>[bb;tautau;WW;ZZ;gamgam]	LHC13 [H]->X1->Z(X2->[bb])	LHC13 [Hpmtb>tb]	5.731645024898711e+00	true	all checks passed	1	1.582748628114422e+00	2.419644809854886e-01	3.067454820486519e+00	-1.303681310351783e+00	-1.369708439045021e+00	8.959280000000000e+02	5.802460000000000e+00	5678.4286786656648	1592.3810507766714	342.40493889692362	-1.1431532104309945	-0.055603474534958001	0.008662281157501471	0	-0.0038891925835653554	0	0	0	success	ew_sym_res	success	success	267.089	success	130.03784143336935	5.4401340449028652e-07	1.2349485257266892e-06	5.4407386905995318e-07	5.4401340449028662e-07	-4.9686226326738215e-10	79.416550573271564	120.0400137703794	4.3372920952861356e-10	success	success	127.14212536638161	5.4401340449028652e-07	1.2349485257266892e-06	5.4407386905995318e-07	5.4401340449028662e-07	-4.1854071015930221e-10	77.757348227245345	137.74328851328926	3.1678514255220236e-10	success	127.25964659515103	5.4401340449028652e-07	1.2349485257266892e-06	5.4407386905995318e-07	5.4401340449028662e-07	1.2282886235325219e-10	77.880729941794499	137.06957758045411	-5.6765697631590247e-11	success	126.8096267102418	5.4401340449028652e-07	1.2349485257266892e-06	5.4407386905995318e-07	5.4401340449028662e-07	-2.0406601290611075e-10	77.390935443789189	139.63308726448236	5.2751525244216503e-10	success	126.76575940867099	5.4401340449028652e-07	1.2349485257266892e-06	5.4407386905995318e-07	5.4401340449028662e-07	-1.5410881209833633e-10	77.340769128189493	139.8808461885894	-5.9727754682050971e-10	success	126.80968140617219	126.80968140617219	0.94999999999999996	0.0036345523579865329	7311.9160795566304	0	0.0056647421902559086	0.10000000000000001	0.57737351683313387	0.57556426730291987	0.01703191182487767	0	0.007620027891906289	0.048332903788107305	1.1733223625518989e-20	1.8303349128587915e-05	0.083820306810969178	3.265092685857638e-26	0	2.4749917519069711e-08	2.2861200929254818e-13	2.4750109378059605e-08	0-(0)->1	nan	nan	nan	nan	nan	nan	nan	nan	nan	nan	nan	nan	nan	nan	nan	nan	nan	nan	nan	nan	nan	nan	nan	nan	nan	nan	nan	nan	nan	nan	nan	nan	nan	nan	nan	nan	nan	nan	nan	nan	nan	nan	nan	nan	nan	nan	nan	nan	nan	nan	nan	nan	nan	nan	nan	nan	nan	nan	nan	nan	nan	nan	nan	nan	nan	nan	nan	nan	nan	nan	nan	nan	nan	nan	nan	nan	nan	nan	nan	nan	nan	nan	nan	nan	nan	nan	nan	nan	nan	nan	nan	nan	nan	nan	nan	nan	nan	nan	nan	nan	nan	nan	nan	nan	nan	nan	nan	nan	nan	nan	nan	nan	nan	nan	nan	nan	nan	nan	nan	nan	nan	nan	nan	nan	nan	nan	nan	nan	nan	nan	nan	nan	nan	nan	nan	nan	nan	nan	nan	nan	nan	nan	nan	nan	nan	nan	nan	nan	single_step	2.475010937805961e-08	typeI_mH62-125/random_20260820_084408.md
1.030060000000000e+02	2.897690000000000e+02	2.912840000000000e+02	7.998320000000000e+02	2.186320000000000e-01	4.411310000000000e+00	9.723401658240024e-10	-9.012181773864056e+00	success	0	0	0	true	2.518332789528456e-01	true	1.017794851128605e+01	true	3.224752630000000e-04	3.174687630000000e-09	1.948924301715154e+00	9.012711186089999e-01	true	4.819449591748400e-01	8.036679816891160e+01	2.494646060502140e+00	2.314396304806605e-01	true	true	7.122339490412339e-01	6.666641514083329e-01	7.122339490412339e-01	2.071713872354182e-02	9.960445521892545e-01	3.353754907276402e+00	9.960445521892545e-01	1.396376245680702e-02	CMS:2019ogx	CMS:2012qwq	CMS:2019ogx	ATLAS:2021upq	LHC13 [H]->X1->Z(X2->[bb])	LHC8 [vbfH;HW;Htt;H;HZ]>[bb;tautau;WW;ZZ;gamgam]	LHC13 [H]->X1->Z(X2->[bb])	LHC13 [Hpmtb>tb]	5.652152119078892e+00	true	all checks passed	1	2.706267366633539e+00	2.522831852837818e-01	2.891721877918777e+00	-1.355295179957749e+00	-1.326202203059078e+00	7.998320000000000e+02	4.411310000000000e+00	6129.512706225576	1354.1383112652888	380.90392521648783	-0.406244889410732	-0.051767305582205651	-0.0028184778171336466	0	-0.00026496418403288043	0	0	0	success	ew_sym_res	success	success	212.57300000000001	success	138.34832663738001	-2.0872167795971287e-08	9.3402745666595376e-08	-1.7049861427009144e-08	-1.5564354493984513e-08	-5.7867221836219582e-10	49.60962473708657	132.5948526510241	8.748747072494677e-10	success	success	136.53414451534394	-2.0872167795971287e-08	9.3402745666595376e-08	-1.7049861427009144e-08	-1.5564354493984513e-08	-2.1724434981987884e-10	52.119929858239622	144.24214823054714	8.8354534478667266e-10	success	136.60504124400623	-2.0872167795971287e-08	9.3402745666595376e-08	-1.7049861427009144e-08	-1.5564354493984513e-08	-3.7589216936625762e-10	52.045404944053367	143.86211522814239	-3.7913406568970281e-10	success	136.3052574713557	-2.0872167795971287e-08	9.3402745666595376e-08	-1.7049861427009144e-08	-1.5564354493984513e-08	9.9295153246467724e-10	52.352140519085431	145.44283419534841	-5.9708938696426207e-10	success	136.27763876005199	-2.0872167795971287e-08	9.3402745666595376e-08	-1.7049861427009144e-08	-1.5564354493984513e-08	8.6830336880345751e-10	52.379331159211922	145.58511361883549	6.7260619718892145e-10	success	136.30525441756527	136.30525441756527	0.94999999999999996	0.0027503070792680717	12512.714046398303	0	0.0043045629681149654	0.10000000000000001	0.57737325244177007	0.57589037900857454	0.031339078485987305	0	0.013967901236219578	0.088673916880586817	1.8480204269759387e-21	2.545283400800841e-05	0.15364691359841537	3.7186957299991545e-27	0	9.723296877211548e-10	1.4242760956797514e-14	9.7234016582400236e-10	0-(0)->1	nan	nan	nan	nan	nan	nan	nan	nan	nan	nan	nan	nan	nan	nan	nan	nan	nan	nan	nan	nan	nan	nan	nan	nan	nan	nan	nan	nan	nan	nan	nan	nan	nan	nan	nan	nan	nan	nan	nan	nan	nan	nan	nan	nan	nan	nan	nan	nan	nan	nan	nan	nan	nan	nan	nan	nan	nan	nan	nan	nan	nan	nan	nan	nan	nan	nan	nan	nan	nan	nan	nan	nan	nan	nan	nan	nan	nan	nan	nan	nan	nan	nan	nan	nan	nan	nan	nan	nan	nan	nan	nan	nan	nan	nan	nan	nan	nan	nan	nan	nan	nan	nan	nan	nan	nan	nan	nan	nan	nan	nan	nan	nan	nan	nan	nan	nan	nan	nan	nan	nan	nan	nan	nan	nan	nan	nan	nan	nan	nan	nan	nan	nan	nan	nan	nan	nan	nan	nan	nan	nan	nan	nan	nan	nan	nan	nan	nan	nan	single_step	9.723401658240024e-10	typeI_mH62-125/random_20260820_084408.md
2.145781358766975e+02	5.802326522598204e+02	2.110711704902795e+02	6.478252020615635e+03	9.892419539383156e-01	6.689334112418316e+00	4.599075343661885e-03	-2.337329475603485e+00	success	94	20	1	true	2.471652436541633e-01	true	2.483025462742161e+01	true	3.294189740000000e-04	3.489823930000000e-09	1.062095787292733e+00	1.885785256414893e-02	true	2.052958234428310e+00	8.035198198924348e+01	2.494275698585392e+00	2.316283156526923e-01	true	true	7.778725060578077e-01	3.839538096691778e-01	1.441692244421775e-02	4.962151332748938e-02	3.913205365723760e+00	2.651936997298985e-01	1.491399331077362e-02	5.132233395468250e-02	CMS:2012qwq	ATLAS:2020tlo	ATLAS:2022enb	ATLAS:2021upq	LHC8 [vbfH;HW;Htt;H;HZ]>[bb;tautau;WW;ZZ;gamgam]	LHC13 [vbfH>ZZ]	LHC13 [H]->X1->Z(X2->[bb])	LHC13 [Hpmtb>tb]	5.460474223975041e+00	true	all checks passed	1	2.047502389389904e+00	2.476068104255202e-01	7.348521015301790e-01	4.823046631164236e+00	-4.831223040867261e+00	6.478252020615635e+03	6.689334112418316e+00	11014.645235786957	9109.7641851568369	-198.9416384789192	1.1877260045417886	-0.60581684961340176	-0.59253693509695027	0	-0.080998880617702385	0	0	0	success	ew_sym_res	success	success	568.53999999999996	success	112.79672198793665	-1.2248568771339609e-08	5.743757215204834e-08	-9.965507672904397e-09	-1.2248295701367027e-08	8.6328675602144053e-09	35.868352074111044	212.54714086475511	2.3586769865722442e-09	success	success	94.405791210642903	-1.2248568771339609e-08	5.743757215204834e-08	-9.965507672904397e-09	-1.2248295701367027e-08	2.826960105947632e-10	36.422141784178017	229.15229486047082	1.9713327391057353e-09	success	95.510705763160942	-1.2248568771339609e-08	5.743757215204834e-08	-9.965507672904397e-09	-1.2248295701367027e-08	3.7580412242907439e-09	36.407684939759434	228.44001276909671	7.321111349729831e-11	success	92.973817859133035	-1.2248568771339609e-08	5.743757215204834e-08	-9.965507672904397e-09	-1.2248295701367027e-08	-2.3329878509442064e-09	36.438941598094353	230.04032639945927	-5.1236948885552631e-10	success	92.638447602068027	-1.2248568771339609e-08	5.743757215204834e-08	-9.965507672904397e-09	-1.2248295701367027e-08	-4.5355287817476315e-09	36.44257830445197	230.24269335246237	9.7759331047661009e-10	success	92.97381473372532	92.97381473372532	0.94999999999999996	0.016428825733406361	716.11743878835091	0	0.024574856174604229	0.10000000000000001	0.57862208397282699	0.57317828510150048	0.0012192313446937086	0	0.00052967606018062467	0.0033383974256043941	8.7007763653378496e-17	5.598438057219041e-06	0.0058264366619868715	1.3618665270913483e-21	0	0.0045989966580244207	8.0805310495161168e-08	0.0045990753436618848	0-(0)->1	nan	nan	nan	nan	nan	nan	nan	nan	nan	nan	nan	nan	nan	nan	nan	nan	nan	nan	nan	nan	nan	nan	nan	nan	nan	nan	nan	nan	nan	nan	nan	nan	nan	nan	nan	nan	nan	nan	nan	nan	nan	nan	nan	nan	nan	nan	nan	nan	nan	nan	nan	nan	nan	nan	nan	nan	nan	nan	nan	nan	nan	nan	nan	nan	nan	nan	nan	nan	nan	nan	nan	nan	nan	nan	nan	nan	nan	nan	nan	nan	nan	nan	nan	nan	nan	nan	nan	nan	nan	nan	nan	nan	nan	nan	nan	nan	nan	nan	nan	nan	nan	nan	nan	nan	nan	nan	nan	nan	nan	nan	nan	nan	nan	nan	nan	nan	nan	nan	nan	nan	nan	nan	nan	nan	nan	nan	nan	nan	nan	nan	nan	nan	nan	nan	nan	nan	nan	nan	nan	nan	nan	nan	nan	nan	nan	nan	nan	nan	single_step	4.599075343661885e-03	typeI_mH125-220/async_mcmc_20260903_115445.md
1.252675670647071e+02	3.278291027669107e+02	3.288090870596779e+02	2.074272331028583e+03	9.881654753094882e-01	6.198771948089203e+00	4.789656307333745e-10	-9.319695649254264e+00	success	5	112	1	true	2.587799693223619e-01	true	8.798908497137401e+00	true	3.299950050000000e-04	3.481495630000000e-09	1.000525858587329e+00	1.179518084538550e-02	true	3.317007054668306e-01	8.036507085486163e+01	2.494631460795935e+00	2.314583632626818e-01	true	true	7.823580158917377e-01	7.823580158917377e-01	4.244252147521518e-02	4.956349435829186e-03	3.935829633224550e+00	3.935829633224550e+00	5.615320429092837e-02	3.067024062380324e-03	CMS:2012qwq	CMS:2012qwq	CMS:2019qcx	ATLAS:2021upq	LHC8 [vbfH;HW;Htt;H;HZ]>[bb;tautau;WW;ZZ;gamgam]	LHC8 [vbfH;HW;Htt;H;HZ]>[bb;tautau;WW;ZZ;gamgam]	LHC13 [ggH]->X1->Z(X2->[bb])	LHC13 [Hpmtb>tb]	5.420274332513571e+00	true	all checks passed	1	1.846298355654384e+00	2.592422860860624e-01	3.355075224209039e+00	-1.579191343991772e+00	-1.557924402618874e+00	2.074272331028583e+03	6.198771948089203e+00	6862.5299830872455	2316.893913421934	245.08710935721953	-1.1165380942081826	-0.084680598270075416	-0.051954852395075399	0	-0.00075245746959557488	0	0	0	success	ew_sym_res	success	success	407.99200000000002	success	136.16042990790442	1.7018536128535039e-10	2.5584321347030992e-09	-9.5531789217451344e-09	1.7018544870423274e-10	-3.1979805159519766e-09	26.609411828384573	141.25885752958146	-4.0841487004592257e-09	success	success	134.78048324790151	1.7018536128535039e-10	2.5584321347030992e-09	-9.5531789217451344e-09	1.7018544870423274e-10	6.8922676090229001e-10	28.60710477903066	151.75365541822151	3.9621822487246508e-09	success	134.83371633374588	1.7018536128535039e-10	2.5584321347030992e-09	-9.5531789217451344e-09	1.7018544870423274e-10	-1.7620182068395412e-09	28.543664003336602	151.41428958166236	2.7558601329164287e-09	success	134.60201784897077	1.7018536128535039e-10	2.5584321347030992e-09	-9.5531789217451344e-09	1.7018544870423274e-10	-5.1881360251512738e-09	28.814102381135299	152.86420626729458	-1.4931099302103087e-09	success	134.58128981926149	1.7018536128535039e-10	2.5584321347030992e-09	-9.5531789217451344e-09	1.7018544870423274e-10	-1.375951829443201e-09	28.837599816309496	152.99059267111048	2.350604372945227e-09	success	134.60201784897077	134.60201784897077	0.94999999999999996	0.0031753094157678896	16471.422240639589	0	0.0049566151575358352	0.10000000000000001	0.57735062701021345	0.57565557282206681	0.040736226837322351	0	0.018137276935820987	0.11507058632423549	1.7378705308219045e-21	3.8099173848569108e-05	0.19951004629403088	3.7978750427640618e-27	0	4.7895786050256232e-10	1.1207126648462854e-14	4.7896563073337453e-10	0-(0)->1	nan	nan	nan	nan	nan	nan	nan	nan	nan	nan	nan	nan	nan	nan	nan	nan	nan	nan	nan	nan	nan	nan	nan	nan	nan	nan	nan	nan	nan	nan	nan	nan	nan	nan	nan	nan	nan	nan	nan	nan	nan	nan	nan	nan	nan	nan	nan	nan	nan	nan	nan	nan	nan	nan	nan	nan	nan	nan	nan	nan	nan	nan	nan	nan	nan	nan	nan	nan	nan	nan	nan	nan	nan	nan	nan	nan	nan	nan	nan	nan	nan	nan	nan	nan	nan	nan	nan	nan	nan	nan	nan	nan	nan	nan	nan	nan	nan	nan	nan	nan	nan	nan	nan	nan	nan	nan	nan	nan	nan	nan	nan	nan	nan	nan	nan	nan	nan	nan	nan	nan	nan	nan	nan	nan	nan	nan	nan	nan	nan	nan	nan	nan	nan	nan	nan	nan	nan	nan	nan	nan	nan	nan	nan	nan	nan	nan	nan	nan	single_step	4.789656307333745e-10	typeI_mH125-220/async_mcmc_20260903_115445.md
2.163526625628553e+02	5.817245416158514e+02	2.025831817098393e+02	6.450371538127647e+03	9.868330811538280e-01	6.866707062530339e+00	6.679845990401786e-03	-2.175233550442075e+00	success	92	106	1	true	2.475454358965818e-01	true	2.512817996925140e+01	true	3.294875220000000e-04	3.489109330000000e-09	1.054672569807435e+00	1.818715449523068e-02	true	3.037667849316119e+00	8.037761662149182e+01	2.495745265721385e+00	2.314991650105695e-01	true	true	7.764026445157732e-01	4.470883638771020e-01	1.630382977511321e-02	3.722467819246621e-02	3.905811004786246e+00	3.223043848692079e-01	1.678788964885637e-02	4.671931825300282e-02	CMS:2012qwq	ATLAS:2020tlo	ATLAS:2022enb	ATLAS:2021upq	LHC8 [vbfH;HW;Htt;H;HZ]>[bb;tautau;WW;ZZ;gamgam]	LHC13 [vbfH>ZZ]	LHC13 [H]->X1->Z(X2->[bb])	LHC13 [Hpmtb>tb]	5.870466990690574e+00	true	all checks passed	1	1.993777009052453e+00	2.479876818907067e-01	6.733488857247849e-01	4.983074427610081e+00	-4.844524779425766e+00	6.450371538127647e+03	6.866707062530339e+00	9030.9273798835893	9300.9356819836012	-474.47105934274805	2.8893809614888943	-0.61934648652701119	-0.57166756699060417	0	-0.14006104770222685	0	-4.1909515857696533e-09	0	success	ew_sym_res	success	success	559.32299999999998	success	111.82678440768539	2.9203647407833518e-08	1.1253754795947501e-07	-1.1535939297275367e-08	2.9798488600610453e-08	-1.8781610201753475e-09	35.388882284674089	213.63337877665023	-1.2650561374831807e-09	success	success	91.908092607502766	3.9226299224949196e-10	3.3695234894575385e-11	8.4855074708916938e-11	-2.751087055378161e-10	9.6850792488842111e-09	35.677844106621826	230.71467568598416	1.4696408835441667e-09	success	93.078049980278948	3.9226299224949196e-10	3.3695234894575385e-11	8.4855074708916938e-11	-2.751087055378161e-10	-4.2968376112400535e-09	35.674844324043235	230.00974394499613	2.0794465893662748e-09	success	90.54608128663736	3.9226299224949196e-10	3.3695234894575385e-11	8.4855074708916938e-11	-2.751087055378161e-10	1.0848361537714023e-08	35.68024269724885	231.50322635475393	1.2018350227271012e-09	success	90.223033179956616	3.9226299224949196e-10	3.3695234894575385e-11	8.4855074708916938e-11	-2.751087055378161e-10	9.8436453217730545e-10	35.680651540527577	231.68529815160383	-1.1326074142696732e-09	success	90.54608128663736	90.54608128663736	0.94999999999999996	0.018571847973424274	706.80200232369111	0	0.027617921778962017	0.10000000000000001	0.57868421524322999	0.57289211418922958	0.0011715739744831111	0	0.00052300178364014056	0.0032938299168016444	1.2665253307124284e-16	6.2241013921393778e-06	0.0057530196200415466	2.1292896162010734e-21	0	0.006679722717520954	1.2671619366830102e-07	0.006679845990401786	0-(0)->1	nan	nan	nan	nan	nan	nan	nan	nan	nan	nan	nan	nan	nan	nan	nan	nan	nan	nan	nan	nan	nan	nan	nan	nan	nan	nan	nan	nan	nan	nan	nan	nan	nan	nan	nan	nan	nan	nan	nan	nan	nan	nan	nan	nan	nan	nan	nan	nan	nan	nan	nan	nan	nan	nan	nan	nan	nan	nan	nan	nan	nan	nan	nan	nan	nan	nan	nan	nan	nan	nan	nan	nan	nan	nan	nan	nan	nan	nan	nan	nan	nan	nan	nan	nan	nan	nan	nan	nan	nan	nan	nan	nan	nan	nan	nan	nan	nan	nan	nan	nan	nan	nan	nan	nan	nan	nan	nan	nan	nan	nan	nan	nan	nan	nan	nan	nan	nan	nan	nan	nan	nan	nan	nan	nan	nan	nan	nan	nan	nan	nan	nan	nan	nan	nan	nan	nan	nan	nan	nan	nan	nan	nan	nan	nan	nan	nan	nan	nan	single_step	6.679845990401786e-03	typeI_mH125-220/async_mcmc_20260903_212216.md
1.259770000000000e+02	3.692320000000000e+02	3.548500000000000e+02	1.633280000000000e+03	9.791190000000000e-01	7.237210000000000e+00	9.107534439031219e-09	-8.040599177851302e+00	success	0	0	0	true	2.588815382567444e-01	true	1.368091816012532e+01	true	3.307679680000000e-04	3.471332160000000e-09	9.207949885014519e-01	5.410951846202179e-03	true	7.666548364463169e+00	8.033878497695129e+01	2.493169361515257e+00	2.315992521223413e-01	true	true	7.574502151432344e-01	7.574502151432344e-01	9.344213183658637e-01	1.830538917725209e-03	1.239560678986244e+00	1.239560678986244e+00	9.660442843114467e-01	1.312241735072636e-03	ATLAS:2014vuz	ATLAS:2014vuz	ATLAS:2022enb	CMS:2020imj	LHC8 [HW;HZ]>[bb]	LHC8 [HW;HZ]>[bb]	LHC13 [H]->X1->Z(X2->[bb])	LHC13 [Hpmtb>tb]	5.684710834748358e+00	true	all checks passed	1	3.571095122739266e+00	2.593440364758380e-01	3.964447683578437e+00	-1.709609139729251e+00	-2.053774230746503e+00	1.633280000000000e+03	7.237210000000000e+00	11579.231179138576	3891.6164255101189	269.43256764381618	-1.7532614434166043	-0.14337125851268503	-0.17064275584711605	0	0.00052055828980040412	0	0	0	success	non_bfb	success	success	218.90700000000001	success	148.10844739172489	0	0	0	0	6.0263607996626821e-10	31.315889607115114	168.95511687265014	3.4647347063003226e-09	success	success	144.60602036293074	0	0	0	0	-2.7130337926196357e-09	33.315852277477987	181.20852035384831	2.5416473248244948e-09	success	144.73871887314127	0	0	0	0	5.568968793839096e-09	33.258842236495731	180.82301339985929	2.3410818480085868e-09	success	144.21052913237656	0	0	0	0	-4.5914027986394547e-10	33.479525645950048	182.33123882516469	-2.4502408450379539e-09	success	144.1593212686675	0	0	0	0	-8.8219044994911182e-10	33.500062567459167	182.47384899643399	7.1717609320532565e-09	success	144.21052913237656	144.21052913237656	0.94999999999999996	0.0028035999644728336	7138.4906239341972	0	0.0043915761689692365	0.10000000000000001	0.57740999915346891	0.57600342846196884	0.01892049551116369	0	0.0084282499382108706	0.053522131288348748	5.3786401164057059e-21	1.5661882526834883e-05	0.092710749320319599	1.2363833709463905e-26	0	9.107470026670764e-09	7.8322675398566058e-14	9.1075344390312187e-09	0-(0)->1	nan	nan	nan	nan	nan	nan	nan	nan	nan	nan	nan	nan	nan	nan	nan	nan	nan	nan	nan	nan	nan	nan	nan	nan	nan	nan	nan	nan	nan	nan	nan	nan	nan	nan	nan	nan	nan	nan	nan	nan	nan	nan	nan	nan	nan	nan	nan	nan	nan	nan	nan	nan	nan	nan	nan	nan	nan	nan	nan	nan	nan	nan	nan	nan	nan	nan	nan	nan	nan	nan	nan	nan	nan	nan	nan	nan	nan	nan	nan	nan	nan	nan	nan	nan	nan	nan	nan	nan	nan	nan	nan	nan	nan	nan	nan	nan	nan	nan	nan	nan	nan	nan	nan	nan	nan	nan	nan	nan	nan	nan	nan	nan	nan	nan	nan	nan	nan	nan	nan	nan	nan	nan	nan	nan	nan	nan	nan	nan	nan	nan	nan	nan	nan	nan	nan	nan	nan	nan	nan	nan	nan	nan	nan	nan	nan	nan	nan	nan	single_step	9.107534439031219e-09	typeI_mH125-220/random_20260822_062750.md
1.271410000000000e+02	3.277520000000000e+02	3.270810000000000e+02	1.446220000000000e+03	9.847180000000000e-01	7.332140000000000e+00	1.491211628835907e-13	-1.282646071824145e+01	success	0	0	0	true	2.592299639920512e-01	true	1.671693962669630e+01	true	3.306822630000000e-04	3.472521410000000e-09	9.294722681472869e-01	6.031080955863434e-03	true	2.192626501313849e-01	8.036241151689057e+01	2.494495996378694e+00	2.314731539230066e-01	true	true	7.580117674480716e-01	7.580117674480716e-01	1.878767207321764e-01	2.673233684775692e-03	1.240395063676095e+00	1.240395063676095e+00	2.481693083672412e-01	1.654538749740380e-03	ATLAS:2014vuz	ATLAS:2014vuz	CMS:2019qcx	ATLAS:2021upq	LHC8 [HW;HZ]>[bb]	LHC8 [HW;HZ]>[bb]	LHC13 [ggH]->X1->Z(X2->[bb])	LHC13 [Hpmtb>tb]	6.177510280580350e+00	true	all checks passed	1	5.031278757900895e+00	2.596930846822688e-01	3.359804297621664e+00	-1.582085005487042e+00	-1.596606551623601e+00	1.446220000000000e+03	7.332140000000000e+00	10734.817766074037	2353.7752901865306	218.59999785970629	-1.0802385027007613	-0.084020385876353978	-0.1011792150328909	0	-0.0012152666350861568	0	0	0	success	non_bfb	success	success	191.34800000000001	success	169.86194588222929	-1.1956453871120114e-08	3.1675196245400553e-08	3.0602975000905546e-08	9.4781181021629881e-09	-7.3063419409004111e-09	31.814427751698116	114.86043929757938	-5.7343643423726616e-09	success	success	169.00524537844092	-1.1956453871120114e-08	3.1675196245400553e-08	3.0602975000905546e-08	9.4781181021629881e-09	7.1225747939327514e-09	33.778235120071599	123.04328519822249	-2.0177175597456265e-09	success	169.0352528773297	-1.1956453871120114e-08	3.1675196245400553e-08	3.0602975000905546e-08	9.4781181021629881e-09	-7.4639875332418965e-09	33.722149825318567	122.79768897399147	-1.5121207613060057e-10	success	168.87530199213396	-1.1956453871120114e-08	3.1675196245400553e-08	3.0602975000905546e-08	9.4781181021629881e-09	-5.6413702432881568e-10	34.013491090863923	124.08223466309587	-7.3472747129455199e-09	success	168.8616704274917	-1.1956453871120114e-08	3.1675196245400553e-08	3.0602975000905546e-08	9.4781181021629881e-09	-1.1005326086863677e-08	34.037487569197957	124.18902140436397	3.1167209934247776e-09	success	168.87530336068295	168.87530336068295	0.94999999999999996	0.00074778749298388676	31384.961466029181	0	0.0011849095433211481	0.10000000000000001	0.5774218141869335	0.57697746939592864	0.097470366449313187	0	0.043462338300107671	0.2767206937757799	5.5878209415646681e-24	2.1688460778696939e-05	0.47808572130118437	3.3157095839641029e-30	0	1.4911876290800696e-13	4.0851204371775988e-18	1.4912116288359071e-13	0-(0)->1	nan	nan	nan	nan	nan	nan	nan	nan	nan	nan	nan	nan	nan	nan	nan	nan	nan	nan	nan	nan	nan	nan	nan	nan	nan	nan	nan	nan	nan	nan	nan	nan	nan	nan	nan	nan	nan	nan	nan	nan	nan	nan	nan	nan	nan	nan	nan	nan	nan	nan	nan	nan	nan	nan	nan	nan	nan	nan	nan	nan	nan	nan	nan	nan	nan	nan	nan	nan	nan	nan	nan	nan	nan	nan	nan	nan	nan	nan	nan	nan	nan	nan	nan	nan	nan	nan	nan	nan	nan	nan	nan	nan	nan	nan	nan	nan	nan	nan	nan	nan	nan	nan	nan	nan	nan	nan	nan	nan	nan	nan	nan	nan	nan	nan	nan	nan	nan	nan	nan	nan	nan	nan	nan	nan	nan	nan	nan	nan	nan	nan	nan	nan	nan	nan	nan	nan	nan	nan	nan	nan	nan	nan	nan	nan	nan	nan	nan	nan	single_step	1.491211628835907e-13	typeI_mH125-220/random_20260824_004325.md
1.273250000000000e+02	3.443850000000000e+02	3.358920000000000e+02	1.383140000000000e+03	9.794300000000000e-01	8.244960000000001e+00	1.921195847790806e-13	-1.271642836065659e+01	success	0	0	0	true	2.587859106545040e-01	true	1.814004127920319e+01	true	3.310825680000000e-04	3.467281250000000e-09	8.892918822011751e-01	3.551029745095190e-03	true	2.269225793561663e+00	8.034990750364231e+01	2.493802753807996e+00	2.315404067684481e-01	true	true	7.578400602485466e-01	7.578400602485466e-01	7.658040272534477e-01	1.516499744628359e-03	1.240818476796223e+00	1.240818476796223e+00	8.012830828924901e-01	9.376422527546925e-04	ATLAS:2014vuz	ATLAS:2014vuz	ATLAS:2022enb	ATLAS:2021upq	LHC8 [HW;HZ]>[bb]	LHC8 [HW;HZ]>[bb]	LHC13 [H]->X1->Z(X2->[bb])	LHC13 [Hpmtb>tb]	6.143131550778492e+00	true	all checks passed	1	5.475558514703852e+00	2.592482380325402e-01	3.544156605382498e+00	-1.577667944208360e+00	-1.768612241947800e+00	1.383140000000000e+03	8.244960000000001e+00	12239.058469118194	2842.5722531420411	206.28733166692987	-1.5264991819042666	-0.10152799759823324	-0.1436975433478653	0	-0.00055555007020028529	0	0	0	success	non_bfb	success	success	265.31299999999999	success	181.8386923774471	-5.2678211465805541e-09	2.1938972745276011e-06	1.5102301841689473e-06	1.0868517673948798e-08	-8.4784027259465904e-09	39.430733487910743	116.5171016006104	1.8877879478456564e-09	success	success	180.52319545049454	-5.2678211465805541e-09	2.1938972745276011e-06	1.5102301841689473e-06	1.0868517673948798e-08	3.5419489647050832e-09	41.179725060216384	125.65028865308564	-3.7766720453179784e-09	success	180.5683325303101	-5.2678211465805541e-09	2.1938972745276011e-06	1.5102301841689473e-06	1.0868517673948798e-08	-4.7704678314953097e-09	41.13263460577177	125.3777688645802	2.5703177618196462e-10	success	180.33117443453341	-5.2678211465805541e-09	2.1938972745276011e-06	1.5102301841689473e-06	1.0868517673948798e-08	3.6802253572846686e-09	41.372697712346152	126.78608730900658	3.5304365157874387e-10	success	180.31031927895145	-5.2678211465805541e-09	2.1938972745276011e-06	1.5102301841689473e-06	1.0868517673948798e-08	-5.596990150710533e-09	41.392971330391013	126.90724941252449	5.8686322392714448e-09	success	180.33117443453341	180.33117443453341	0.94999999999999996	0.0005238424574941868	21897.770264531129	0	0.00083126754527945951	0.10000000000000001	0.57742446721672169	0.57710822480330504	0.072629301053039635	0	0.032405342875530173	0.20639417238094743	3.2111562770966684e-24	1.1337568536849767e-05	0.35645877163083189	1.6433474680927889e-30	0	1.9211791215838135e-13	2.7153133170440821e-18	1.9211958477908061e-13	0-(0)->1	nan	nan	nan	nan	nan	nan	nan	nan	nan	nan	nan	nan	nan	nan	nan	nan	nan	nan	nan	nan	nan	nan	nan	nan	nan	nan	nan	nan	nan	nan	nan	nan	nan	nan	nan	nan	nan	nan	nan	nan	nan	nan	nan	nan	nan	nan	nan	nan	nan	nan	nan	nan	nan	nan	nan	nan	nan	nan	nan	nan	nan	nan	nan	nan	nan	nan	nan	nan	nan	nan	nan	nan	nan	nan	nan	nan	nan	nan	nan	nan	nan	nan	nan	nan	nan	nan	nan	nan	nan	nan	nan	nan	nan	nan	nan	nan	nan	nan	nan	nan	nan	nan	nan	nan	nan	nan	nan	nan	nan	nan	nan	nan	nan	nan	nan	nan	nan	nan	nan	nan	nan	nan	nan	nan	nan	nan	nan	nan	nan	nan	nan	nan	nan	nan	nan	nan	nan	nan	nan	nan	nan	nan	nan	nan	nan	nan	nan	nan	single_step	1.921195847790806e-13	typeI_mH125-220/random_20260825_011947.md
1.258986244387231e+02	3.628046799950069e+02	3.615785709959024e+02	1.864744858215711e+03	9.848772550138600e-01	6.038629720797842e+00	9.518273381118569e-08	-7.021441825676555e+00	success	3	11	1	true	2.595707185778520e-01	true	1.203030482231613e+01	true	3.254934560000000e-04	3.137519870000000e-09	1.530630500897331e+00	1.161044371519818e+00	true	2.328019596016551e-01	8.036145170474310e+01	2.494427821570855e+00	2.314765952782162e-01	true	true	7.802453016707156e-01	7.504518161038920e-01	1.526035113024581e-01	3.396505208773777e-03	3.925142073155745e+00	2.233770744383758e+00	1.708137075142276e-01	2.489377448585218e-03	CMS:2012qwq	CMS:2013zmy	ATLAS:2022enb	CMS:2020imj	LHC8 [vbfH;HW;Htt;H;HZ]>[bb;tautau;WW;ZZ;gamgam]	LHC8 [ggH;vbfH;HW;HZ]>[WW]	LHC13 [H]->X1->Z(X2->[bb])	LHC13 [Hpmtb>tb]	5.972313696827200e+00	true	all checks passed	1	2.841599318758827e+00	2.600344480344965e-01	4.129863779575054e+00	-1.954550595022679e+00	-1.983903917213192e+00	1.864744858215711e+03	6.038629720797842e+00	10700.310707245426	4038.5869012029307	318.02568618738803	-1.2983326151387669	-0.1492459489373251	-0.15756244736700481	0	-0.0010968057952459797	0	0	0	success	ew_sym_res	success	success	203.09800000000001	success	139.26786621686739	-1.1163561445170291e-08	1.1175713875533537e-07	3.4031526131880725e-08	-1.116322465889168e-08	2.3431167115883639e-09	36.107338054425739	176.07451825089319	-2.598165272894327e-09	success	success	134.96242516593509	-1.1163561445170291e-08	1.1175713875533537e-07	3.4031526131880725e-08	-1.116322465889168e-08	-3.224153037356601e-11	38.334126022949327	189.03669093969987	-4.3982992434012473e-10	success	135.13076408541565	-1.1163561445170291e-08	1.1175713875533537e-07	3.4031526131880725e-08	-1.116322465889168e-08	-8.9306019301960342e-10	38.269294409076558	188.61986553012522	-2.1087211844078652e-10	success	134.508026014781	-1.1163561445170291e-08	1.1175713875533537e-07	3.4031526131880725e-08	-1.116322465889168e-08	-1.6926481804805544e-10	38.502758261252815	190.13578449119956	-2.2299987667771514e-10	success	134.44607409121258	-1.1163561445170291e-08	1.1175713875533537e-07	3.4031526131880725e-08	-1.116322465889168e-08	-1.0807478799926742e-09	38.52505767244449	190.28279889074213	-1.0869987560386826e-09	success	134.508026014781	134.508026014781	0.94999999999999996	0.0040642706519819086	5503.2973453049544	0	0.006325831526115701	0.10000000000000001	0.57738011554422097	0.57548795450660362	0.013600910309259582	0	0.0060580717079921275	0.038417777157277039	2.8008220748467777e-20	1.6257360642399045e-05	0.066638788787913406	9.0551969844103748e-26	0	9.5182037300705233e-08	7.9563857796716493e-13	9.5182733811185689e-08	0-(0)->1	nan	nan	nan	nan	nan	nan	nan	nan	nan	nan	nan	nan	nan	nan	nan	nan	nan	nan	nan	nan	nan	nan	nan	nan	nan	nan	nan	nan	nan	nan	nan	nan	nan	nan	nan	nan	nan	nan	nan	nan	nan	nan	nan	nan	nan	nan	nan	nan	nan	nan	nan	nan	nan	nan	nan	nan	nan	nan	nan	nan	nan	nan	nan	nan	nan	nan	nan	nan	nan	nan	nan	nan	nan	nan	nan	nan	nan	nan	nan	nan	nan	nan	nan	nan	nan	nan	nan	nan	nan	nan	nan	nan	nan	nan	nan	nan	nan	nan	nan	nan	nan	nan	nan	nan	nan	nan	nan	nan	nan	nan	nan	nan	nan	nan	nan	nan	nan	nan	nan	nan	nan	nan	nan	nan	nan	nan	nan	nan	nan	nan	nan	nan	nan	nan	nan	nan	nan	nan	nan	nan	nan	nan	nan	nan	nan	nan	nan	nan	single_step	9.518273381118569e-08	typeI_mH125-220/async_mcmc_20260903_011320.md
1.252257384114643e+02	3.292366513432848e+02	3.243030343985287e+02	1.924025185487349e+03	9.815318419405700e-01	5.958769631813225e+00	1.422647899322418e-10	-9.846902573072999e+00	success	3	244	1	true	2.595190351148665e-01	true	1.030808133410279e+01	true	3.251700180000000e-04	3.141563080000000e-09	1.573041667923340e+00	1.131193027575342e+00	true	7.553267510388169e-01	8.035595582832288e+01	2.494119201250575e+00	2.315079375205964e-01	true	true	7.836668797572056e-01	7.836668797572056e-01	1.658220671332560e-01	6.092474905796784e-03	3.942442586475914e+00	3.942442586475914e+00	2.262173550101980e-01	3.771963774569207e-03	CMS:2012qwq	CMS:2012qwq	CMS:2019qcx	ATLAS:2021upq	LHC8 [vbfH;HW;Htt;H;HZ]>[bb;tautau;WW;ZZ;gamgam]	LHC8 [vbfH;HW;Htt;H;HZ]>[bb;tautau;WW;ZZ;gamgam]	LHC13 [ggH]->X1->Z(X2->[bb])	LHC13 [Hpmtb>tb]	6.048963866445035e+00	true	all checks passed	1	2.543724255824642e+00	2.599826722377366e-01	3.281219372333684e+00	-1.489861047194916e+00	-1.596421773867082e+00	1.924025185487349e+03	5.958769631813225e+00	7508.9090567468375	2258.2977568873612	240.75269904667246	-0.91593024353897967	-0.082173272096325897	-0.058425716702062681	0	-0.0028593693676886981	0	0	0	success	ew_sym_res	success	success	215.36699999999999	success	140.82667722418762	2.8890883167147463e-08	7.7453912588337437e-08	-2.70607835164765e-08	3.3005622786697735e-08	1.4032788607559666e-10	27.366787796484171	137.41855239666702	1.8451100438196943e-09	success	success	139.55765433074873	2.8890883167147463e-08	7.7453912588337437e-08	-2.70607835164765e-08	3.3005622786697735e-08	2.0066578496674324e-09	29.534082608009037	147.71176698903795	-6.731792222543486e-10	success	139.60603896885726	2.8890883167147463e-08	7.7453912588337437e-08	-2.70607835164765e-08	3.3005622786697735e-08	3.243321393706644e-09	29.467277432535493	147.3887040750389	-1.8418307633898214e-09	success	139.38860707969417	2.8890883167147463e-08	7.7453912588337437e-08	-2.70607835164765e-08	3.3005622786697735e-08	-3.7703737083002066e-09	29.761236566837454	148.81341041193787	-3.1223994301542576e-09	success	139.36931872747161	2.8890883167147463e-08	7.7453912588337437e-08	-2.70607835164765e-08	3.3005622786697735e-08	-4.0326444985881115e-09	29.786563133202666	148.93654734137601	-5.5387528297590234e-09	success	139.38860707969417	139.38860707969417	0.94999999999999996	0.002574160346551637	18326.320664519229	0	0.0040329718589921116	0.10000000000000001	0.57738834717078036	0.57597782321305402	0.046942620394857325	0	0.020906356535554199	0.13275308217946871	7.4259371733547197e-22	3.5677692519277333e-05	0.22996992189109616	1.3353013140736314e-27	0	1.4226249242701534e-10	3.4189562231931063e-15	1.4226478993224183e-10	0-(0)->1	nan	nan	nan	nan	nan	nan	nan	nan	nan	nan	nan	nan	nan	nan	nan	nan	nan	nan	nan	nan	nan	nan	nan	nan	nan	nan	nan	nan	nan	nan	nan	nan	nan	nan	nan	nan	nan	nan	nan	nan	nan	nan	nan	nan	nan	nan	nan	nan	nan	nan	nan	nan	nan	nan	nan	nan	nan	nan	nan	nan	nan	nan	nan	nan	nan	nan	nan	nan	nan	nan	nan	nan	nan	nan	nan	nan	nan	nan	nan	nan	nan	nan	nan	nan	nan	nan	nan	nan	nan	nan	nan	nan	nan	nan	nan	nan	nan	nan	nan	nan	nan	nan	nan	nan	nan	nan	nan	nan	nan	nan	nan	nan	nan	nan	nan	nan	nan	nan	nan	nan	nan	nan	nan	nan	nan	nan	nan	nan	nan	nan	nan	nan	nan	nan	nan	nan	nan	nan	nan	nan	nan	nan	nan	nan	nan	nan	nan	nan	single_step	1.422647899322418e-10	typeI_mH125-220/async_mcmc_20260903_011320.md
1.275686430198090e+02	4.201881131099664e+02	4.277870353434545e+02	1.661710401567879e+03	9.859105392948132e-01	8.331408076485991e+00	3.596200928944843e-04	-3.444156051117294e+00	success	2	241	0	true	2.581371016616568e-01	true	1.415219923011036e+01	true	3.268046430000000e-04	3.121658290000000e-09	1.364636765533101e+00	1.281905808867109e+00	true	4.976071779006460e+00	8.038076680965371e+01	2.495534457190061e+00	2.313709981885779e-01	true	true	7.703722149006118e-01	7.528627401776983e-01	6.850818178059526e-01	6.063106716403022e-04	3.875474015955951e+00	2.241345941905631e+00	4.374882440044082e-01	4.315511322736344e-04	CMS:2012qwq	CMS:2013zmy	ATLAS:2022enb	ATLAS:2021upq	LHC8 [vbfH;HW;Htt;H;HZ]>[bb;tautau;WW;ZZ;gamgam]	LHC8 [ggH;vbfH;HW;HZ]>[WW]	LHC13 [H]->X1->Z(X2->[bb])	LHC13 [Hpmtb>tb]	5.867687285009453e+00	true	all checks passed	1	2.824871427590339e+00	2.585982699265105e-01	5.820373910348361e+00	-2.898433571765722e+00	-2.685475107590030e+00	1.661710401567879e+03	8.331408076485991e+00	16923.485226775701	8539.8049767063312	297.55464648709477	-3.1576169268942098	-0.36625935246239311	-0.43450733640841666	0	-0.010093001347908977	0	0	0	success	non_bfb	success	success	202.471	success	134.46377840259825	0	0	0	0	5.3521516460270206e-10	33.366012823374469	221.38411031202409	-2.580262212115555e-09	success	success	112.77971006904659	0	0	0	0	-3.8457656932716462e-10	32.468029544230987	235.5126668294935	-4.1451878055018731e-09	success	113.84782176827551	0	0	0	0	3.4125888791573549e-09	32.527010185585937	235.03815344449953	-2.0837613913662117e-09	success	111.20395415672013	0	0	0	0	2.0720970728867002e-09	32.380295551833385	236.14916103865824	1.6899044492541526e-10	success	110.86671842348511	0	0	0	0	1.6109643810751105e-09	32.361397435230309	236.27083876809479	-2.7250595456840362e-09	success	111.20402901610373	111.20402901610373	0.94999999999999996	0.0084026599767279882	825.32935502887835	0	0.013017960691594374	0.10000000000000001	0.57732054756869799	0.5758515022963735	0.0016842424478499269	0	0.00075885784667134538	0.0048170376118203406	7.099709287471392e-18	4.1915010197660744e-06	0.0083474363133847988	7.0788804303975726e-23	0	0.00035961646570661064	3.6619602487457267e-09	0.00035962009289448426	0-(0)->1	nan	nan	nan	nan	nan	nan	nan	nan	nan	nan	nan	nan	nan	nan	nan	nan	nan	nan	nan	nan	nan	nan	nan	nan	nan	nan	nan	nan	nan	nan	nan	nan	nan	nan	nan	nan	nan	nan	nan	nan	nan	nan	nan	nan	nan	nan	nan	nan	nan	nan	nan	nan	nan	nan	nan	nan	nan	nan	nan	nan	nan	nan	nan	nan	nan	nan	nan	nan	nan	nan	nan	nan	nan	nan	nan	nan	nan	nan	nan	nan	nan	nan	nan	nan	nan	nan	nan	nan	nan	nan	nan	nan	nan	nan	nan	nan	nan	nan	nan	nan	nan	nan	nan	nan	nan	nan	nan	nan	nan	nan	nan	nan	nan	nan	nan	nan	nan	nan	nan	nan	nan	nan	nan	nan	nan	nan	nan	nan	nan	nan	nan	nan	nan	nan	nan	nan	nan	nan	nan	nan	nan	nan	nan	nan	nan	nan	nan	nan	single_step	3.596200928944843e-04	typeI_mH125-220/async_mcmc_20260903_011320.md
1.730658055122161e+02	4.480597527064688e+02	4.406653747804544e+02	3.166654282712948e+03	9.989946786986514e-01	8.187105015601665e+00	2.093497014480756e-07	-6.679127654116175e+00	success	47	4	0	true	2.565137683458426e-01	true	1.796394769670276e+01	true	3.313859500000000e-04	3.463183460000000e-09	8.594314609487548e-01	2.066630411077373e-03	true	2.837344484587591e+00	8.034833435821172e+01	2.493720736281356e+00	2.315491210684461e-01	true	true	7.711186216187009e-01	6.056341493208353e-02	6.056341493208353e-02	7.667707872517476e-04	3.879228927913235e+00	7.439998172316496e-02	7.439998172316496e-02	5.554276426960243e-04	CMS:2012qwq	ATLAS:2020gxx	ATLAS:2020gxx	ATLAS:2021upq	LHC8 [vbfH;HW;Htt;H;HZ]>[bb;tautau;WW;ZZ;gamgam]	LHC13 [ggH]->X1->Z(X2->[bb])	LHC13 [ggH]->X1->Z(X2->[bb])	LHC13 [Hpmtb>tb]	5.114786085470371e+00	true	all checks passed	1	4.431296408539007e+00	2.569720364859033e-01	5.832586140278290e+00	-2.665441970883609e+00	-2.882626499437497e+00	3.166654282712948e+03	8.187105015601665e+00	18939.446723064841	8962.3951062677261	44.544181062856566	-0.71394397371484974	-0.41183696005698356	-0.66389275596091091	0	0.018254857328508969	0	0	0	success	non_bfb	success	success	462.637	success	187.64399951525087	2.9182610796775278e-09	9.6839363396524317e-09	2.595367631861434e-08	-3.0242509921473942e-09	-7.1183790641132643e-10	39.825790174726933	213.54099335111528	-2.0489039319450587e-09	success	success	167.07455191282443	2.9182610796775278e-09	9.6839363396524317e-09	2.595367631861434e-08	-3.0242509921473942e-09	-5.6318127889880128e-09	38.06059717883047	228.45375049603663	-1.0574359915791868e-09	success	167.8853578962507	2.9182610796775278e-09	9.6839363396524317e-09	2.595367631861434e-08	-3.0242509921473942e-09	5.1497609087145369e-09	38.137428188815456	228.00052396794396	6.0876530800609866e-11	success	165.25464474077918	2.9182610796775278e-09	9.6839363396524317e-09	2.595367631861434e-08	-3.0242509921473942e-09	-2.5978238617638128e-09	37.887742165113274	229.44067909014797	2.2634424298764094e-09	success	164.94128346011229	2.9182610796775278e-09	9.6839363396524317e-09	2.595367631861434e-08	-3.0242509921473942e-09	1.8887764352273057e-10	37.857943017393168	229.60649734402452	-6.7001272415534541e-09	success	165.25464474077918	165.25464474077918	0.94999999999999996	0.001666555933069129	1326.4401833270354	0	0.0026371205743312694	0.10000000000000001	0.57757128582601447	0.57700901047622033	0.0040308697654091539	0	0.0018080808817783913	0.01151285745456301	8.6160874192216319e-21	2.0085260713481383e-06	0.019888889699562307	4.5052398917031434e-26	0	2.0934847487038866e-07	1.2456985024595751e-12	2.0934970144807562e-07	0-(0)->1	nan	nan	nan	nan	nan	nan	nan	nan	nan	nan	nan	nan	nan	nan	nan	nan	nan	nan	nan	nan	nan	nan	nan	nan	nan	nan	nan	nan	nan	nan	nan	nan	nan	nan	nan	nan	nan	nan	nan	nan	nan	nan	nan	nan	nan	nan	nan	nan	nan	nan	nan	nan	nan	nan	nan	nan	nan	nan	nan	nan	nan	nan	nan	nan	nan	nan	nan	nan	nan	nan	nan	nan	nan	nan	nan	nan	nan	nan	nan	nan	nan	nan	nan	nan	nan	nan	nan	nan	nan	nan	nan	nan	nan	nan	nan	nan	nan	nan	nan	nan	nan	nan	nan	nan	nan	nan	nan	nan	nan	nan	nan	nan	nan	nan	nan	nan	nan	nan	nan	nan	nan	nan	nan	nan	nan	nan	nan	nan	nan	nan	nan	nan	nan	nan	nan	nan	nan	nan	nan	nan	nan	nan	nan	nan	nan	nan	nan	nan	single_step	2.093497014480756e-07	typeI_mH125-220/async_mcmc_20260903_115445.md
1.889009331818612e+02	4.410989890270653e+02	4.514986322284915e+02	4.542384174552276e+03	9.968516942569280e-01	7.773036733312328e+00	5.610833936741520e-04	-3.250972584874170e+00	success	63	54	1	true	2.529955588281452e-01	true	9.967826226048269e+00	true	3.313002660000000e-04	3.464270850000000e-09	8.678132511655319e-01	2.421607131064229e-03	true	6.645111223118479e+00	8.038390595659395e+01	2.495735224755053e+00	2.313595426445466e-01	true	true	7.740877881579439e-01	5.307032137031852e-02	2.443666858185725e-02	9.582047148230783e-04	3.894165769545519e+00	4.374442048672456e-02	1.791200611048713e-02	7.059004290278825e-04	CMS:2012qwq	CMS:2018amk	ATLAS:2022enb	ATLAS:2021upq	LHC8 [vbfH;HW;Htt;H;HZ]>[bb;tautau;WW;ZZ;gamgam]	LHC13 [vbfH;H]>[ZZ]	LHC13 [H]->X1->Z(X2->[bb])	LHC13 [Hpmtb>tb]	5.801014141539895e+00	true	all checks passed	1	3.330543964434996e-01	2.534475416005921e-01	6.016965204143909e+00	-2.928832302285452e+00	-2.622047426103961e+00	4.542384174552276e+03	7.773036733312328e+00	10136.06691835074	8828.3557019946456	64.139639254109071	-0.42067492209013757	-0.42028823334851995	-0.35898760062165935	0	-0.020353115373293977	0	0	0	success	ew_sym_res	success	success	648.34299999999996	success	116.22824975720583	-1.56450166518699e-09	1.3196862815661542e-07	1.0586542278936237e-08	-1.56450166518699e-09	3.0437349020461757e-09	30.732856619551832	215.12124764065865	-9.0985725275913781e-10	success	success	102.56090896590354	-5.9989317745856489e-10	3.253011479978098e-10	1.4743670722536343e-09	-5.9989298349524932e-10	-4.5612286460455299e-10	31.3509459521845	228.59402384189804	1.427045319806083e-09	success	103.19062500799734	-5.9989317745856489e-10	3.253011479978098e-10	1.4743670722536343e-09	-5.9989298349524932e-10	-9.7415517782285847e-10	31.33652866607309	228.1540792765793	2.8583310127031211e-10	success	101.56454876309917	-5.9989317745856489e-10	3.253011479978098e-10	1.4743670722536343e-09	-5.9989298349524932e-10	1.0362555554017555e-10	31.372411927852617	229.27219402547226	1.2283861349758416e-09	success	101.37281371502112	-5.9989317745856489e-10	3.253011479978098e-10	1.4743670722536343e-09	-5.9989298349524932e-10	-2.5678591022973912e-09	31.376359815032188	229.4002115038096	3.6256394090554896e-10	success	101.56457199325916	101.56457199325916	0.94999999999999996	0.013065754665151499	1336.6003420867057	0	0.019788109768024861	0.10000000000000001	0.57688236206965171	0.57401939300731009	0.0024885737476119086	0	0.0011128681750886857	0.0070297825650539915	1.3927814931428803e-17	9.4284559445359024e-06	0.012241549925975542	1.5198203457465976e-22	0	0.00056107722907228533	6.2008052234326871e-09	0.00056108339367415196	0-(0)->1	nan	nan	nan	nan	nan	nan	nan	nan	nan	nan	nan	nan	nan	nan	nan	nan	nan	nan	nan	nan	nan	nan	nan	nan	nan	nan	nan	nan	nan	nan	nan	nan	nan	nan	nan	nan	nan	nan	nan	nan	nan	nan	nan	nan	nan	nan	nan	nan	nan	nan	nan	nan	nan	nan	nan	nan	nan	nan	nan	nan	nan	nan	nan	nan	nan	nan	nan	nan	nan	nan	nan	nan	nan	nan	nan	nan	nan	nan	nan	nan	nan	nan	nan	nan	nan	nan	nan	nan	nan	nan	nan	nan	nan	nan	nan	nan	nan	nan	nan	nan	nan	nan	nan	nan	nan	nan	nan	nan	nan	nan	nan	nan	nan	nan	nan	nan	nan	nan	nan	nan	nan	nan	nan	nan	nan	nan	nan	nan	nan	nan	nan	nan	nan	nan	nan	nan	nan	nan	nan	nan	nan	nan	nan	nan	nan	nan	nan	nan	single_step	5.610833936741520e-04	typeI_mH125-220/async_mcmc_20260903_115445.md
1.799474907936133e+02	4.526909115039502e+02	4.578864081657733e+02	3.187093704548071e+03	9.961011546044632e-01	9.548359193904725e+00	3.592617748138273e-04	-3.444588988947757e+00	success	139	340	0	true	2.550681520581909e-01	true	1.533571441592891e+01	true	3.316945610000000e-04	3.459198660000000e-09	8.295795539687606e-01	1.006127774026195e-03	true	2.161399115068765e+00	8.037412824592434e+01	2.495185353392791e+00	2.314109456893622e-01	true	true	7.716585507237239e-01	3.203749644639989e-02	1.513577323274645e-02	3.744498593523237e-04	3.881945122989461e+00	2.789570701751585e-02	1.336749465554848e-02	2.789071120943570e-04	CMS:2012qwq	CMS:2013yea	ATLAS:2022enb	ATLAS:2021upq	LHC8 [vbfH;HW;Htt;H;HZ]>[bb;tautau;WW;ZZ;gamgam]	LHC8 [vbfH>WW]	LHC13 [H]->X1->Z(X2->[bb])	LHC13 [Hpmtb>tb]	5.911755865613998e+00	true	all checks passed	1	2.962840774009948e+00	2.555238375692891e-01	6.377890959419061e+00	-3.034330826463512e+00	-2.877978740249096e+00	3.187093704548071e+03	9.548359193904725e+00	16077.323865589968	10332.298046458829	-78.777801029774295	1.1971141871981608	-0.49034704757300152	-0.64021864821085206	0	-0.015690188424732788	0	0	0	success	non_bfb	success	success	527.44600000000003	success	144.32232256949777	0	0	0	0	9.0273958264255784e-10	28.17837570800814	227.58315960146655	4.9726319499558172e-09	success	success	115.33604364622838	0	0	0	0	-1.6081644361852201e-09	27.354632444096019	240.67111787948701	-5.5505846351882321e-09	success	116.85954287823837	0	0	0	0	7.4871973450968128e-10	27.401409161027424	240.23930104351396	-3.3869127947409076e-09	success	113.28899846795187	0	0	0	0	3.1860413302425101e-09	27.291829573213032	241.18218300387105	3.4649070738496412e-09	success	112.80510159371775	0	0	0	0	-1.2063573385801229e-09	27.276943367528485	241.28451998398782	-9.1937263544359586e-09	success	113.2889953711308	113.2889953711308	0.94999999999999996	0.0072539214188597429	581.48606850800479	0	0.011339708868710821	0.10000000000000001	0.57752061820245859	0.57672069629200307	0.0012091042010077388	0	0.00054858745975448081	0.0034904030413004101	6.7579025900038112e-18	2.6291177279938212e-06	0.0060344620572992886	7.9679781230675635e-23	0	0.00035925719572704203	4.685655680792489e-09	0.00035926177481382734	0-(0)->1	nan	nan	nan	nan	nan	nan	nan	nan	nan	nan	nan	nan	nan	nan	nan	nan	nan	nan	nan	nan	nan	nan	nan	nan	nan	nan	nan	nan	nan	nan	nan	nan	nan	nan	nan	nan	nan	nan	nan	nan	nan	nan	nan	nan	nan	nan	nan	nan	nan	nan	nan	nan	nan	nan	nan	nan	nan	nan	nan	nan	nan	nan	nan	nan	nan	nan	nan	nan	nan	nan	nan	nan	nan	nan	nan	nan	nan	nan	nan	nan	nan	nan	nan	nan	nan	nan	nan	nan	nan	nan	nan	nan	nan	nan	nan	nan	nan	nan	nan	nan	nan	nan	nan	nan	nan	nan	nan	nan	nan	nan	nan	nan	nan	nan	nan	nan	nan	nan	nan	nan	nan	nan	nan	nan	nan	nan	nan	nan	nan	nan	nan	nan	nan	nan	nan	nan	nan	nan	nan	nan	nan	nan	nan	nan	nan	nan	nan	nan	single_step	3.592617748138273e-04	typeI_mH125-220/async_mcmc_20260903_212216.md
2.128110000000000e+02	4.030800000000000e+02	2.143320000000000e+02	7.552990000000000e+03	9.947549999999999e-01	5.686380000000000e+00	3.479983364639018e-20	-1.945842283210593e+01	success	0	0	0	true	2.457017539868703e-01	true	1.021912709860620e+01	true	3.283101360000000e-04	3.504624680000000e-09	1.185790782101099e+00	3.547985333058757e-02	true	2.837467525718662e+00	8.034888580039875e+01	2.493959967800743e+00	2.316135888551130e-01	true	true	7.680555052788791e-01	1.909642222537898e-01	3.886876623624075e-02	7.791617333714480e-02	1.256558597957492e+00	1.954364595920317e-01	3.259684861846926e-02	7.314555396126733e-02	ATLAS:2014vuz	ATLAS:2020tlo	ATLAS:2022enb	ATLAS:2021upq	LHC8 [HW;HZ]>[bb]	LHC13 [ggH>ZZ]	LHC13 [H]->X1->Z(X2->[bb])	LHC13 [Hpmtb>tb]	3.943217828300476e+00	true	all checks passed	1	1.204962828106926e+00	2.461407061980334e-01	5.814717301557019e-01	1.898250132774248e+00	-1.953137274721291e+00	7.552990000000000e+03	5.686380000000000e+00	-358.85646980441379	980.37505487706278	-612.83188637260866	1.9015763771349152	-0.081432230296536665	0.00032212438875223615	0	-0.12080081923102792	0	0	0	success	ew_sym_res	success	success	243.946	success	147.02491477200903	-4.0399626618861526e-09	7.5667101230828291e-08	2.717246058533447e-08	-4.0392688817807997e-09	6.0659898224077963e-09	11.323705979373036	46.679462641992409	-1.5057197471702056e-09	success	success	146.98252521525922	-4.0399626618861526e-09	7.5667101230828291e-08	2.717246058533447e-08	-4.0392688817807997e-09	-4.3849707812128413e-09	12.068469847823549	49.836647048455056	-3.7976539906399592e-10	success	146.98409768147275	-4.0399626618861526e-09	7.5667101230828291e-08	2.717246058533447e-08	-4.0392688817807997e-09	-3.4321070651838993e-10	12.044177814051988	49.733388203121343	-9.3089610926916732e-10	success	146.97307507132507	-4.0399626618861526e-09	7.5667101230828291e-08	2.717246058533447e-08	-4.0392688817807997e-09	1.6855501140092151e-09	12.210220600413942	50.439582354201512	6.8914957115796413e-10	success	146.97227908705366	-4.0399626618861526e-09	7.5667101230828291e-08	2.717246058533447e-08	-4.0392688817807997e-09	-3.1934771837821463e-09	12.221851647158593	50.489084713636593	-4.0364454148482041e-09	success	146.97307491479594	146.97307491479594	0.94999999999999996	0.00031945598613691378	466215.10773960041	0	0.00050606477096968195	0.10000000000000001	0.57703182003769038	0.5768518621265567	1.2594721934289663	0	0.56412932890179457	3.590550293985844	2.4297474135114171e-27	0.00012027189530345521	6.2054226179197398	4.9666997610418359e-34	0	3.4775264204793441e-20	4.7148572611798432e-23	3.4799833646390183e-20	0-(0)->1	nan	nan	nan	nan	nan	nan	nan	nan	nan	nan	nan	nan	nan	nan	nan	nan	nan	nan	nan	nan	nan	nan	nan	nan	nan	nan	nan	nan	nan	nan	nan	nan	nan	nan	nan	nan	nan	nan	nan	nan	nan	nan	nan	nan	nan	nan	nan	nan	nan	nan	nan	nan	nan	nan	nan	nan	nan	nan	nan	nan	nan	nan	nan	nan	nan	nan	nan	nan	nan	nan	nan	nan	nan	nan	nan	nan	nan	nan	nan	nan	nan	nan	nan	nan	nan	nan	nan	nan	nan	nan	nan	nan	nan	nan	nan	nan	nan	nan	nan	nan	nan	nan	nan	nan	nan	nan	nan	nan	nan	nan	nan	nan	nan	nan	nan	nan	nan	nan	nan	nan	nan	nan	nan	nan	nan	nan	nan	nan	nan	nan	nan	nan	nan	nan	nan	nan	nan	nan	nan	nan	nan	nan	nan	nan	nan	nan	nan	nan	single_step	3.479983364639018e-20	typeI_mH125-220/random_20260824_004325.md
2.171820000000000e+02	3.743630000000000e+02	3.603730000000000e+02	4.775830000000000e+03	9.959000000000000e-01	9.273730000000000e+00	1.105854592514087e-16	-1.595630197413468e+01	success	0	0	0	true	2.522881948199029e-01	true	1.468085883026468e+01	true	3.314349680000000e-04	3.462652570000000e-09	8.546547068172429e-01	1.903537783649235e-03	true	4.054224848953406e+00	8.034546554123980e+01	2.493605031125710e+00	2.315758163040774e-01	true	true	7.670906068115296e-01	1.367549574921474e-01	4.501758473944666e-02	2.241241402546442e-03	1.254979999201321e+00	1.005166395646963e-01	4.562732549085916e-02	1.636040699458604e-03	ATLAS:2014vuz	ATLAS:2020tlo	ATLAS:2022enb	CMS:2020imj	LHC8 [HW;HZ]>[bb]	LHC13 [vbfH>ZZ]	LHC13 [H]->X1->Z(X2->[bb])	LHC13 [Hpmtb>tb]	5.211976966720414e+00	true	all checks passed	1	4.125147923063889e+00	2.527389138691958e-01	3.469375698951549e+00	-1.235788878014849e+00	-1.575499256757661e+00	4.775830000000000e+03	9.273730000000000e+00	9423.0101212670597	2946.752986677669	-30.255539643246006	-0.055873950129834378	-0.11791541171127809	-0.18778259747711334	0	0.0099214547277073455	0	0	0	success	non_bfb	success	success	253.13200000000001	success	168.28393024657828	0	0	0	0	5.8436885108160293e-09	14.211530643083304	83.849861206883702	4.078880763994334e-09	success	success	168.0559525161444	0	0	0	0	6.5436988615087397e-09	15.170326835927879	90.068587032513506	-7.9730428759669391e-09	success	168.06403353635065	0	0	0	0	-1.0789211139576047e-08	15.141668609423123	89.880491293419681	-7.5298486834920789e-09	success	168.0134511973111	0	0	0	0	-1.4687420601123782e-08	15.316461873854239	91.030000761016382	-1.0353745392922788e-08	success	168.00948586777139	0	0	0	0	8.4696352527933255e-09	15.329723705775077	91.117439487826161	1.143247410589586e-08	success	168.0134511973111	168.0134511973111	0.94999999999999996	0.00047790519526214108	107198.65587139486	0	0.00075953579567545725	0.10000000000000001	0.57757639995256438	0.5772874113364399	0.33121660650761109	0	0.14796859166346368	0.94288579428142316	1.4284130347750919e-25	4.7266892796520298e-05	1.6276545082981004	4.7545222203729565e-32	0	1.1057632378164229e-16	1.720738998979742e-20	1.105854592514087e-16	0-(0)->1	nan	nan	nan	nan	nan	nan	nan	nan	nan	nan	nan	nan	nan	nan	nan	nan	nan	nan	nan	nan	nan	nan	nan	nan	nan	nan	nan	nan	nan	nan	nan	nan	nan	nan	nan	nan	nan	nan	nan	nan	nan	nan	nan	nan	nan	nan	nan	nan	nan	nan	nan	nan	nan	nan	nan	nan	nan	nan	nan	nan	nan	nan	nan	nan	nan	nan	nan	nan	nan	nan	nan	nan	nan	nan	nan	nan	nan	nan	nan	nan	nan	nan	nan	nan	nan	nan	nan	nan	nan	nan	nan	nan	nan	nan	nan	nan	nan	nan	nan	nan	nan	nan	nan	nan	nan	nan	nan	nan	nan	nan	nan	nan	nan	nan	nan	nan	nan	nan	nan	nan	nan	nan	nan	nan	nan	nan	nan	nan	nan	nan	nan	nan	nan	nan	nan	nan	nan	nan	nan	nan	nan	nan	nan	nan	nan	nan	nan	nan	single_step	1.105854592514087e-16	typeI_mH125-220/random_20260824_004325.md
2.109470000000000e+02	4.265670000000000e+02	2.009300000000000e+02	7.891100000000000e+03	9.961780000000000e-01	4.872040000000000e+00	1.003678065978806e-16	-1.599840556666265e+01	success	0	0	0	true	2.472849646594802e-01	true	1.207790163715184e+01	true	3.265570590000000e-04	3.528839280000000e-09	1.395250971549814e+00	7.390763461258543e-02	true	3.705860629298116e-01	8.036670710301784e+01	2.494972692585026e+00	2.315307851097213e-01	true	true	7.702128789052056e-01	5.293226195744566e-01	3.560431159201713e-02	7.134373613208293e-02	1.260088116801554e+00	4.944082971027239e-01	2.276699443094038e-02	9.231717019547514e-02	ATLAS:2014vuz	ATLAS:2020tlo	ATLAS:2022enb	ATLAS:2021upq	LHC8 [HW;HZ]>[bb]	LHC13 [ggH>ZZ]	LHC13 [H]->X1->Z(X2->[bb])	LHC13 [Hpmtb>tb]	3.619937145466253e+00	true	all checks passed	1	2.318844822134349e+00	2.477267453153499e-01	3.961255719301307e-01	2.334574346342417e+00	-2.344734946704050e+00	7.891100000000000e+03	4.872040000000000e+00	663.80872993213688	1363.553954547891	-922.43424133769736	1.7986088422035391	-0.10925994063571556	-0.03295156643246392	0	-0.15762463074174943	0	0	0	success	ew_sym_res	success	success	247.393	success	146.87217886761243	1.4356582235658403e-08	-1.9082931672093089e-08	-4.9583542500334033e-09	1.3393264727698788e-08	3.8638460061835957e-09	19.054393259481039	71.99810729399853	9.0673027731156978e-10	success	success	146.73373408833714	1.4356582235658403e-08	-1.9082931672093089e-08	-4.9583542500334033e-09	1.3393264727698788e-08	6.4089011531400293e-09	20.377608677443202	77.257220313264781	-4.6167118054499581e-10	success	146.73892731973649	1.4356582235658403e-08	-1.9082931672093089e-08	-4.9583542500334033e-09	1.3393264727698788e-08	8.2614432740358496e-10	20.335379955374144	77.088435521100493	-1.4931567199314794e-09	success	146.707173274436	1.4356582235658403e-08	-1.9082931672093089e-08	-4.9583542500334033e-09	1.3393264727698788e-08	1.9235395791695441e-09	20.587115982283141	78.095569123742024	1.0440287571305278e-09	success	146.70474105603427	1.4356582235658403e-08	-1.9082931672093089e-08	-4.9583542500334033e-09	1.3393264727698788e-08	-1.9918950467606443e-09	20.605790529288242	78.170374351582396	1.7406794780163789e-09	success	146.70717314963002	146.70717314963002	0.94999999999999996	0.00071111997291935247	152610.47401029672	0	0.0011257334726446646	0.10000000000000001	0.57725504710380315	0.5768517513689263	0.41152555237985311	0	0.18390552021856885	1.1705149685720078	2.4663110469066884e-25	8.723201335656105e-05	2.0229607224042576	1.1408945153534768e-31	0	1.0035028120677416e-16	3.3222260458679004e-20	1.0036780659788064e-16	0-(0)->1	nan	nan	nan	nan	nan	nan	nan	nan	nan	nan	nan	nan	nan	nan	nan	nan	nan	nan	nan	nan	nan	nan	nan	nan	nan	nan	nan	nan	nan	nan	nan	nan	nan	nan	nan	nan	nan	nan	nan	nan	nan	nan	nan	nan	nan	nan	nan	nan	nan	nan	nan	nan	nan	nan	nan	nan	nan	nan	nan	nan	nan	nan	nan	nan	nan	nan	nan	nan	nan	nan	nan	nan	nan	nan	nan	nan	nan	nan	nan	nan	nan	nan	nan	nan	nan	nan	nan	nan	nan	nan	nan	nan	nan	nan	nan	nan	nan	nan	nan	nan	nan	nan	nan	nan	nan	nan	nan	nan	nan	nan	nan	nan	nan	nan	nan	nan	nan	nan	nan	nan	nan	nan	nan	nan	nan	nan	nan	nan	nan	nan	nan	nan	nan	nan	nan	nan	nan	nan	nan	nan	nan	nan	nan	nan	nan	nan	nan	nan	single_step	1.003678065978806e-16	typeI_mH125-220/random_20260825_210947.md
1.360437227022400e+02	3.011746762250863e+02	3.116439246328076e+02	1.519173664108886e+03	9.976905420780259e-01	1.050104486024376e+01	4.320544488282441e-19	-1.836446151861201e+01	success	6	46	0	true	2.576999233045382e-01	true	1.538640876627721e+01	true	3.269573040000000e-04	3.119968720000000e-09	1.345929215923595e+00	1.295132530064665e+00	true	3.425221403317490e+00	8.037756389835361e+01	2.495361088440538e+00	2.313929933873443e-01	true	true	7.704301595506073e-01	7.691090128391525e-01	2.823733827389713e-01	8.962040747461503e-04	3.875765515287154e+00	1.258508183079432e+00	1.669420690709104e-01	5.555891651144644e-04	CMS:2012qwq	ATLAS:2014vuz	ATLAS:2020gxx	ATLAS:2021upq	LHC8 [vbfH;HW;Htt;H;HZ]>[bb;tautau;WW;ZZ;gamgam]	LHC8 [HW;HZ]>[bb]	LHC13 [ggH]->X1->Z(X2->[bb])	LHC13 [Hpmtb>tb]	5.471538615711353e+00	true	all checks passed	1	4.694044248613854e+00	2.581603105395318e-01	2.930182373218132e+00	-1.444908888797080e+00	-1.232874049704825e+00	1.519173664108886e+03	1.050104486024376e+01	8929.1731100065481	1472.0778287820526	129.34033272569854	-2.4266482293887477	-0.056820579256854228	-0.046983304543065547	0	0.0017343787519727477	0	0	0	success	non_bfb	success	success	169.83600000000001	success	166.23360848272409	-8.131452203477289e-09	1.043890962386321e-08	1.10865973461732e-08	-8.4189249755776728e-09	3.183123747155352e-08	9.0208928848903334	61.308884918239819	3.8827970388483567e-08	success	success	166.13575684297314	-8.131452203477289e-09	1.043890962386321e-08	1.10865973461732e-08	-8.4189249755776728e-09	-2.0277449944364684e-08	9.7049528688381486	65.725493472734584	7.0880765543516563e-08	success	166.13922757159122	-8.131452203477289e-09	1.043890962386321e-08	1.10865973461732e-08	-8.4189249755776728e-09	2.2504195008215194e-11	9.6837671018197629	65.589073294927672	6.9953521550904899e-09	success	166.11539117588006	-8.131452203477289e-09	1.043890962386321e-08	1.10865973461732e-08	-8.4189249755776728e-09	2.5464189307308868e-10	9.8258389672835218	66.503489674977928	2.0661848658863431e-08	success	166.11360449234633	-8.131452203477289e-09	1.043890962386321e-08	1.10865973461732e-08	-8.4189249755776728e-09	-1.0980713047817113e-08	9.8361668060576033	66.569926951393342	-2.9598902692067768e-08	success	166.11539117588006	166.11539117588006	0.94999999999999996	0.00027178049068978942	234860.568958341	0	0.0004321861883098389	0.10000000000000001	0.57747667042169726	0.57731204132302105	0.71743788160644961	0	0.3210742740961231	2.0460854267610533	5.5950235981823789e-27	5.8349528038971584e-05	3.5318170150573542	1.0340555809381615e-33	0	4.3196430575934889e-19	1.7247187104512916e-22	4.3205444882824414e-19	0-(0)->1	nan	nan	nan	nan	nan	nan	nan	nan	nan	nan	nan	nan	nan	nan	nan	nan	nan	nan	nan	nan	nan	nan	nan	nan	nan	nan	nan	nan	nan	nan	nan	nan	nan	nan	nan	nan	nan	nan	nan	nan	nan	nan	nan	nan	nan	nan	nan	nan	nan	nan	nan	nan	nan	nan	nan	nan	nan	nan	nan	nan	nan	nan	nan	nan	nan	nan	nan	nan	nan	nan	nan	nan	nan	nan	nan	nan	nan	nan	nan	nan	nan	nan	nan	nan	nan	nan	nan	nan	nan	nan	nan	nan	nan	nan	nan	nan	nan	nan	nan	nan	nan	nan	nan	nan	nan	nan	nan	nan	nan	nan	nan	nan	nan	nan	nan	nan	nan	nan	nan	nan	nan	nan	nan	nan	nan	nan	nan	nan	nan	nan	nan	nan	nan	nan	nan	nan	nan	nan	nan	nan	nan	nan	nan	nan	nan	nan	nan	nan	single_step	4.320544488282441e-19	typeI_mH125-220/async_mcmc_20260903_210907.md
2.094670000000000e+02	4.083070000000000e+02	2.153510000000000e+02	5.867630000000000e+03	9.906000000000000e-01	6.621160000000000e+00	4.282152763957253e-20	-1.936833784349645e+01	success	0	0	0	true	2.487400885815197e-01	true	1.223542360823869e+01	true	3.248088130000000e-04	3.146607640000000e-09	1.621090106562244e+00	1.094493746805821e+00	true	6.565310176297629e+00	8.034134628934099e+01	2.493556855693848e+00	2.316535710664864e-01	true	true	7.783577789398163e-01	3.548355797488087e-01	5.665034757905266e-02	5.871575362076469e-02	3.915646604398386e+00	2.393627854608601e-01	4.295221301947075e-02	5.328709201067024e-02	CMS:2012qwq	ATLAS:2020tlo	ATLAS:2022enb	ATLAS:2021upq	LHC8 [vbfH;HW;Htt;H;HZ]>[bb;tautau;WW;ZZ;gamgam]	LHC13 [vbfH>ZZ]	LHC13 [H]->X1->Z(X2->[bb])	LHC13 [Hpmtb>tb]	5.526498950014201e+00	true	all checks passed	1	3.720617423247057e+00	2.491844688519740e-01	8.359802244183820e-01	1.878828913935305e+00	-2.098253280790057e+00	5.867630000000000e+03	6.621160000000000e+00	4387.8949605438802	1481.7694388015168	-338.10038107854103	1.6507185520954788	-0.09409350278214379	-0.05855459253163843	0	-0.080464317401846355	0	0	0	success	ew_sym_res	success	success	264.48399999999998	success	158.43654433275822	9.5565376792654448e-09	1.9965293476575984e-07	4.3074088339430329e-08	1.0287438217801068e-08	6.589615261288899e-09	12.757214602025467	50.069473338600687	-4.091167767602658e-09	success	success	158.37787588128501	9.5565376792654448e-09	1.9965293476575984e-07	4.3074088339430329e-08	1.0287438217801068e-08	-4.9689597965023423e-11	13.56436565804133	53.414576234313621	-1.8064617792694966e-09	success	158.37998126778092	9.5565376792654448e-09	1.9965293476575984e-07	4.3074088339430329e-08	1.0287438217801068e-08	5.6714203715658534e-09	13.538961993595038	53.308735623590088	-6.6929105356072753e-09	success	158.3650959841604	9.5565376792654448e-09	1.9965293476575984e-07	4.3074088339430329e-08	1.0287438217801068e-08	-3.4872999059471096e-10	13.714256454641468	54.039843020971119	8.8113252166208524e-09	success	158.36400697130978	9.5565376792654448e-09	1.9965293476575984e-07	4.3074088339430329e-08	1.0287438217801068e-08	-3.5710599365957097e-09	13.726709179201148	54.09184887305576	-4.6761578330209812e-09	success	158.3650959841604	158.3650959841604	0.94999999999999996	0.0002498384765324493	367307.34738143138	0	0.00039735460579002805	0.10000000000000001	0.57747447756697889	0.57732605489877198	1.0695065602276901	0	0.47879689455119817	3.0513070191966807	1.8324240398709934e-27	7.9994869214462065e-05	5.2667658400631803	3.0190292450788605e-34	0	4.2803925738060489e-20	3.3767278538751733e-23	4.2821527639572532e-20	0-(0)->1	nan	nan	nan	nan	nan	nan	nan	nan	nan	nan	nan	nan	nan	nan	nan	nan	nan	nan	nan	nan	nan	nan	nan	nan	nan	nan	nan	nan	nan	nan	nan	nan	nan	nan	nan	nan	nan	nan	nan	nan	nan	nan	nan	nan	nan	nan	nan	nan	nan	nan	nan	nan	nan	nan	nan	nan	nan	nan	nan	nan	nan	nan	nan	nan	nan	nan	nan	nan	nan	nan	nan	nan	nan	nan	nan	nan	nan	nan	nan	nan	nan	nan	nan	nan	nan	nan	nan	nan	nan	nan	nan	nan	nan	nan	nan	nan	nan	nan	nan	nan	nan	nan	nan	nan	nan	nan	nan	nan	nan	nan	nan	nan	nan	nan	nan	nan	nan	nan	nan	nan	nan	nan	nan	nan	nan	nan	nan	nan	nan	nan	nan	nan	nan	nan	nan	nan	nan	nan	nan	nan	nan	nan	nan	nan	nan	nan	nan	nan	single_step	4.282152763957253e-20	typeI_mH125-220/random_20260822_062803.md
2.083270000000000e+02	4.541570000000000e+02	4.612270000000000e+02	6.182560000000000e+03	9.978790000000000e-01	6.743430000000000e+00	1.174913403396394e-04	-3.929994141743753e+00	success	0	0	0	true	2.510950355878981e-01	true	1.142987307292877e+01	true	3.263733890000000e-04	3.126746140000000e-09	1.418181510651863e+00	1.242485826455405e+00	true	3.011073706770306e+00	8.037655365576798e+01	2.495320691326438e+00	2.314004676861992e-01	true	true	7.749423119347932e-01	1.634524019514742e-01	1.984204885004883e-02	1.787573506957707e-03	3.898464580729438e+00	1.094497610698951e-01	1.786029263606930e-02	1.339629453663895e-03	CMS:2012qwq	CMS:2018amk	ATLAS:2022enb	ATLAS:2021upq	LHC8 [vbfH;HW;Htt;H;HZ]>[bb;tautau;WW;ZZ;gamgam]	LHC13 [vbfH;H]>[ZZ]	LHC13 [H]->X1->Z(X2->[bb])	LHC13 [Hpmtb>tb]	5.442618629303695e+00	true	all checks passed	1	1.168669693256994e+00	2.515436230289519e-01	6.068007230521332e+00	-2.918131116314976e+00	-2.704245040566413e+00	6.182560000000000e+03	6.743430000000000e+00	11046.55946395663	8954.2305687210282	-79.800507547936874	0.40462021140560045	-0.44737137144284506	-0.46627415113717652	0	-0.018771835789430435	0	0	0	success	ew_sym_res	success	success	198.32300000000001	success	125.69458085723366	-8.1087093953070074e-09	9.3799306499206997e-08	-2.0826966197124539e-09	7.3915856950832777e-09	8.0814869708396639e-10	34.74300207531212	212.93495494244843	1.2182440670615652e-09	success	success	112.81128858936191	-8.1087093953070074e-09	9.3799306499206997e-08	-2.0826966197124539e-09	7.3915856950832777e-09	-6.9537438592865462e-10	35.728668690004916	226.15924184325905	-3.5218648936749353e-10	success	113.3758430647124	-8.1087093953070074e-09	9.3799306499206997e-08	-2.0826966197124539e-09	7.3915856950832777e-09	-5.6590262264155752e-11	35.701780370281831	225.72255533108523	-1.5361774163628125e-09	success	111.8136608593089	-8.1087093953070074e-09	9.3799306499206997e-08	-2.0826966197124539e-09	7.3915856950832777e-09	9.5287014146959993e-11	35.773753540335385	226.90766523876096	2.9690336294533183e-11	success	111.6333745146008	-8.1087093953070074e-09	9.3799306499206997e-08	-2.0826966197124539e-09	7.3915856950832777e-09	5.0706539251781322e-10	35.781583501705079	227.03984721052393	-2.0583925435718293e-09	success	111.81366061861466	111.81366061861466	0.94999999999999996	0.0094075360702729535	1566.4884014722284	0	0.014450205588525684	0.10000000000000001	0.57725555939709949	0.57499901041874946	0.0032144227421524942	0	0.0014354977293689032	0.009091461628029809	3.7042700072244733e-18	8.8346726672821174e-06	0.015790475023057936	3.0827927373267411e-23	0	0.00011749031444516591	1.0351495085137322e-09	0.00011749134033963944	0-(0)->1	nan	nan	nan	nan	nan	nan	nan	nan	nan	nan	nan	nan	nan	nan	nan	nan	nan	nan	nan	nan	nan	nan	nan	nan	nan	nan	nan	nan	nan	nan	nan	nan	nan	nan	nan	nan	nan	nan	nan	nan	nan	nan	nan	nan	nan	nan	nan	nan	nan	nan	nan	nan	nan	nan	nan	nan	nan	nan	nan	nan	nan	nan	nan	nan	nan	nan	nan	nan	nan	nan	nan	nan	nan	nan	nan	nan	nan	nan	nan	nan	nan	nan	nan	nan	nan	nan	nan	nan	nan	nan	nan	nan	nan	nan	nan	nan	nan	nan	nan	nan	nan	nan	nan	nan	nan	nan	nan	nan	nan	nan	nan	nan	nan	nan	nan	nan	nan	nan	nan	nan	nan	nan	nan	nan	nan	nan	nan	nan	nan	nan	nan	nan	nan	nan	nan	nan	nan	nan	nan	nan	nan	nan	nan	nan	nan	nan	nan	nan	single_step	1.174913403396394e-04	typeI_mH125-220/random_20260822_062803.md
1.748956473654550e+02	4.476113358666103e+02	4.409550902756004e+02	4.354594723345172e+03	9.994699497124897e-01	5.334302235020211e+00	4.055041405212968e-05	-4.392004706936498e+00	success	152	69	1	true	2.587702107699311e-01	true	1.558643457017126e+01	true	3.299652730000000e-04	3.481508350000000e-09	1.003658814306179e+00	1.180471010371606e-02	true	2.284873623885975e+00	8.034987389827863e+01	2.493784808581489e+00	2.315409857831118e-01	true	true	7.726807530433574e-01	8.299119116570186e-01	8.299119116570186e-01	4.195304472262116e-03	3.887087466459495e+00	1.010955096786257e+00	1.010955096786257e+00	3.040252440930329e-03	CMS:2012qwq	ATLAS:2020gxx	ATLAS:2020gxx	ATLAS:2021upq	LHC8 [vbfH;HW;Htt;H;HZ]>[bb;tautau;WW;ZZ;gamgam]	LHC13 [ggH]->X1->Z(X2->[bb])	LHC13 [ggH]->X1->Z(X2->[bb])	LHC13 [Hpmtb>tb]	5.225543865571382e+00	true	all checks passed	1	3.413570184420806e+00	2.592325100997384e-01	5.823448716344468e+00	-2.717988841150434e+00	-2.913458348597342e+00	4.354594723345172e+03	5.334302235020211e+00	17266.116178024753	8985.8630151040943	124.52157952175001	-0.8083135919393587	-0.41137756295611222	-0.59450361291544951	0	0.015063595950371194	0	0	0	success	non_bfb	success	success	585.99599999999998	success	150.0937006112195	0	0	0	0	4.4720547820250766e-11	48.877279850657352	217.19902039056578	-1.7608082965914994e-09	success	success	129.45670818852602	0	0	0	0	1.4850052137590733e-09	48.966656389520821	231.07901339896432	-8.4257050564759359e-10	success	130.38021037270272	0	0	0	0	-3.6831406830584516e-10	48.992333405481091	230.64906186943216	2.0388403241517557e-10	success	127.85042114595851	0	0	0	0	-1.9506803040910571e-10	48.919413145042789	231.80140189121721	5.0509912566088874e-11	success	127.53876803509789	0	0	0	0	3.2984639716427963e-10	48.909888825183323	231.93790952808575	-1.2113098318937224e-09	success	127.85042114595851	127.85042114595851	0.94999999999999996	0.0052270633264768912	1030.004774994658	0	0.008171625853345103	0.10000000000000001	0.57753713431113429	0.57628652817616843	0.0024190156532170001	0	0.0010865011135175139	0.0069048625194344463	9.9123899153816043e-19	3.7560163390222234e-06	0.011951512248692652	7.0039165806495239e-24	0	4.0550125043763399e-05	2.9066694964401269e-10	4.0550414052129676e-05	0-(0)->1	nan	nan	nan	nan	nan	nan	nan	nan	nan	nan	nan	nan	nan	nan	nan	nan	nan	nan	nan	nan	nan	nan	nan	nan	nan	nan	nan	nan	nan	nan	nan	nan	nan	nan	nan	nan	nan	nan	nan	nan	nan	nan	nan	nan	nan	nan	nan	nan	nan	nan	nan	nan	nan	nan	nan	nan	nan	nan	nan	nan	nan	nan	nan	nan	nan	nan	nan	nan	nan	nan	nan	nan	nan	nan	nan	nan	nan	nan	nan	nan	nan	nan	nan	nan	nan	nan	nan	nan	nan	nan	nan	nan	nan	nan	nan	nan	nan	nan	nan	nan	nan	nan	nan	nan	nan	nan	nan	nan	nan	nan	nan	nan	nan	nan	nan	nan	nan	nan	nan	nan	nan	nan	nan	nan	nan	nan	nan	nan	nan	nan	nan	nan	nan	nan	nan	nan	nan	nan	nan	nan	nan	nan	nan	nan	nan	nan	nan	nan	single_step	4.055041405212968e-05	typeI_mH125-220/async_mcmc_20260903_115445.md
1.879287750261538e+02	4.677738875698431e+02	4.706563548069017e+02	3.430357930904297e+03	9.992012945578501e-01	9.766258431481049e+00	7.700321886848142e-04	-3.113491120183350e+00	success	156	258	0	true	2.558461995415417e-01	true	1.518201069053055e+01	true	3.317477170000000e-04	3.458506080000000e-09	8.244910490639633e-01	8.603257665446560e-04	true	9.302310315380357e-01	8.036943126175252e+01	2.494920691007894e+00	2.314361622629254e-01	true	true	7.696036294658656e-01	5.348581501164409e-02	1.825007340132801e-02	3.264480156447234e-04	3.871607530607974e+00	5.855778813816546e-02	1.954974353685825e-02	2.492737598513540e-04	CMS:2012qwq	CMS:2018amk	ATLAS:2020gxx	ATLAS:2021upq	LHC8 [vbfH;HW;Htt;H;HZ]>[bb;tautau;WW;ZZ;gamgam]	LHC13 [vbfH;H]>[ZZ]	LHC13 [ggH]->X1->Z(X2->[bb])	LHC13 [Hpmtb>tb]	4.768681696710331e+00	true	all checks passed	1	2.770701237672756e+00	2.563032750535563e-01	6.562740931692168e+00	-3.145769561987161e+00	-3.056371900941623e+00	3.430357930904297e+03	9.766258431481049e+00	16815.950004782175	10914.348596051666	-61.746550319331817	1.217918084319263	-0.54551724998663409	-0.71376733927488012	0	-0.010492754307470998	0	1.3969838619232178e-09	0	success	non_bfb	success	success	584.36400000000003	success	141.8380371201452	0	0	0	0	6.7668645685167417e-09	26.754434185816173	229.68452173216286	-5.5857499887263514e-09	success	success	110.25653577116576	0	0	0	0	2.1400306550245634e-09	26.329014131641802	241.8738564424585	-3.2599702112754424e-10	success	112.00652269806906	0	0	0	0	3.0947248232733458e-09	26.364622568651143	241.52296592986139	-1.703558458660101e-09	success	108.11286470909167	0	0	0	0	-9.1049758176175582e-10	26.285697585837479	242.29018254553213	-6.5763931184105717e-10	success	107.56861734713458	0	0	0	0	1.5622118020279816e-09	26.274751974078018	242.39333134394843	-6.3132104583706527e-10	success	108.11283765563303	108.11283765563303	0.94999999999999996	0.0085468309873340982	490.94331391871606	0	0.013329526973866421	0.10000000000000001	0.57760886837821956	0.57670937931100186	0.00097371952680802868	0	0.00044386149005385479	0.0028239955156981376	1.5257716418815628e-17	2.5018174919308311e-06	0.0048824763905924032	2.1208015550769667e-22	0	0.00077001972325497483	1.2949388510274345e-08	0.00077003218868481422	0-(0)->1	nan	nan	nan	nan	nan	nan	nan	nan	nan	nan	nan	nan	nan	nan	nan	nan	nan	nan	nan	nan	nan	nan	nan	nan	nan	nan	nan	nan	nan	nan	nan	nan	nan	nan	nan	nan	nan	nan	nan	nan	nan	nan	nan	nan	nan	nan	nan	nan	nan	nan	nan	nan	nan	nan	nan	nan	nan	nan	nan	nan	nan	nan	nan	nan	nan	nan	nan	nan	nan	nan	nan	nan	nan	nan	nan	nan	nan	nan	nan	nan	nan	nan	nan	nan	nan	nan	nan	nan	nan	nan	nan	nan	nan	nan	nan	nan	nan	nan	nan	nan	nan	nan	nan	nan	nan	nan	nan	nan	nan	nan	nan	nan	nan	nan	nan	nan	nan	nan	nan	nan	nan	nan	nan	nan	nan	nan	nan	nan	nan	nan	nan	nan	nan	nan	nan	nan	nan	nan	nan	nan	nan	nan	nan	nan	nan	nan	nan	nan	single_step	7.700321886848142e-04	typeI_mH125-220/async_mcmc_20260903_212216.md
1.747051383584870e+02	4.542341216512644e+02	4.538467520808202e+02	4.358328818827245e+03	9.992746750802359e-01	6.377964973127516e+00	1.326046361143986e-03	-2.877441291891249e+00	success	54	231	1	true	2.559788925553673e-01	true	1.259656568996645e+01	true	3.307583950000000e-04	3.471241140000000e-09	9.217621966094900e-01	5.364875487510072e-03	true	2.198923740304141e-01	8.036255216637652e+01	2.494512171529631e+00	2.314723882930304e-01	true	true	7.722047425505836e-01	2.480031668465480e-01	2.480031668465480e-01	1.856078927954613e-03	3.884692823635694e+00	3.367756028945040e-01	3.367756028945040e-01	1.372763950838822e-03	CMS:2012qwq	ATLAS:2020gxx	ATLAS:2020gxx	ATLAS:2021upq	LHC8 [vbfH;HW;Htt;H;HZ]>[bb;tautau;WW;ZZ;gamgam]	LHC13 [ggH]->X1->Z(X2->[bb])	LHC13 [ggH]->X1->Z(X2->[bb])	LHC13 [Hpmtb>tb]	5.116030622954611e+00	true	all checks passed	1	1.735651453833989e+00	2.564362051267064e-01	6.149548064774841e+00	-2.927234141778534e+00	-2.938859592832343e+00	4.358328818827245e+03	6.377964973127516e+00	15056.532171230976	9703.9783736282006	189.3832197764745	-1.1216953431327614	-0.46325453503964864	-0.52023548764725036	0	-0.00026035554218642915	0	0	0	success	non_bfb	success	success	549.88400000000001	success	124.72146626640392	0	0	0	0	7.2765384971922455e-10	38.223473267440994	221.89575122453786	1.0001592785806078e-09	success	success	103.37793798752134	0	0	0	0	9.8616852565703997e-10	38.825466346676251	234.9437713289951	2.0248941751159816e-09	success	104.4553116567407	0	0	0	0	3.6277467656261916e-10	38.819959480889494	234.51215032266759	5.3090161906240905e-10	success	101.91710386143616	0	0	0	0	2.3162002048884273e-09	38.831132012348384	235.5098902973337	-5.8159400885651372e-10	success	101.59145024432763	0	0	0	0	-1.9317157988708744e-11	38.832122232913996	235.63309698608171	9.9546885179470909e-10	success	101.91709915397858	101.91709915397858	0.94999999999999996	0.011932270989735165	783.17171653489572	0	0.018286554368820734	0.10000000000000001	0.57725392289546806	0.57525634936667613	0.0014632851459069731	0	0.00065914864215654129	0.0041774637741722855	2.5164708622019753e-17	5.1331197864544633e-06	0.007250635063721954	3.1140625785561089e-22	0	0.0013260294106133882	1.7194646710375903e-08	0.001326046361143986	0-(0)->1	nan	nan	nan	nan	nan	nan	nan	nan	nan	nan	nan	nan	nan	nan	nan	nan	nan	nan	nan	nan	nan	nan	nan	nan	nan	nan	nan	nan	nan	nan	nan	nan	nan	nan	nan	nan	nan	nan	nan	nan	nan	nan	nan	nan	nan	nan	nan	nan	nan	nan	nan	nan	nan	nan	nan	nan	nan	nan	nan	nan	nan	nan	nan	nan	nan	nan	nan	nan	nan	nan	nan	nan	nan	nan	nan	nan	nan	nan	nan	nan	nan	nan	nan	nan	nan	nan	nan	nan	nan	nan	nan	nan	nan	nan	nan	nan	nan	nan	nan	nan	nan	nan	nan	nan	nan	nan	nan	nan	nan	nan	nan	nan	nan	nan	nan	nan	nan	nan	nan	nan	nan	nan	nan	nan	nan	nan	nan	nan	nan	nan	nan	nan	nan	nan	nan	nan	nan	nan	nan	nan	nan	nan	nan	nan	nan	nan	nan	nan	single_step	1.326046361143986e-03	typeI_mH125-220/async_mcmc_20260903_212216.md
1.676830000000000e+02	3.872770000000000e+02	3.844150000000000e+02	3.086560000000000e+03	9.994990000000000e-01	6.755760000000000e+00	1.139611986819575e-11	-1.094324299135410e+01	success	0	0	0	true	2.584685261644507e-01	true	1.885044726906474e+01	true	3.306646790000000e-04	3.472597510000000e-09	9.312576071275411e-01	6.071907945304498e-03	true	4.211759639455738e-01	8.035822028086795e+01	2.494272910745746e+00	2.314979574773490e-01	true	true	7.708899137849659e-01	6.789424048292322e-01	6.789424048292322e-01	2.831760338805473e-03	1.261195763310736e+00	7.880174844665165e-01	7.880174844665165e-01	1.872853487640399e-03	ATLAS:2014vuz	ATLAS:2020gxx	ATLAS:2020gxx	ATLAS:2021upq	LHC8 [HW;HZ]>[bb]	LHC13 [ggH]->X1->Z(X2->[bb])	LHC13 [ggH]->X1->Z(X2->[bb])	LHC13 [Hpmtb>tb]	4.976738876583880e+00	true	all checks passed	1	5.472187981344798e+00	2.589302865273093e-01	4.368838819259687e+00	-2.053297852745000e+00	-2.126289541025784e+00	3.086560000000000e+03	6.755760000000000e+00	14580.402013419591	4705.0581092898765	18.85826945310113	-0.29275430494597693	-0.18699379757540857	-0.34511059941171635	0	0.0020964396708551382	0	0	0	success	non_bfb	success	success	230.261	success	193.94247364134119	-3.1745531684169912e-09	4.2772501420783695e-07	4.3095331088198832e-07	-1.3533987722835783e-08	-4.3891230298191546e-09	43.143973833463313	150.06948347790811	1.5200226116983566e-09	success	success	190.48628995262013	-3.1745531684169912e-09	4.2772501420783695e-07	4.3095331088198832e-07	-1.3533987722835783e-08	2.3223654177289198e-09	44.587315422426727	161.55198491675691	-1.1625467835932672e-09	success	190.60315260866247	-3.1745531684169912e-09	4.2772501420783695e-07	4.3095331088198832e-07	-1.3533987722835783e-08	-4.9242080548671184e-09	44.552197768280479	161.21807620613578	5.0124848930186911e-09	success	190.04679022673008	-3.1745531684169912e-09	4.2772501420783695e-07	4.3095331088198832e-07	-1.3533987722835783e-08	1.0763751113776204e-09	44.713218143796119	162.78256608051916	-1.546820987425521e-09	success	189.99382453650509	-3.1745531684169912e-09	4.2772501420783695e-07	4.3095331088198832e-07	-1.3533987722835783e-08	-7.6754287640040646e-09	44.727760636836734	162.92828301847788	3.2865264874708793e-09	success	190.04679022673008	190.04679022673008	0.94999999999999996	0.00061845201091538884	9086.7102904580624	0	0.00098156937885998229	0.10000000000000001	0.57751660482759026	0.57715024016269267	0.031762908921147665	0	0.014166830405229376	0.090240697022578933	2.2495730466243642e-23	5.8519177125860542e-06	0.15583513445752314	1.8556050824289793e-29	0	1.1396068482573118e-11	7.0074634604581661e-17	1.1396119868195752e-11	0-(0)->1	nan	nan	nan	nan	nan	nan	nan	nan	nan	nan	nan	nan	nan	nan	nan	nan	nan	nan	nan	nan	nan	nan	nan	nan	nan	nan	nan	nan	nan	nan	nan	nan	nan	nan	nan	nan	nan	nan	nan	nan	nan	nan	nan	nan	nan	nan	nan	nan	nan	nan	nan	nan	nan	nan	nan	nan	nan	nan	nan	nan	nan	nan	nan	nan	nan	nan	nan	nan	nan	nan	nan	nan	nan	nan	nan	nan	nan	nan	nan	nan	nan	nan	nan	nan	nan	nan	nan	nan	nan	nan	nan	nan	nan	nan	nan	nan	nan	nan	nan	nan	nan	nan	nan	nan	nan	nan	nan	nan	nan	nan	nan	nan	nan	nan	nan	nan	nan	nan	nan	nan	nan	nan	nan	nan	nan	nan	nan	nan	nan	nan	nan	nan	nan	nan	nan	nan	nan	nan	nan	nan	nan	nan	nan	nan	nan	nan	nan	nan	single_step	1.139611986819575e-11	typeI_mH125-220/random_20260824_004325.md
1.571400000000000e+02	3.348970000000000e+02	3.281620000000000e+02	1.677640000000000e+03	9.990740000000000e-01	1.405360000000000e+01	2.780842334190602e-16	-1.555582363369323e+01	success	0	0	0	true	2.571794506714422e-01	true	1.287259784729732e+01	true	3.319604520000000e-04	3.455870010000000e-09	8.042830915354708e-01	4.097148323436306e-04	true	1.193769387952433e+00	8.035370771304065e+01	2.494047792096548e+00	2.315245046972229e-01	true	true	7.696590702290378e-01	5.059604590107358e-02	5.059604590107358e-02	2.984336012470538e-04	1.259182071536753e+00	4.436763442429999e-02	4.436763442429999e-02	1.846863773933136e-04	ATLAS:2014vuz	ATLAS:2020gxx	ATLAS:2020gxx	ATLAS:2021upq	LHC8 [HW;HZ]>[bb]	LHC13 [ggH]->X1->Z(X2->[bb])	LHC13 [ggH]->X1->Z(X2->[bb])	LHC13 [Hpmtb>tb]	4.521152830318840e+00	true	all checks passed	1	3.637697429839286e+00	2.576389080693084e-01	3.108270833070466e+00	-1.314170466981083e+00	-1.461757960040770e+00	1.677640000000000e+03	1.405360000000000e+01	8243.6256287475517	2034.4434989866545	52.981786665893956	-3.0666294960210028	-0.077136003323340613	-0.081986487610650388	0	-0.0015203213394932216	0	0	0	success	ew_sym_res	success	success	211.114	success	156.66620035834799	8.2902312607434012e-07	7.5321931845928422e-08	8.32706042203931e-07	8.2902312227160942e-07	5.1703947125283661e-08	7.6710496888432589	83.661871715529244	2.1116607023595357e-08	success	success	156.46281001686799	8.2902312607434012e-07	7.5321931845928422e-08	8.32706042203931e-07	8.2902312227160942e-07	3.0281417465581111e-08	8.2668112220414667	90.005600597771718	-2.3698967653171119e-08	success	156.47026349742086	8.2902312607434012e-07	7.5321931845928422e-08	8.32706042203931e-07	8.2902312227160942e-07	-2.3711911348952447e-08	8.2482839650328064	89.808229131521145	2.4634614757009837e-08	success	156.42501962428923	8.2902312607434012e-07	7.5321931845928422e-08	8.32706042203931e-07	8.2902312227160942e-07	-2.597399128890904e-08	8.3580071962558762	90.977263863594587	2.0690308622030855e-08	success	156.42148849359276	8.2902312607434012e-07	7.5321931845928422e-08	8.32706042203931e-07	8.2902312227160942e-07	3.2925220301140498e-08	8.3663068165101304	91.06570698275776	-2.0789681437697913e-08	success	156.42501962428923	156.42501962428923	0.94999999999999996	0.00064429475083541403	112052.53097952891	0	0.0010220603390952499	0.10000000000000001	0.57747752786090556	0.57709254630609763	0.32225687795315178	0	0.14397461004041112	0.91695592420808625	3.310942711478446e-25	6.1940239342621561e-05	1.5837207104445223	1.4321756637235918e-31	0	2.7805592342919445e-16	5.3270628734842075e-20	2.7808423341906023e-16	0-(0)->1	nan	nan	nan	nan	nan	nan	nan	nan	nan	nan	nan	nan	nan	nan	nan	nan	nan	nan	nan	nan	nan	nan	nan	nan	nan	nan	nan	nan	nan	nan	nan	nan	nan	nan	nan	nan	nan	nan	nan	nan	nan	nan	nan	nan	nan	nan	nan	nan	nan	nan	nan	nan	nan	nan	nan	nan	nan	nan	nan	nan	nan	nan	nan	nan	nan	nan	nan	nan	nan	nan	nan	nan	nan	nan	nan	nan	nan	nan	nan	nan	nan	nan	nan	nan	nan	nan	nan	nan	nan	nan	nan	nan	nan	nan	nan	nan	nan	nan	nan	nan	nan	nan	nan	nan	nan	nan	nan	nan	nan	nan	nan	nan	nan	nan	nan	nan	nan	nan	nan	nan	nan	nan	nan	nan	nan	nan	nan	nan	nan	nan	nan	nan	nan	nan	nan	nan	nan	nan	nan	nan	nan	nan	nan	nan	nan	nan	nan	nan	single_step	2.780842334190602e-16	typeI_mH125-220/random_20260825_011947.md
1.790730000000000e+02	4.597130000000000e+02	4.648170000000000e+02	2.221180000000000e+03	9.997050000000000e-01	1.397240000000000e+01	1.502255264946373e-04	-3.823256265242398e+00	success	0	0	0	true	2.570260365632580e-01	true	1.592600758557028e+01	true	3.320957240000000e-04	3.454050670000000e-09	7.915638423384396e-01	1.951002074780112e-04	true	2.256117066928324e+00	8.037439627141448e+01	2.495203953968971e+00	2.314088496961744e-01	true	true	7.701697206293451e-01	1.850633257030967e-02	1.850633257030967e-02	0.000000000000000e+00	1.260017508750140e+00	2.338354783224116e-02	2.338354783224116e-02	0.000000000000000e+00	ATLAS:2014vuz	ATLAS:2020gxx	ATLAS:2020gxx		LHC8 [HW;HZ]>[bb]	LHC13 [ggH]->X1->Z(X2->[bb])	LHC13 [ggH]->X1->Z(X2->[bb])		4.436427338118591e+00	true	all checks passed	1	3.227620975054860e+00	2.574852198830562e-01	6.445277334296478e+00	-3.132716307529708e+00	-2.976764125627401e+00	2.221180000000000e+03	1.397240000000000e+01	17311.240150812391	10454.191767406126	-44.536484053457009	3.0061736099513645	-0.51239377697748767	-0.70224511433998626	0	-0.016362439755123807	0	-1.1641532182693481e-09	0	success	non_bfb	success	success	349.60700000000003	success	151.64592140289619	0	0	0	0	-1.3350192130627387e-08	19.491588182968083	228.23964711448292	-2.6643994875652005e-09	success	success	123.72740035288285	0	0	0	0	1.0387452616829292e-08	19.050263298481344	240.92687692712965	-4.7894508257515011e-09	success	125.10653570861118	0	0	0	0	3.2805955889313538e-09	19.079284144501472	240.52702901400667	-1.4547092047216425e-08	success	121.68358012610662	0	0	0	0	1.9312937013001929e-09	19.007032804628807	241.4904444531027	-8.2349034016436339e-09	success	121.23120068613372	0	0	0	0	-6.3920514287667544e-10	18.997437822172508	241.61063936018766	1.1627817150902674e-08	success	121.68358301852302	121.68358301852302	0.94999999999999996	0.0060549976977087036	670.49383974892623	0	0.0094814006801009539	0.10000000000000001	0.57764825896132577	0.57666872651662715	0.0014983255749084626	0	0.00067753602659022174	0.0043102418078656991	2.8681057563767799e-18	2.7143199469625993e-06	0.0074528962924924396	2.9425345864518596e-23	0	0.00015022394115788755	1.6059384575508809e-09	0.00015022552649463728	0-(0)->1	nan	nan	nan	nan	nan	nan	nan	nan	nan	nan	nan	nan	nan	nan	nan	nan	nan	nan	nan	nan	nan	nan	nan	nan	nan	nan	nan	nan	nan	nan	nan	nan	nan	nan	nan	nan	nan	nan	nan	nan	nan	nan	nan	nan	nan	nan	nan	nan	nan	nan	nan	nan	nan	nan	nan	nan	nan	nan	nan	nan	nan	nan	nan	nan	nan	nan	nan	nan	nan	nan	nan	nan	nan	nan	nan	nan	nan	nan	nan	nan	nan	nan	nan	nan	nan	nan	nan	nan	nan	nan	nan	nan	nan	nan	nan	nan	nan	nan	nan	nan	nan	nan	nan	nan	nan	nan	nan	nan	nan	nan	nan	nan	nan	nan	nan	nan	nan	nan	nan	nan	nan	nan	nan	nan	nan	nan	nan	nan	nan	nan	nan	nan	nan	nan	nan	nan	nan	nan	nan	nan	nan	nan	nan	nan	nan	nan	nan	nan	single_step	1.502255264946373e-04	typeI_mH125-220/random_20260825_210947.md
1.678520000000000e+02	2.625450000000000e+02	2.852650000000000e+02	3.670500000000000e+03	9.995920000000000e-01	3.685420000000000e+00	4.684771117142531e-20	-1.932931162249023e+01	success	0	0	0	true	2.712633716025655e-01	true	1.107618861772283e+01	true	3.200218260000000e-04	3.205060520000000e-09	2.326134538432904e+00	7.133810804122519e-01	true	6.555389613106643e+00	8.038401319061397e+01	2.495621990421313e+00	2.313637419494711e-01	true	true	7.750550202340597e-01	1.417765308429636e-01	5.724968823191927e-02	1.174464826784943e-01	3.899031576886285e+00	3.837092033928710e-01	7.594522087604991e-02	8.308246190027913e-02	CMS:2012qwq	CMS:2013cul	CMS:2019qcx	ATLAS:2021upq	LHC8 [vbfH;HW;Htt;H;HZ]>[bb;tautau;WW;ZZ;gamgam]	LHC8 [H>WW]	LHC13 [ggH]->X1->Z(X2->[bb])	LHC13 [Hpmtb>tb]	5.555025014493879e+00	true	all checks passed	1	3.363564968327079e+00	2.717479902706881e-01	2.262598171665058e+00	-1.310382009720713e+00	-8.990447369333511e-01	3.670500000000000e+03	3.685420000000000e+00	5398.66128813659	474.47131946655566	161.31141247515194	-0.074726299157694326	-0.037520326480719381	-0.0083007067857638842	0	0.0054854121314863976	0	0	0	success	ew_sym_res	success	success	233.089	success	153.6453786649738	-1.9467692631776564e-09	-5.8584892754588192e-08	-1.0723286688056445e-08	-1.9467692631772329e-09	6.4713145836277737e-09	16.123743188513938	48.080910895178086	3.0068144008934366e-09	success	success	153.59180177813818	-1.9467692631776564e-09	-5.8584892754588192e-08	-1.0723286688056445e-08	-1.9467692631772329e-09	4.1068108235994712e-09	17.245592337276449	51.393077038617136	-1.2539060993767205e-09	success	153.59375605708641	-1.9467692631776564e-09	-5.8584892754588192e-08	-1.0723286688056445e-08	-1.9467692631772329e-09	-1.3180066979775664e-09	17.209557306875755	51.286703354968779	8.9623017830912898e-10	success	153.5800537599971	-1.9467692631776564e-09	-5.8584892754588192e-08	-1.0723286688056445e-08	-1.9467692631772329e-09	-1.3223934290212321e-09	17.456126966744876	52.014556199494436	-2.5461464330943449e-09	success	153.57905487685525	-1.9467692631776564e-09	-5.8584892754588192e-08	-1.0723286688056445e-08	-1.9467692631772329e-09	1.4992415243555959e-09	17.473560826274429	52.066019017679324	2.1026300428247655e-09	success	153.58005377710126	153.58005377710126	0.94999999999999996	0.00027285721958765643	388078.63829157571	0	0.000433704668701295	0.10000000000000001	0.57742062053954724	0.57725720154892302	1.0957154881582867	0	0.49064964000555222	3.1262653493388224	2.1564756124613778e-27	8.9500050688030806e-05	5.3971460400610738	3.8418610249619721e-34	0	4.6825854002614746e-20	4.1932439678126317e-23	4.6847711171425311e-20	0-(0)->1	nan	nan	nan	nan	nan	nan	nan	nan	nan	nan	nan	nan	nan	nan	nan	nan	nan	nan	nan	nan	nan	nan	nan	nan	nan	nan	nan	nan	nan	nan	nan	nan	nan	nan	nan	nan	nan	nan	nan	nan	nan	nan	nan	nan	nan	nan	nan	nan	nan	nan	nan	nan	nan	nan	nan	nan	nan	nan	nan	nan	nan	nan	nan	nan	nan	nan	nan	nan	nan	nan	nan	nan	nan	nan	nan	nan	nan	nan	nan	nan	nan	nan	nan	nan	nan	nan	nan	nan	nan	nan	nan	nan	nan	nan	nan	nan	nan	nan	nan	nan	nan	nan	nan	nan	nan	nan	nan	nan	nan	nan	nan	nan	nan	nan	nan	nan	nan	nan	nan	nan	nan	nan	nan	nan	nan	nan	nan	nan	nan	nan	nan	nan	nan	nan	nan	nan	nan	nan	nan	nan	nan	nan	nan	nan	nan	nan	nan	nan	single_step	4.684771117142531e-20	typeI_mH125-220/random_20260823_011757.md
1.963450000000000e+02	3.145560000000000e+02	3.332280000000000e+02	5.722440000000000e+03	9.991880000000000e-01	6.266450000000000e+00	1.100954352262776e-20	-1.995823068736010e+01	success	0	0	0	true	2.542221587799833e-01	true	7.321003872757663e+00	true	3.254864970000000e-04	3.137691380000000e-09	1.531536906734098e+00	1.159770203642144e+00	true	5.786786222818504e+00	8.038258370387786e+01	2.495650841142200e+00	2.313727633092017e-01	true	true	7.726767081237850e-01	2.603260033498891e-01	1.170728855962028e-01	1.345133544029787e-02	3.887067117879424e+00	2.062394155998464e-01	1.279616441590135e-01	8.319521059989426e-03	CMS:2012qwq	CMS:2018amk	ATLAS:2020gxx	ATLAS:2021upq	LHC8 [vbfH;HW;Htt;H;HZ]>[bb;tautau;WW;ZZ;gamgam]	LHC13 [vbfH;H]>[ZZ]	LHC13 [ggH]->X1->Z(X2->[bb])	LHC13 [Hpmtb>tb]	4.242272095953069e+00	true	all checks passed	1	1.580051280764858e+00	2.546763329033357e-01	2.777674605489457e+00	-1.427122608928218e+00	-1.027379636887765e+00	5.722440000000000e+03	6.266450000000000e+00	4342.8486601019931	1302.2812771618185	33.06015267778141	-0.38417526268282415	-0.060974038820358824	-0.041991969658699731	0	0.0014493569358755888	0	0	0	success	ew_sym_res	success	success	207.70400000000001	success	148.37109119177779	-2.3414944903708833e-09	-9.0475980257755437e-11	3.2317800727387585e-09	-1.1707472863048744e-09	-3.9108437453307359e-09	8.415092650098055	44.677045234431326	4.8202870124142232e-09	success	success	148.33421909712092	-2.3414944903708833e-09	-9.0475980257755437e-11	3.2317800727387585e-09	-1.1707472863048744e-09	6.1449031127119308e-09	8.9833706804630626	47.708926584861175	-2.8149784842972057e-09	success	148.33557928354435	-2.3414944903708833e-09	-9.0475980257755437e-11	3.2317800727387585e-09	-1.1707472863048744e-09	1.0100414933442468e-08	8.9648231488288417	47.609914277214109	-3.8568146883841259e-09	success	148.32584330753238	-2.3414944903708833e-09	-9.0475980257755437e-11	3.2317800727387585e-09	-1.1707472863048744e-09	-4.8338944243000376e-09	9.0944603469844552	48.30204163996725	6.0562221637795637e-09	success	148.32514539887194	-2.3414944903708833e-09	-9.0475980257755437e-11	3.2317800727387585e-09	-1.1707472863048744e-09	2.6124522412203917e-09	9.1035027264026631	48.350325862104853	-1.5830177507595618e-09	success	148.32584373848101	148.32584373848101	0.94999999999999996	0.00027702147797739775	536052.78535488527	0	0.00043947897388653607	0.10000000000000001	0.57718091216752865	0.57702131338020191	1.4615230333910609	0	0.6546202217192657	4.1683964321749256	1.200880116386669e-27	0.00012111594113682648	7.2008224389119233	2.1306405529362626e-34	0	1.1000463528098369e-20	1.7430109179346922e-23	1.1009543522627764e-20	0-(0)->1	nan	nan	nan	nan	nan	nan	nan	nan	nan	nan	nan	nan	nan	nan	nan	nan	nan	nan	nan	nan	nan	nan	nan	nan	nan	nan	nan	nan	nan	nan	nan	nan	nan	nan	nan	nan	nan	nan	nan	nan	nan	nan	nan	nan	nan	nan	nan	nan	nan	nan	nan	nan	nan	nan	nan	nan	nan	nan	nan	nan	nan	nan	nan	nan	nan	nan	nan	nan	nan	nan	nan	nan	nan	nan	nan	nan	nan	nan	nan	nan	nan	nan	nan	nan	nan	nan	nan	nan	nan	nan	nan	nan	nan	nan	nan	nan	nan	nan	nan	nan	nan	nan	nan	nan	nan	nan	nan	nan	nan	nan	nan	nan	nan	nan	nan	nan	nan	nan	nan	nan	nan	nan	nan	nan	nan	nan	nan	nan	nan	nan	nan	nan	nan	nan	nan	nan	nan	nan	nan	nan	nan	nan	nan	nan	nan	nan	nan	nan	single_step	1.100954352262776e-20	typeI_mH125-220/random_20260823_011757.md
2.198180000000000e+02	4.796500000000000e+02	4.834590000000000e+02	6.253990000000000e+03	9.996610000000000e-01	7.127990000000000e+00	5.706576508082610e-05	-4.243624355771903e+00	success	0	0	0	true	2.550855071288435e-01	true	1.525174525727699e+01	true	3.265937110000000e-04	3.124093570000000e-09	1.390697470225823e+00	1.262960774260937e+00	true	1.156809842833669e+00	8.037058005195904e+01	2.494986922858713e+00	2.314324977224194e-01	true	true	7.697275079783625e-01	4.426358302401913e-01	1.272784264983515e-01	1.296434986776724e-03	3.872230720212988e+00	4.513557560959230e-01	1.232262776405705e-01	1.019747413934419e-03	CMS:2012qwq	ATLAS:2020tlo	ATLAS:2020gxx	ATLAS:2021upq	LHC8 [vbfH;HW;Htt;H;HZ]>[bb;tautau;WW;ZZ;gamgam]	LHC13 [ggH>ZZ]	LHC13 [ggH]->X1->Z(X2->[bb])	LHC13 [Hpmtb>tb]	4.344418297112526e+00	true	all checks passed	1	2.845146383820333e+00	2.555412236452012e-01	6.532241124690944e+00	-3.171811155615058e+00	-3.050571080891017e+00	6.253990000000000e+03	7.127990000000000e+00	15141.8241535161	10425.173063750339	-299.33037114837873	1.7887588979743696	-0.55981235786036543	-0.77376019366176607	0	-0.015924118156765719	0	0	0	success	non_bfb	success	success	223.74000000000001	success	149.33873288962428	0	0	0	0	5.9110752085091407e-09	34.897943216729864	223.24260677441049	1.3456183989764126e-09	success	success	127.36030546223861	0	0	0	0	2.4003345081687385e-09	35.374945866054588	235.44521277441842	4.9032266870347823e-09	success	128.35416881723182	0	0	0	0	-8.1992087238304753e-10	35.371280039217531	235.05639445045082	2.4227375298907532e-09	success	125.69321663691952	0	0	0	0	3.4918552144207182e-09	35.378813824767001	236.07257918524752	-2.4772857744274046e-09	success	125.36166731231143	0	0	0	0	3.0487399072569551e-09	35.379258514466954	236.19374508175969	-2.3733976572918119e-09	success	125.69320850388002	125.69320850388002	0.94999999999999996	0.0054531877502095013	951.58149235103622	0	0.0085515638929394133	0.10000000000000001	0.57777723971645445	0.57671969816842095	0.0021969385151687408	0	0.00098693454154636035	0.0062793818068390475	1.2995603090507937e-18	3.5645251607279458e-06	0.010856279957009966	9.7748042967800196e-24	0	5.7065334367503937e-05	4.3318942703063488e-10	5.7065765080826096e-05	0-(0)->1	nan	nan	nan	nan	nan	nan	nan	nan	nan	nan	nan	nan	nan	nan	nan	nan	nan	nan	nan	nan	nan	nan	nan	nan	nan	nan	nan	nan	nan	nan	nan	nan	nan	nan	nan	nan	nan	nan	nan	nan	nan	nan	nan	nan	nan	nan	nan	nan	nan	nan	nan	nan	nan	nan	nan	nan	nan	nan	nan	nan	nan	nan	nan	nan	nan	nan	nan	nan	nan	nan	nan	nan	nan	nan	nan	nan	nan	nan	nan	nan	nan	nan	nan	nan	nan	nan	nan	nan	nan	nan	nan	nan	nan	nan	nan	nan	nan	nan	nan	nan	nan	nan	nan	nan	nan	nan	nan	nan	nan	nan	nan	nan	nan	nan	nan	nan	nan	nan	nan	nan	nan	nan	nan	nan	nan	nan	nan	nan	nan	nan	nan	nan	nan	nan	nan	nan	nan	nan	nan	nan	nan	nan	nan	nan	nan	nan	nan	nan	single_step	5.706576508082610e-05	typeI_mH125-220/random_20260824_002709.md
2.209585354984833e+02	5.749313664226008e+02	2.087235032193816e+02	4.370513976186792e+03	9.877937088865621e-01	1.102956321894124e+01	6.520010937352695e-02	-1.185751675736187e+00	success	0	0	0	true	2.556648614367328e-01	true	2.462199186150504e+01	true	3.313163790000000e-04	3.464554180000000e-09	8.662339381485911e-01	2.518717663167703e-03	true	1.680781048658102e+00	8.037377718169867e+01	2.495545328813980e+00	2.315154550869716e-01	true	true	7.653738430144510e-01	3.751529616701839e-01	5.928923415727483e-03	1.666597223234212e-02	3.850328949724039e+00	2.936043995158190e-01	6.364976016829561e-03	1.831814889158029e-02	CMS:2012qwq	ATLAS:2020tlo	ATLAS:2022enb	ATLAS:2021upq	LHC8 [vbfH;HW;Htt;H;HZ]>[bb;tautau;WW;ZZ;gamgam]	LHC13 [vbfH>ZZ]	LHC13 [H]->X1->Z(X2->[bb])	LHC13 [Hpmtb>tb]	6.038091991500750e+00	true	all checks passed	1	9.596176710458141e-01	2.561216129837746e-01	1.038058730512754e+00	4.825437722195262e+00	-4.659015159700028e+00	4.370513976186792e+03	1.102956321894124e+01	8826.9399787156581	9763.1360510995728	-123.01231219117841	4.809601122721431	-0.6126732742133989	-0.51034016640194757	0	-0.077469327052026082	0	0	0	success	ew_sym_res	success	success	529.90099999999995	success	104.02256376771606	1.3842961753850923e-08	3.8595527515512208e-08	-6.9637923450533188e-09	1.3844126997585386e-08	1.1771550570348831e-08	23.152375564362139	220.65854129010515	-8.0504209054374754e-10	success	success	79.529046229687538	1.3842961753850923e-08	3.8595527515512208e-08	-6.9637923450533188e-09	1.3844126997585386e-08	-3.1203347764931135e-08	22.570175474855141	237.72224401565424	3.989381694004223e-09	success	80.887148124817273	1.3842961753850923e-08	3.8595527515512208e-08	-6.9637923450533188e-09	1.3844126997585386e-08	-3.939100007603671e-09	22.593955093728809	237.12157109992069	5.2078510044418853e-09	success	78.229038793593901	1.3842961753850923e-08	3.8595527515512208e-08	-6.9637923450533188e-09	1.3844126997585386e-08	1.6389336887676556e-08	22.548341454729961	238.26848756122627	2.1637971948978262e-09	success	77.873428531973587	1.3842961753850923e-08	3.8595527515512208e-08	-6.9637923450533188e-09	1.3844126997585386e-08	4.3531813186775231e-08	22.542525508783104	238.41314845833034	-1.1009847716266532e-09	success	78.229041397689642	78.229041397689642	0.94999999999999996	0.035540420351494482	549.39938157531947	0	0.050670293340959183	0.10000000000000001	0.57889573524247628	0.57106081311978907	0.00078537646477290686	0	0.00035402878395411033	0.0022188741386538337	1.4858836488653245e-15	7.8295950454175458e-06	0.0038943166234952139	4.136848163790168e-20	0	0.065197752945726578	2.5104579855341655e-06	0.065200109373526952	0-(0)->1	nan	nan	nan	nan	nan	nan	nan	nan	nan	nan	nan	nan	nan	nan	nan	nan	nan	nan	nan	nan	nan	nan	nan	nan	nan	nan	nan	nan	nan	nan	nan	nan	nan	nan	nan	nan	nan	nan	nan	nan	nan	nan	nan	nan	nan	nan	nan	nan	nan	nan	nan	nan	nan	nan	nan	nan	nan	nan	nan	nan	nan	nan	nan	nan	nan	nan	nan	nan	nan	nan	nan	nan	nan	nan	nan	nan	nan	nan	nan	nan	nan	nan	nan	nan	nan	nan	nan	nan	nan	nan	nan	nan	nan	nan	nan	nan	nan	nan	nan	nan	nan	nan	nan	nan	nan	nan	nan	nan	nan	nan	nan	nan	nan	nan	nan	nan	nan	nan	nan	nan	nan	nan	nan	nan	nan	nan	nan	nan	nan	nan	nan	nan	nan	nan	nan	nan	nan	nan	nan	nan	nan	nan	nan	nan	nan	nan	nan	nan	single_step	6.520010937352695e-02	typeI_mH220-500/random_20260825_014923.md
2.523255774801846e+02	5.470473037088367e+02	2.405153454838022e+02	1.360863188204022e+04	9.898792292356039e-01	4.518280842189496e+00	8.630770549431948e-08	-7.063950429032482e+00	success	0	0	0	true	2.229648674899299e-01	true	2.036320370632701e+01	true	3.264543940000000e-04	3.529047280000000e-09	1.408045290601765e+00	7.429812693696064e-02	true	1.035717274236635e+00	8.037048038337966e+01	2.495222561532817e+00	2.315171379029016e-01	true	true	5.557310135644115e-01	9.953013847913042e-02	3.254072633533699e-02	7.488732886094492e-02	3.293220821122439e+00	1.875123130898817e-01	4.373177272070485e-02	1.174153679210194e-01	CMS:2013fjq	ATLAS:2020tlo	ATLAS:2022enb	CMS:2020imj	LHC8 [vbfH;HW;Htt;H;HZ]>[ZZ]	LHC13 [vbfH>ZZ]	LHC13 [H]->X1->Z(X2->[bb])	LHC13 [Hpmtb>tb]	5.665438059095294e+00	true	all checks passed	1	6.751235412047477e-01	2.233631996955747e-01	5.632800870563284e-01	4.099164108955895e+00	-3.879324921446495e+00	1.360863188204022e+04	4.518280842189496e+00	6465.9284591617525	5540.8124152309683	12.441155184751095	0.031087521253157953	-0.3909932342281725	-0.33602600093138529	0	-0.027643293823150176	0	-1.6298145055770874e-09	0	success	ew_sym_res	success	success	574.70000000000005	success	127.66143196001312	3.7547407471077141e-08	5.4411608738514082e-08	4.2987466882826345e-08	3.7545635909269233e-08	4.0979434012245208e-10	43.46519623797235	162.57357901793858	6.836024572124338e-10	success	success	124.60602501834245	3.7547407471077141e-08	5.4411608738514082e-08	4.2987466882826345e-08	3.7545635909269233e-08	-8.5031099897980304e-11	45.610748468371732	174.85057815392497	3.6496259636691098e-10	success	124.72765886667187	3.7547407471077141e-08	5.4411608738514082e-08	4.2987466882826345e-08	3.7545635909269233e-08	-9.1085629020695678e-10	45.543302245662012	174.44373127632147	-4.5484748551654751e-10	success	124.2758602862118	3.7547407471077141e-08	5.4411608738514082e-08	4.2987466882826345e-08	3.7545635909269233e-08	6.8537917806371146e-10	45.788521348648686	175.93031329946365	-7.1635920467016759e-11	success	124.23225164789994	3.7547407471077141e-08	5.4411608738514082e-08	4.2987466882826345e-08	3.7545635909269233e-08	-4.0682856995072528e-10	45.811444942582249	176.0703350745805	1.3793554315178357e-09	success	124.2758602862118	124.2758602862118	0.94999999999999996	0.0052283053831607374	7231.38394527736	0	0.0080602116801376938	0.10000000000000001	0.57679608778473024	0.57455572166276536	0.016505995320862228	0	0.0073440111230191037	0.046457030839349885	3.7715977998776857e-20	2.521743639457892e-05	0.080784122353210142	1.4098897041718268e-25	0	8.6306839960523191e-08	1.0239538685142365e-12	8.6307705494319478e-08	0-(0)->1	nan	nan	nan	nan	nan	nan	nan	nan	nan	nan	nan	nan	nan	nan	nan	nan	nan	nan	nan	nan	nan	nan	nan	nan	nan	nan	nan	nan	nan	nan	nan	nan	nan	nan	nan	nan	nan	nan	nan	nan	nan	nan	nan	nan	nan	nan	nan	nan	nan	nan	nan	nan	nan	nan	nan	nan	nan	nan	nan	nan	nan	nan	nan	nan	nan	nan	nan	nan	nan	nan	nan	nan	nan	nan	nan	nan	nan	nan	nan	nan	nan	nan	nan	nan	nan	nan	nan	nan	nan	nan	nan	nan	nan	nan	nan	nan	nan	nan	nan	nan	nan	nan	nan	nan	nan	nan	nan	nan	nan	nan	nan	nan	nan	nan	nan	nan	nan	nan	nan	nan	nan	nan	nan	nan	nan	nan	nan	nan	nan	nan	nan	nan	nan	nan	nan	nan	nan	nan	nan	nan	nan	nan	nan	nan	nan	nan	nan	nan	single_step	8.630770549431948e-08	typeI_mH220-500/random_20260902_020759.md
2.240833720605147e+02	4.234176227951966e+02	2.181302336501674e+02	4.976163703629075e+03	9.876317341968123e-01	9.909670291311500e+00	8.814800378023969e-15	-1.405478751838500e+01	success	0	0	0	true	2.538549070352228e-01	true	1.189742785579965e+01	true	3.310928420000000e-04	3.467466850000000e-09	8.882723203240022e-01	3.627715207164165e-03	true	6.323137213741740e-01	8.035733623203153e+01	2.494503361999008e+00	2.315736684029407e-01	true	true	7.673709553143259e-01	3.633794358296296e-01	3.484331064754113e-02	2.723102828326572e-02	3.860375725393524e+00	2.937961396069346e-01	2.213595814946411e-02	2.229549327845611e-02	CMS:2012qwq	ATLAS:2020tlo	ATLAS:2022enb	ATLAS:2021upq	LHC8 [vbfH;HW;Htt;H;HZ]>[bb;tautau;WW;ZZ;gamgam]	LHC13 [vbfH>ZZ]	LHC13 [H]->X1->Z(X2->[bb])	LHC13 [Hpmtb>tb]	5.975491725705467e+00	true	all checks passed	1	1.294149650559888e+00	2.543084250543236e-01	1.074031451308014e+00	2.213219306381375e+00	-2.139404279488769e+00	4.976163703629075e+03	9.909670291311500e+00	1289.8565217987802	2245.4614903890165	-257.84367029099366	4.6015773224324672	-0.11965557750003751	-0.039545753693468758	0	-0.093338957839619541	0	0	0	success	ew_sym_res	success	success	439.27300000000002	success	141.21285720812574	8.037998515194398e-10	-3.4212674740838361e-08	3.1285537234255823e-09	8.0410633436596393e-10	-2.5950720027793393e-10	18.560600303111247	88.065952191954864	-8.5922866097605365e-10	success	success	140.97180074180176	8.037998515194398e-10	-3.4212674740838361e-08	3.1285537234255823e-09	8.0410633436596393e-10	7.1287962050690026e-09	19.499617582925659	94.823849554998191	-1.2019515420571881e-09	success	140.98100011983706	8.037998515194398e-10	-3.4212674740838361e-08	3.1285537234255823e-09	8.0410633436596393e-10	-3.8275833499981388e-09	19.470442206083042	94.60488514311632	3.4490003126622356e-09	success	140.92959520487972	8.037998515194398e-10	-3.4212674740838361e-08	3.1285537234255823e-09	8.0410633436596393e-10	6.2844610278256874e-09	19.628712632351828	95.800327926362968	-6.8921093604795684e-10	success	140.9255287002137	8.037998515194398e-10	-3.4212674740838361e-08	3.1285537234255823e-09	8.0410633436596393e-10	-5.8202730596794892e-09	19.640762514749468	95.89211667954207	2.9783670094469425e-09	success	140.92959517952994	140.92959517952994	0.94999999999999996	0.0012187660783105588	87754.822576944731	0	0.0019225820219891444	0.10000000000000001	0.57720762167857298	0.57652856108863948	0.22727877414771547	0	0.10143375867138434	0.6450431056970708	3.7399324526875097e-24	8.2293761057625401e-05	1.1157713453852278	2.9619978812219616e-30	0	8.8139555049356062e-15	1.5637818919892046e-18	8.8148003780239692e-15	0-(0)->1	nan	nan	nan	nan	nan	nan	nan	nan	nan	nan	nan	nan	nan	nan	nan	nan	nan	nan	nan	nan	nan	nan	nan	nan	nan	nan	nan	nan	nan	nan	nan	nan	nan	nan	nan	nan	nan	nan	nan	nan	nan	nan	nan	nan	nan	nan	nan	nan	nan	nan	nan	nan	nan	nan	nan	nan	nan	nan	nan	nan	nan	nan	nan	nan	nan	nan	nan	nan	nan	nan	nan	nan	nan	nan	nan	nan	nan	nan	nan	nan	nan	nan	nan	nan	nan	nan	nan	nan	nan	nan	nan	nan	nan	nan	nan	nan	nan	nan	nan	nan	nan	nan	nan	nan	nan	nan	nan	nan	nan	nan	nan	nan	nan	nan	nan	nan	nan	nan	nan	nan	nan	nan	nan	nan	nan	nan	nan	nan	nan	nan	nan	nan	nan	nan	nan	nan	nan	nan	nan	nan	nan	nan	nan	nan	nan	nan	nan	nan	single_step	8.814800378023969e-15	typeI_mH220-500/random_20260902_020759.md
2.249800000000000e+02	5.829380000000000e+02	2.239310000000000e+02	7.856470000000000e+03	9.895190000000000e-01	6.202360000000000e+00	2.395949705411750e-03	-2.620522302681474e+00	success	0	0	0	true	2.431304407552595e-01	true	2.466800006831924e+01	true	3.290769720000000e-04	3.494212040000000e-09	1.099520899414917e+00	2.324262165233789e-02	true	4.405629732796346e+00	8.034579572058523e+01	2.493903425404089e+00	2.316561034269771e-01	true	true	7.618138737545502e-01	3.071379837229359e-01	1.705744804511840e-02	1.007584655710387e-01	1.246347127948785e+00	2.483243272653524e-01	1.759558430263604e-02	6.190901642240615e-02	ATLAS:2014vuz	ATLAS:2020tlo	ATLAS:2022enb	ATLAS:2021upq	LHC8 [HW;HZ]>[bb]	LHC13 [vbfH>ZZ]	LHC13 [H]->X1->Z(X2->[bb])	LHC13 [Hpmtb>tb]	5.445372598674197e+00	true	all checks passed	1	1.225853224739777e+00	2.435647992522537e-01	7.761218355380997e-01	4.784220239478246e+00	-4.789169247037717e+00	7.856470000000000e+03	6.202360000000000e+00	11321.555888363133	8976.7265516175776	103.83595161087239	-0.22159622613166999	-0.60564056545323797	-0.57639198887787624	0	-0.018928122225842087	0	-2.7939677238464355e-09	0	success	ew_sym_res	success	success	296.20400000000001	success	111.35252564272986	3.1714939207712947e-08	9.6901005512217784e-08	-3.455767020275812e-08	3.1714369098323562e-08	-2.3025831973592949e-09	37.967713752496827	209.37858992158937	7.7584841902836393e-10	success	success	96.00554075879954	-7.4307425294855489e-10	9.6855726520812808e-11	2.5950544661150328e-10	-2.7746098709573874e-10	-2.2999081727890281e-10	38.796068089892287	225.58992238436309	-3.6883417346752771e-10	success	96.835323397752035	-7.4307425294855489e-10	9.6855726520812808e-11	2.5950544661150328e-10	-2.7746098709573874e-10	1.9868212913422769e-09	38.770987976889451	224.95216783179126	-2.5000023581740859e-10	success	94.821903491007106	-7.4307425294855489e-10	9.6855726520812808e-11	2.5950544661150328e-10	-2.7746098709573874e-10	-3.8201524251419672e-09	38.829680511801371	226.47081506314058	-7.7408449424907018e-10	success	94.549146023072353	-7.4307425294855489e-10	9.6855726520812808e-11	2.5950544661150328e-10	-2.7746098709573874e-10	-1.1487148635072048e-09	38.837081797886796	226.66909645164176	-6.2688340999032974e-10	success	94.821408754527738	94.821408754527738	0.94999999999999996	0.015310479596793179	844.03885541214061	0	0.022892873919543026	0.10000000000000001	0.57836036049459616	0.57289276445306414	0.001465930413329554	0	0.00069056015655174856	0.0043491087341024342	4.5871480445163353e-17	6.8044480707507343e-06	0.007596161722069234	6.2948171906832267e-22	0	0.0023959160786673817	3.4068415106475854e-08	0.0023959497054117499	0-(0)->1	nan	nan	nan	nan	nan	nan	nan	nan	nan	nan	nan	nan	nan	nan	nan	nan	nan	nan	nan	nan	nan	nan	nan	nan	nan	nan	nan	nan	nan	nan	nan	nan	nan	nan	nan	nan	nan	nan	nan	nan	nan	nan	nan	nan	nan	nan	nan	nan	nan	nan	nan	nan	nan	nan	nan	nan	nan	nan	nan	nan	nan	nan	nan	nan	nan	nan	nan	nan	nan	nan	nan	nan	nan	nan	nan	nan	nan	nan	nan	nan	nan	nan	nan	nan	nan	nan	nan	nan	nan	nan	nan	nan	nan	nan	nan	nan	nan	nan	nan	nan	nan	nan	nan	nan	nan	nan	nan	nan	nan	nan	nan	nan	nan	nan	nan	nan	nan	nan	nan	nan	nan	nan	nan	nan	nan	nan	nan	nan	nan	nan	nan	nan	nan	nan	nan	nan	nan	nan	nan	nan	nan	nan	nan	nan	nan	nan	nan	nan	single_step	2.395949705411750e-03	typeI_mH220-500/random_20260826_184030.md
2.504900000000000e+02	4.920450000000000e+02	2.528100000000000e+02	1.120340000000000e+04	9.881810000000000e-01	5.580840000000000e+00	5.767158044681942e-12	-1.123903814690837e+01	success	0	0	0	true	1.034251627689674e-01	true	1.562582700945758e+01	true	3.286614270000000e-04	3.499474550000000e-09	1.145865794117260e+00	2.910500710704524e-02	true	6.043025068195480e+00	8.034210927077702e+01	2.493603210424178e+00	2.316530013968666e-01	true	true	7.611449806988769e-01	1.444150915956331e-01	3.010353768159384e-02	4.155368346133386e-02	1.245252801673609e+00	2.503785332483167e-01	5.428390645597825e-02	7.545658633231943e-02	ATLAS:2014vuz	ATLAS:2020tlo	ATLAS:2022enb	CMS:2020imj	LHC8 [HW;HZ]>[bb]	LHC13 [vbfH>ZZ]	LHC13 [H]->X1->Z(X2->[bb])	LHC13 [Hpmtb>tb]	6.000535110648769e+00	true	all checks passed	1	1.036099343595266e-01	2.326885194163430e-01	9.409732967552126e-01	2.954827620103002e+00	-2.934371465262852e+00	1.120340000000000e+04	5.580840000000000e+00	2866.1773866691979	3565.2011528519611	-104.65184854112738	0.49132092328528992	-0.22656869054008022	-0.14245998353939837	0	-0.040659523589203564	0	0	0	success	ew_sym_res	success	success	196.17699999999999	success	135.77181260373348	-9.2462615705782733e-10	4.4534389363470601e-09	-4.3795766299153616e-09	1.849249394169523e-09	-1.8795587005606044e-09	29.237065502413014	113.72132530294354	3.9024733626034774e-10	success	success	135.15386317807321	-9.2462615705782733e-10	4.4534389363470601e-09	-4.3795766299153616e-09	1.849249394169523e-09	-1.1295033020571317e-09	30.935111581808226	122.39927064061841	1.3160918154624377e-09	success	135.17761767365803	-9.2462615705782733e-10	4.4534389363470601e-09	-4.3795766299153616e-09	1.849249394169523e-09	4.9823695815780356e-10	30.881471360130565	122.1166703219464	-2.3749299415654417e-10	success	135.06243552193908	-9.2462615705782733e-10	4.4534389363470601e-09	-4.3795766299153616e-09	1.849249394169523e-09	-3.3652256969526321e-10	31.135500872010468	123.46028720892978	-4.0498198194887031e-10	success	135.0527485999333	-9.2462615705782733e-10	4.4534389363470601e-09	-4.3795766299153616e-09	1.849249394169523e-09	-8.0554160476798319e-10	31.156196172318644	123.57034387839437	9.1675306254194251e-10	success	135.06243552193908	135.06243552193908	0.94999999999999996	0.0023506503425453859	35350.640762214054	0	0.0036710721342427684	0.10000000000000001	0.57671046517624236	0.57553536605761213	0.087727651447964641	0	0.039085595964640264	0.24789601474168171	1.603254322054966e-22	6.081961143872991e-05	0.42994155561104297	2.4794256564104629e-28	0	5.7669552638940186e-12	3.3967670176869777e-16	5.7671580446819419e-12	0-(0)->1	nan	nan	nan	nan	nan	nan	nan	nan	nan	nan	nan	nan	nan	nan	nan	nan	nan	nan	nan	nan	nan	nan	nan	nan	nan	nan	nan	nan	nan	nan	nan	nan	nan	nan	nan	nan	nan	nan	nan	nan	nan	nan	nan	nan	nan	nan	nan	nan	nan	nan	nan	nan	nan	nan	nan	nan	nan	nan	nan	nan	nan	nan	nan	nan	nan	nan	nan	nan	nan	nan	nan	nan	nan	nan	nan	nan	nan	nan	nan	nan	nan	nan	nan	nan	nan	nan	nan	nan	nan	nan	nan	nan	nan	nan	nan	nan	nan	nan	nan	nan	nan	nan	nan	nan	nan	nan	nan	nan	nan	nan	nan	nan	nan	nan	nan	nan	nan	nan	nan	nan	nan	nan	nan	nan	nan	nan	nan	nan	nan	nan	nan	nan	nan	nan	nan	nan	nan	nan	nan	nan	nan	nan	nan	nan	nan	nan	nan	nan	single_step	5.767158044681942e-12	typeI_mH220-500/random_20260902_194953.md
2.875600000000000e+02	5.356890000000000e+02	2.744960000000000e+02	1.315170000000000e+04	9.892460000000000e-01	5.920500000000000e+00	1.238883853887148e-10	-9.906969407086647e+00	success	0	0	0	true	2.278812093185466e-01	true	1.840126502202722e+01	true	3.293003390000000e-04	3.490863540000000e-09	1.075004552672916e+00	1.985527825602404e-02	true	9.578999956494407e-01	8.037054260010744e+01	2.495235097068533e+00	2.315054874843950e-01	true	true	7.618550498816828e-01	1.407079259711891e-01	2.553523679574123e-02	8.554541387270805e-02	1.246414493153804e+00	1.713491070183372e-01	3.934579755421507e-02	6.440258803251925e-02	ATLAS:2014vuz	ATLAS:2020tlo	ATLAS:2022enb	ATLAS:2021upq	LHC8 [HW;HZ]>[bb]	LHC13 [vbfH>ZZ]	LHC13 [H]->X1->Z(X2->[bb])	LHC13 [Hpmtb>tb]	5.296609432996775e+00	true	all checks passed	1	2.858300299480060e+00	2.282883246894782e-01	1.028241977975794e+00	3.575130872300065e+00	-3.418545203613743e+00	1.315170000000000e+04	5.920500000000000e+00	18050.780234281086	5411.9386154083313	1496.8311387268241	-5.0505994441535229	-0.3451188571714337	-0.50528931397854537	0	0.26622436060039661	0	1.1641532182693481e-09	0	success	ew_sym_res	success	success	285.12700000000001	true_lower	400	9.2482653467277617e-08	4.1308809408559916e-07	2.1048579537460643e-07	8.7005828848879204e-08	-3.5715219376840159e-09	1705.2581101469552	7.201886564117161	-3.5204221840088939e-10	failure	nan	nan	nan	nan	nan	nan	nan	nan	nan	nan	nan	nan	nan	nan	nan	nan	nan	nan	nan	nan	nan	nan	nan	nan	nan	nan	nan	nan	nan	nan	nan	nan	nan	nan	nan	nan	nan	nan	nan	nan	not_set	nan	nan	nan	nan	nan	nan	nan	nan	nan	nan	nan	nan	nan	nan	nan	nan	nan	nan	nan	nan	nan	nan	0-(1)->2	success	147.85011686802716	4.0989046172984065e-09	2.8814629005465759e-09	6.7483705552379791e-09	6.4535625684353393e-09	1.9576211545105241e-09	32.099355627666448	139.49941262978598	2.9352171710501597e-10	success	success	146.32428946920351	4.0989046172984065e-09	2.8814629005465759e-09	6.7483705552379791e-09	6.4535625684353393e-09	2.1528144466594132e-09	33.693950072390848	149.53341945692608	1.2913385961326994e-09	success	146.38109770394959	4.0989046172984065e-09	2.8814629005465759e-09	6.7483705552379791e-09	6.4535625684353393e-09	-5.2015842577540124e-09	33.645870271309583	149.21667864687981	-8.9370142233412134e-11	success	146.12473707804617	4.0989046172984065e-09	2.8814629005465759e-09	6.7483705552379791e-09	6.4535625684353393e-09	-1.3394236366881847e-09	33.857898122450955	150.62096353331623	3.050639585854437e-10	success	146.10171916405895	4.0989046172984065e-09	2.8814629005465759e-09	6.7483705552379791e-09	6.4535625684353393e-09	-8.4864631513155551e-10	33.876334866673133	150.7439994890149	1.7637994734644239e-10	success	146.12473707804617	146.12473707804617	0.94999999999999996	0.0021313426036879009	16096.370901050388	0	0.0033537428819711266	0.10000000000000001	0.57749606287988231	0.57641831445465974	0.043232013457119252	0	0.019257497428843182	0.12242719106194426	5.2450260567788313e-22	2.7275662407423644e-05	0.21183247171727498	8.2064895801402666e-28	0	1.2388682486557593e-10	2.2809407110191525e-15	1.2388838538871483e-10	false_lower	-1	nan	nan	nan	nan	nan	nan	nan	nan	not_set	nan	nan	nan	nan	nan	nan	nan	nan	nan	nan	nan	nan	nan	nan	nan	nan	nan	nan	nan	nan	nan	nan	nan	nan	nan	nan	nan	nan	nan	nan	nan	nan	nan	nan	nan	nan	nan	nan	nan	nan	not_set	nan	nan	nan	nan	nan	nan	nan	nan	nan	nan	nan	nan	nan	nan	nan	nan	nan	nan	nan	nan	nan	nan	single_step	1.238883853887148e-10	typeI_mH220-500/random_20260902_194953.md
2.571900000000000e+02	4.561610000000000e+02	2.464960000000000e+02	1.028610000000000e+04	9.886050000000000e-01	5.999520000000000e+00	1.460843261650700e-18	-1.783539637835169e+01	success	0	0	0	true	2.359990586824032e-01	true	1.299258095299057e+01	true	3.245088810000000e-04	3.150017240000000e-09	1.661537146460284e+00	1.070031584984751e+00	true	1.769454381592905e-01	8.036439174719358e+01	2.494862559898523e+00	2.315338413989634e-01	true	true	7.811866290117647e-01	1.064869573347088e-01	6.506050927247672e-02	3.703265133639024e-02	3.929877562806310e+00	2.160568119422385e-01	6.008250357839993e-02	6.455530821600985e-02	CMS:2012qwq	ATLAS:2020tlo	ATLAS:2022enb	CMS:2020imj	LHC8 [vbfH;HW;Htt;H;HZ]>[bb;tautau;WW;ZZ;gamgam]	LHC13 [vbfH>ZZ]	LHC13 [H]->X1->Z(X2->[bb])	LHC13 [Hpmtb>tb]	5.594433608444319e+00	true	all checks passed	1	2.705095178872336e+00	2.364206767903741e-01	8.876441318862838e-01	2.478492493224481e+00	-2.390387799755887e+00	1.028610000000000e+04	5.999520000000000e+00	6760.3231318333374	2499.3260621869249	71.952438435625751	-0.20836073603459365	-0.15193975584448124	-0.15698219768399271	0	0.0026698273364781288	0	0	0	success	ew_sym_res	success	success	191.57300000000001	success	155.29774268896165	6.0930122997762801e-09	-1.9414635536447159e-08	9.3177539936988016e-09	6.0931448027262882e-09	3.5403102702335924e-09	15.999783346041095	60.111309979920925	-2.3873867967929928e-09	success	success	155.20992832025698	6.0930122997762801e-09	-1.9414635536447159e-08	9.3177539936988016e-09	6.0931448027262882e-09	7.5752556788137661e-11	17.039527603526974	64.307085954364908	3.8210340832698412e-09	success	155.21312987935886	6.0930122997762801e-09	-1.9414635536447159e-08	9.3177539936988016e-09	6.0931448027262882e-09	-3.1408740076649887e-09	17.006834921357097	64.174208326051144	-3.193311711076516e-09	success	155.19177410766827	6.0930122997762801e-09	-1.9414635536447159e-08	9.3177539936988016e-09	6.0931448027262882e-09	1.0227480989152302e-09	17.219471880163802	65.039610530966684	-1.9198921865812101e-09	success	155.19018028742443	6.0930122997762801e-09	-1.9414635536447159e-08	9.3177539936988016e-09	6.0931448027262882e-09	1.974682197385244e-09	17.234832349431088	65.102231695142933	-2.0907381880601322e-09	success	155.19177454674775	155.19177454674775	0.94999999999999996	0.00040641307096019356	245939.67654105526	0	0.00064518515253415127	0.10000000000000001	0.57736491401320911	0.57713261429838114	0.70171114020638869	0	0.31390570487862657	1.9994402237242959	1.7673109597346388e-26	8.5228188246025801e-05	3.4529627536648926	4.7041696396125135e-33	0	1.4604236722328643e-18	8.0253400324939248e-22	1.4608432616507e-18	0-(0)->1	nan	nan	nan	nan	nan	nan	nan	nan	nan	nan	nan	nan	nan	nan	nan	nan	nan	nan	nan	nan	nan	nan	nan	nan	nan	nan	nan	nan	nan	nan	nan	nan	nan	nan	nan	nan	nan	nan	nan	nan	nan	nan	nan	nan	nan	nan	nan	nan	nan	nan	nan	nan	nan	nan	nan	nan	nan	nan	nan	nan	nan	nan	nan	nan	nan	nan	nan	nan	nan	nan	nan	nan	nan	nan	nan	nan	nan	nan	nan	nan	nan	nan	nan	nan	nan	nan	nan	nan	nan	nan	nan	nan	nan	nan	nan	nan	nan	nan	nan	nan	nan	nan	nan	nan	nan	nan	nan	nan	nan	nan	nan	nan	nan	nan	nan	nan	nan	nan	nan	nan	nan	nan	nan	nan	nan	nan	nan	nan	nan	nan	nan	nan	nan	nan	nan	nan	nan	nan	nan	nan	nan	nan	nan	nan	nan	nan	nan	nan	single_step	1.460843261650700e-18	typeI_mH220-500/random_20260826_184019.md
3.815990000000000e+02	3.238630000000000e+02	2.833600000000000e+02	1.210260000000000e+04	9.888200000000000e-01	1.181550000000000e+01	4.436966459692984e-19	-1.835291385422807e+01	success	0	0	0	true	2.517434509374458e-01	true	1.621528935139294e+01	true	3.270841750000000e-04	3.118465040000000e-09	1.330480292051595e+00	1.306961114175998e+00	true	6.015074377641977e+00	8.038378457496061e+01	2.495944210486146e+00	2.314154642547301e-01	true	true	7.649598539313545e-01	1.095299902452887e-01	4.489895702600998e-01	1.370933061077223e-02	3.848246314988001e+00	1.349202415975957e-01	4.865205342878118e-01	9.835661593170328e-03	CMS:2012qwq	ATLAS:2020tlo	CMS:2019qcx	ATLAS:2021upq	LHC8 [vbfH;HW;Htt;H;HZ]>[bb;tautau;WW;ZZ;gamgam]	LHC13 [ggH>ZZ]	LHC13 [ggH]->X1->Z(X2->[bb])	LHC13 [Hpmtb>tb]	5.593090224520267e+00	true	all checks passed	1	4.802684808406882e+00	2.521931967884288e-01	1.936632041866074e+00	1.459515375435159e+00	6.466938680982568e-01	1.210260000000000e+04	1.181550000000000e+01	13046.13181823774	2306.2249879290325	257.28437616673756	-5.558002506254887	-0.086757423772034256	-0.21712581903840084	0	0.0092462516549517842	0	0	0	success	non_bfb	success	success	252.06800000000001	success	388.56196315574959	-1.9125397411083602e-09	162.79387907639264	25.671725015305196	-2.4077256364643119e-09	0	0	0	0	success	success	387.73683142679647	1.1613118002649676e-09	158.80620024606918	25.969095665275031	-1.4194086300234783e-09	0	0	0	0	success	387.74920090252124	-8.3741766653673551e-09	158.87301957691855	25.964230486822391	2.1537167818971359e-09	0	0	0	0	success	387.6249343291795	2.326757576544859e-09	158.18957412001186	26.013795005799594	3.5624778999776405e-09	0	0	0	0	success	387.61559932760997	-7.1348682309746607e-09	158.1371116101239	26.017581459389667	4.1492934696045508e-09	0	0	0	0	success	387.6249343291795	387.6249343291795	0.94999999999999996	0.00017925343727871114	105929.90569074509	0	0.00028531242899117203	0.10000000000000001	0.57750024100214625	0.57740546226317513	0.75697534911285658	0	0.33497245821277466	2.1351885432557478	6.5234239606585183e-27	4.0170805172803671e-05	3.684697040340521	9.8088650177971631e-34	0	4.4361472225626031e-19	1.5681573881728407e-22	4.4369664596929837e-19	0-(0)->1	success	232.63572852286958	0	0	0	0	-6.8181041172752356e-09	2.8986229403737092	5.8605433520677623	7.2861068992853838e-09	failure	nan	nan	nan	nan	nan	nan	nan	nan	nan	nan	nan	nan	nan	nan	nan	nan	nan	nan	nan	nan	nan	nan	nan	nan	nan	nan	nan	nan	nan	nan	nan	nan	nan	nan	nan	nan	nan	nan	nan	nan	not_set	nan	nan	nan	nan	nan	nan	nan	nan	nan	nan	nan	nan	nan	nan	nan	nan	nan	nan	nan	nan	nan	nan	nan	nan	nan	nan	nan	nan	nan	nan	nan	nan	nan	nan	nan	nan	nan	nan	nan	nan	nan	nan	nan	nan	nan	nan	nan	nan	nan	nan	nan	nan	nan	nan	nan	nan	nan	nan	nan	nan	nan	nan	nan	nan	nan	nan	nan	nan	nan	nan	nan	nan	nan	nan	nan	nan	nan	nan	nan	nan	nan	nan	nan	nan	nan	nan	nan	nan	nan	nan	nan	nan	nan	nan	nan	nan	single_step	4.436966459692984e-19	typeI_mH220-500/random_20260830_180625.md
3.495690000000000e+02	4.492740000000000e+02	3.174480000000000e+02	1.429050000000000e+04	9.867850000000000e-01	8.174880000000000e+00	4.873884737952274e-09	-8.312124745619739e+00	success	0	0	0	true	2.353280950391864e-01	true	1.930797446384010e+01	true	3.263989650000000e-04	3.126692840000000e-09	1.414977238424451e+00	1.242895596994835e+00	true	4.732267256299403e+00	8.038130546415884e+01	2.495806162513005e+00	2.314300864192392e-01	true	true	7.713668993242146e-01	4.158606017660743e-01	2.401910319839649e-01	3.301736299212348e-02	3.880477926485416e+00	2.627578773867020e-01	2.027499822534044e-01	2.045660730478317e-02	CMS:2012qwq	ATLAS:2020tlo	ATLAS:2022enb	ATLAS:2021upq	LHC8 [vbfH;HW;Htt;H;HZ]>[bb;tautau;WW;ZZ;gamgam]	LHC13 [vbfH>ZZ]	LHC13 [H]->X1->Z(X2->[bb])	LHC13 [Hpmtb>tb]	5.811712935888465e+00	true	all checks passed	1	5.823920859951389e+00	2.357485144541482e-01	1.970008753510166e+00	1.964305032762658e+00	-1.376097319408670e+00	1.429050000000000e+04	8.174880000000000e+00	19412.223199995173	3365.7399905658594	853.073176078046	-8.4869553242800109	-0.15695637225920367	-0.39628081489322903	0	0.20569699282842993	0	0	0	success	non_bfb	success	success	321.14699999999999	success	272.92729271848924	-6.5655414356097967e-10	305.22362415855338	32.27590744234076	-9.5375794300441444e-10	-1.2798514845521766e-10	22.300886620929166	42.460260145673985	-3.8870512205789236e-09	success	success	263.13783346343962	-4.5054670567244259e-10	294.96624384157792	33.728711185678726	7.1031297295573108e-10	-3.8318225083239752e-09	24.897064586706676	51.959265651734476	4.1408500862662201e-09	success	263.3352774184375	1.392249792184634e-09	295.19239166528416	33.695758601320698	-2.2033404251595359e-10	-1.3034516968850509e-08	24.842739694643008	51.749488362278747	-5.5570401460493061e-09	success	262.28577485062044	-4.7603051837409472e-10	293.97891561163635	33.873070360451656	2.4170088026087911e-10	-6.8031356168359428e-09	25.1315939824133	52.872076693522231	3.6805368285070953e-09	success	262.18440582750407	2.1562677571410541e-09	293.86018620816117	33.890484126789438	-4.6855503424327914e-10	1.0743252711562643e-08	25.159503796006963	52.981490353001462	-1.0285826255865564e-08	success	262.28578831463892	262.28578831463892	0.94999999999999996	0.0031653839188693291	6760.4712417125165	0	0.0050194749487718435	0.10000000000000001	0.57916188558157433	0.57759996954128556	0.032650022265738335	0	0.014058258684688699	0.089657254686602961	9.4545593478681393e-21	2.9671115122293301e-05	0.1546408455315757	2.4462656249754264e-26	0	4.8738163533407191e-09	9.3092112093684196e-14	4.873884737952274e-09	0-(0)->1	nan	nan	nan	nan	nan	nan	nan	nan	nan	nan	nan	nan	nan	nan	nan	nan	nan	nan	nan	nan	nan	nan	nan	nan	nan	nan	nan	nan	nan	nan	nan	nan	nan	nan	nan	nan	nan	nan	nan	nan	nan	nan	nan	nan	nan	nan	nan	nan	nan	nan	nan	nan	nan	nan	nan	nan	nan	nan	nan	nan	nan	nan	nan	nan	nan	nan	nan	nan	nan	nan	nan	nan	nan	nan	nan	nan	nan	nan	nan	nan	nan	nan	nan	nan	nan	nan	nan	nan	nan	nan	nan	nan	nan	nan	nan	nan	nan	nan	nan	nan	nan	nan	nan	nan	nan	nan	nan	nan	nan	nan	nan	nan	nan	nan	nan	nan	nan	nan	nan	nan	nan	nan	nan	nan	nan	nan	nan	nan	nan	nan	nan	nan	nan	nan	nan	nan	nan	nan	nan	nan	nan	nan	nan	nan	nan	nan	nan	nan	single_step	4.873884737952274e-09	typeI_mH220-500/random_20260830_180625.md
2.380580717235830e+02	4.427285187442345e+02	4.420061454933269e+02	7.497782019831083e+03	9.970041028297867e-01	6.645249926783684e+00	2.189076234342646e-11	-1.065973911391044e+01	success	0	0	0	true	2.481164079327219e-01	true	1.857779013115977e+01	true	3.308472380000000e-04	3.470117760000000e-09	9.128054521569088e-01	4.812416972860919e-03	true	2.116402282922657e-01	8.036086046277693e+01	2.494448795841070e+00	2.314890361589514e-01	true	true	7.762333875009954e-01	1.041426311596593e-01	5.127804010911239e-02	3.165197922069176e-03	3.904959531757881e+00	1.899000332075539e-01	3.862053931011780e-02	2.297314563051157e-03	CMS:2012qwq	ATLAS:2020tlo	ATLAS:2022enb	ATLAS:2021upq	LHC8 [vbfH;HW;Htt;H;HZ]>[bb;tautau;WW;ZZ;gamgam]	LHC13 [ggH>ZZ]	LHC13 [H]->X1->Z(X2->[bb])	LHC13 [Hpmtb>tb]	5.526154718566630e+00	true	all checks passed	1	4.951263491153963e+00	2.485596739823965e-01	5.284369849250848e+00	-2.375857568687350e+00	-2.396979541573725e+00	7.497782019831083e+03	6.645249926783684e+00	13981.985460956568	6859.7394902945352	-452.0394528369917	1.7097747976624771	-0.33240433343306236	-0.61660168027865048	0	0.0010220716372756574	0	0	0	success	non_bfb	success	success	480.10500000000002	success	209.96351519846138	-1.3982458051646397e-08	6.4712973132495199e-07	7.1504884157980884e-07	-9.4282845394925801e-09	2.202060292071022e-09	38.991608836220578	168.53347204570616	8.5987395596940376e-10	success	success	204.60259170655877	-1.3982458051646397e-08	6.4712973132495199e-07	7.1504884157980884e-07	-9.4282845394925801e-09	-5.9011253242307345e-09	40.156497049099855	180.86060210462944	1.6280709129118886e-09	success	204.7800459258053	-1.3982458051646397e-08	6.4712973132495199e-07	7.1504884157980884e-07	-9.4282845394925801e-09	-3.8839784758452111e-10	40.129372283017503	180.51494007706069	-1.033047348450706e-08	success	203.94984958728969	-1.3982458051646397e-08	6.4712973132495199e-07	7.1504884157980884e-07	-9.4282845394925801e-09	-4.9189866010494953e-09	40.2514829395855	182.10499811119516	-5.8703019253753908e-09	success	203.86775150036104	-1.3982458051646397e-08	6.4712973132495199e-07	7.1504884157980884e-07	-9.4282845394925801e-09	1.26723078158853e-08	40.262918570076529	182.25860634036607	-3.8237113518806565e-11	success	203.9498487485983	203.9498487485983	0.94999999999999996	0.00054663235289431286	6283.8814187504968	0	0.00086916910134305725	0.10000000000000001	0.57767929881413549	0.57736001110444135	0.023572314727081219	0	0.010525079043715253	0.067080999017069418	2.1388517572545636e-23	3.8463851557013507e-06	0.11577586948086779	2.371993313618544e-29	0	2.1890667872401092e-11	1.2046273173938218e-16	2.1890762343426461e-11	0-(0)->1	nan	nan	nan	nan	nan	nan	nan	nan	nan	nan	nan	nan	nan	nan	nan	nan	nan	nan	nan	nan	nan	nan	nan	nan	nan	nan	nan	nan	nan	nan	nan	nan	nan	nan	nan	nan	nan	nan	nan	nan	nan	nan	nan	nan	nan	nan	nan	nan	nan	nan	nan	nan	nan	nan	nan	nan	nan	nan	nan	nan	nan	nan	nan	nan	nan	nan	nan	nan	nan	nan	nan	nan	nan	nan	nan	nan	nan	nan	nan	nan	nan	nan	nan	nan	nan	nan	nan	nan	nan	nan	nan	nan	nan	nan	nan	nan	nan	nan	nan	nan	nan	nan	nan	nan	nan	nan	nan	nan	nan	nan	nan	nan	nan	nan	nan	nan	nan	nan	nan	nan	nan	nan	nan	nan	nan	nan	nan	nan	nan	nan	nan	nan	nan	nan	nan	nan	nan	nan	nan	nan	nan	nan	nan	nan	nan	nan	nan	nan	single_step	2.189076234342646e-11	typeI_mH220-500/random_20260830_123811.md
2.597421947702509e+02	4.012982696355643e+02	4.032140406166154e+02	1.241301757194064e+04	9.975153350814797e-01	4.405199680814350e+00	2.997549913742651e-16	-1.552323357650851e+01	success	0	0	0	true	2.429497074312914e-01	true	1.425447683751432e+01	true	3.284686050000000e-04	3.501081800000000e-09	1.167695791263228e+00	3.102675732746724e-02	true	1.834929966490980e-01	8.036331586247813e+01	2.494566708097518e+00	2.314808523800275e-01	true	true	7.828230762741791e-01	5.744249218916014e-01	1.933996285022502e-01	3.976425714707627e-02	3.938109958421445e+00	5.914783288087901e-01	1.669178646153673e-01	2.752997391359356e-02	CMS:2012qwq	ATLAS:2020tlo	ATLAS:2022enb	ATLAS:2021upq	LHC8 [vbfH;HW;Htt;H;HZ]>[bb;tautau;WW;ZZ;gamgam]	LHC13 [ggH>ZZ]	LHC13 [H]->X1->Z(X2->[bb])	LHC13 [Hpmtb>tb]	5.573678492848842e+00	true	all checks passed	1	3.906270461043726e+00	2.433837430437685e-01	3.826404429048357e+00	-1.761900859612689e+00	-1.710963542609601e+00	1.241301757194064e+04	4.405199680814350e+00	8638.9521863077007	3238.0145941657252	-417.10339088318915	0.12982082668266787	-0.15784373223312012	-0.27897635628134504	0	-0.0039990289848694854	0	0	0	success	non_bfb	success	success	471.16199999999998	success	169.00661587655696	0	0	0	0	1.2813124116044071e-10	25.077130952677692	86.733650598106124	1.1563041944274988e-09	success	success	168.74150304588414	0	0	0	0	-2.5499459957344722e-09	26.835387734484097	93.130125512772636	-1.3852870031310316e-09	success	168.75086800198946	0	0	0	0	-3.9650485981898857e-09	26.782903323326234	92.937940863104458	-2.2128952183617414e-09	success	168.69317067074874	0	0	0	0	7.6530183161055117e-11	27.098324500077901	94.094156973169603	2.2135060803748824e-09	success	168.68861422552072	0	0	0	0	-4.501705740624438e-10	27.122458199728424	94.182744126189121	1.0163058247556696e-09	success	168.69317067074874	168.69317067074874	0.94999999999999996	0.00053552981851231432	93646.166839447658	0	0.00085135005474177184	0.10000000000000001	0.57764766482015384	0.57733358727499096	0.29051668838662764	0	0.12976987166991039	0.82702233067475495	2.6283478470856408e-25	4.6456853930651928e-05	1.4274685883690141	9.8301181355355789e-32	0	2.9973334557117817e-16	4.056594622344835e-20	2.997549913742651e-16	0-(0)->1	nan	nan	nan	nan	nan	nan	nan	nan	nan	nan	nan	nan	nan	nan	nan	nan	nan	nan	nan	nan	nan	nan	nan	nan	nan	nan	nan	nan	nan	nan	nan	nan	nan	nan	nan	nan	nan	nan	nan	nan	nan	nan	nan	nan	nan	nan	nan	nan	nan	nan	nan	nan	nan	nan	nan	nan	nan	nan	nan	nan	nan	nan	nan	nan	nan	nan	nan	nan	nan	nan	nan	nan	nan	nan	nan	nan	nan	nan	nan	nan	nan	nan	nan	nan	nan	nan	nan	nan	nan	nan	nan	nan	nan	nan	nan	nan	nan	nan	nan	nan	nan	nan	nan	nan	nan	nan	nan	nan	nan	nan	nan	nan	nan	nan	nan	nan	nan	nan	nan	nan	nan	nan	nan	nan	nan	nan	nan	nan	nan	nan	nan	nan	nan	nan	nan	nan	nan	nan	nan	nan	nan	nan	nan	nan	nan	nan	nan	nan	single_step	2.997549913742651e-16	typeI_mH220-500/random_20260831_005128.md
2.652329593121335e+02	5.565153805509012e+02	2.589983469053258e+02	1.189303235254391e+04	9.920221168254068e-01	5.346448635954116e+00	8.984342852062912e-08	-7.046513683291798e+00	success	0	0	0	true	2.319697534214333e-01	true	2.086779429744299e+01	true	3.284036720000000e-04	3.502841190000000e-09	1.175093426824338e+00	3.320084852100016e-02	true	3.397912798517217e-01	8.035943420807232e+01	2.494609858720681e+00	2.315697541493420e-01	true	true	7.844532663641418e-01	6.504280213760796e-02	2.117272474823258e-02	4.860013149045418e-02	3.946310876383594e+00	1.278944558915911e-01	2.593586556767335e-02	8.315313848052615e-02	CMS:2012qwq	ATLAS:2020tlo	ATLAS:2022enb	CMS:2020imj	LHC8 [vbfH;HW;Htt;H;HZ]>[bb;tautau;WW;ZZ;gamgam]	LHC13 [vbfH>ZZ]	LHC13 [H]->X1->Z(X2->[bb])	LHC13 [Hpmtb>tb]	4.860323604270008e+00	true	all checks passed	1	3.214791210054835e+00	2.323841730767067e-01	8.373854347164926e-01	3.988350871007741e+00	-4.030329315720494e+00	1.189303235254391e+04	5.346448635954116e+00	20547.030474545638	6578.7244758426132	1696.6133404620809	-4.4635152587798776	-0.43301688982445158	-0.63346279854989973	0	0.27013710056699336	0	-2.3283064365386963e-09	0	success	ew_sym_res	success	success	462.142	success	138.94004891115534	2.4908034053553332e-08	1.4207905448731449e-07	8.9622659146958617e-08	2.6286754096954869e-08	1.3150500088577829e-09	39.224896240976001	173.12688412059569	1.0616166218210838e-09	success	success	134.50548837674918	2.4908034053553332e-08	1.4207905448731449e-07	8.9622659146958617e-08	2.6286754096954869e-08	5.0590264205633437e-09	40.984773913851015	185.6913289953545	-3.9429136022625494e-10	success	134.67864745504298	2.4908034053553332e-08	1.4207905448731449e-07	8.9622659146958617e-08	2.6286754096954869e-08	-7.5431165609295673e-09	40.931624276584188	185.28320380340139	-5.3393538636479521e-11	success	134.04193191096442	2.4908034053553332e-08	1.4207905448731449e-07	8.9622659146958617e-08	2.6286754096954869e-08	1.8480195505533957e-09	41.122678170842164	186.76022987334736	4.4551723183136588e-10	success	133.97840521425087	2.4908034053553332e-08	1.4207905448731449e-07	8.9622659146958617e-08	2.6286754096954869e-08	-3.1124662887670711e-09	41.14109892822038	186.9041237600668	1.0521082186790651e-09	success	134.04193165552525	134.04193165552525	0.94999999999999996	0.0038480271635237249	5345.8170363501886	0	0.0060115249042953355	0.10000000000000001	0.57758870978414578	0.57590040856083302	0.013165730437042764	0	0.0058669764444680365	0.037246950743803284	2.482070527569998e-20	1.4936127596933808e-05	0.064536740889148403	7.7652447843105872e-26	0	8.9842808693426233e-08	7.0422321951791284e-13	8.9843428520629115e-08	0-(0)->1	nan	nan	nan	nan	nan	nan	nan	nan	nan	nan	nan	nan	nan	nan	nan	nan	nan	nan	nan	nan	nan	nan	nan	nan	nan	nan	nan	nan	nan	nan	nan	nan	nan	nan	nan	nan	nan	nan	nan	nan	nan	nan	nan	nan	nan	nan	nan	nan	nan	nan	nan	nan	nan	nan	nan	nan	nan	nan	nan	nan	nan	nan	nan	nan	nan	nan	nan	nan	nan	nan	nan	nan	nan	nan	nan	nan	nan	nan	nan	nan	nan	nan	nan	nan	nan	nan	nan	nan	nan	nan	nan	nan	nan	nan	nan	nan	nan	nan	nan	nan	nan	nan	nan	nan	nan	nan	nan	nan	nan	nan	nan	nan	nan	nan	nan	nan	nan	nan	nan	nan	nan	nan	nan	nan	nan	nan	nan	nan	nan	nan	nan	nan	nan	nan	nan	nan	nan	nan	nan	nan	nan	nan	nan	nan	nan	nan	nan	nan	single_step	8.984342852062912e-08	typeI_mH220-500/random_20260902_020759.md
2.415320000000000e+02	5.442540000000000e+02	2.338140000000000e+02	1.174360000000000e+04	9.974229999999999e-01	3.611190000000000e+00	5.386137399675575e-07	-6.268722571986558e+00	success	0	0	0	true	2.491966206469308e-01	true	2.059117417746764e+01	true	3.228896750000000e-04	3.577284270000000e-09	1.888501583395088e+00	1.926431080788699e-01	true	3.327918443150836e-01	8.036527488829483e+01	2.494863691747968e+00	2.315446402043710e-01	true	true	7.727991105230182e-01	7.679821169986518e-01	1.961234673440107e-02	3.351901081507956e-01	1.264319258370537e+00	1.451290714770398e+00	3.200550433626901e-02	1.893045123926921e-01	ATLAS:2014vuz	ATLAS:2020tlo	ATLAS:2020gxx	ATLAS:2021upq	LHC8 [HW;HZ]>[bb]	LHC13 [ggH>ZZ]	LHC13 [ggH]->X1->Z(X2->[bb])	LHC13 [Hpmtb>tb]	4.147929707862914e+00	true	all checks passed	1	3.311097889693240e+00	2.496418165231198e-01	5.221084372454323e-01	3.842534486919168e+00	-4.140261134734610e+00	1.174360000000000e+04	3.611190000000000e+00	14809.137765945385	5937.0477227108022	849.01515483775961	-1.0930695712141894	-0.39243741972930318	-0.51709003796679121	0	0.077668250767105443	0	1.3969838619232178e-09	0	success	ew_sym_res	success	success	200.10400000000001	success	132.80409229437231	4.0815109518050602e-08	1.3679926704215863e-07	-1.3149036941233525e-08	4.081180070517454e-08	-4.099827648932944e-10	54.626849271556694	175.93298431428241	1.0940968664634946e-09	success	success	127.38094001802817	4.0815109518050602e-08	1.3679926704215863e-07	-1.3149036941233525e-08	4.081180070517454e-08	-2.9044472539366429e-10	57.718589090336934	188.97906274076209	3.6405004918391872e-11	success	127.59839441286692	4.0815109518050602e-08	1.3679926704215863e-07	-1.3149036941233525e-08	4.081180070517454e-08	-4.6750861911046168e-10	57.6212195325392	188.5482596867794	1.9029914796095669e-10	success	126.84867125391102	4.0815109518050602e-08	1.3679926704215863e-07	-1.3149036941233525e-08	4.081180070517454e-08	8.6655411208299224e-10	57.95023919774993	190.01000965776456	2.3746254308175357e-10	success	126.77191908526999	4.0815109518050602e-08	1.3679926704215863e-07	-1.3149036941233525e-08	4.081180070517454e-08	-1.8398597319234756e-10	57.98288862649575	190.15600917341581	4.1003994614404649e-10	success	126.84867229502089	126.84867229502089	0.94999999999999996	0.0049228298776569255	4187.615617974925	0	0.0076492321951369714	0.10000000000000001	0.5775060959628352	0.5754648717626194	0.0097573794990883957	0	0.0043467133471333423	0.027563353664649268	8.3957869649705023e-20	1.4110982262429804e-05	0.047813846818466767	3.3499832343058938e-25	0	5.3860998812812171e-07	4.0776990901946771e-12	5.3861373996755746e-07	0-(0)->1	nan	nan	nan	nan	nan	nan	nan	nan	nan	nan	nan	nan	nan	nan	nan	nan	nan	nan	nan	nan	nan	nan	nan	nan	nan	nan	nan	nan	nan	nan	nan	nan	nan	nan	nan	nan	nan	nan	nan	nan	nan	nan	nan	nan	nan	nan	nan	nan	nan	nan	nan	nan	nan	nan	nan	nan	nan	nan	nan	nan	nan	nan	nan	nan	nan	nan	nan	nan	nan	nan	nan	nan	nan	nan	nan	nan	nan	nan	nan	nan	nan	nan	nan	nan	nan	nan	nan	nan	nan	nan	nan	nan	nan	nan	nan	nan	nan	nan	nan	nan	nan	nan	nan	nan	nan	nan	nan	nan	nan	nan	nan	nan	nan	nan	nan	nan	nan	nan	nan	nan	nan	nan	nan	nan	nan	nan	nan	nan	nan	nan	nan	nan	nan	nan	nan	nan	nan	nan	nan	nan	nan	nan	nan	nan	nan	nan	nan	nan	single_step	5.386137399675575e-07	typeI_mH220-500/random_20260826_184030.md
3.335740000000000e+02	4.465550000000000e+02	4.388640000000000e+02	8.223940000000001e+03	9.976910000000000e-01	1.338630000000000e+01	8.962958563729011e-16	-1.504754861134060e+01	success	0	0	0	true	2.490526695346168e-01	true	1.461288757570995e+01	true	3.320420610000000e-04	3.454747820000000e-09	7.965974934285946e-01	2.680356094221419e-04	true	1.198237332113713e+00	8.035370761285976e+01	2.494109236289153e+00	2.315389154944811e-01	true	true	7.681929321264253e-01	3.834635697249996e-02	1.028339753046639e-01	2.120944379135747e-03	1.256783431821305e+00	3.435151341743870e-02	8.274609073693633e-02	1.532353745909865e-03	ATLAS:2014vuz	ATLAS:2020tlo	ATLAS:2022enb	ATLAS:2021upq	LHC8 [HW;HZ]>[bb]	LHC13 [vbfH>ZZ]	LHC13 [H]->X1->Z(X2->[bb])	LHC13 [Hpmtb>tb]	3.595637145217268e+00	true	all checks passed	1	3.511567931147320e+00	2.494976082386121e-01	4.395678935305363e+00	-1.240818460739928e+00	-1.465874893055350e+00	8.223940000000001e+03	1.338630000000000e+01	7359.8896776733964	4663.4299959702385	-179.38398430469499	8.2447131825948379	-0.24822786426054547	-0.39645020181774804	0	0.019990174168154178	0	0	0	success	non_bfb	success	success	179.88200000000001	success	176.71367484340078	0	0	0	0	8.2910071441977608e-09	12.044917386562023	99.885131505970193	-1.4205379418293894e-08	success	success	176.35492071693088	0	0	0	0	9.8595416533507537e-09	12.744460493891415	107.40169182920356	-1.1956303335075919e-09	success	176.36735255960198	0	0	0	0	-5.9283853999434827e-09	12.724534149295756	107.18165846782523	3.2290830040392436e-09	success	176.29148189309373	0	0	0	0	-1.1889178271271948e-09	12.842753057337342	108.49254909869194	6.5378526304375132e-09	success	176.28539240082111	0	0	0	0	8.0258323436895124e-09	12.851904535021017	108.59458221191731	-4.119298360509943e-09	success	176.29148137203367	176.29148137203367	0.94999999999999996	0.00054305414631648677	73286.33783975085	0	0.00086423078130311391	0.10000000000000001	0.57778015526202786	0.57746650668834254	0.237619098855993	0	0.10608337674722021	0.67630971254407735	4.3476817881969376e-25	3.8531165196374539e-05	1.1669171442194224	1.7022957471221402e-31	0	8.962495504211334e-16	8.5933484865447484e-20	8.9629585637290112e-16	0-(0)->1	nan	nan	nan	nan	nan	nan	nan	nan	nan	nan	nan	nan	nan	nan	nan	nan	nan	nan	nan	nan	nan	nan	nan	nan	nan	nan	nan	nan	nan	nan	nan	nan	nan	nan	nan	nan	nan	nan	nan	nan	nan	nan	nan	nan	nan	nan	nan	nan	nan	nan	nan	nan	nan	nan	nan	nan	nan	nan	nan	nan	nan	nan	nan	nan	nan	nan	nan	nan	nan	nan	nan	nan	nan	nan	nan	nan	nan	nan	nan	nan	nan	nan	nan	nan	nan	nan	nan	nan	nan	nan	nan	nan	nan	nan	nan	nan	nan	nan	nan	nan	nan	nan	nan	nan	nan	nan	nan	nan	nan	nan	nan	nan	nan	nan	nan	nan	nan	nan	nan	nan	nan	nan	nan	nan	nan	nan	nan	nan	nan	nan	nan	nan	nan	nan	nan	nan	nan	nan	nan	nan	nan	nan	nan	nan	nan	nan	nan	nan	single_step	8.962958563729011e-16	typeI_mH220-500/random_20260826_184030.md
2.597280000000000e+02	4.583340000000000e+02	2.681940000000000e+02	1.450330000000000e+04	9.981160000000000e-01	4.010740000000000e+00	6.050997271400950e-19	-1.821817304290558e+01	success	0	0	0	true	2.404622721407986e-01	true	1.226278400143357e+01	true	3.254879680000000e-04	3.541607900000000e-09	1.531345287448824e+00	9.978605639013083e-02	true	6.911812156115630e+00	8.034005242381569e+01	2.493384825082202e+00	2.316522492769351e-01	true	true	7.723016342616498e-01	7.174701578938235e-01	2.708321140311901e-02	2.334392081421612e-01	1.263505374387927e+00	8.166836028274542e-01	2.570398722371312e-02	1.601194776105059e-01	ATLAS:2014vuz	CMS:2024phk	ATLAS:2022enb	ATLAS:2021upq	LHC8 [HW;HZ]>[bb]	LHC13 [H]->X1->(X2->[bb])(X3->[bb; tautau; gamgam; WW])	LHC13 [H]->X1->Z(X2->[bb])	LHC13 [Hpmtb>tb]	3.169693089190702e+00	true	all checks passed	1	2.138420029803420e+00	2.408918638891064e-01	7.034056586648186e-01	2.115128122401793e+00	-2.450343287473281e+00	1.450330000000000e+04	4.010740000000000e+00	5881.7466709097343	1772.8588756426382	119.12601116452022	-0.26384498247025062	-0.13469998459885071	-0.14201668404478521	0	0.0075441325115233656	0	0	0	success	ew_sym_res	success	success	209.12799999999999	success	149.99441922739641	-2.1697551660545355e-08	3.4004302681651195e-08	2.4724390244239954e-08	-2.1696880472379952e-08	-4.0299830521166724e-09	16.305101838924831	55.519457478029828	-6.2084409628025312e-10	success	success	149.92642135580178	-2.1697551660545355e-08	3.4004302681651195e-08	2.4724390244239954e-08	-2.1696880472379952e-08	-1.2987456901509904e-09	17.466103434997752	59.530028709707942	-4.5279976420775289e-10	success	149.92894413011771	-2.1697551660545355e-08	3.4004302681651195e-08	2.4724390244239954e-08	-2.1696880472379952e-08	8.6140006670952034e-10	17.428734863955313	59.400737042024403	3.3024740490703504e-09	success	149.91197749760005	-2.1697551660545355e-08	3.4004302681651195e-08	2.4724390244239954e-08	-2.1696880472379952e-08	-6.6347424473037652e-11	17.67371067809303	60.248589259003666	-7.2732119933306588e-10	success	149.91072376953142	-2.1697551660545355e-08	3.4004302681651195e-08	2.4724390244239954e-08	-2.1696880472379952e-08	2.9733883722317788e-10	17.691247457542051	60.309307049762339	-1.7185319517156909e-09	success	149.91197749760005	149.91197749760005	0.94999999999999996	0.00041080324895215582	302304.47289701214	0	0.0006511577907126532	0.10000000000000001	0.57717434164485759	0.57694492718947477	0.83306996366205666	0	0.37264225363376863	2.3723718477076039	1.2216496123229503e-26	0.00010219019599646191	4.0990647899714556	3.2416402075723907e-33	0	6.0485650683e-19	4.6585663935949047e-22	6.0509972714009497e-19	0-(0)->1	nan	nan	nan	nan	nan	nan	nan	nan	nan	nan	nan	nan	nan	nan	nan	nan	nan	nan	nan	nan	nan	nan	nan	nan	nan	nan	nan	nan	nan	nan	nan	nan	nan	nan	nan	nan	nan	nan	nan	nan	nan	nan	nan	nan	nan	nan	nan	nan	nan	nan	nan	nan	nan	nan	nan	nan	nan	nan	nan	nan	nan	nan	nan	nan	nan	nan	nan	nan	nan	nan	nan	nan	nan	nan	nan	nan	nan	nan	nan	nan	nan	nan	nan	nan	nan	nan	nan	nan	nan	nan	nan	nan	nan	nan	nan	nan	nan	nan	nan	nan	nan	nan	nan	nan	nan	nan	nan	nan	nan	nan	nan	nan	nan	nan	nan	nan	nan	nan	nan	nan	nan	nan	nan	nan	nan	nan	nan	nan	nan	nan	nan	nan	nan	nan	nan	nan	nan	nan	nan	nan	nan	nan	nan	nan	nan	nan	nan	nan	single_step	6.050997271400950e-19	typeI_mH220-500/random_20260828_001210.md
2.539300000000000e+02	5.448980000000000e+02	2.368640000000000e+02	6.744240000000000e+03	9.937520000000000e-01	9.377079999999999e+00	1.338322004804292e-06	-5.873439381273187e+00	success	0	0	0	true	2.486938497406754e-01	true	2.056994562424968e+01	true	3.264395500000000e-04	3.126403770000000e-09	1.409900011641277e+00	1.245119144711212e+00	true	6.837393182748212e+00	8.038540584186703e+01	2.496144934808332e+00	2.314395767155927e-01	true	true	7.715680804842383e-01	6.386465267507206e-02	4.649177146470337e-03	1.686346415722352e-02	3.881489998757873e+00	1.288398916755488e-01	6.366475685169541e-03	2.486677495914088e-02	CMS:2012qwq	ATLAS:2020tlo	ATLAS:2022enb	CMS:2020imj	LHC8 [vbfH;HW;Htt;H;HZ]>[bb;tautau;WW;ZZ;gamgam]	LHC13 [vbfH>ZZ]	LHC13 [H]->X1->Z(X2->[bb])	LHC13 [Hpmtb>tb]	3.400832263567565e+00	true	all checks passed	1	1.818730417512367e+00	2.491381474043062e-01	8.401792004261285e-01	4.109082316394319e+00	-3.849450167841255e+00	6.744240000000000e+03	9.377079999999999e+00	11656.730449642444	6417.687298991541	326.09823759991281	-3.1060041383804244	-0.41137933498508977	-0.43767410922890587	0	0.073002892618430987	0	1.1641532182693481e-09	0	success	ew_sym_res	success	success	660.88699999999994	true_lower	400	-3.0013840850921618e-08	-2.349256704410197e-09	-3.5130153127986146e-08	-3.0013840850914842e-08	3.1435526095867338e-09	1133.0952391491094	6.4814955911579855	3.0432431634849106e-10	success	not_met	nan	nan	nan	nan	nan	nan	nan	nan	nan	not_met	nan	nan	nan	nan	nan	nan	nan	nan	nan	success	399.9999997496061	-3.0013840850921618e-08	-2.349256704410197e-09	-3.5130153127986146e-08	-3.0013840850914842e-08	3.1435526095867338e-09	1133.0952391491094	6.4814955911579855	3.0432431634849106e-10	success	399.99999952067446	-3.0013840850921618e-08	-2.349256704410197e-09	-3.5130153127986146e-08	-3.0013840850914842e-08	3.1435526095867338e-09	1133.0952391491094	6.4814955911579855	3.0432431634849106e-10	failure	399.9999997496061	399.9999997496061	0.94999999999999996	0.027876171577621008	-73.601095542479641	nan	nan	nan	nan	nan	nan	nan	nan	nan	nan	nan	nan	nan	nan	nan	nan	nan	0-(0)->1	success	127.16595414133627	-3.0013840850921618e-08	-2.349256704410197e-09	-3.5130153127986146e-08	-3.0013840850914842e-08	5.3937870143857546e-09	24.64277641795621	184.2829427337156	-1.7058448473979914e-09	success	success	121.8002147227557	-3.0013840850921618e-08	-2.349256704410197e-09	-3.5130153127986146e-08	-3.0013840850914842e-08	-1.1812943356741925e-08	25.293805851752598	198.02578860107803	2.6348757548888936e-09	success	122.01880519594734	-3.0013840850921618e-08	-2.349256704410197e-09	-3.5130153127986146e-08	-3.0013840850914842e-08	7.0170427064719434e-09	25.275309595368924	197.57052530892267	1.6091394576776619e-09	success	121.28394096904628	-3.0013840850921618e-08	-2.349256704410197e-09	-3.5130153127986146e-08	-3.0013840850914842e-08	9.4186191282205909e-09	25.335676854501429	199.07581270403401	-2.0107456113362292e-09	success	121.20849985842153	-3.0013840850921618e-08	-2.349256704410197e-09	-3.5130153127986146e-08	-3.0013840850914842e-08	1.2314908973134039e-09	25.34159108177629	199.2263856432065	-7.8451053151630891e-10	success	121.2839360592952	121.2839360592952	0.94999999999999996	0.00619511625180931	4073.7257853453998	0	0.009550661171378004	0.10000000000000001	0.57720236909994871	0.57476303585080835	0.0090733032593972671	0	0.0040414764128624174	0.025579853259690959	1.8279727976324261e-19	1.6435641534752152e-05	0.044456240541486586	8.7241016933135809e-25	0	1.338311421666069e-06	1.1398978404833967e-11	1.338322004804292e-06	false_lower	-1	nan	nan	nan	nan	nan	nan	nan	nan	not_set	nan	nan	nan	nan	nan	nan	nan	nan	nan	nan	nan	nan	nan	nan	nan	nan	nan	nan	nan	nan	nan	nan	nan	nan	nan	nan	nan	nan	nan	nan	nan	nan	nan	nan	nan	nan	nan	nan	nan	nan	not_set	nan	nan	nan	nan	nan	nan	nan	nan	nan	nan	nan	nan	nan	nan	nan	nan	nan	nan	nan	nan	nan	nan	single_step	1.338322004804292e-06	typeI_mH220-500/random_20260825_015240.md
4.574550000000000e+02	5.427580000000000e+02	5.408540000000000e+02	1.223270000000000e+04	9.972430000000000e-01	1.708910000000000e+01	6.500109321619996e-06	-5.187079339145289e+00	success	0	0	0	true	2.475727396352946e-01	true	1.442145094324522e+01	true	3.276605800000000e-04	3.111430730000000e-09	1.261415085696405e+00	1.363010114011092e+00	true	3.998572933940631e-01	8.035816339960380e+01	2.494383173690837e+00	2.315191710133705e-01	true	true	7.669275044058848e-01	5.564508242961078e-02	1.383114931710090e-01	2.081267970852758e-03	3.858144878486309e+00	5.209132023320449e-02	1.928350736878320e-01	1.669983614736412e-03	CMS:2012qwq	ATLAS:2020tlo	ATLAS:2022enb	ATLAS:2021upq	LHC8 [vbfH;HW;Htt;H;HZ]>[bb;tautau;WW;ZZ;gamgam]	LHC13 [vbfH>ZZ]	LHC13 [H]->X1->Z(X2->[bb])	LHC13 [Hpmtb>tb]	3.751330863057376e+00	true	all checks passed	1	8.268978014409117e-01	2.480150344082185e-01	7.069470754082636e+00	-1.333501877895208e+00	-1.401688712715752e+00	1.223270000000000e+04	1.708910000000000e+01	-502.65359377836199	11837.793782449919	-530.95123485570662	46.316078603999692	-0.84636378155501812	-0.66003855350763019	0	0.012462258113509553	0	1.3969838619232178e-09	0	success	non_bfb	success	success	255.36500000000001	success	152.96164353824906	0	0	0	0	5.2478858605337076e-09	14.906268922116029	224.39851121360343	5.5417856553486239e-10	success	success	137.57645047964758	0	0	0	0	-1.423450431545765e-08	14.731829132867404	234.93091283130892	7.6555500363284901e-09	success	138.19401447462172	0	0	0	0	-1.3884472219700033e-08	14.737757594374598	234.62022191835331	3.9044265791634799e-08	success	136.32072131480999	0	0	0	0	1.4810541709420178e-09	14.720009675597414	235.5424823789416	2.655291605798491e-08	success	136.10471429708463	0	0	0	0	-2.4231639030310269e-08	14.718007897021524	235.64503545040387	-1.3798625720253424e-08	success	136.32072303668178	136.32072303668178	0.94999999999999996	0.0042872471265791136	1593.7465180449692	0	0.0067549221241429494	0.10000000000000001	0.57783492182423302	0.57704984434055351	0.0039921187460771378	0	0.0017831947490680464	0.01135563952654256	2.6306960420562116e-19	5.0782666426011402e-06	0.019615142239748515	1.3614475230128619e-24	0	6.5000717879473666e-06	3.8100232031307172e-11	6.500109321619996e-06	0-(0)->1	nan	nan	nan	nan	nan	nan	nan	nan	nan	nan	nan	nan	nan	nan	nan	nan	nan	nan	nan	nan	nan	nan	nan	nan	nan	nan	nan	nan	nan	nan	nan	nan	nan	nan	nan	nan	nan	nan	nan	nan	nan	nan	nan	nan	nan	nan	nan	nan	nan	nan	nan	nan	nan	nan	nan	nan	nan	nan	nan	nan	nan	nan	nan	nan	nan	nan	nan	nan	nan	nan	nan	nan	nan	nan	nan	nan	nan	nan	nan	nan	nan	nan	nan	nan	nan	nan	nan	nan	nan	nan	nan	nan	nan	nan	nan	nan	nan	nan	nan	nan	nan	nan	nan	nan	nan	nan	nan	nan	nan	nan	nan	nan	nan	nan	nan	nan	nan	nan	nan	nan	nan	nan	nan	nan	nan	nan	nan	nan	nan	nan	nan	nan	nan	nan	nan	nan	nan	nan	nan	nan	nan	nan	nan	nan	nan	nan	nan	nan	single_step	6.500109321619996e-06	typeI_mH220-500/random_20260825_015240.md
2.683260000000000e+02	4.800890000000000e+02	2.478640000000000e+02	1.497000000000000e+04	9.936490000000000e-01	4.131740000000000e+00	8.130930456683548e-17	-1.608985975341190e+01	success	0	0	0	true	2.247955826109167e-01	true	1.432061441845411e+01	true	3.208502990000000e-04	3.195229900000000e-09	2.195029546785046e+00	7.717931492747918e-01	true	6.629010285229751e+00	8.038423997871766e+01	2.495938322987572e+00	2.314333525899453e-01	true	true	7.918828835987342e-01	3.194346776038570e-01	4.115015232363105e-02	8.428210893157702e-02	3.983686690287885e+00	3.708535162985750e-01	5.985666000726548e-02	1.506877350861657e-01	CMS:2012qwq	ATLAS:2020tlo	ATLAS:2022enb	CMS:2020imj	LHC8 [vbfH;HW;Htt;H;HZ]>[bb;tautau;WW;ZZ;gamgam]	LHC13 [ggH>ZZ]	LHC13 [H]->X1->Z(X2->[bb])	LHC13 [Hpmtb>tb]	4.678487294301021e+00	true	all checks passed	1	2.769584369761832e+00	2.251971854340371e-01	4.456487597147829e-01	2.860196338100329e+00	-2.726719037172326e+00	1.497000000000000e+04	4.131740000000000e+00	7430.0115549455786	2448.1864679505902	154.17200328828909	-0.2975482087782349	-0.17829781515062484	-0.20484786137138655	0	0.0085879955856187525	0	-1.0477378964424133e-09	0	success	ew_sym_res	success	success	257.01100000000002	success	151.8346707834508	1.4976043091866955e-08	1.0001510223637199e-07	4.1662108833738912e-08	1.4975352442185311e-08	8.7545791365239593e-10	22.765025308158357	72.456766348716727	-1.0969635062409567e-09	success	success	151.68489054088161	1.4976043091866955e-08	1.0001510223637199e-07	4.1662108833738912e-08	1.4975352442185311e-08	-6.3363493460988898e-10	24.330240323530784	77.706975166370952	2.2136664526643876e-09	success	151.69042583704285	1.4976043091866955e-08	1.0001510223637199e-07	4.1662108833738912e-08	1.4975352442185311e-08	5.2638201647873752e-10	24.280992370814104	77.540842074421178	1.0249998262699553e-10	success	151.65621640967242	1.4976043091866955e-08	1.0001510223637199e-07	4.1662108833738912e-08	1.4975352442185311e-08	2.0797291018639987e-10	24.577734281555113	78.542838174345221	-2.3571510660521237e-09	success	151.65358874944394	1.4976043091866955e-08	1.0001510223637199e-07	4.1662108833738912e-08	1.4975352442185311e-08	2.0152260658146439e-09	24.599800865775652	78.61744278503015	-1.8186548752919154e-10	success	151.65621640967242	151.65621640967242	0.94999999999999996	0.00063865335597678178	145978.2472598516	0	0.001012245627424906	0.10000000000000001	0.57734196564287021	0.57698585968650595	0.40697672809386226	0	0.18191743054647352	1.1582775312076949	1.935299375445969e-25	7.7545659763325465e-05	2.0010917360112086	8.1266646231275208e-32	0	8.1296681513203099e-17	2.3923049519311307e-20	8.1309304566835477e-17	0-(0)->1	nan	nan	nan	nan	nan	nan	nan	nan	nan	nan	nan	nan	nan	nan	nan	nan	nan	nan	nan	nan	nan	nan	nan	nan	nan	nan	nan	nan	nan	nan	nan	nan	nan	nan	nan	nan	nan	nan	nan	nan	nan	nan	nan	nan	nan	nan	nan	nan	nan	nan	nan	nan	nan	nan	nan	nan	nan	nan	nan	nan	nan	nan	nan	nan	nan	nan	nan	nan	nan	nan	nan	nan	nan	nan	nan	nan	nan	nan	nan	nan	nan	nan	nan	nan	nan	nan	nan	nan	nan	nan	nan	nan	nan	nan	nan	nan	nan	nan	nan	nan	nan	nan	nan	nan	nan	nan	nan	nan	nan	nan	nan	nan	nan	nan	nan	nan	nan	nan	nan	nan	nan	nan	nan	nan	nan	nan	nan	nan	nan	nan	nan	nan	nan	nan	nan	nan	nan	nan	nan	nan	nan	nan	nan	nan	nan	nan	nan	nan	single_step	8.130930456683548e-17	typeI_mH220-500/random_20260830_180625.md
2.358212144766761e+02	5.719475463763597e+02	2.210934357408314e+02	5.532309857945032e+03	9.994077800252484e-01	9.649293027890330e+00	1.005799824294468e-05	-4.997488444583007e+00	success	0	0	0	true	2.541000919556434e-01	true	2.314553748678937e+01	true	3.310334850000000e-04	3.468233430000000e-09	8.941708067734776e-01	3.953126867596921e-03	true	7.145989557058500e+00	8.038598435696522e+01	2.496203929400974e+00	2.314448014472395e-01	true	true	7.692089571073291e-01	1.066365313134988e-01	2.012264957245339e-03	3.719882642784577e-02	3.869622071578249e+00	1.727629541442405e-01	2.160917709600205e-03	2.670140052130378e-02	CMS:2012qwq	ATLAS:2020tlo	ATLAS:2020gxx	ATLAS:2021upq	LHC8 [vbfH;HW;Htt;H;HZ]>[bb;tautau;WW;ZZ;gamgam]	LHC13 [ggH>ZZ]	LHC13 [ggH]->X1->Z(X2->[bb])	LHC13 [Hpmtb>tb]	1.056331949530346e+00	true	all checks passed	1	3.171678405777157e+00	2.545540480036195e-01	2.816305605539873e-01	4.681664327662922e+00	-4.513976113815464e+00	5.532309857945032e+03	9.649293027890330e+00	13573.330579894871	6961.866538570368	92.932573526332121	-0.13500019725982607	-0.50125702531193217	-0.6080744178535632	0	-0.00034493844210459044	0	-2.0954757928848267e-09	0	success	ew_sym_res	success	success	537.05399999999997	success	125.5394484622071	-2.3756145805627582e-09	2.6594717436566803e-08	1.9419332785766217e-08	-2.3748205648510167e-09	-9.0645758683579817e-09	22.393925574520608	195.91948520529559	-4.7170622569547387e-10	success	success	117.28760762885277	-2.3756145805627582e-09	2.6594717436566803e-08	1.9419332785766217e-08	-2.3748205648510167e-09	1.1360704538057139e-08	23.545876617717198	210.29881702543395	4.4516457137551586e-09	success	117.63718469355241	-2.3756145805627582e-09	2.6594717436566803e-08	1.9419332785766217e-08	-2.3748205648510167e-09	1.1338944789007399e-08	23.509805490187553	209.81466879725514	4.638251384914463e-09	success	116.56705085692072	-2.3756145805627582e-09	2.6594717436566803e-08	1.9419332785766217e-08	-2.3748205648510167e-09	3.7195336055367266e-09	23.617772308789064	211.27193233190732	5.6607382180218496e-09	success	116.45089979946083	-2.3756145805627582e-09	2.6594717436566803e-08	1.9419332785766217e-08	-2.3748205648510167e-09	1.9417874546693555e-08	23.62906396699924	211.42577433336817	-2.3158788122641844e-09	success	116.56705085692072	116.56705085692072	0.94999999999999996	0.0069480757934890624	2539.2675256110965	0	0.010731045120179465	0.10000000000000001	0.5776046136248183	0.57515178121022537	0.0054341313638380231	0	0.00242365009672374	0.015355999284998881	6.0764395254011432e-19	1.1060275177868301e-05	0.026660151063961145	3.5530688620383644e-24	0	1.0057924928928311e-05	7.5490530582142778e-11	1.0057998242944683e-05	0-(0)->1	nan	nan	nan	nan	nan	nan	nan	nan	nan	nan	nan	nan	nan	nan	nan	nan	nan	nan	nan	nan	nan	nan	nan	nan	nan	nan	nan	nan	nan	nan	nan	nan	nan	nan	nan	nan	nan	nan	nan	nan	nan	nan	nan	nan	nan	nan	nan	nan	nan	nan	nan	nan	nan	nan	nan	nan	nan	nan	nan	nan	nan	nan	nan	nan	nan	nan	nan	nan	nan	nan	nan	nan	nan	nan	nan	nan	nan	nan	nan	nan	nan	nan	nan	nan	nan	nan	nan	nan	nan	nan	nan	nan	nan	nan	nan	nan	nan	nan	nan	nan	nan	nan	nan	nan	nan	nan	nan	nan	nan	nan	nan	nan	nan	nan	nan	nan	nan	nan	nan	nan	nan	nan	nan	nan	nan	nan	nan	nan	nan	nan	nan	nan	nan	nan	nan	nan	nan	nan	nan	nan	nan	nan	nan	nan	nan	nan	nan	nan	single_step	1.005799824294468e-05	typeI_mH220-500/random_20260830_123811.md
2.331352032770375e+02	4.661188656321619e+02	2.374947936061449e+02	6.230943566986758e+03	9.994981896798902e-01	7.942531958965619e+00	2.860407295122375e-16	-1.554357212301428e+01	success	0	0	0	true	2.543401034643346e-01	true	1.526978585282053e+01	true	3.304759340000000e-04	3.475535160000000e-09	9.505291445217638e-01	7.753203284490047e-03	true	4.837365707892714e+00	8.034459332452035e+01	2.493762282880467e+00	2.316383702027018e-01	true	true	7.699093395057122e-01	2.284092126162139e-01	7.567568211750012e-03	2.643950275023855e-02	3.873145451229886e+00	3.164811371511726e-01	1.351442652020131e-02	3.939641375549716e-02	CMS:2012qwq	ATLAS:2020tlo	ATLAS:2020gxx	CMS:2020imj	LHC8 [vbfH;HW;Htt;H;HZ]>[bb;tautau;WW;ZZ;gamgam]	LHC13 [ggH>ZZ]	LHC13 [ggH]->X1->Z(X2->[bb])	LHC13 [Hpmtb>tb]	1.562239939156314e+00	true	all checks passed	1	4.791266779826576e+00	2.547944882987590e-01	5.530480024126772e-01	2.556897593425789e+00	-2.759482203923278e+00	6.230943566986758e+03	7.942531958965619e+00	10182.556454565263	2357.1014666021824	36.517416367173283	-0.32905082580038542	-0.16121486285976294	-0.2319213233977668	0	-0.0011955817942520546	0	-1.1641532182693481e-09	0	success	non_bfb	success	success	489.05000000000001	success	157.42419102706447	0	0	0	0	6.3092543601006756e-09	13.088298743752764	82.904823320366802	1.5891086349354306e-11	success	success	157.2110848874479	0	0	0	0	3.6169331927438824e-09	14.036950759233006	89.020752565504552	4.9619439815207921e-11	success	157.21885323388281	0	0	0	0	3.6146614021540602e-09	14.007622456841895	88.831008580887925	2.2947125144245701e-09	success	157.17181367409438	0	0	0	0	-1.0966744096984193e-08	14.180882619525885	89.952609643849513	1.4964715965043078e-09	success	157.1681336976913	0	0	0	0	2.9721369515660612e-09	14.194021445494414	90.037730126244469	4.8560347521575659e-09	success	157.17181367409438	157.17181367409438	0.94999999999999996	0.00061605729553877307	108057.31614487976	0	0.00097966509827767268	0.10000000000000001	0.57774825484020331	0.57738877894666263	0.31225613629645649	0	0.1394609938814802	0.88891542109812915	3.1024078572810745e-25	5.7440029999637864e-05	1.5340709326962823	1.2944915750980846e-31	0	2.8601428184675583e-16	4.9707706346240672e-20	2.8604072951223752e-16	0-(0)->1	nan	nan	nan	nan	nan	nan	nan	nan	nan	nan	nan	nan	nan	nan	nan	nan	nan	nan	nan	nan	nan	nan	nan	nan	nan	nan	nan	nan	nan	nan	nan	nan	nan	nan	nan	nan	nan	nan	nan	nan	nan	nan	nan	nan	nan	nan	nan	nan	nan	nan	nan	nan	nan	nan	nan	nan	nan	nan	nan	nan	nan	nan	nan	nan	nan	nan	nan	nan	nan	nan	nan	nan	nan	nan	nan	nan	nan	nan	nan	nan	nan	nan	nan	nan	nan	nan	nan	nan	nan	nan	nan	nan	nan	nan	nan	nan	nan	nan	nan	nan	nan	nan	nan	nan	nan	nan	nan	nan	nan	nan	nan	nan	nan	nan	nan	nan	nan	nan	nan	nan	nan	nan	nan	nan	nan	nan	nan	nan	nan	nan	nan	nan	nan	nan	nan	nan	nan	nan	nan	nan	nan	nan	nan	nan	nan	nan	nan	nan	single_step	2.860407295122375e-16	typeI_mH220-500/random_20260830_123811.md
3.334623100159828e+02	5.191641504062520e+02	5.323496707716134e+02	1.323213407039650e+04	9.991876968395971e-01	8.203907646352070e+00	4.969996994301418e-08	-7.303643873914294e+00	success	0	0	0	true	2.450350805845419e-01	true	1.409477849663498e+01	true	3.315830240000000e-04	3.460560230000000e-09	8.403076259960579e-01	1.326022088619502e-03	true	5.580036357331554e+00	8.038223481234814e+01	2.495689767494049e+00	2.313783505877417e-01	true	true	7.706636942448110e-01	2.755624981091628e-01	6.190507172245219e-03	1.474860214130333e-03	3.876940346909719e+00	2.229352650406702e-01	1.153491796511093e-02	1.191509019126167e-03	CMS:2012qwq	CMS:2024phk	ATLAS:2022enb	ATLAS:2021upq	LHC8 [vbfH;HW;Htt;H;HZ]>[bb;tautau;WW;ZZ;gamgam]	LHC13 [H]->X1->(X2->[bb])(X3->[bb; tautau; gamgam; WW])	LHC13 [H]->X1->Z(X2->[bb])	LHC13 [Hpmtb>tb]	3.524066201783000e+00	true	all checks passed	1	2.275956100399278e+00	2.454728417673168e-01	6.485296453019954e+00	-3.091625631698934e+00	-2.633407742096193e+00	1.323213407039650e+04	8.203907646352070e+00	4757.7937927569437	7804.5781558335584	-836.24877019357086	10.334516239043346	-0.60254510325065236	-0.79671286533034058	0	-0.074794681502404897	0	0	0	success	non_bfb	success	success	422.69900000000001	success	159.29252988216336	0	0	0	0	2.3240907413436986e-09	26.385068296095664	195.35141314592889	-2.6401103959322728e-09	success	success	152.81333605287892	0	0	0	0	-4.6759100017992579e-09	27.493463517284461	207.2809240071596	4.9395558447489381e-09	success	153.05022772030256	0	0	0	0	1.0037969043605099e-09	27.463686661710735	206.9414653985103	-5.3229226724568627e-09	success	152.16061366939124	0	0	0	0	5.0895685030741317e-09	27.572559035713681	208.18910892423429	-3.3432551687901525e-09	success	152.06968398483417	0	0	0	0	5.7352454665616128e-09	27.583051348409032	208.3106622778233	-9.2050656635051427e-10	success	152.16061184857142	152.16061184857142	0.94999999999999996	0.0026713134255387143	4242.2606615600562	0	0.004218357911579913	0.10000000000000001	0.57799580158566433	0.57697512783350269	0.011866609837063792	0	0.0052838359627489038	0.033641484383184594	1.1212381653970926e-20	9.3939973441626649e-06	0.05812219559023795	2.9343915788911584e-26	0	4.9699705887171936e-08	2.9501914631747133e-13	4.9699969943014183e-08	0-(0)->1	nan	nan	nan	nan	nan	nan	nan	nan	nan	nan	nan	nan	nan	nan	nan	nan	nan	nan	nan	nan	nan	nan	nan	nan	nan	nan	nan	nan	nan	nan	nan	nan	nan	nan	nan	nan	nan	nan	nan	nan	nan	nan	nan	nan	nan	nan	nan	nan	nan	nan	nan	nan	nan	nan	nan	nan	nan	nan	nan	nan	nan	nan	nan	nan	nan	nan	nan	nan	nan	nan	nan	nan	nan	nan	nan	nan	nan	nan	nan	nan	nan	nan	nan	nan	nan	nan	nan	nan	nan	nan	nan	nan	nan	nan	nan	nan	nan	nan	nan	nan	nan	nan	nan	nan	nan	nan	nan	nan	nan	nan	nan	nan	nan	nan	nan	nan	nan	nan	nan	nan	nan	nan	nan	nan	nan	nan	nan	nan	nan	nan	nan	nan	nan	nan	nan	nan	nan	nan	nan	nan	nan	nan	nan	nan	nan	nan	nan	nan	single_step	4.969996994301418e-08	typeI_mH220-500/random_20260830_123811.md
2.981520000000000e+02	4.295310000000000e+02	4.395360000000000e+02	7.629560000000000e+03	9.993300000000001e-01	1.127000000000000e+01	4.518354737072078e-20	-1.934501967551723e+01	success	0	0	0	true	2.517872382296678e-01	true	1.948345889459692e+01	true	3.318807050000000e-04	3.456820360000000e-09	8.118289786621213e-01	5.531190312675613e-04	true	1.560195224761560e+00	8.037249062264976e+01	2.495146582606003e+00	2.314326887140818e-01	true	true	7.700712901173591e-01	1.151550432301540e-01	2.241224238958209e-02	1.218447601933684e-03	1.259856473896165e+00	7.005995960703452e-02	1.442643314035312e-02	8.811631121828519e-04	ATLAS:2014vuz	CMS:2024phk	ATLAS:2022enb	ATLAS:2021upq	LHC8 [HW;HZ]>[bb]	LHC13 [H]->X1->(X2->[bb])(X3->[bb; tautau; gamgam; WW])	LHC13 [H]->X1->Z(X2->[bb])	LHC13 [Hpmtb>tb]	3.139258487639694e+00	true	all checks passed	1	5.737601778116877e+00	2.522370623077225e-01	4.240409350820942e+00	-1.904038433458314e+00	-1.616675906688534e+00	7.629560000000000e+03	1.127000000000000e+01	8868.4432101900093	3676.2366028184897	-408.44989389477394	9.6354694624970971	-0.20852518486040461	-0.47177100515711273	0	-0.027398267033651936	0	0	0	success	non_bfb	success	success	290.82600000000002	success	210.51796764336325	0	0	0	0	2.5809597514923324e-08	9.3105191160291554	67.007913894164417	6.643984445345404e-09	success	success	210.3543706772378	0	0	0	0	-1.8374082168405363e-08	9.8990072874611581	71.480546021336394	1.684970710305269e-08	success	210.35950914196624	0	0	0	0	1.3119655042226575e-08	9.8827937585810002	71.356577610968003	-1.3662132389381753e-08	success	210.32079664965585	0	0	0	0	3.1041076648749288e-09	10.002054991110212	72.269489841425383	-1.3833968764340992e-08	success	210.31784455872855	0	0	0	0	-3.0201192301493716e-09	10.010907503203027	72.337348610881534	2.1337930609439335e-08	success	210.32079664965585	210.32079664965585	0.94999999999999996	0.00011074470056306682	179924.31141007892	0	0.00017702958647097092	0.10000000000000001	0.57799430100046656	0.57792132374824978	0.69603281466884093	0	0.31149381443611551	1.9882832758339086	5.3546101393413894e-28	2.3128957068957861e-05	3.4264319587972705	4.9079471393686703e-35	0	4.5179136570749456e-20	8.4378221980152977e-24	4.5183547370720777e-20	0-(0)->1	nan	nan	nan	nan	nan	nan	nan	nan	nan	nan	nan	nan	nan	nan	nan	nan	nan	nan	nan	nan	nan	nan	nan	nan	nan	nan	nan	nan	nan	nan	nan	nan	nan	nan	nan	nan	nan	nan	nan	nan	nan	nan	nan	nan	nan	nan	nan	nan	nan	nan	nan	nan	nan	nan	nan	nan	nan	nan	nan	nan	nan	nan	nan	nan	nan	nan	nan	nan	nan	nan	nan	nan	nan	nan	nan	nan	nan	nan	nan	nan	nan	nan	nan	nan	nan	nan	nan	nan	nan	nan	nan	nan	nan	nan	nan	nan	nan	nan	nan	nan	nan	nan	nan	nan	nan	nan	nan	nan	nan	nan	nan	nan	nan	nan	nan	nan	nan	nan	nan	nan	nan	nan	nan	nan	nan	nan	nan	nan	nan	nan	nan	nan	nan	nan	nan	nan	nan	nan	nan	nan	nan	nan	nan	nan	nan	nan	nan	nan	single_step	4.518354737072078e-20	typeI_mH220-500/random_20260826_184030.md
2.458250000000000e+02	3.826830000000000e+02	3.782690000000000e+02	1.175260000000000e+04	9.990090000000000e-01	3.927360000000000e+00	1.194909174674581e-17	-1.692266510428632e+01	success	0	0	0	true	2.544339835658771e-01	true	1.233697332801285e+01	true	3.271229240000000e-04	3.518847170000000e-09	1.325779651827637e+00	5.636067558869125e-02	true	6.111118447933487e-01	8.035642237986534e+01	2.494155602763691e+00	2.315182754051377e-01	true	true	7.724050722292206e-01	8.382085682786875e-01	3.215050260627091e-01	7.445006891898778e-02	1.263674601568271e+00	1.453148854279507e+00	3.463544194387528e-01	4.852959956946693e-02	ATLAS:2014vuz	ATLAS:2020tlo	ATLAS:2020gxx	ATLAS:2021upq	LHC8 [HW;HZ]>[bb]	LHC13 [ggH>ZZ]	LHC13 [ggH]->X1->Z(X2->[bb])	LHC13 [Hpmtb>tb]	4.767695494230253e+00	true	all checks passed	1	3.370829482646286e+00	2.548885361194062e-01	3.300205067116761e+00	-1.496784477025489e+00	-1.607791223274415e+00	1.175260000000000e+04	3.927360000000000e+00	7648.1555744194566	2404.0851520277802	-231.87348693311043	-0.11684539174971233	-0.11596591513318594	-0.18445761590501403	0	0.0028228563734050407	0	0	0	success	ew_sym_res	success	success	250.78800000000001	success	160.25232770071182	2.1489174983087491e-09	2.7958342392427255e-08	1.1324147139243567e-08	-6.4454718109483052e-09	3.4390096729077666e-09	21.035876503109062	69.856511484085061	-5.8026817061639702e-10	success	success	160.12106062495491	2.1489174983087491e-09	2.7958342392427255e-08	1.1324147139243567e-08	-6.4454718109483052e-09	3.5740881482879109e-10	22.597941254522262	75.108243302323871	-2.7683135292996027e-09	success	160.12581763926647	2.1489174983087491e-09	2.7958342392427255e-08	1.1324147139243567e-08	-6.4454718109483052e-09	-2.4683962962394516e-09	22.549574009575291	74.945315333671488	2.5930489120904212e-10	success	160.09496669912147	2.1489174983087491e-09	2.7958342392427255e-08	1.1324147139243567e-08	-6.4454718109483052e-09	-3.524309915014556e-10	22.855498627370793	75.976200869009276	4.9526675982752718e-10	success	160.0926173165866	2.1489174983087491e-09	2.7958342392427255e-08	1.1324147139243567e-08	-6.4454718109483052e-09	-4.2932381796874756e-11	22.878071466124329	76.052299729306327	-1.4058391191595047e-10	success	160.09496669912147	160.09496669912147	0.94999999999999996	0.00046960256074012237	172235.87813733413	0	0.0007460936822740596	0.10000000000000001	0.57751818806519661	0.5772448052562964	0.50700558561676423	0	0.22675592095122696	1.4447694354184744	5.4806417785878073e-26	7.1164739191041342e-05	2.4943151304634967	1.7126585648706543e-32	0	1.1946967659737017e-17	4.0447473471005323e-21	1.1949091746745814e-17	0-(0)->1	nan	nan	nan	nan	nan	nan	nan	nan	nan	nan	nan	nan	nan	nan	nan	nan	nan	nan	nan	nan	nan	nan	nan	nan	nan	nan	nan	nan	nan	nan	nan	nan	nan	nan	nan	nan	nan	nan	nan	nan	nan	nan	nan	nan	nan	nan	nan	nan	nan	nan	nan	nan	nan	nan	nan	nan	nan	nan	nan	nan	nan	nan	nan	nan	nan	nan	nan	nan	nan	nan	nan	nan	nan	nan	nan	nan	nan	nan	nan	nan	nan	nan	nan	nan	nan	nan	nan	nan	nan	nan	nan	nan	nan	nan	nan	nan	nan	nan	nan	nan	nan	nan	nan	nan	nan	nan	nan	nan	nan	nan	nan	nan	nan	nan	nan	nan	nan	nan	nan	nan	nan	nan	nan	nan	nan	nan	nan	nan	nan	nan	nan	nan	nan	nan	nan	nan	nan	nan	nan	nan	nan	nan	nan	nan	nan	nan	nan	nan	single_step	1.194909174674581e-17	typeI_mH220-500/random_20260828_001210.md
2.434670000000000e+02	4.092340000000000e+02	3.924360000000000e+02	9.306330000000000e+03	9.996790000000000e-01	5.508140000000000e+00	6.578175472061274e-16	-1.518189454594435e+01	success	0	0	0	true	2.550003480240536e-01	true	1.342298236570977e+01	true	3.298264120000000e-04	3.483452990000000e-09	1.018355891395415e+00	1.330680784708800e-02	true	5.998506241524654e+00	8.034160270112649e+01	2.493360948788800e+00	2.315969852977771e-01	true	true	7.710958503823797e-01	4.332414406540489e-01	4.468969590463852e-01	1.633466034606184e-02	1.261532680890697e+00	7.882316000088736e-01	3.381253361555837e-01	1.103017666374470e-02	ATLAS:2014vuz	ATLAS:2020tlo	ATLAS:2020gxx	ATLAS:2021upq	LHC8 [HW;HZ]>[bb]	LHC13 [ggH>ZZ]	LHC13 [ggH]->X1->Z(X2->[bb])	LHC13 [Hpmtb>tb]	3.674388813705804e+00	true	all checks passed	1	3.617426786152067e+00	2.554559124015814e-01	3.591706626577819e+00	-1.447376453463363e+00	-1.892430741916004e+00	9.306330000000000e+03	5.508140000000000e+00	9456.6562416125234	3155.4767599219736	-71.881882275989923	-0.22416157285719665	-0.15151553620077035	-0.26182814651690656	0	0.020596095866550083	0	0	0	success	non_bfb	success	success	134.93299999999999	success	162.75719554042183	0	0	0	0	-1.4674693390147502e-09	18.804474891379545	89.764933573175981	2.0002704532966695e-09	success	success	162.4990535258126	0	0	0	0	-4.8781855838371129e-11	20.21432670388732	96.534072523763413	1.584528474194822e-09	success	162.50833701565986	0	0	0	0	4.8664784560518104e-09	20.171564169493465	96.328318093815852	4.0462063507644976e-09	success	162.45230820704927	0	0	0	0	3.7442551183573453e-09	20.423356887147783	97.540269971605696	-3.0824399159641647e-09	success	162.44788601415314	0	0	0	0	-4.4142034650276435e-09	20.442603855388299	97.632955632149134	-2.1231373477872689e-09	success	162.45230790805846	162.45230790805846	0.94999999999999996	0.00065748051241846291	92951.346777173108	0	0.0010442776369057973	0.10000000000000001	0.57762963318292437	0.57724916766478807	0.27766105751227532	0	0.12400087648697923	0.79007759637068298	5.043482175239891e-25	5.4472552820553525e-05	1.3640096413567715	2.2637160937139138e-31	0	6.5776527709332357e-16	9.7762781751494478e-20	6.5781754720612738e-16	0-(0)->1	nan	nan	nan	nan	nan	nan	nan	nan	nan	nan	nan	nan	nan	nan	nan	nan	nan	nan	nan	nan	nan	nan	nan	nan	nan	nan	nan	nan	nan	nan	nan	nan	nan	nan	nan	nan	nan	nan	nan	nan	nan	nan	nan	nan	nan	nan	nan	nan	nan	nan	nan	nan	nan	nan	nan	nan	nan	nan	nan	nan	nan	nan	nan	nan	nan	nan	nan	nan	nan	nan	nan	nan	nan	nan	nan	nan	nan	nan	nan	nan	nan	nan	nan	nan	nan	nan	nan	nan	nan	nan	nan	nan	nan	nan	nan	nan	nan	nan	nan	nan	nan	nan	nan	nan	nan	nan	nan	nan	nan	nan	nan	nan	nan	nan	nan	nan	nan	nan	nan	nan	nan	nan	nan	nan	nan	nan	nan	nan	nan	nan	nan	nan	nan	nan	nan	nan	nan	nan	nan	nan	nan	nan	nan	nan	nan	nan	nan	nan	single_step	6.578175472061274e-16	typeI_mH220-500/random_20260902_194953.md
3.356950000000000e+02	4.680360000000000e+02	4.797830000000000e+02	1.470300000000000e+04	9.991920000000000e-01	7.227260000000000e+00	7.534356041358620e-18	-1.712295386075290e+01	success	0	0	0	true	2.438668228706499e-01	true	1.755355896876255e+01	true	3.266179780000000e-04	3.123808890000000e-09	1.387686728001342e+00	1.265168136064590e+00	true	2.164838033062454e+00	8.037448013639350e+01	2.495254934623332e+00	2.314231968506707e-01	true	true	7.715281695901336e-01	3.778362410529477e-01	3.660835992481146e-02	6.221034290622912e-03	3.881289220964925e+00	3.245613820410750e-01	4.142211059096992e-02	4.849112053730133e-03	CMS:2012qwq	CMS:2024phk	ATLAS:2022enb	ATLAS:2021upq	LHC8 [vbfH;HW;Htt;H;HZ]>[bb;tautau;WW;ZZ;gamgam]	LHC13 [H]->X1->(X2->[bb])(X3->[bb; tautau; gamgam; WW])	LHC13 [H]->X1->Z(X2->[bb])	LHC13 [Hpmtb>tb]	3.204418086093426e+00	true	all checks passed	1	4.849425530073434e+00	2.443024969323585e-01	4.675906119572530e+00	-2.198244632179123e+00	-1.830274845907723e+00	1.470300000000000e+04	7.227260000000000e+00	5868.8791935898917	3805.1280008559629	-809.45652524443881	5.0801308103381224	-0.28057670488561365	-0.5762451411538897	0	-0.0437400066379535	0	0	0	success	non_bfb	success	success	192.69800000000001	success	199.08416136728553	0	0	0	0	1.4175722705433116e-08	15.216006140939113	84.906187993660126	1.7977075214004208e-08	success	success	198.81236989182835	0	0	0	0	1.8055444079753749e-09	16.248565721385368	90.975103846211539	-1.352378630830117e-08	success	198.82124271349852	0	0	0	0	1.4527457658566768e-08	16.219741524226148	90.804651141511627	-6.4375488918549573e-09	success	198.76066962586262	0	0	0	0	-3.8978579565817725e-09	16.411794126913513	91.941540154835764	-3.595337695983293e-09	success	198.75590574019233	0	0	0	0	-3.0205221382957989e-09	16.426436663438995	92.028334727688048	-3.8155265990131956e-09	success	198.76067014339202	198.76067014339202	0.94999999999999996	0.00023324594708532646	105495.30504401214	0	0.00037291688304014512	0.10000000000000001	0.5781132422339027	0.57796965223140229	0.38566888929407389	0	0.17236614008419082	1.1003660995811568	1.5324334434260889e-26	2.6956323203885578e-05	1.8960275409260992	2.8170826489590241e-33	0	7.5338936081540971e-18	8.7523786577738148e-22	7.5343560413586203e-18	0-(0)->1	nan	nan	nan	nan	nan	nan	nan	nan	nan	nan	nan	nan	nan	nan	nan	nan	nan	nan	nan	nan	nan	nan	nan	nan	nan	nan	nan	nan	nan	nan	nan	nan	nan	nan	nan	nan	nan	nan	nan	nan	nan	nan	nan	nan	nan	nan	nan	nan	nan	nan	nan	nan	nan	nan	nan	nan	nan	nan	nan	nan	nan	nan	nan	nan	nan	nan	nan	nan	nan	nan	nan	nan	nan	nan	nan	nan	nan	nan	nan	nan	nan	nan	nan	nan	nan	nan	nan	nan	nan	nan	nan	nan	nan	nan	nan	nan	nan	nan	nan	nan	nan	nan	nan	nan	nan	nan	nan	nan	nan	nan	nan	nan	nan	nan	nan	nan	nan	nan	nan	nan	nan	nan	nan	nan	nan	nan	nan	nan	nan	nan	nan	nan	nan	nan	nan	nan	nan	nan	nan	nan	nan	nan	nan	nan	nan	nan	nan	nan	single_step	7.534356041358620e-18	typeI_mH220-500/random_20260825_015240.md
2.883390000000000e+02	5.179650000000000e+02	2.777880000000000e+02	1.065430000000000e+04	9.994050000000000e-01	7.242320000000000e+00	4.461117804581571e-15	-1.435055630820779e+01	success	0	0	0	true	2.498513578741510e-01	true	1.614902251023511e+01	true	3.257709750000000e-04	3.134419580000000e-09	1.494702499863234e+00	1.184197401752396e+00	true	1.154735583028546e+00	8.037160697571609e+01	2.495286034708196e+00	2.314943275414040e-01	true	true	7.707875768573772e-01	4.310126168718896e-01	1.462938567619208e-03	6.808295562455412e-02	3.877563557140752e+00	3.048365154580514e-01	2.493980486715205e-03	5.075262228469841e-02	CMS:2012qwq	CMS:2024phk	ATLAS:2020gxx	ATLAS:2021upq	LHC8 [vbfH;HW;Htt;H;HZ]>[bb;tautau;WW;ZZ;gamgam]	LHC13 [H]->X1->(X2->[bb])(X3->[bb; tautau; gamgam; WW])	LHC13 [ggH]->X1->Z(X2->[bb])	LHC13 [Hpmtb>tb]	1.192745260342321e+00	true	all checks passed	1	4.652800942411632e+00	2.502977234544588e-01	4.111164528776324e-01	3.182437079501880e+00	-3.133960841081106e+00	1.065430000000000e+04	7.242320000000000e+00	17479.144153093177	3054.5637750566484	977.80250507539574	-6.1546905671838399	-0.23789341955456766	-0.45114632899835572	0	0.21237344005333619	0	0	0	success	non_bfb	success	success	201.36799999999999	success	156.32534219538866	0	0	0	0	-3.0960258665078756e-09	15.541714893967134	94.986514611535597	2.870807117425368e-09	success	success	156.00241051922364	0	0	0	0	-4.499098098960316e-09	16.662319138748597	102.03181206355143	4.4234985987956112e-09	success	156.01419686566311	0	0	0	0	3.5876981977739935e-09	16.627925457306532	101.81462073664352	3.8096715411142259e-09	success	155.94667434281874	0	0	0	0	-2.2306055589494658e-09	16.820289504693601	103.03020640432854	-4.381701763663759e-09	success	155.94126270462485	0	0	0	0	1.1014055758110221e-10	16.835233322197361	103.12472529635633	-1.1765010307872398e-10	success	155.94667243716725	155.94667243716725	0.94999999999999996	0.000803404994013641	72993.456782703477	0	0.0012783276967786548	0.10000000000000001	0.57795592916846361	0.57750130406133415	0.20928073933156771	0	0.093402730342451029	0.59552284875608563	1.4916093666595884e-24	5.0178747053139333e-05	1.0274300337669613	8.2239762663801387e-31	0	4.4608617558585104e-15	4.7151465761019484e-19	4.4611178045815714e-15	0-(0)->1	nan	nan	nan	nan	nan	nan	nan	nan	nan	nan	nan	nan	nan	nan	nan	nan	nan	nan	nan	nan	nan	nan	nan	nan	nan	nan	nan	nan	nan	nan	nan	nan	nan	nan	nan	nan	nan	nan	nan	nan	nan	nan	nan	nan	nan	nan	nan	nan	nan	nan	nan	nan	nan	nan	nan	nan	nan	nan	nan	nan	nan	nan	nan	nan	nan	nan	nan	nan	nan	nan	nan	nan	nan	nan	nan	nan	nan	nan	nan	nan	nan	nan	nan	nan	nan	nan	nan	nan	nan	nan	nan	nan	nan	nan	nan	nan	nan	nan	nan	nan	nan	nan	nan	nan	nan	nan	nan	nan	nan	nan	nan	nan	nan	nan	nan	nan	nan	nan	nan	nan	nan	nan	nan	nan	nan	nan	nan	nan	nan	nan	nan	nan	nan	nan	nan	nan	nan	nan	nan	nan	nan	nan	nan	nan	nan	nan	nan	nan	single_step	4.461117804581571e-15	typeI_mH220-500/random_20260825_015240.md
2.714990000000000e+02	5.153480000000000e+02	5.111060000000000e+02	1.120270000000000e+04	9.998950000000000e-01	6.476680000000000e+00	7.479289958454874e-05	-4.126139629643804e+00	success	0	0	0	true	3.196012244432363e-02	true	1.046709661467949e+01	true	3.264172090000000e-04	3.126151460000000e-09	1.412693765511586e+00	1.247061556006321e+00	true	1.036357458380774e+00	8.035439277701478e+01	2.494082604191696e+00	2.315229735089056e-01	true	true	7.682130784046887e-01	6.438966236285464e-01	1.110962072687162e-01	2.336620255305907e-03	3.864612153047342e+00	6.419682355433985e-01	1.127556043318796e-01	1.915507004345509e-03	CMS:2012qwq	CMS:2024phk	ATLAS:2020gxx	ATLAS:2021upq	LHC8 [vbfH;HW;Htt;H;HZ]>[bb;tautau;WW;ZZ;gamgam]	LHC13 [H]->X1->(X2->[bb])(X3->[bb; tautau; gamgam; WW])	LHC13 [ggH]->X1->Z(X2->[bb])	LHC13 [Hpmtb>tb]	3.502509140716057e+00	true	all checks passed	1	3.201721998709951e-02	2.538719605313345e-01	6.534329672371084e+00	-3.017204117924906e+00	-3.161107147470811e+00	1.120270000000000e+04	6.476680000000000e+00	10907.17905230318	9605.2569653838491	146.05510757285899	0.23609114850325427	-0.62589063103780873	-0.6022411780485929	0	0.017347798544275525	0	-2.3283064365386963e-09	0	success	ew_sym_res	success	success	208.892	success	122.75238348117801	1.4935609003872535e-09	-7.1684605366542966e-10	-2.9024306613548746e-09	-6.345151543777927e-10	1.1216235631718346e-09	34.045720690018868	210.27232243847726	-7.8650219290623431e-10	success	success	111.67309158787235	1.4935609003872535e-09	-7.1684605366542966e-10	-2.9024306613548746e-09	-6.345151543777927e-10	3.0737239515976518e-09	35.634670164644554	223.19830559241151	-1.1846223705142092e-09	success	112.14948356590051	1.4935609003872535e-09	-7.1684605366542966e-10	-2.9024306613548746e-09	-6.345151543777927e-10	1.525490015724523e-09	35.58565870631513	222.77586033257114	3.6826183653770917e-09	success	110.80118433154962	1.4935609003872535e-09	-7.1684605366542966e-10	-2.9024306613548746e-09	-6.345151543777927e-10	2.3063923094803747e-09	35.72127056550822	223.94936076836709	2.2959612910327314e-09	success	110.64922097810745	1.4935609003872535e-09	-7.1684605366542966e-10	-2.9024306613548746e-09	-6.345151543777927e-10	2.5323612840661726e-09	35.735968374098753	224.07742951268844	-2.3918010756687953e-10	success	110.80118386936611	110.80118386936611	0.94999999999999996	0.0093856006240539708	1844.6291262803247	0	0.014416389276451447	0.10000000000000001	0.57716944034728679	0.57499324159098519	0.0037505413509043165	0	0.0016722867559673877	0.010590958579713615	2.7910435250013917e-18	1.0268044657169541e-05	0.018395154315641267	2.2099533031446655e-23	0	7.4792254338576768e-05	6.5357469968823335e-10	7.4792899584548737e-05	0-(0)->1	nan	nan	nan	nan	nan	nan	nan	nan	nan	nan	nan	nan	nan	nan	nan	nan	nan	nan	nan	nan	nan	nan	nan	nan	nan	nan	nan	nan	nan	nan	nan	nan	nan	nan	nan	nan	nan	nan	nan	nan	nan	nan	nan	nan	nan	nan	nan	nan	nan	nan	nan	nan	nan	nan	nan	nan	nan	nan	nan	nan	nan	nan	nan	nan	nan	nan	nan	nan	nan	nan	nan	nan	nan	nan	nan	nan	nan	nan	nan	nan	nan	nan	nan	nan	nan	nan	nan	nan	nan	nan	nan	nan	nan	nan	nan	nan	nan	nan	nan	nan	nan	nan	nan	nan	nan	nan	nan	nan	nan	nan	nan	nan	nan	nan	nan	nan	nan	nan	nan	nan	nan	nan	nan	nan	nan	nan	nan	nan	nan	nan	nan	nan	nan	nan	nan	nan	nan	nan	nan	nan	nan	nan	nan	nan	nan	nan	nan	nan	single_step	7.479289958454874e-05	typeI_mH220-500/random_20260825_015240.md
1.138230000000000e+02	2.090080000000000e+02	1.970100000000000e+02	7.056609999999999e+02	1.841600000000000e-02	1.754070000000000e+01	8.247908595856280e-26	-2.508365616059253e+01	success	0	0	0	true	2.576572285150724e-01	true	9.478509228642146e+00	true	3.319753480000000e-04	3.455903310000000e-09	8.028774950723128e-01	4.143765630927774e-04	true	1.192119466247930e+00	8.035380866508839e+01	2.494052676188683e+00	2.315271410848823e-01	true	true	7.700816761387649e-01	7.637823088822755e-01	1.300238373303402e-01	8.709878025512766e-04	1.259668897233023e+00	3.842322496407769e+00	1.802337059407607e-01	1.145647671150008e-03	ATLAS:2014vuz	CMS:2012qwq	CMS:2019qcx	ATLAS:2021upq	LHC8 [HW;HZ]>[bb]	LHC8 [vbfH;HW;Htt;H;HZ]>[bb;tautau;WW;ZZ;gamgam]	LHC13 [ggH]->X1->Z(X2->[bb])	LHC13 [Hpmtb>tb]	4.397368120302644e+00	true	all checks passed	1	3.024840981498841e+00	2.581175394747772e-01	1.135810345395553e+00	-3.556665726566686e-01	-5.166621428860296e-01	7.056609999999999e+02	1.754070000000000e+01	2533.8200306875069	-557.93405121337742	20.730308913027763	-2.0828866153104606	-0.01567046921996167	0.049811578869809664	0	-0.0079512446264090719	0	0	0	success	ew_sym_res	success	success	529.66300000000001	success	157.3895145394489	-1.0196084647826158e-08	-5.0845540974613079e-08	3.9144813643643403e-09	-1.0195913310605522e-08	4.5899895348469206e-08	1.7183296984725038	23.082054110925871	3.476308044481997e-09	success	success	157.37934430397803	-1.0196084647826158e-08	-5.0845540974613079e-08	3.9144813643643403e-09	-1.0195913310605522e-08	-1.5121284200126838e-08	1.789695246569923	24.039421023738285	-6.2451159004850854e-08	success	157.37968923926525	-1.0196084647826158e-08	-5.0845540974613079e-08	3.9144813643643403e-09	-1.0195913310605522e-08	1.5158406978106404e-07	1.7874789453361228	24.009688385593602	-1.178985632474671e-08	success	157.37675997196678	-1.0196084647826158e-08	-5.0845540974613079e-08	3.9144813643643403e-09	-1.0195913310605522e-08	1.3266810230780111e-07	1.8063013050988608	24.262192282356793	-8.1700536550312683e-08	success	157.37656836650939	-1.0196084647826158e-08	-5.0845540974613079e-08	3.9144813643643403e-09	-1.0195913310605522e-08	1.6053906307927069e-07	1.8074733975339823	24.277916881004	3.3104940787557839e-08	success	157.37675997196678	157.37675997196678	0.94999999999999996	5.540367467342841e-05	1993294.3831653693	0	8.8200988659030243e-05	0.10000000000000001	0.57743414355721345	0.57740143202148342	5.7676156154063234	0	2.7011390199448431	17.21747135844841	6.3043695240285362e-31	0.00010013529547376651	29.712529219393275	2.2706809509804357e-38	0	8.2244259649962486e-26	4.5018308904214549e-28	8.2479085958562797e-26	0-(0)->1	nan	nan	nan	nan	nan	nan	nan	nan	nan	nan	nan	nan	nan	nan	nan	nan	nan	nan	nan	nan	nan	nan	nan	nan	nan	nan	nan	nan	nan	nan	nan	nan	nan	nan	nan	nan	nan	nan	nan	nan	nan	nan	nan	nan	nan	nan	nan	nan	nan	nan	nan	nan	nan	nan	nan	nan	nan	nan	nan	nan	nan	nan	nan	nan	nan	nan	nan	nan	nan	nan	nan	nan	nan	nan	nan	nan	nan	nan	nan	nan	nan	nan	nan	nan	nan	nan	nan	nan	nan	nan	nan	nan	nan	nan	nan	nan	nan	nan	nan	nan	nan	nan	nan	nan	nan	nan	nan	nan	nan	nan	nan	nan	nan	nan	nan	nan	nan	nan	nan	nan	nan	nan	nan	nan	nan	nan	nan	nan	nan	nan	nan	nan	nan	nan	nan	nan	nan	nan	nan	nan	nan	nan	nan	nan	nan	nan	nan	nan	single_step	8.247908595856280e-26	typeI_mH62-125/random_20260831_095826.md
1.230270000000000e+02	2.233120000000000e+02	1.522590000000000e+02	1.731050000000000e+03	4.472960000000000e-02	8.219820000000000e+00	1.340753124243234e-25	-2.487265118236414e+01	success	0	0	0	true	2.578020043753966e-01	true	3.752733464213255e+00	true	3.299638120000000e-04	3.482116970000000e-09	1.003812890779347e+00	1.226515769299527e-02	true	7.083502420777862e+00	8.034014955914213e+01	2.493397043980772e+00	2.316324604447401e-01	true	true	7.560270826396522e-01	7.567416182030864e-01	5.391881357386903e-01	2.208555494563647e-01	2.250158478706518e+00	3.806903236400967e+00	6.529732480438865e-01	1.890667414495373e-01	CMS:2013zmy	CMS:2012qwq	CMS:2019qcx	ATLAS:2018gfm	LHC8 [ggH;vbfH;HW;HZ]>[WW]	LHC8 [vbfH;HW;Htt;H;HZ]>[bb;tautau;WW;ZZ;gamgam]	LHC13 [ggH]->X1->Z(X2->[bb])	LHC13 [Hpmtb>taunu]	4.060877713197186e+00	true	all checks passed	1	1.042433355717659e+00	2.582625739807276e-01	5.385447241214227e-01	2.964861727293984e-01	-5.854441023383525e-01	1.731050000000000e+03	8.219820000000000e+00	-234.5674929715957	-732.37521791998245	-133.52932241578219	1.1938687343060388	-0.018431458416147923	0.033536131147804252	0	-0.036510226032789229	0	0	0	success	ew_sym_res	success	success	506.41199999999998	success	151.94654863112356	-2.5664473444172013e-08	7.5434117476780592e-08	-2.3012507145268037e-08	-2.5663036423567065e-08	1.1927512236070798e-08	3.5744582749363101	22.513021840942208	2.9518767231851466e-08	success	success	151.93721266857381	-2.5664473444172013e-08	7.5434117476780592e-08	-2.3012507145268037e-08	-2.5663036423567065e-08	9.6255075570165966e-09	3.7247356138030594	23.461744707786206	2.5607884166982338e-08	success	151.93753969941741	-2.5664473444172013e-08	7.5434117476780592e-08	-2.3012507145268037e-08	-2.5663036423567065e-08	1.3835170135843487e-08	3.7198614606453262	23.430966980229968	-1.619377850046777e-08	success	151.93483402123331	-2.5664473444172013e-08	7.5434117476780592e-08	-2.3012507145268037e-08	-2.5663036423567065e-08	-1.3389595860788562e-08	3.7596093445959058	23.68196611302103	-1.5391854388738336e-08	success	151.93465246828453	-2.5664473444172013e-08	7.5434117476780592e-08	-2.3012507145268037e-08	-2.5663036423567065e-08	-3.7421822662861858e-08	3.7622272320222701	23.698498499754557	2.0103926023542065e-08	success	151.93483502010531	151.93483502010531	0.94999999999999996	6.3151704050374403e-05	1993086.6081045421	0	0.00010042595125692984	0.10000000000000001	0.57730482717875076	0.57726856895637002	5.5668303186372547	0	2.6174852305349621	16.678302135976455	9.3201494813933746e-31	0.00011054326979148642	28.792337535884585	3.79617571687115e-38	0	1.336700802533907e-25	7.7667947515923427e-28	1.3407531242432336e-25	0-(0)->1	nan	nan	nan	nan	nan	nan	nan	nan	nan	nan	nan	nan	nan	nan	nan	nan	nan	nan	nan	nan	nan	nan	nan	nan	nan	nan	nan	nan	nan	nan	nan	nan	nan	nan	nan	nan	nan	nan	nan	nan	nan	nan	nan	nan	nan	nan	nan	nan	nan	nan	nan	nan	nan	nan	nan	nan	nan	nan	nan	nan	nan	nan	nan	nan	nan	nan	nan	nan	nan	nan	nan	nan	nan	nan	nan	nan	nan	nan	nan	nan	nan	nan	nan	nan	nan	nan	nan	nan	nan	nan	nan	nan	nan	nan	nan	nan	nan	nan	nan	nan	nan	nan	nan	nan	nan	nan	nan	nan	nan	nan	nan	nan	nan	nan	nan	nan	nan	nan	nan	nan	nan	nan	nan	nan	nan	nan	nan	nan	nan	nan	nan	nan	nan	nan	nan	nan	nan	nan	nan	nan	nan	nan	nan	nan	nan	nan	nan	nan	single_step	1.340753124243234e-25	typeI_mH62-125/random_20260901_123243.md
1.062364368148188e+02	2.664711567238890e+02	8.767074038135543e+01	2.451253568774745e+03	5.928908490890852e-02	4.142073983950456e+00	1.098562092865152e-27	-2.695917539088131e+01	success	0	0	0	true	2.559737965138988e-01	true	5.335862063048227e+00	true	3.199272840000000e-04	3.623568760000000e-09	2.341337439381320e+00	3.582177698922431e-01	true	1.162457485264446e+00	8.037158938555136e+01	2.495127040283049e+00	2.315370657835802e-01	true	true	5.030799503486774e-01	7.439432536903532e-01	1.890214989191659e-01	3.641613223455702e-03	4.355197603726513e-01	3.742519126802428e+00	2.490473677081552e-01	3.122823294156961e-03	CMS:2015mca	CMS:2012qwq	CMS:2019ogx	CMS:2019bfg	2d likelihood {LHC8 [ggH>tautau]; LHC8 [bbH>tautau]}	LHC8 [vbfH;HW;Htt;H;HZ]>[bb;tautau;WW;ZZ;gamgam]	LHC13 [H]->X1->Z(X2->[bb])	LHC13 [brtHpb>taunu]	4.793932330447262e+00	true	all checks passed	1	4.508308633196660e-01	2.564310999810348e-01	1.642081732571198e-01	1.096893835194948e+00	-9.957996226262025e-01	2.451253568774745e+03	4.142073983950456e+00	-3540.2757700140742	-828.886159102443	-1017.4108095486567	1.2682703777669164	-0.021902486703173976	0.075582172424868213	0	-0.14497279758924425	0	0	0	success	ew_sym_res	success	success	385.64699999999999	success	150.20736309426275	-1.2514861397910013e-07	-1.3164080616350493e-06	-1.2526723156302828e-07	-1.2514861397910021e-07	2.3034987437375307e-09	9.4578591655410129	13.255361065450321	2.9121699639267319e-09	success	success	150.2015023997804	-1.2514861397910013e-07	-1.3164080616350493e-06	-1.2526723156302828e-07	-1.2514861397910021e-07	2.8420600732065463e-09	9.7711478229592323	13.713811486581676	-9.096564702118066e-09	success	150.20170153022804	-1.2514861397910013e-07	-1.3164080616350493e-06	-1.2526723156302828e-07	-1.2514861397910021e-07	-4.6051945993902402e-09	9.7615655059783855	13.699755992465414	-7.1657344993879236e-10	success	150.19996723001839	-1.2514861397910013e-07	-1.3164080616350493e-06	-1.2526723156302828e-07	-1.2514861397910021e-07	6.9289286550677617e-09	9.8474847310347737	13.825830526481043	8.8907474911096751e-09	success	150.19985318093643	-1.2514861397910013e-07	-1.3164080616350493e-06	-1.2526723156302828e-07	-1.2514861397910021e-07	-1.337199737551188e-09	9.8530549143342565	13.834009359174171	-2.3577698456023569e-09	success	150.19996723001839	150.19996723001839	0.94999999999999996	2.7446538694366612e-05	3322062.9574465002	0	4.3681704935354607e-05	0.10000000000000001	0.57737563694738636	0.57736040135688305	9.1723732131360709	0	4.1135449339340049	26.217474615331565	2.9637928438711749e-32	7.5535330418531689e-05	45.248994273274057	5.3684700841764809e-40	0	1.0949143568726475e-27	6.9889932265260984e-30	1.098562092865152e-27	0-(0)->1	nan	nan	nan	nan	nan	nan	nan	nan	nan	nan	nan	nan	nan	nan	nan	nan	nan	nan	nan	nan	nan	nan	nan	nan	nan	nan	nan	nan	nan	nan	nan	nan	nan	nan	nan	nan	nan	nan	nan	nan	nan	nan	nan	nan	nan	nan	nan	nan	nan	nan	nan	nan	nan	nan	nan	nan	nan	nan	nan	nan	nan	nan	nan	nan	nan	nan	nan	nan	nan	nan	nan	nan	nan	nan	nan	nan	nan	nan	nan	nan	nan	nan	nan	nan	nan	nan	nan	nan	nan	nan	nan	nan	nan	nan	nan	nan	nan	nan	nan	nan	nan	nan	nan	nan	nan	nan	nan	nan	nan	nan	nan	nan	nan	nan	nan	nan	nan	nan	nan	nan	nan	nan	nan	nan	nan	nan	nan	nan	nan	nan	nan	nan	nan	nan	nan	nan	nan	nan	nan	nan	nan	nan	nan	nan	nan	nan	nan	nan	single_step	1.098562092865152e-27	typeI_mH62-125/random_20260901_123251.md
8.300080000000000e+01	2.007430000000000e+02	1.832370000000000e+02	5.189860000000000e+02	3.845480000000000e-02	7.153410000000000e+00	1.469316853187182e-24	-2.383288453998075e+01	success	0	0	0	true	2.569792718423451e-01	true	9.401958904515187e+00	true	3.295263870000000e-04	3.494021950000000e-09	1.050475355329004e+00	2.304318765520239e-02	true	2.733126250778121e+00	8.034899504332321e+01	2.493810084544535e+00	2.315341298521872e-01	true	true	2.167443347737466e-01	7.670335147497936e-01	2.167443347737466e-01	7.781949436709830e-04	2.781291003081782e-01	1.254886595117167e+00	2.781291003081782e-01	1.023593237822509e-03	CMS:2019ogx	ATLAS:2014vuz	CMS:2019ogx	ATLAS:2021upq	LHC13 [H]->X1->Z(X2->[bb])	LHC8 [HW;HZ]>[bb]	LHC13 [H]->X1->Z(X2->[bb])	LHC13 [Hpmtb>tb]	6.053805793107045e+00	true	all checks passed	1	2.973008398026375e+00	2.574383716158222e-01	1.229938199326553e+00	-3.812012326222946e-01	-6.033558323975604e-01	5.189860000000000e+02	7.153410000000000e+00	1779.2936861498524	-650.48437908422216	77.768305778177861	0.0088395809206446366	-0.013643356373431299	0.067577779979758071	0	-0.012363826691029152	0	0	0	success	ew_sym_res	success	success	193.203	success	154.26358828095852	-7.3128114180322629e-09	-2.2342107579424498e-08	-7.6022625386838261e-09	-7.3128109774209703e-09	-3.0382906400349909e-08	8.6460991268079272	25.316449750325855	1.8612715853355027e-08	success	success	154.24910338699328	-7.3128114180322629e-09	-2.2342107579424498e-08	-7.6022625386838261e-09	-7.3128109774209703e-09	2.5400929094391106e-08	9.0424492005688482	26.513600159846273	4.7559537518803907e-09	success	154.24960655608277	-7.3128114180322629e-09	-2.2342107579424498e-08	-7.6022625386838261e-09	-7.3128109774209703e-09	2.6903755443190152e-08	9.0299119514798747	26.475631609189517	5.3817498705407839e-08	success	154.24553892504048	-7.3128114180322629e-09	-2.2342107579424498e-08	-7.6022625386838261e-09	-7.3128109774209703e-09	5.519195206364106e-08	9.1303034508801435	26.779818476178516	2.75828401895913e-08	success	154.24526062863839	-7.3128114180322629e-09	-2.2342107579424498e-08	-7.6022625386838261e-09	-7.3128109774209703e-09	1.3340627071493638e-08	9.1370197448671622	26.800183983974748	-2.6171881362880078e-08	success	154.24553892504048	154.24553892504048	0.94999999999999996	7.3200029218250734e-05	1398306.3199219126	0	0.00011653836886321194	0.10000000000000001	0.57745365337819876	0.57741181640076789	3.9652047060293207	0	1.7771815015159496	11.328341187117239	3.2030612896155226e-30	8.7046687663430437e-05	19.548996516675444	1.5355053060185203e-37	0	1.4669069066536894e-24	4.6270025013803149e-27	1.4693168531871819e-24	0-(0)->1	nan	nan	nan	nan	nan	nan	nan	nan	nan	nan	nan	nan	nan	nan	nan	nan	nan	nan	nan	nan	nan	nan	nan	nan	nan	nan	nan	nan	nan	nan	nan	nan	nan	nan	nan	nan	nan	nan	nan	nan	nan	nan	nan	nan	nan	nan	nan	nan	nan	nan	nan	nan	nan	nan	nan	nan	nan	nan	nan	nan	nan	nan	nan	nan	nan	nan	nan	nan	nan	nan	nan	nan	nan	nan	nan	nan	nan	nan	nan	nan	nan	nan	nan	nan	nan	nan	nan	nan	nan	nan	nan	nan	nan	nan	nan	nan	nan	nan	nan	nan	nan	nan	nan	nan	nan	nan	nan	nan	nan	nan	nan	nan	nan	nan	nan	nan	nan	nan	nan	nan	nan	nan	nan	nan	nan	nan	nan	nan	nan	nan	nan	nan	nan	nan	nan	nan	nan	nan	nan	nan	nan	nan	nan	nan	nan	nan	nan	nan	single_step	1.469316853187182e-24	typeI_mH62-125/random_20260821_011644.md
7.805010000000000e+01	2.395740000000000e+02	2.192450000000000e+02	4.016450000000000e+02	5.305250000000000e-02	1.245320000000000e+01	2.330576587323181e-21	-2.063253662072740e+01	success	0	0	0	true	2.560705649870604e-01	true	1.061312859592406e+01	true	3.315887860000000e-04	3.460947020000000e-09	8.397517256337851e-01	1.424937537222411e-03	true	6.124201777471718e+00	8.034185006825162e+01	2.493476791130503e+00	2.315645000836924e-01	true	true	1.356259780012301e-01	7.663898193636194e-01	1.356259780012301e-01	2.836101971690032e-04	1.106800199658208e-01	1.253833492878587e+00	1.106800199658208e-01	2.216611092496399e-04	CMS:2019ogx	ATLAS:2014vuz	CMS:2019ogx	ATLAS:2021upq	LHC13 [H]->X1->Z(X2->[bb])	LHC8 [HW;HZ]>[bb]	LHC13 [H]->X1->Z(X2->[bb])	LHC13 [Hpmtb>tb]	5.728415472837952e+00	true	all checks passed	1	3.245161257766868e+00	2.565280413334477e-01	1.765337014438188e+00	-5.569935340602663e-01	-8.652535463214867e-01	4.016450000000000e+02	1.245320000000000e+01	3137.4072266905855	-161.09966621264249	75.865242198517038	-2.012093920714308	-0.015517825604287929	0.074759183659685202	0	-0.017059783650259931	0	0	0	success	ew_sym_res	success	success	189.08600000000001	success	152.78931807277138	-7.5181530343475308e-09	-6.830555421675941e-09	-3.9264375346202519e-09	-7.5183779384156188e-09	-3.2876741143952188e-10	11.917311948574344	40.324054162219362	2.5043542975532665e-08	success	success	152.75270654914402	-7.5181530343475308e-09	-6.830555421675941e-09	-3.9264375346202519e-09	-7.5183779384156188e-09	-1.1561792065818848e-08	12.781259241402687	43.025354165051844	1.4963264072069839e-08	success	152.7540330926256	-7.5181530343475308e-09	-6.830555421675941e-09	-3.9264375346202519e-09	-7.5183779384156188e-09	-2.4015771532581857e-09	12.752956746363751	42.93734921272052	3.9604657279192845e-09	success	152.74436234780819	-7.5181530343475308e-09	-6.830555421675941e-09	-3.9264375346202519e-09	-7.5183779384156188e-09	-3.3711626631272199e-08	12.95521897264897	43.565546494211986	-6.9424447519198222e-09	success	152.74366954129999	-7.5181530343475308e-09	-6.830555421675941e-09	-3.9264375346202519e-09	-7.5183779384156188e-09	-3.1658974897601844e-09	12.969381444707631	43.609468234097932	-2.644775224136233e-10	success	152.74436234780819	152.74436234780819	0.94999999999999996	0.00018223640957557157	556552.75442236091	0	0.00028984209668160945	0.10000000000000001	0.57741757290600593	0.57731330184291507	1.5628068309031637	0	0.70027767689476239	4.4626209919733979	3.1144843574160903e-28	8.5344450381186354e-05	7.7030544458423869	3.7172145740631289e-35	0	2.329096375689175e-21	2.8426767732705483e-24	2.3305765873231815e-21	0-(0)->1	nan	nan	nan	nan	nan	nan	nan	nan	nan	nan	nan	nan	nan	nan	nan	nan	nan	nan	nan	nan	nan	nan	nan	nan	nan	nan	nan	nan	nan	nan	nan	nan	nan	nan	nan	nan	nan	nan	nan	nan	nan	nan	nan	nan	nan	nan	nan	nan	nan	nan	nan	nan	nan	nan	nan	nan	nan	nan	nan	nan	nan	nan	nan	nan	nan	nan	nan	nan	nan	nan	nan	nan	nan	nan	nan	nan	nan	nan	nan	nan	nan	nan	nan	nan	nan	nan	nan	nan	nan	nan	nan	nan	nan	nan	nan	nan	nan	nan	nan	nan	nan	nan	nan	nan	nan	nan	nan	nan	nan	nan	nan	nan	nan	nan	nan	nan	nan	nan	nan	nan	nan	nan	nan	nan	nan	nan	nan	nan	nan	nan	nan	nan	nan	nan	nan	nan	nan	nan	nan	nan	nan	nan	nan	nan	nan	nan	nan	nan	single_step	2.330576587323181e-21	typeI_mH62-125/random_20260831_005538.md
1.016280000000000e+02	2.309590000000000e+02	2.203200000000000e+02	7.782770000000000e+02	4.607860000000000e-02	1.030360000000000e+01	8.789481049519501e-22	-2.105603676587996e+01	success	0	0	0	true	2.571183935949318e-01	true	1.335386886000041e+01	true	3.312027290000000e-04	3.466035010000000e-09	8.774040306023303e-01	3.057331102260476e-03	true	1.414618771461125e+00	8.035305243058674e+01	2.493980698918399e+00	2.315206030530974e-01	true	true	1.429875934289769e-01	7.668241809843075e-01	1.429875934289769e-01	1.188610403052772e-03	1.653839733003725e-01	1.254544119682701e+00	1.653839733003725e-01	8.852922829460353e-04	CMS:2019ogx	ATLAS:2014vuz	CMS:2019ogx	ATLAS:2021upq	LHC13 [H]->X1->Z(X2->[bb])	LHC8 [HW;HZ]>[bb]	LHC13 [H]->X1->Z(X2->[bb])	LHC13 [Hpmtb>tb]	4.831024469563346e+00	true	all checks passed	1	4.279309086387981e+00	2.575777419128329e-01	1.598749186564315e+00	-5.890203540949840e-01	-7.476943339019771e-01	7.782770000000000e+02	1.030360000000000e+01	4126.8745961657232	-256.91325889146316	100.11467689361002	-1.1663638009243666	-0.016667610564586734	0.06692937966863842	0	-0.0082528280267369289	0	0	0	success	non_bfb	success	success	186.316	success	162.38302164721577	0	0	0	0	-1.7002840778896315e-08	9.3140815610437961	38.526072487767351	-4.8214556079692601e-09	success	success	162.33883114922918	0	0	0	0	1.1440705843233933e-08	9.690700663616111	40.050251050122739	1.3576495458745425e-08	success	162.34030999754941	0	0	0	0	-5.3291916103358724e-09	9.6785578505903569	40.001236252615833	-1.1582614257962936e-08	success	162.32936515243824	0	0	0	0	-3.8111321881558628e-08	9.7679918097574845	40.361973708904209	-2.9336004452296734e-09	success	162.3285847639583	0	0	0	0	-2.9603229534504194e-09	9.7743017615612278	40.387405015844664	5.0351998157666163e-08	success	162.32936515243824	162.32936515243824	0.94999999999999996	0.00012824032915165556	524934.7846297822	0	0.00020404634545499064	0.10000000000000001	0.57742760567983376	0.57735194520614308	1.5668763907842895	0	0.70176611443567904	4.4725700304721219	1.1824189186657724e-28	6.0198758774539526e-05	7.7194272587924688	1.0261190856302259e-35	0	8.7854046237029235e-22	7.8304315329803008e-25	8.7894810495195008e-22	0-(0)->1	nan	nan	nan	nan	nan	nan	nan	nan	nan	nan	nan	nan	nan	nan	nan	nan	nan	nan	nan	nan	nan	nan	nan	nan	nan	nan	nan	nan	nan	nan	nan	nan	nan	nan	nan	nan	nan	nan	nan	nan	nan	nan	nan	nan	nan	nan	nan	nan	nan	nan	nan	nan	nan	nan	nan	nan	nan	nan	nan	nan	nan	nan	nan	nan	nan	nan	nan	nan	nan	nan	nan	nan	nan	nan	nan	nan	nan	nan	nan	nan	nan	nan	nan	nan	nan	nan	nan	nan	nan	nan	nan	nan	nan	nan	nan	nan	nan	nan	nan	nan	nan	nan	nan	nan	nan	nan	nan	nan	nan	nan	nan	nan	nan	nan	nan	nan	nan	nan	nan	nan	nan	nan	nan	nan	nan	nan	nan	nan	nan	nan	nan	nan	nan	nan	nan	nan	nan	nan	nan	nan	nan	nan	nan	nan	nan	nan	nan	nan	single_step	8.789481049519501e-22	typeI_mH62-125/random_20260831_184047.md
1.186660000000000e+02	2.013220000000000e+02	1.619620000000000e+02	1.312760000000000e+03	3.119990000000000e-02	7.650110000000000e+00	2.883102995768425e-26	-2.554013984262917e+01	success	0	0	0	true	2.585938061822937e-01	true	1.219250595205807e+01	true	3.250933970000000e-04	3.135827160000000e-09	1.583173592796701e+00	1.173657234169625e+00	true	4.227394618164025e+00	8.034524608136486e+01	2.493611069204492e+00	2.315903510759786e-01	true	true	7.694662338528088e-01	7.593178500023890e-01	6.668972980439850e-01	3.304382097362254e-02	1.258559920197939e+00	3.819863360356845e+00	9.244256589887629e-01	2.798367449978404e-02	ATLAS:2014vuz	CMS:2012qwq	CMS:2019qcx	ATLAS:2018gfm	LHC8 [HW;HZ]>[bb]	LHC8 [vbfH;HW;Htt;H;HZ]>[bb;tautau;WW;ZZ;gamgam]	LHC13 [ggH]->X1->Z(X2->[bb])	LHC13 [Hpmtb>taunu]	5.321338747070257e+00	true	all checks passed	1	4.011767327403818e+00	2.590557903609776e-01	7.295806637760721e-01	-2.839699671944616e-02	-5.009615495649749e-01	1.312760000000000e+03	7.650110000000000e+00	1864.2355994924874	-774.14581242973941	-35.595722863553036	0.91447913804650338	-0.017177248235620359	0.060899315876504302	0	-0.023210273012993818	0	0	0	success	ew_sym_res	success	success	161.18299999999999	success	161.52911241157722	-1.4556743238857504e-09	1.1930943792764687e-07	1.2480747075237728e-08	-1.016670130037963e-09	1.5867814761179458e-08	5.2269308433376365	21.267067444186619	-7.0225117283834199e-09	success	success	161.51946239553428	-1.4556743238857504e-09	1.1930943792764687e-07	1.2480747075237728e-08	-1.016670130037963e-09	2.1913013289844901e-08	5.4285480802445818	22.097547569464275	1.5577932336966449e-10	success	161.51978510568262	-1.4556743238857504e-09	1.1930943792764687e-07	1.2480747075237728e-08	-1.016670130037963e-09	2.6140825612355408e-08	5.4222250433729924	22.07148029081079	2.6730470231034671e-08	success	161.51699517796609	-1.4556743238857504e-09	1.1930943792764687e-07	1.2480747075237728e-08	-1.016670130037963e-09	1.7430060141969383e-08	5.4757626543493823	22.292245831985571	1.9483009730009783e-08	success	161.5168084196041	-1.4556743238857504e-09	1.1930943792764687e-07	1.2480747075237728e-08	-1.016670130037963e-09	3.7531260552287363e-09	5.4793130249111845	22.306889212662227	2.3739317731461661e-08	success	161.51699517796609	161.51699517796609	0.94999999999999996	4.3522763161272364e-05	2170718.2687765947	0	6.9304437809892031e-05	0.10000000000000001	0.57745549506608818	0.57742996474938368	6.4468351024778716	0	2.9067053655562205	18.529201465577618	2.7469243584973326e-31	8.4659671631381672e-05	31.973759021118429	7.8694521669125452e-39	0	2.8755425903305105e-26	1.4498521681276792e-28	2.8831029957684251e-26	0-(0)->1	nan	nan	nan	nan	nan	nan	nan	nan	nan	nan	nan	nan	nan	nan	nan	nan	nan	nan	nan	nan	nan	nan	nan	nan	nan	nan	nan	nan	nan	nan	nan	nan	nan	nan	nan	nan	nan	nan	nan	nan	nan	nan	nan	nan	nan	nan	nan	nan	nan	nan	nan	nan	nan	nan	nan	nan	nan	nan	nan	nan	nan	nan	nan	nan	nan	nan	nan	nan	nan	nan	nan	nan	nan	nan	nan	nan	nan	nan	nan	nan	nan	nan	nan	nan	nan	nan	nan	nan	nan	nan	nan	nan	nan	nan	nan	nan	nan	nan	nan	nan	nan	nan	nan	nan	nan	nan	nan	nan	nan	nan	nan	nan	nan	nan	nan	nan	nan	nan	nan	nan	nan	nan	nan	nan	nan	nan	nan	nan	nan	nan	nan	nan	nan	nan	nan	nan	nan	nan	nan	nan	nan	nan	nan	nan	nan	nan	nan	nan	single_step	2.883102995768425e-26	typeI_mH62-125/random_20260821_014125.md
1.207070000000000e+02	2.383490000000000e+02	1.208190000000000e+02	8.325890000000001e+02	2.976710000000000e-02	1.660030000000000e+01	5.725757140352534e-26	-2.524216707665001e+01	success	0	0	0	true	2.576998235195074e-01	true	1.052483857823591e+01	true	3.271658940000000e-04	3.117741640000000e-09	1.320576689249967e+00	1.312670841734716e+00	true	1.753454751954025e+00	8.035248010515191e+01	2.494196799727392e+00	2.315966900276771e-01	true	true	7.566103751685442e-01	7.623813177141719e-01	4.918920812549146e-02	6.783440439160406e-01	2.251904776898995e+00	3.835274598309225e+00	3.712780275369282e-02	3.861043416124598e-01	CMS:2013zmy	CMS:2012qwq	CMS:2019qcx	ATLAS:2018gfm	LHC8 [ggH;vbfH;HW;HZ]>[WW]	LHC8 [vbfH;HW;Htt;H;HZ]>[bb;tautau;WW;ZZ;gamgam]	LHC13 [ggH]->X1->Z(X2->[bb])	LHC13 [brtHpb>taunu]	3.013493702395124e+00	true	all checks passed	1	3.461749961908460e+00	2.581602105762326e-01	2.791846832762833e-01	6.855569851467170e-01	-7.095456336648369e-01	8.325890000000001e+02	1.660030000000000e+01	-357.897520626676	-700.46314460770168	-151.57721618883082	11.865652603321177	-0.019663903040116823	0.067259929150030678	0	-0.08162815625327334	0	0	0	success	ew_sym_res	success	success	156.93100000000001	success	158.79526649456764	6.5375382158568059e-08	1.8733768917848648e-07	6.0261878139730864e-08	5.9858475112022948e-08	-1.3526528883099022e-07	2.0385920671860482	22.473903451869596	-5.7576533057151609e-08	success	success	158.78550669456337	6.5375382158568059e-08	1.8733768917848648e-07	6.0261878139730864e-08	5.9858475112022948e-08	4.8675301082469627e-08	2.1206264410867579	23.382760375965141	-1.2993660546170543e-07	success	158.7858362104069	6.5375382158568059e-08	1.8733768917848648e-07	6.0261878139730864e-08	5.9858475112022948e-08	-1.5301155683747897e-08	2.1180941021983184	23.354692283054678	1.9424874356179918e-09	success	158.78301720004833	6.5375382158568059e-08	1.8733768917848648e-07	6.0261878139730864e-08	5.9858475112022948e-08	-3.5092372160378516e-08	2.1397323499667729	23.594542499730881	-1.3316599579521165e-07	success	158.7828280247092	6.5375382158568059e-08	1.8733768917848648e-07	6.0261878139730864e-08	5.9858475112022948e-08	1.7953736802441693e-07	2.1411741147750658	23.610525237020799	-1.8364873464106195e-08	success	158.78301720004833	158.78301720004833	0.94999999999999996	5.0900478175916991e-05	2116387.2986920686	0	8.1041187360948451e-05	0.10000000000000001	0.57744395366470902	0.57741436756677489	6.1787092912687474	0	2.7691844137300459	17.651815878293579	4.7162498820924941e-31	9.4319376308124868e-05	30.461028551030502	1.5671418645157337e-38	0	5.709950416009084e-26	3.0306552357120557e-28	5.7257571403525337e-26	0-(0)->1	nan	nan	nan	nan	nan	nan	nan	nan	nan	nan	nan	nan	nan	nan	nan	nan	nan	nan	nan	nan	nan	nan	nan	nan	nan	nan	nan	nan	nan	nan	nan	nan	nan	nan	nan	nan	nan	nan	nan	nan	nan	nan	nan	nan	nan	nan	nan	nan	nan	nan	nan	nan	nan	nan	nan	nan	nan	nan	nan	nan	nan	nan	nan	nan	nan	nan	nan	nan	nan	nan	nan	nan	nan	nan	nan	nan	nan	nan	nan	nan	nan	nan	nan	nan	nan	nan	nan	nan	nan	nan	nan	nan	nan	nan	nan	nan	nan	nan	nan	nan	nan	nan	nan	nan	nan	nan	nan	nan	nan	nan	nan	nan	nan	nan	nan	nan	nan	nan	nan	nan	nan	nan	nan	nan	nan	nan	nan	nan	nan	nan	nan	nan	nan	nan	nan	nan	nan	nan	nan	nan	nan	nan	nan	nan	nan	nan	nan	nan	single_step	5.725757140352534e-26	typeI_mH62-125/random_20260901_123420.md
1.163520000000000e+02	2.067180000000000e+02	1.071230000000000e+02	6.713440000000001e+02	2.446330000000000e-02	1.953640000000000e+01	3.473593422025051e-26	-2.545922101631622e+01	success	0	0	0	true	2.576457404852980e-01	true	8.343260694861794e+00	true	3.273290540000000e-04	3.115738770000000e-09	1.300913851897276e+00	1.328544231642246e+00	true	3.191008529626864e-01	8.035995658539245e+01	2.494589590509082e+00	2.315586760966530e-01	true	true	7.700901550136633e-01	7.633133108701919e-01	2.462470093866810e-03	4.537872049154391e-01	1.259639808568916e+00	3.839963130929356e+00	3.413374961841290e-03	2.832940051601420e-01	ATLAS:2014vuz	CMS:2012qwq	CMS:2019qcx	ATLAS:2018gfm	LHC8 [HW;HZ]>[bb]	LHC8 [vbfH;HW;Htt;H;HZ]>[bb;tautau;WW;ZZ;gamgam]	LHC13 [ggH]->X1->Z(X2->[bb])	LHC13 [brtHpb>taunu]	2.995238040171671e+00	true	all checks passed	1	2.744712422100172e+00	2.581060309213558e-01	2.128362515524994e-01	5.441811411753242e-01	-4.888347354523443e-01	6.713440000000001e+02	1.953640000000000e+01	-355.37259109085596	-837.88598817756474	-91.020895252695709	11.553441205428575	-0.018714111559781633	0.052239396182078061	0	-0.055575931361643835	0	0	0	success	ew_sym_res	success	success	171.66800000000001	success	157.64514343644288	-2.8516085106765116e-07	-4.7395354620210278e-08	-7.1779176656757891e-07	-2.851626575803298e-07	5.8554543669764589e-08	1.5389988980563996	21.651921978167106	6.8691596025741736e-08	success	success	157.63620704895135	-2.8516085106765116e-07	-4.7395354620210278e-08	-7.1779176656757891e-07	-2.851626575803298e-07	-2.2478859131756151e-08	1.5995322173883435	22.506686685564869	9.4597866424634334e-08	success	157.6365090272472	-2.8516085106765116e-07	-4.7395354620210278e-08	-7.1779176656757891e-07	-2.851626575803298e-07	-3.6983934940581616e-08	1.5976277485288017	22.47978689283018	1.3828497680152122e-07	success	157.63391431979119	-2.8516085106765116e-07	-4.7395354620210278e-08	-7.1779176656757891e-07	-2.851626575803298e-07	-6.2552938388872513e-08	1.6137624832372686	22.707698197266659	-1.2822890380656608e-07	success	157.63374071959595	-2.8516085106765116e-07	-4.7395354620210278e-08	-7.1779176656757891e-07	-2.851626575803298e-07	8.0952414504053467e-08	1.614824991146008	22.722707867897164	-9.2839606959590937e-08	success	157.63391431979119	157.63391431979119	0.94999999999999996	4.8816616951533896e-05	2289779.6894312976	0	7.7709494689833325e-05	0.10000000000000001	0.57741989758546652	0.57739189961693194	6.6363651992314416	0	2.9772675509121505	18.977071153705051	3.5545127426405875e-31	9.7246596713895428e-05	32.749943060033658	1.1300498019001468e-38	0	3.4629879569045404e-26	2.0326367384408876e-28	3.4735934220250512e-26	0-(0)->1	nan	nan	nan	nan	nan	nan	nan	nan	nan	nan	nan	nan	nan	nan	nan	nan	nan	nan	nan	nan	nan	nan	nan	nan	nan	nan	nan	nan	nan	nan	nan	nan	nan	nan	nan	nan	nan	nan	nan	nan	nan	nan	nan	nan	nan	nan	nan	nan	nan	nan	nan	nan	nan	nan	nan	nan	nan	nan	nan	nan	nan	nan	nan	nan	nan	nan	nan	nan	nan	nan	nan	nan	nan	nan	nan	nan	nan	nan	nan	nan	nan	nan	nan	nan	nan	nan	nan	nan	nan	nan	nan	nan	nan	nan	nan	nan	nan	nan	nan	nan	nan	nan	nan	nan	nan	nan	nan	nan	nan	nan	nan	nan	nan	nan	nan	nan	nan	nan	nan	nan	nan	nan	nan	nan	nan	nan	nan	nan	nan	nan	nan	nan	nan	nan	nan	nan	nan	nan	nan	nan	nan	nan	nan	nan	nan	nan	nan	nan	single_step	3.473593422025051e-26	typeI_mH62-125/random_20260901_123420.md
9.059814283212802e+01	2.056124394963653e+02	1.914108004643792e+02	6.159801359160294e+02	7.656893061945902e-02	7.912617453256711e+00	8.479673034396315e-32	-3.107162089327337e+01	success	0	0	0	true	2.555269324384187e-01	true	1.187782291965113e+01	true	3.301256690000000e-04	3.481438380000000e-09	9.868154312951857e-01	1.175233932252577e-02	true	1.858075777163526e+00	8.035154409845886e+01	2.493914148799259e+00	2.315248538036653e-01	true	true	2.394619584627532e-01	7.482828051380565e-01	2.394619584627532e-01	1.655067158190059e-03	3.132707857693117e-01	3.764349897112138e+00	3.132707857693117e-01	1.517582783509224e-03	CMS:2019ogx	CMS:2012qwq	CMS:2019ogx	ATLAS:2018gfm	LHC13 [H]->X1->Z(X2->[bb])	LHC8 [vbfH;HW;Htt;H;HZ]>[bb;tautau;WW;ZZ;gamgam]	LHC13 [H]->X1->Z(X2->[bb])	LHC13 [Hpmtb>taunu]	5.613088758206459e+00	true	all checks passed	1	3.819346891308577e+00	2.559834375719213e-01	1.323009357118693e+00	-4.304291556634087e-01	-6.167726265217637e-01	6.159801359160294e+02	7.912617453256711e+00	2514.717659603476	-577.39982704944657	100.02909143700035	-0.093733918478658501	-0.013641601102552678	0.077658297655821731	0	-0.010453178600645371	0	0	0	success	ew_sym_res	success	success	293.221	success	162.60425327666843	6.2307625207172871e-07	1.7317312154442486e-06	6.2314099210744746e-07	6.230762520717286e-07	-7.9690479059444347e-10	5.978458779341925	6.9225352493695453	-8.1502492536517818e-09	success	success	162.60130398358754	6.2307625207172871e-07	1.7317312154442486e-06	6.2314099210744746e-07	6.230762520717286e-07	-2.2096724972282433e-09	6.0999870256889759	7.0706900400239707	-8.592178054954938e-10	success	162.60139745684887	6.2307625207172871e-07	1.7317312154442486e-06	6.2314099210744746e-07	6.230762520717286e-07	2.3708243840989421e-08	6.0974690548794834	7.0676030031696175	4.8136007165378445e-09	success	162.60048513853832	6.2307625207172871e-07	1.7317312154442486e-06	6.2314099210744746e-07	6.230762520717286e-07	9.4159302173963418e-09	6.1319618352790171	7.1097583071873922	-7.7681937071276443e-09	success	162.60042705459648	6.2307625207172871e-07	1.7317312154442486e-06	6.2314099210744746e-07	6.230762520717286e-07	8.72390619568756e-11	6.1342409576289576	7.1125440829724189	-1.5418355737617953e-08	success	162.60048513853832	162.60048513853832	0.94999999999999996	4.6278236755412028e-06	7060242.450033051	0	7.369103609812226e-06	0.10000000000000001	0.57742199789326731	0.57741950440050882	21.109414184907465	0	9.4687077954433647	60.357912665272394	2.790429851136042e-35	2.932457375798393e-05	104.15578574987701	9.6080227468537954e-44	0	8.4513113423190154e-32	5.4340520162606129e-34	8.4796730343963148e-32	0-(0)->1	nan	nan	nan	nan	nan	nan	nan	nan	nan	nan	nan	nan	nan	nan	nan	nan	nan	nan	nan	nan	nan	nan	nan	nan	nan	nan	nan	nan	nan	nan	nan	nan	nan	nan	nan	nan	nan	nan	nan	nan	nan	nan	nan	nan	nan	nan	nan	nan	nan	nan	nan	nan	nan	nan	nan	nan	nan	nan	nan	nan	nan	nan	nan	nan	nan	nan	nan	nan	nan	nan	nan	nan	nan	nan	nan	nan	nan	nan	nan	nan	nan	nan	nan	nan	nan	nan	nan	nan	nan	nan	nan	nan	nan	nan	nan	nan	nan	nan	nan	nan	nan	nan	nan	nan	nan	nan	nan	nan	nan	nan	nan	nan	nan	nan	nan	nan	nan	nan	nan	nan	nan	nan	nan	nan	nan	nan	nan	nan	nan	nan	nan	nan	nan	nan	nan	nan	nan	nan	nan	nan	nan	nan	nan	nan	nan	nan	nan	nan	single_step	8.479673034396315e-32	typeI_mH62-125/random_20260831_095833.md
1.183583684784172e+02	2.431643896040807e+02	2.532277243149223e+02	1.185502842805143e+03	1.289816212228317e-01	7.732898719213428e+00	1.169922991847022e-23	-2.293184272399450e+01	success	0	0	0	true	2.577108306787066e-01	true	1.550934772010008e+01	true	3.304704860000000e-04	3.475563320000000e-09	9.510883353911292e-01	7.770313072799029e-03	true	2.104670975747011e+00	8.037409464642742e+01	2.495125430877613e+00	2.314104793359285e-01	true	true	7.760211674137186e-01	7.310640736251991e-01	6.061737509018373e-01	1.657127243335181e-03	1.264680376510078e+00	3.677728462336729e+00	7.216363687553748e-01	2.997714124311394e-03	ATLAS:2014vuz	CMS:2012qwq	CMS:2019qcx	CMS:2020imj	LHC8 [HW;HZ]>[bb]	LHC8 [vbfH;HW;Htt;H;HZ]>[bb;tautau;WW;ZZ;gamgam]	LHC13 [ggH]->X1->Z(X2->[bb])	LHC13 [Hpmtb>tb]	5.951989693830797e+00	true	all checks passed	1	4.969535585805801e+00	2.581712373999918e-01	2.017025193021523e+00	-9.881512416537671e-01	-8.230590349583753e-01	1.185502842805143e+03	7.732898719213428e+00	6286.6271069948561	135.46985259151128	204.20498284698448	-0.849097065412727	-0.023597329201986764	0.039934242779085735	0	0.0044693765084070696	0	0	0	success	non_bfb	success	success	500.35300000000001	success	169.07910657964794	2.2820509177097105e-09	2.6935209506347992e-07	1.0883624510619569e-07	-4.7516738921574911e-09	1.1377207908875124e-10	11.476053153959784	30.830709430309007	-1.9283301434226727e-08	success	success	169.05155319040119	2.2820509177097105e-09	2.6935209506347992e-07	1.0883624510619569e-07	-4.7516738921574911e-09	-5.6515481385668823e-09	12.035991496892917	32.402640651580342	-1.130872957892102e-08	success	169.05247972905414	2.2820509177097105e-09	2.6935209506347992e-07	1.0883624510619569e-07	-4.7516738921574911e-09	-1.6090437478711163e-08	12.018805137903083	32.354192518285885	-9.232471709967941e-09	success	169.04507876172522	2.2820509177097105e-09	2.6935209506347992e-07	1.0883624510619569e-07	-4.7516738921574911e-09	3.2640697145187785e-09	12.153528060407382	32.734325026913474	-6.1912791490845033e-09	success	169.04455910031913	2.2820509177097105e-09	2.6935209506347992e-07	1.0883624510619569e-07	-4.7516738921574911e-09	-4.9990852293488955e-11	12.162782931051831	32.760467722605242	-7.8242360552363323e-09	success	169.04507876172522	169.04507876172522	0.94999999999999996	6.7192878603533531e-05	821355.48135467386	0	0.00010695591504359581	0.10000000000000001	0.57742871888460512	0.57738888502817054	2.5534051526356105	0	1.143776916243435	7.2903627050511686	6.8073712113410761e-30	5.1420586986630152e-05	12.581546078677786	3.1601887463774573e-37	0	1.1691531284458771e-23	1.4796265435488397e-26	1.1699229918470219e-23	0-(0)->1	nan	nan	nan	nan	nan	nan	nan	nan	nan	nan	nan	nan	nan	nan	nan	nan	nan	nan	nan	nan	nan	nan	nan	nan	nan	nan	nan	nan	nan	nan	nan	nan	nan	nan	nan	nan	nan	nan	nan	nan	nan	nan	nan	nan	nan	nan	nan	nan	nan	nan	nan	nan	nan	nan	nan	nan	nan	nan	nan	nan	nan	nan	nan	nan	nan	nan	nan	nan	nan	nan	nan	nan	nan	nan	nan	nan	nan	nan	nan	nan	nan	nan	nan	nan	nan	nan	nan	nan	nan	nan	nan	nan	nan	nan	nan	nan	nan	nan	nan	nan	nan	nan	nan	nan	nan	nan	nan	nan	nan	nan	nan	nan	nan	nan	nan	nan	nan	nan	nan	nan	nan	nan	nan	nan	nan	nan	nan	nan	nan	nan	nan	nan	nan	nan	nan	nan	nan	nan	nan	nan	nan	nan	nan	nan	nan	nan	nan	nan	single_step	1.169922991847022e-23	typeI_mH62-125/random_20260901_123251.md
1.115674666221375e+02	2.124815625153846e+02	1.695097687082173e+02	8.161046783897464e+02	1.111278083436788e-01	1.490002715644189e+01	4.425474875477682e-25	-2.435404012050648e+01	success	0	0	0	true	2.563315858845248e-01	true	5.009484693813116e+00	true	3.317306220000000e-04	3.110453410000000e-09	8.261258074982982e-01	1.370890449234580e+00	true	7.255264720053229e+00	8.033979645789135e+01	2.493329562057337e+00	2.316137554697303e-01	true	true	7.850532526067956e-01	7.462372309114542e-01	1.722151841230149e-01	0.000000000000000e+00	1.275145221647751e+00	3.754059326385975e+00	2.387176189463121e-01	0.000000000000000e+00	ATLAS:2014vuz	CMS:2012qwq	CMS:2019qcx		LHC8 [HW;HZ]>[bb]	LHC8 [vbfH;HW;Htt;H;HZ]>[bb;tautau;WW;ZZ;gamgam]	LHC13 [ggH]->X1->Z(X2->[bb])		5.187163043886585e+00	true	all checks passed	1	1.427454774374621e+00	2.567895285511488e-01	8.850072866289784e-01	-1.717811311071670e-03	-5.442141006053398e-01	8.161046783897464e+02	1.490002715644189e+01	501.95973060620366	-665.47561324746835	-34.101810593141167	1.6303378071378964	-0.015239445697965955	0.039584341753455592	0	-0.023672156459517164	0	0	0	success	ew_sym_res	success	success	329.67099999999999	success	150.43890382652972	5.2652381048504805e-09	-7.6714903499829051e-09	5.1425214047243508e-09	5.2652379622300375e-09	3.5169813318817576e-08	2.7147997870588276	24.233339297331128	-3.6019958556984171e-08	success	success	150.42817193021997	5.2652381048504805e-09	-7.6714903499829051e-09	5.1425214047243508e-09	5.2652379622300375e-09	3.6322920600602225e-08	2.8351797111095998	25.316044218668345	-6.9845274996345535e-08	success	150.42854538477491	5.2652381048504805e-09	-7.6714903499829051e-09	5.1425214047243508e-09	5.2652379622300375e-09	-6.6644599756653579e-08	2.831319379410854	25.281303830713529	-8.7228711020989467e-08	success	150.4254688569161	5.2652381048504805e-09	-7.6714903499829051e-09	5.1425214047243508e-09	5.2652379622300375e-09	-7.2400028304862082e-08	2.8626648281700766	25.563429640820573	-1.6571013312525979e-10	success	150.42526031998074	5.2652381048504805e-09	-7.6714903499829051e-09	5.1425214047243508e-09	5.2652379622300375e-09	-1.9020723839323601e-08	2.8646397041788347	25.581208449427958	-6.7462432269217925e-08	success	150.42546875081121	150.42546875081121	0.94999999999999996	7.3847928779695446e-05	1822483.2617457621	0	0.00011753207166724661	0.10000000000000001	0.57741522796870237	0.57737232313304976	5.0395485450494455	0	2.2558909126400359	14.378268846178891	1.9708441001153478e-30	0.00011145400530194238	24.814800039040396	9.3826323981823801e-38	0	4.4138595235799658e-25	2.2273391049548188e-27	4.4254748754776817e-25	0-(0)->1	nan	nan	nan	nan	nan	nan	nan	nan	nan	nan	nan	nan	nan	nan	nan	nan	nan	nan	nan	nan	nan	nan	nan	nan	nan	nan	nan	nan	nan	nan	nan	nan	nan	nan	nan	nan	nan	nan	nan	nan	nan	nan	nan	nan	nan	nan	nan	nan	nan	nan	nan	nan	nan	nan	nan	nan	nan	nan	nan	nan	nan	nan	nan	nan	nan	nan	nan	nan	nan	nan	nan	nan	nan	nan	nan	nan	nan	nan	nan	nan	nan	nan	nan	nan	nan	nan	nan	nan	nan	nan	nan	nan	nan	nan	nan	nan	nan	nan	nan	nan	nan	nan	nan	nan	nan	nan	nan	nan	nan	nan	nan	nan	nan	nan	nan	nan	nan	nan	nan	nan	nan	nan	nan	nan	nan	nan	nan	nan	nan	nan	nan	nan	nan	nan	nan	nan	nan	nan	nan	nan	nan	nan	nan	nan	nan	nan	nan	nan	single_step	4.425474875477682e-25	typeI_mH62-125/random_20260901_123251.md
1.147780000000000e+02	2.728320000000000e+02	2.540800000000000e+02	1.017030000000000e+03	6.697250000000000e-02	9.566970000000000e+00	5.539115365161274e-27	-2.625655958955070e+01	success	0	0	0	true	2.575931344701299e-01	true	1.678620976731000e+01	true	3.311550720000000e-04	3.466531530000000e-09	8.821092945295974e-01	3.249601476110638e-03	true	5.608864839924246e+00	8.034245261641949e+01	2.493392204138364e+00	2.315825866113279e-01	true	true	7.724379429938650e-01	7.724379429938650e-01	4.081166230450980e-01	1.055976730281841e-04	1.261424289974650e+00	1.261424289974650e+00	5.195310906662598e-01	1.895293740608427e-04	ATLAS:2014vuz	ATLAS:2014vuz	CMS:2019qcx	CMS:2020imj	LHC8 [HW;HZ]>[bb]	LHC8 [HW;HZ]>[bb]	LHC13 [ggH]->X1->Z(X2->[bb])	LHC13 [Hpmtb>tb]	5.181926677693696e+00	true	all checks passed	1	5.374634590302130e+00	2.580533309242511e-01	2.036748798337561e+00	-7.409576094172240e-01	-1.067504434190837e+00	1.017030000000000e+03	9.566970000000000e+00	6648.6707190908683	350.75360544943726	121.78178989303652	-0.95427112822142435	-0.027100538101589893	0.038990135419120997	0	-0.011897725333010447	0	0	0	success	non_bfb	success	success	192.31	success	176.13169371799324	7.203188310641536e-09	8.181214885755601e-06	5.7134436867568236e-06	1.4787283623842801e-08	1.8125276184845463e-09	10.380053785940179	17.438940001367758	5.9954811376574962e-09	success	success	176.11434624760966	7.203188310641536e-09	8.181214885755601e-06	5.7134436867568236e-06	1.4787283623842801e-08	-1.0341626287757764e-10	10.75171592477543	18.13379993668233	1.7905119214879317e-08	success	176.11490039182399	7.203188310641536e-09	8.181214885755601e-06	5.7134436867568236e-06	1.4787283623842801e-08	8.1336101170551656e-09	10.740612494393179	18.112905991261343	-3.1854513736750217e-09	success	176.11014096705412	7.203188310641536e-09	8.181214885755601e-06	5.7134436867568236e-06	1.4787283623842801e-08	7.6217917853271495e-09	10.835290643680658	18.291301072685886	-1.2582819891990239e-09	success	176.10981582391111	7.203188310641536e-09	8.181214885755601e-06	5.7134436867568236e-06	1.4787283623842801e-08	7.9094510126534014e-09	10.841244412856147	18.302561554073034	4.4950735727324859e-09	success	176.11014096705412	176.11014096705412	0.94999999999999996	1.3619854587335662e-05	1366606.7215426869	0	2.168740632714233e-05	0.10000000000000001	0.5774286662520447	0.577420710776957	4.4264353603083793	0	1.9840508024105943	12.647296272295669	1.6820713503721521e-32	1.808365195717133e-05	21.82455882651654	1.9257697551004716e-40	0	5.5364123530229576e-27	5.1979494229402938e-30	5.5391153651612743e-27	0-(0)->1	nan	nan	nan	nan	nan	nan	nan	nan	nan	nan	nan	nan	nan	nan	nan	nan	nan	nan	nan	nan	nan	nan	nan	nan	nan	nan	nan	nan	nan	nan	nan	nan	nan	nan	nan	nan	nan	nan	nan	nan	nan	nan	nan	nan	nan	nan	nan	nan	nan	nan	nan	nan	nan	nan	nan	nan	nan	nan	nan	nan	nan	nan	nan	nan	nan	nan	nan	nan	nan	nan	nan	nan	nan	nan	nan	nan	nan	nan	nan	nan	nan	nan	nan	nan	nan	nan	nan	nan	nan	nan	nan	nan	nan	nan	nan	nan	nan	nan	nan	nan	nan	nan	nan	nan	nan	nan	nan	nan	nan	nan	nan	nan	nan	nan	nan	nan	nan	nan	nan	nan	nan	nan	nan	nan	nan	nan	nan	nan	nan	nan	nan	nan	nan	nan	nan	nan	nan	nan	nan	nan	nan	nan	nan	nan	nan	nan	nan	nan	single_step	5.539115365161274e-27	typeI_mH62-125/random_20260821_011644.md
1.052410000000000e+02	2.290790000000000e+02	2.042770000000000e+02	1.102390000000000e+03	1.819560000000000e-01	4.124190000000000e+00	2.805303747178752e-21	-2.055202010817548e+01	success	0	0	0	true	2.549590273317817e-01	true	7.372366508194519e+00	true	3.243398780000000e-04	3.559029190000000e-09	1.684547415664502e+00	1.413479699412148e-01	true	5.413471450223271e+00	8.034283712938574e+01	2.493315908907906e+00	2.315816879530294e-01	true	true	9.206923675994357e-01	7.284893112607659e-01	9.206923675994357e-01	3.188908481568063e-02	1.070747839511827e+00	1.191827284998721e+00	1.070747839511827e+00	3.871018805138118e-02	CMS:2019ogx	ATLAS:2014vuz	CMS:2019ogx	ATLAS:2021upq	LHC13 [H]->X1->Z(X2->[bb])	LHC8 [HW;HZ]>[bb]	LHC13 [H]->X1->Z(X2->[bb])	LHC13 [Hpmtb>tb]	5.437761388861617e+00	true	all checks passed	1	2.168987857191180e+00	2.554145178888790e-01	1.421972327353078e+00	-4.324018913110415e-01	-7.876168926991044e-01	1.102390000000000e+03	4.124190000000000e+00	1779.7072858527747	-449.06772347231032	45.910709762256133	0.11760513699038434	-0.01825562401657755	0.047154615952824115	0	-0.016131124390116911	0	0	0	success	ew_sym_res	success	success	177.81899999999999	success	146.4288537376807	-4.1987466539755057e-09	1.4845426772821302e-08	5.3665995162852679e-10	-4.1986989259364351e-09	-1.5127214647412932e-09	17.062506915399521	36.884872804148479	9.5759263140130324e-11	success	success	146.39593470394178	-4.1987466539755057e-09	1.4845426772821302e-08	5.3665995162852679e-10	-4.1986989259364351e-09	1.3308475134737546e-09	18.154692963308477	39.382978643622351	5.8141980021537337e-09	success	146.39715019933078	-4.1987466539755057e-09	1.4845426772821302e-08	5.3665995162852679e-10	-4.1986989259364351e-09	1.6912053237149446e-08	18.118583627888473	39.299947343692466	5.8259562755553675e-09	success	146.38840653710994	-4.1987466539755057e-09	1.4845426772821302e-08	5.3665995162852679e-10	-4.1986989259364351e-09	-1.4089102298656296e-08	18.372747026471838	39.885035394177926	-8.7505311264975492e-09	success	146.38778209932676	-4.1987466539755057e-09	1.4845426772821302e-08	5.3665995162852679e-10	-4.1986989259364351e-09	-1.6716410314702102e-09	18.390455015812783	39.925855842963244	1.078251761151762e-08	success	146.38840653710994	146.38840653710994	0.94999999999999996	0.00020494113351090504	591789.23999478295	0	0.00032604508410966662	0.10000000000000001	0.57746985463219536	0.57735299013496355	1.5923217940199701	0	0.71342830993128292	4.5469095182072277	3.963929143239562e-28	9.7792489432641796e-05	7.8477114092441118	5.2643062129848189e-35	0	2.8032459393366894e-21	3.9515797879179946e-24	2.8053037471787517e-21	0-(0)->1	nan	nan	nan	nan	nan	nan	nan	nan	nan	nan	nan	nan	nan	nan	nan	nan	nan	nan	nan	nan	nan	nan	nan	nan	nan	nan	nan	nan	nan	nan	nan	nan	nan	nan	nan	nan	nan	nan	nan	nan	nan	nan	nan	nan	nan	nan	nan	nan	nan	nan	nan	nan	nan	nan	nan	nan	nan	nan	nan	nan	nan	nan	nan	nan	nan	nan	nan	nan	nan	nan	nan	nan	nan	nan	nan	nan	nan	nan	nan	nan	nan	nan	nan	nan	nan	nan	nan	nan	nan	nan	nan	nan	nan	nan	nan	nan	nan	nan	nan	nan	nan	nan	nan	nan	nan	nan	nan	nan	nan	nan	nan	nan	nan	nan	nan	nan	nan	nan	nan	nan	nan	nan	nan	nan	nan	nan	nan	nan	nan	nan	nan	nan	nan	nan	nan	nan	nan	nan	nan	nan	nan	nan	nan	nan	nan	nan	nan	nan	single_step	2.805303747178752e-21	typeI_mH62-125/random_20260901_134416.md
9.806990000000000e+01	2.220470000000000e+02	1.947550000000000e+02	1.171700000000000e+03	6.196030000000000e-02	4.749470000000000e+00	7.195735549693771e-22	-2.114292480577939e+01	success	0	0	0	true	2.575748820187411e-01	true	6.140046559784583e+00	true	3.261161780000000e-04	3.536008780000000e-09	1.450607505062842e+00	8.796088272400031e-02	true	6.431882993408985e+00	8.034109624796743e+01	2.493268001828759e+00	2.315888683879134e-01	true	true	6.582353297101957e-01	7.624381592484890e-01	6.582353297101957e-01	1.397556737337544e-02	8.200130863597429e-01	1.247368475103511e+00	8.200130863597429e-01	1.838266410552289e-02	CMS:2019ogx	ATLAS:2014vuz	CMS:2019ogx	ATLAS:2021upq	LHC13 [H]->X1->Z(X2->[bb])	LHC8 [HW;HZ]>[bb]	LHC13 [H]->X1->Z(X2->[bb])	LHC13 [Hpmtb>tb]	4.397767319144577e+00	true	all checks passed	1	1.743437340206804e+00	2.580350458644101e-01	1.283870995616744e+00	-3.427605035218462e-01	-7.187060446679895e-01	1.171700000000000e+03	4.749470000000000e+00	1290.8756185628154	-539.94906778388247	6.8440944904275307	0.09920749413503839	-0.016681141465580068	0.045111830640371886	0	-0.01783323165388416	0	0	0	success	ew_sym_res	success	success	207.82599999999999	success	146.51210064174956	2.6661760902660588e-07	1.0073219073094235e-06	2.6670623704689327e-07	2.6661760902660578e-07	2.7701239204871645e-08	12.111880846376319	35.899341438891639	-7.0429105101709344e-09	success	success	146.48618886178213	2.6661760902660588e-07	1.0073219073094235e-06	2.6670623704689327e-07	2.6661760902660578e-07	-1.0993358491355302e-08	12.915280618024235	38.28961157920731	6.5612473171316329e-09	success	146.48714166572245	2.6661760902660588e-07	1.0073219073094235e-06	2.6670623704689327e-07	2.6661760902660578e-07	7.2226670694836323e-09	12.888485840572107	38.209841320521832	8.6253222511389124e-09	success	146.4801054598488	2.6661760902660588e-07	1.0073219073094235e-06	2.6670623704689327e-07	2.6661760902660578e-07	-8.7076228616416844e-09	13.082101455921958	38.786336858750289	-7.1006457379632869e-09	success	146.47960880103489	2.6661760902660588e-07	1.0073219073094235e-06	2.6670623704689327e-07	2.6661760902660578e-07	-1.2899073714968393e-08	13.095435451396039	38.826046124259321	3.7250602144677657e-09	success	146.4801054598488	146.4801054598488	0.94999999999999996	0.00019038126433650293	743851.09941565676	0	0.00030291636434226401	0.10000000000000001	0.57747391040671203	0.57736399008047867	2.0027323094905882	0	0.89788565089337524	5.7226847757744084	2.025243296897364e-28	0.00011434032730615198	9.8767421598271277	2.4787722607411144e-35	0	7.1880366250607413e-22	1.4784110553051345e-24	7.1957355496937711e-22	0-(0)->1	nan	nan	nan	nan	nan	nan	nan	nan	nan	nan	nan	nan	nan	nan	nan	nan	nan	nan	nan	nan	nan	nan	nan	nan	nan	nan	nan	nan	nan	nan	nan	nan	nan	nan	nan	nan	nan	nan	nan	nan	nan	nan	nan	nan	nan	nan	nan	nan	nan	nan	nan	nan	nan	nan	nan	nan	nan	nan	nan	nan	nan	nan	nan	nan	nan	nan	nan	nan	nan	nan	nan	nan	nan	nan	nan	nan	nan	nan	nan	nan	nan	nan	nan	nan	nan	nan	nan	nan	nan	nan	nan	nan	nan	nan	nan	nan	nan	nan	nan	nan	nan	nan	nan	nan	nan	nan	nan	nan	nan	nan	nan	nan	nan	nan	nan	nan	nan	nan	nan	nan	nan	nan	nan	nan	nan	nan	nan	nan	nan	nan	nan	nan	nan	nan	nan	nan	nan	nan	nan	nan	nan	nan	nan	nan	nan	nan	nan	nan	single_step	7.195735549693771e-22	typeI_mH62-125/random_20260901_134416.md
9.853520000000000e+01	2.081020000000000e+02	1.846320000000000e+02	1.626730000000000e+03	1.611470000000000e-01	5.913470000000000e+00	2.541227224942684e-22	-2.159495650058255e+01	success	0	0	0	true	2.499377749309093e-01	true	3.060449780518683e+00	true	3.236068790000000e-04	3.167131010000000e-09	1.786178931082111e+00	9.514252735269911e-01	true	3.873190000414590e+00	8.034606840667995e+01	2.493573171446315e+00	2.315627238368529e-01	true	true	4.357621911678030e-01	7.105697941261382e-01	4.357621911678030e-01	1.071079715808888e-02	5.963954553967772e-01	3.574628887692028e+00	5.963954553967772e-01	1.408837159875410e-02	CMS:2019ogx	CMS:2012qwq	CMS:2019ogx	ATLAS:2021upq	LHC13 [H]->X1->Z(X2->[bb])	LHC8 [vbfH;HW;Htt;H;HZ]>[bb;tautau;WW;ZZ;gamgam]	LHC13 [H]->X1->Z(X2->[bb])	LHC13 [Hpmtb>tb]	3.936875645865967e+00	true	all checks passed	1	4.211013536261316e-01	2.503842948974089e-01	1.145092716975018e+00	-2.474849706475999e-01	-5.521140598141012e-01	1.626730000000000e+03	5.913470000000000e+00	448.25887755321685	-635.28948826147257	-24.10397994074722	0.046956665078045585	-0.015076972441953215	0.026056046211068148	0	-0.013458508087686937	0	0	0	success	ew_sym_res	success	success	259.387	success	144.64105128306878	1.2015228100980117e-08	-1.5603142346103667e-08	7.8492629430392916e-09	1.2015103797019141e-08	2.9040778105398194e-09	14.477027074551271	30.735020379109045	-9.5889413795850255e-09	success	success	144.6161484858809	1.2015228100980117e-08	-1.5603142346103667e-08	7.8492629430392916e-09	1.2015103797019141e-08	-4.9009523981513234e-09	15.03088482671436	31.960122169593575	3.0483762035463278e-09	success	144.61703796586872	1.2015228100980117e-08	-1.5603142346103667e-08	7.8492629430392916e-09	1.2015103797019141e-08	3.9048152348198113e-09	15.012163161994359	31.918600200221132	3.052404235700193e-09	success	144.61049746917877	1.2015228100980117e-08	-1.5603142346103667e-08	7.8492629430392916e-09	1.2015103797019141e-08	6.3419888687997445e-09	15.148672040426328	32.221527789267903	-6.456785520064265e-10	success	144.61003972490946	1.2015228100980117e-08	-1.5603142346103667e-08	7.8492629430392916e-09	1.2015103797019141e-08	-5.4316275366618696e-10	15.158051892170757	32.242359173836633	2.1807436828914494e-09	success	144.61049746917877	144.61049746917877	0.94999999999999996	0.00014952210211571321	798328.46564844821	0	0.00023792938837994748	0.10000000000000001	0.57745214069859208	0.57736755188025257	2.1218553165288805	0	0.94991184563271946	6.0543322106310988	8.4693083344721292e-29	9.5010990197504354e-05	10.449030301959914	8.2149135747288187e-36	0	2.538816058227143e-22	4.6312661314330727e-25	2.5412272249426841e-22	0-(0)->1	nan	nan	nan	nan	nan	nan	nan	nan	nan	nan	nan	nan	nan	nan	nan	nan	nan	nan	nan	nan	nan	nan	nan	nan	nan	nan	nan	nan	nan	nan	nan	nan	nan	nan	nan	nan	nan	nan	nan	nan	nan	nan	nan	nan	nan	nan	nan	nan	nan	nan	nan	nan	nan	nan	nan	nan	nan	nan	nan	nan	nan	nan	nan	nan	nan	nan	nan	nan	nan	nan	nan	nan	nan	nan	nan	nan	nan	nan	nan	nan	nan	nan	nan	nan	nan	nan	nan	nan	nan	nan	nan	nan	nan	nan	nan	nan	nan	nan	nan	nan	nan	nan	nan	nan	nan	nan	nan	nan	nan	nan	nan	nan	nan	nan	nan	nan	nan	nan	nan	nan	nan	nan	nan	nan	nan	nan	nan	nan	nan	nan	nan	nan	nan	nan	nan	nan	nan	nan	nan	nan	nan	nan	nan	nan	nan	nan	nan	nan	single_step	2.541227224942684e-22	typeI_mH62-125/random_20260831_090924.md
1.019890000000000e+02	2.042230000000000e+02	1.765850000000000e+02	1.128900000000000e+03	9.969470000000000e-02	6.866060000000000e+00	1.804339278787480e-24	-2.374368179658832e+01	success	0	0	0	true	2.552779474540940e-01	true	7.558650009430179e+00	true	3.246082080000000e-04	3.208806480000000e-09	1.648087304629547e+00	6.917278726514915e-01	true	4.489226993356727e+00	8.034475303985829e+01	2.493529208732203e+00	2.315752473059446e-01	true	true	3.342773117026164e-02	7.389088621509653e-01	1.098700414373680e-01	1.212073134154766e-03	7.507518181733507e-02	3.717192858253706e+00	6.385931159988154e-02	1.097516178841626e-03	CMS:2022goy	CMS:2012qwq	CMS:2016xnc	ATLAS:2018gfm	2d likelihood {LHC13 [ggH>tautau]; LHC13 [bbH>tautau]}	LHC8 [vbfH;HW;Htt;H;HZ]>[bb;tautau;WW;ZZ;gamgam]	LHC8 [H]->X1->Z(X2->[tautau])	LHC13 [Hpmtb>taunu]	4.598849629101522e+00	true	all checks passed	1	2.352171115571016e+00	2.557340077698139e-01	1.041881715037761e+00	-2.105555249550158e-01	-5.583898664184305e-01	1.128900000000000e+03	6.866060000000000e+00	1275.5643841430335	-687.53873558340547	-0.1451820530437089	0.20876659001142311	-0.015104813120092635	0.052115957171812811	0	-0.016719953478024192	0	0	0	success	ew_sym_res	success	success	205.07300000000001	success	152.62797403605023	0	0	0	0	-1.3747150243142813e-08	6.429094599860032	26.331163603809912	-2.973598175864627e-08	success	success	152.61440623588834	0	0	0	0	4.2532994165203472e-08	6.7453802066778179	27.631044862437758	1.5804749357344107e-08	success	152.61488071128755	0	0	0	0	1.7464484058321936e-08	6.7351911253121717	27.589154068900768	1.4273206914895782e-08	success	152.61104173474968	0	0	0	0	-9.5502917382544694e-09	6.8162162909398667	27.922304041829612	7.6929818231303495e-09	success	152.61077949554908	0	0	0	0	4.1393008277091747e-09	6.8216254254506588	27.944547134708948	2.6327573838518606e-10	success	152.61104173474968	152.61104173474968	0.94999999999999996	8.3830044419545355e-05	1468425.4494820626	0	0.00013345699143045138	0.10000000000000001	0.57745846185418537	0.57740959720408269	4.1197428516616572	0	1.8465234044607639	11.770279246823286	4.4102950408038114e-30	0.00010357463052325379	20.311757449068402	2.3947731870765491e-37	0	1.8007201534211067e-24	6.9452757009021827e-27	1.80433927878748e-24	0-(0)->1	nan	nan	nan	nan	nan	nan	nan	nan	nan	nan	nan	nan	nan	nan	nan	nan	nan	nan	nan	nan	nan	nan	nan	nan	nan	nan	nan	nan	nan	nan	nan	nan	nan	nan	nan	nan	nan	nan	nan	nan	nan	nan	nan	nan	nan	nan	nan	nan	nan	nan	nan	nan	nan	nan	nan	nan	nan	nan	nan	nan	nan	nan	nan	nan	nan	nan	nan	nan	nan	nan	nan	nan	nan	nan	nan	nan	nan	nan	nan	nan	nan	nan	nan	nan	nan	nan	nan	nan	nan	nan	nan	nan	nan	nan	nan	nan	nan	nan	nan	nan	nan	nan	nan	nan	nan	nan	nan	nan	nan	nan	nan	nan	nan	nan	nan	nan	nan	nan	nan	nan	nan	nan	nan	nan	nan	nan	nan	nan	nan	nan	nan	nan	nan	nan	nan	nan	nan	nan	nan	nan	nan	nan	nan	nan	nan	nan	nan	nan	single_step	1.804339278787480e-24	typeI_mH62-125/random_20260901_123420.md
1.237530000000000e+02	2.374770000000000e+02	2.113050000000000e+02	1.307080000000000e+03	9.386580000000000e-02	8.801610000000000e+00	1.083108263959836e-25	-2.496532813054886e+01	success	0	0	0	true	2.583622898539985e-01	true	1.519157193881551e+01	true	3.261053480000000e-04	3.130684220000000e-09	1.451980859282840e+00	1.212396758109493e+00	true	5.342471128794986e+00	8.034288540442182e+01	2.493456815270064e+00	2.315914498903848e-01	true	true	7.551884040752155e-01	7.447557378689198e-01	7.818229278410503e-01	9.580527914034291e-03	2.247572215527714e+00	3.746606451424872e+00	5.214819722090867e-01	9.845359689139327e-03	CMS:2013zmy	CMS:2012qwq	CMS:2019qcx	ATLAS:2021upq	LHC8 [ggH;vbfH;HW;HZ]>[WW]	LHC8 [vbfH;HW;Htt;H;HZ]>[bb;tautau;WW;ZZ;gamgam]	LHC13 [ggH]->X1->Z(X2->[bb])	LHC13 [Hpmtb>tb]	5.152911458667546e+00	true	all checks passed	1	4.957779163140242e+00	2.588238604230823e-01	1.292274286554951e+00	-3.511694010446604e-01	-7.393484777846959e-01	1.307080000000000e+03	8.801610000000000e+00	4243.8669454164828	-368.65344115967486	42.558521641959281	0.25009200997609499	-0.017942812670191401	0.061096633923418554	0	-0.016872301588314154	0	0	0	success	non_bfb	success	success	181.49600000000001	success	167.36617036691712	-9.0892290369091759e-09	2.7021701614979679e-07	9.4836932373250731e-07	3.9893484044837227e-08	1.2258015286210717e-08	6.612754971415562	23.605262194395205	-4.5848908018383685e-09	success	success	167.35285438783512	-9.0892290369091759e-09	2.7021701614979679e-07	9.4836932373250731e-07	3.9893484044837227e-08	-2.1509598458987874e-09	6.8812265385465254	24.584640681245663	4.1240576463530332e-08	success	167.35329454735594	-9.0892290369091759e-09	2.7021701614979679e-07	9.4836932373250731e-07	3.9893484044837227e-08	8.8917528591166513e-09	6.8731239548734706	24.555028865787666	6.2508372385074299e-10	success	167.34952796130182	-9.0892290369091759e-09	2.7021701614979679e-07	9.4836932373250731e-07	3.9893484044837227e-08	-5.5078822624646276e-09	6.9423506318189796	24.80809494544129	4.1674756986601242e-09	success	167.34927212047546	-9.0892290369091759e-09	2.7021701614979679e-07	9.4836932373250731e-07	3.9893484044837227e-08	-3.5585335693572363e-08	6.9470008617173402	24.825101411212874	-2.1961568548772437e-08	success	167.34952796130182	167.34952796130182	0.94999999999999996	4.4264208471235549e-05	1651310.2923929233	0	7.0491246218222473e-05	0.10000000000000001	0.57746723927407906	0.57744088790914527	5.0819102274022239	0	2.2757958679735832	14.507805636811689	4.9580234618244722e-31	6.7416143302044526e-05	25.033754547709414	1.4747302014836861e-38	0	1.0813008906891483e-25	3.4702411027166268e-28	1.0831082639598362e-25	0-(0)->1	nan	nan	nan	nan	nan	nan	nan	nan	nan	nan	nan	nan	nan	nan	nan	nan	nan	nan	nan	nan	nan	nan	nan	nan	nan	nan	nan	nan	nan	nan	nan	nan	nan	nan	nan	nan	nan	nan	nan	nan	nan	nan	nan	nan	nan	nan	nan	nan	nan	nan	nan	nan	nan	nan	nan	nan	nan	nan	nan	nan	nan	nan	nan	nan	nan	nan	nan	nan	nan	nan	nan	nan	nan	nan	nan	nan	nan	nan	nan	nan	nan	nan	nan	nan	nan	nan	nan	nan	nan	nan	nan	nan	nan	nan	nan	nan	nan	nan	nan	nan	nan	nan	nan	nan	nan	nan	nan	nan	nan	nan	nan	nan	nan	nan	nan	nan	nan	nan	nan	nan	nan	nan	nan	nan	nan	nan	nan	nan	nan	nan	nan	nan	nan	nan	nan	nan	nan	nan	nan	nan	nan	nan	nan	nan	nan	nan	nan	nan	single_step	1.083108263959836e-25	typeI_mH62-125/random_20260901_123420.md
1.255062035253132e+02	2.132668013269266e+02	2.251367457883059e+02	1.498684563153703e+03	9.826902896620012e-01	9.744500726701233e+00	7.253978778404112e-25	-2.413942371928708e+01	success	0	0	0	true	2.579012888937425e-01	true	6.307058782359389e+00	true	3.310792720000000e-04	3.467643710000000e-09	8.896190915512030e-01	3.701551754626695e-03	true	1.561218815297844e+00	8.037226274191204e+01	2.495051477984947e+00	2.314256566355973e-01	true	true	7.723703868595322e-01	7.723703868595322e-01	1.597706020264398e-01	5.466921886119514e-03	3.885928368334218e+00	3.885928368334218e+00	2.214674500834186e-01	3.135358990091176e-03	CMS:2012qwq	CMS:2012qwq	CMS:2019qcx	ATLAS:2021upq	LHC8 [vbfH;HW;Htt;H;HZ]>[bb;tautau;WW;ZZ;gamgam]	LHC8 [vbfH;HW;Htt;H;HZ]>[bb;tautau;WW;ZZ;gamgam]	LHC13 [ggH]->X1->Z(X2->[bb])	LHC13 [Hpmtb>tb]	4.542570674489809e+00	true	all checks passed	1	1.818673138726116e+00	2.583620358733013e-01	1.433007119920780e+00	-6.796987451535160e-01	-5.077169302308692e-01	1.498684563153703e+03	9.744500726701233e+00	2556.2475990914609	-373.33315235713212	71.69534946516373	-1.250618845914953	-0.017876276240437357	0.027642783615916468	0	0.0049285606417344878	0	0	0	success	ew_sym_res	success	success	378.07499999999999	success	151.68589181506553	8.5669600246342728e-09	1.6427536166753157e-08	-4.1815977508292194e-09	8.5668855635050327e-09	2.4346803688546293e-08	3.0469707264030235	25.214552579280351	-1.7848094667110042e-08	success	success	151.67430603552322	8.5669600246342728e-09	1.6427536166753157e-08	-4.1815977508292194e-09	8.5668855635050327e-09	-1.0137887910553199e-08	3.1868142650144025	26.370308812569441	2.8639981147373414e-08	success	151.6747100306057	8.5669600246342728e-09	1.6427536166753157e-08	-4.1815977508292194e-09	8.5668855635050327e-09	5.0009639855669487e-09	3.1823066564218156	26.333055912861241	-5.448333744727726e-09	success	151.67140382667105	8.5669600246342728e-09	1.6427536166753157e-08	-4.1815977508292194e-09	8.5668855635050327e-09	-2.7473345700976745e-08	3.2184518646894462	26.631775549157904	-2.8149986700166592e-08	success	151.67117891145733	8.5669600246342728e-09	1.6427536166753157e-08	-4.1815977508292194e-09	8.5668855635050327e-09	-5.1478530399753265e-08	3.2208533731127926	26.651622596641669	-1.22113943013217e-08	success	151.67140451228369	151.67140451228369	0.94999999999999996	7.8364752563256745e-05	1697171.8287544725	0	0.0001246582046648665	0.10000000000000001	0.57735756323119447	0.57731143386515471	4.7320673166202036	0	2.1241857019019239	13.53661340979192	2.697077036376353e-30	0.00011133777756670797	23.366042720921165	1.3627949756613581e-37	0	7.2360652568780999e-25	3.4357201327220251e-27	7.2539787784041122e-25	0-(0)->1	nan	nan	nan	nan	nan	nan	nan	nan	nan	nan	nan	nan	nan	nan	nan	nan	nan	nan	nan	nan	nan	nan	nan	nan	nan	nan	nan	nan	nan	nan	nan	nan	nan	nan	nan	nan	nan	nan	nan	nan	nan	nan	nan	nan	nan	nan	nan	nan	nan	nan	nan	nan	nan	nan	nan	nan	nan	nan	nan	nan	nan	nan	nan	nan	nan	nan	nan	nan	nan	nan	nan	nan	nan	nan	nan	nan	nan	nan	nan	nan	nan	nan	nan	nan	nan	nan	nan	nan	nan	nan	nan	nan	nan	nan	nan	nan	nan	nan	nan	nan	nan	nan	nan	nan	nan	nan	nan	nan	nan	nan	nan	nan	nan	nan	nan	nan	nan	nan	nan	nan	nan	nan	nan	nan	nan	nan	nan	nan	nan	nan	nan	nan	nan	nan	nan	nan	nan	nan	nan	nan	nan	nan	nan	nan	nan	nan	nan	nan	single_step	7.253978778404112e-25	typeI_mH125-220/random_20260823_003839.md
1.253467262235998e+02	2.535165887841516e+02	2.283694255292554e+02	1.622227796045826e+03	9.664507430254784e-01	8.612755288802312e+00	5.683992813614947e-24	-2.324534647983136e+01	success	0	0	0	true	2.580914054622437e-01	true	7.442137369125367e+00	true	3.307180580000000e-04	3.472404220000000e-09	9.258432224137519e-01	5.968478880004772e-03	true	6.357587736154742e+00	8.034103812128950e+01	2.493347341789605e+00	2.315992095461632e-01	true	true	7.743896519116483e-01	7.743896519116483e-01	2.735439646312423e-01	7.465377709214038e-03	3.896379005088173e+00	3.896379005088173e+00	3.007675408384726e-01	4.258031683267417e-03	CMS:2012qwq	CMS:2012qwq	CMS:2019qcx	ATLAS:2021upq	LHC8 [vbfH;HW;Htt;H;HZ]>[bb;tautau;WW;ZZ;gamgam]	LHC8 [vbfH;HW;Htt;H;HZ]>[bb;tautau;WW;ZZ;gamgam]	LHC13 [ggH]->X1->Z(X2->[bb])	LHC13 [Hpmtb>tb]	4.812699732140089e+00	true	all checks passed	1	2.159329974059649e+00	2.585524920897161e-01	1.491386026365934e+00	-4.275617263791128e-01	-8.280530434585798e-01	1.622227796045826e+03	8.612755288802312e+00	2468.504673210336	-160.47135681476416	5.2178493681365588	-0.12691066025318853	-0.020278894892089307	0.034252850510627722	0	-0.016043998100529044	0	0	0	success	ew_sym_res	success	success	452.351	success	151.48200953416546	3.7989313499405524e-09	-3.0753528528688922e-08	1.6620842695009151e-08	3.7995851346663249e-09	-2.2061543547007729e-08	3.8957325800752418	28.64688786898407	-6.2353127017358845e-09	success	success	151.46686963066247	3.7989313499405524e-09	-3.0753528528688922e-08	1.6620842695009151e-08	3.7995851346663249e-09	9.5708752564450184e-09	4.0923090303941825	30.087156346800747	-3.5314798629156973e-08	success	151.46740359814689	3.7989313499405524e-09	-3.0753528528688922e-08	1.6620842695009151e-08	3.7995851346663249e-09	-2.2851799072455338e-08	4.0859479568192176	30.040557779938666	1.6788402726664219e-08	success	151.46315084203752	3.7989313499405524e-09	-3.0753528528688922e-08	1.6620842695009151e-08	3.7995851346663249e-09	1.1660187264427473e-08	4.1356785525490674	30.404849951971034	1.9764154321369264e-08	success	151.46285892958227	3.7989313499405524e-09	-3.0753528528688922e-08	1.6620842695009151e-08	3.7995851346663249e-09	1.2192591166315654e-09	4.1389670650675496	30.428938781558447	1.6720275220224475e-08	success	151.46315084203752	151.46315084203752	0.94999999999999996	0.00010059630171586766	1308478.2773604931	0	0.00016003202969443517	0.10000000000000001	0.57738294040475613	0.57732335785295552	3.6432792804156007	0	1.6334406175663294	10.409617958265697	9.6167099243691085e-30	0.0001099062113398664	17.967846793229622	6.2415236609781228e-37	0	5.6733310489821297e-24	2.0462893231380417e-26	5.6839928136149469e-24	0-(0)->1	nan	nan	nan	nan	nan	nan	nan	nan	nan	nan	nan	nan	nan	nan	nan	nan	nan	nan	nan	nan	nan	nan	nan	nan	nan	nan	nan	nan	nan	nan	nan	nan	nan	nan	nan	nan	nan	nan	nan	nan	nan	nan	nan	nan	nan	nan	nan	nan	nan	nan	nan	nan	nan	nan	nan	nan	nan	nan	nan	nan	nan	nan	nan	nan	nan	nan	nan	nan	nan	nan	nan	nan	nan	nan	nan	nan	nan	nan	nan	nan	nan	nan	nan	nan	nan	nan	nan	nan	nan	nan	nan	nan	nan	nan	nan	nan	nan	nan	nan	nan	nan	nan	nan	nan	nan	nan	nan	nan	nan	nan	nan	nan	nan	nan	nan	nan	nan	nan	nan	nan	nan	nan	nan	nan	nan	nan	nan	nan	nan	nan	nan	nan	nan	nan	nan	nan	nan	nan	nan	nan	nan	nan	nan	nan	nan	nan	nan	nan	single_step	5.683992813614947e-24	typeI_mH125-220/random_20260823_182414.md
1.260985091658223e+02	2.620461485023372e+02	2.611813545479150e+02	1.593735326534692e+03	9.672377819601365e-01	6.903758613388469e+00	2.117390801419356e-22	-2.167419897795776e+01	success	0	0	0	true	2.593144144900028e-01	true	1.265148244760760e+01	true	3.300317100000000e-04	3.481312410000000e-09	9.966648906484812e-01	1.165834744361605e-02	true	2.024723629938744e-01	8.036189383771821e+01	2.494465541978197e+00	2.314801285726807e-01	true	true	5.314699036047480e-01	7.519557548760577e-01	2.788500396981797e-01	2.853257638561778e-03	3.149451280620729e+00	2.238756010783639e+00	3.695840315254951e-01	4.772130820876755e-03	CMS:2013fjq	CMS:2013zmy	CMS:2019qcx	CMS:2020imj	LHC8 [vbfH;HW;Htt;H;HZ]>[ZZ]	LHC8 [ggH;vbfH;HW;HZ]>[WW]	LHC13 [ggH]->X1->Z(X2->[bb])	LHC13 [Hpmtb>tb]	5.876664518205160e+00	true	all checks passed	1	3.935804523230528e+00	2.597776860531067e-01	2.072432150149581e+00	-9.341265386028879e-01	-9.490807319211925e-01	1.593735326534692e+03	6.903758613388469e+00	5562.7671713055424	306.21552065349084	154.6367116501076	-0.53801305334772442	-0.02757868889525714	0.023606046143121878	0	-0.0016064787634747842	0	0	0	success	ew_sym_res	success	success	506.52300000000002	success	159.31482749776592	-1.2023161285286311e-08	1.1899754623590486e-07	6.5246045611950684e-09	-2.4147917917260213e-08	1.2767448402491827e-08	7.4399503891449879	37.091031934021323	2.4446029549038096e-08	success	success	159.28527610464897	-1.2023161285286311e-08	1.1899754623590486e-07	6.5246045611950684e-09	-2.4147917917260213e-08	-2.0379129024934994e-08	7.8816072757554929	39.255525467619158	-1.5180041714837393e-08	success	159.28631310652344	-1.2023161285286311e-08	1.1899754623590486e-07	6.5246045611950684e-09	-2.4147917917260213e-08	-3.2753856966838621e-08	7.8675872241993492	39.186876155306365	2.7200784242662674e-08	success	159.27838072029556	-1.2023161285286311e-08	1.1899754623590486e-07	6.5246045611950684e-09	-2.4147917917260213e-08	3.6054269299934886e-08	7.9725947979983172	39.70095368265607	1.9551709231914258e-08	success	159.27782000856712	-1.2023161285286311e-08	1.1899754623590486e-07	6.5246045611950684e-09	-2.4147917917260213e-08	1.0530472768712627e-08	7.9798440759756497	39.736435149333346	-2.3720428972480046e-08	success	159.27838072029556	159.27838072029556	0.94999999999999996	0.00013048485173413886	716498.38162264798	0	0.0002076326163012022	0.10000000000000001	0.57743934460008395	0.57736132033154797	2.0983383913443836	0	0.94078060545578901	5.9960333155577725	6.8560466279819493e-29	8.2117198584949198e-05	10.348586660013678	5.8928831834557815e-36	0	2.1156446555441431e-22	3.3544374003933445e-25	2.1173908014193561e-22	0-(0)->1	nan	nan	nan	nan	nan	nan	nan	nan	nan	nan	nan	nan	nan	nan	nan	nan	nan	nan	nan	nan	nan	nan	nan	nan	nan	nan	nan	nan	nan	nan	nan	nan	nan	nan	nan	nan	nan	nan	nan	nan	nan	nan	nan	nan	nan	nan	nan	nan	nan	nan	nan	nan	nan	nan	nan	nan	nan	nan	nan	nan	nan	nan	nan	nan	nan	nan	nan	nan	nan	nan	nan	nan	nan	nan	nan	nan	nan	nan	nan	nan	nan	nan	nan	nan	nan	nan	nan	nan	nan	nan	nan	nan	nan	nan	nan	nan	nan	nan	nan	nan	nan	nan	nan	nan	nan	nan	nan	nan	nan	nan	nan	nan	nan	nan	nan	nan	nan	nan	nan	nan	nan	nan	nan	nan	nan	nan	nan	nan	nan	nan	nan	nan	nan	nan	nan	nan	nan	nan	nan	nan	nan	nan	nan	nan	nan	nan	nan	nan	single_step	2.117390801419356e-22	typeI_mH125-220/random_20260824_135839.md
1.263160000000000e+02	2.146160000000000e+02	2.325020000000000e+02	1.367290000000000e+03	9.616400000000001e-01	1.060860000000000e+01	5.507192772908830e-25	-2.425906972127697e+01	success	0	0	0	true	2.580650216538106e-01	true	8.764105924794617e+00	true	3.313189400000000e-04	3.464440430000000e-09	8.659830546360110e-01	2.479500815516144e-03	true	3.706694455777236e+00	8.037827564288035e+01	2.495383654364494e+00	2.313919122281295e-01	true	true	7.600755113078015e-01	7.600755113078015e-01	1.923416248554799e-01	3.034182461231374e-03	1.245422803138973e+00	1.245422803138973e+00	2.666160649165942e-01	1.717817038234281e-03	ATLAS:2014vuz	ATLAS:2014vuz	CMS:2019qcx	ATLAS:2021upq	LHC8 [HW;HZ]>[bb]	LHC8 [HW;HZ]>[bb]	LHC13 [ggH]->X1->Z(X2->[bb])	LHC13 [Hpmtb>tb]	4.788516797555957e+00	true	all checks passed	1	2.701107824697664e+00	2.585260611459619e-01	1.555238308009997e+00	-7.836012757366485e-01	-5.193024936624864e-01	1.367290000000000e+03	1.060860000000000e+01	3604.2977586945021	-295.26314673389896	95.022649613794627	-1.9536852282201183	-0.018370319488360015	0.032953897391391242	0	0.0083349315455096672	0	0	0	success	ew_sym_res	success	success	161.83699999999999	success	155.30034466254969	6.1803763429953265e-08	7.8615175984373483e-10	6.1829129536280364e-08	7.2437582295673469e-08	-3.6150364270736426e-08	2.8905916937198723	25.368809778251872	-2.163743227327411e-08	success	success	155.28820078809906	6.1803763429953265e-08	7.8615175984373483e-10	6.1829129536280364e-08	7.2437582295673469e-08	-1.1931454607491277e-08	3.0212185273086836	26.512681782257424	-2.377682591323589e-08	success	155.28861960855875	6.1803763429953265e-08	7.8615175984373483e-10	6.1829129536280364e-08	7.2437582295673469e-08	8.9882239387510933e-09	3.0170477555130772	26.476161714717371	2.1287858198069701e-08	success	155.28515805144042	6.1803763429953265e-08	7.8615175984373483e-10	6.1829129536280364e-08	7.2437582295673469e-08	2.8367316017614242e-08	3.050921043453966	26.772757972484648	-1.447669601542981e-08	success	155.28492312583148	6.1803763429953265e-08	7.8615175984373483e-10	6.1829129536280364e-08	7.2437582295673469e-08	-4.3379894511323047e-08	3.0531260806182301	26.792065539344875	-2.7487769068698048e-09	success	155.28515801489036	155.28515801489036	0.94999999999999996	7.1039264285848206e-05	1667343.2639108403	0	0.00011305884504455441	0.10000000000000001	0.57741046163694065	0.57736830399885541	4.7601107463252781	0	2.1336537186062379	13.59902454909324	2.0758490821023838e-30	0.00010140427793243574	23.470190904668613	9.5708207975585297e-38	0	5.494671346638802e-25	2.4021781699698685e-27	5.5071927729088303e-25	0-(0)->1	nan	nan	nan	nan	nan	nan	nan	nan	nan	nan	nan	nan	nan	nan	nan	nan	nan	nan	nan	nan	nan	nan	nan	nan	nan	nan	nan	nan	nan	nan	nan	nan	nan	nan	nan	nan	nan	nan	nan	nan	nan	nan	nan	nan	nan	nan	nan	nan	nan	nan	nan	nan	nan	nan	nan	nan	nan	nan	nan	nan	nan	nan	nan	nan	nan	nan	nan	nan	nan	nan	nan	nan	nan	nan	nan	nan	nan	nan	nan	nan	nan	nan	nan	nan	nan	nan	nan	nan	nan	nan	nan	nan	nan	nan	nan	nan	nan	nan	nan	nan	nan	nan	nan	nan	nan	nan	nan	nan	nan	nan	nan	nan	nan	nan	nan	nan	nan	nan	nan	nan	nan	nan	nan	nan	nan	nan	nan	nan	nan	nan	nan	nan	nan	nan	nan	nan	nan	nan	nan	nan	nan	nan	nan	nan	nan	nan	nan	nan	single_step	5.507192772908830e-25	typeI_mH125-220/random_20260823_112743.md
1.278850000000000e+02	2.157950000000000e+02	2.087610000000000e+02	1.132260000000000e+03	9.531110000000000e-01	1.254840000000000e+01	1.484243769464202e-26	-2.582849476547281e+01	success	0	0	0	true	2.584930060659537e-01	true	1.679892256827283e+01	true	3.315712160000000e-04	3.461199860000000e-09	8.414474008827043e-01	1.491520380732550e-03	true	5.711703665884619e-01	8.035692285117374e+01	2.494238676985101e+00	2.315143779839586e-01	true	true	7.523142652297209e-01	7.523142652297209e-01	1.419101307560142e-01	6.644871218695949e-03	1.235797572371054e+00	1.235797572371054e+00	1.967099979653203e-01	7.296886047091538e-03	ATLAS:2014vuz	ATLAS:2014vuz	CMS:2019qcx	ATLAS:2021upq	LHC8 [HW;HZ]>[bb]	LHC8 [HW;HZ]>[bb]	LHC13 [ggH]->X1->Z(X2->[bb])	LHC13 [Hpmtb>tb]	6.016947197568186e+00	true	all checks passed	1	5.523177537172986e+00	2.589548101627568e-01	1.237555265807982e+00	-4.345387237932684e-01	-5.332341730628831e-01	1.132260000000000e+03	1.254840000000000e+01	4833.3091697635509	-474.1671699128969	59.150426926516239	-1.1793230125948768	-0.016622863064096917	0.067088601963432179	0	-0.0052917984443103944	0	0	0	success	non_bfb	success	success	185.04900000000001	success	170.95188888843381	1.4769709371760194e-08	5.0174409047688723e-07	1.5941498105304478e-06	-8.0644022770761698e-08	-1.5835129600993438e-08	6.4683858866149331	20.969811304252953	1.5019616920588539e-08	success	success	170.94046693050819	1.4769709371760194e-08	5.0174409047688723e-07	1.5941498105304478e-06	-8.0644022770761698e-08	1.6550204212812169e-08	6.7043491236568897	21.75962598266527	2.4444816887976994e-08	success	170.94083784474333	1.4769709371760194e-08	5.0174409047688723e-07	1.5941498105304478e-06	-8.0644022770761698e-08	3.6214800103757075e-09	6.6971761532142722	21.735563528727933	3.6579639231588411e-08	success	170.93757533934979	1.4769709371760194e-08	5.0174409047688723e-07	1.5941498105304478e-06	-8.0644022770761698e-08	-2.678619263933051e-08	6.7592091601302586	21.943776959946721	-2.4550647100276852e-08	success	170.93735582633911	1.4769709371760194e-08	5.0174409047688723e-07	1.5941498105304478e-06	-8.0644022770761698e-08	2.6750866781314952e-08	6.7632827933798412	21.957460191261447	-5.1156322294034943e-09	success	170.93757533934979	170.93757533934979	0.94999999999999996	3.1366842165371447e-05	1961400.5348939388	0	4.9965924366571791e-05	0.10000000000000001	0.57749096857912718	0.57747230239788705	6.1659837618420541	0	2.7691749360242826	17.654500632815143	1.22394675942366e-31	5.8138283992035066e-05	30.460924296267109	2.6219799369910067e-39	0	1.481602615499615e-26	5.0706005463317375e-29	1.484243769464202e-26	0-(0)->1	nan	nan	nan	nan	nan	nan	nan	nan	nan	nan	nan	nan	nan	nan	nan	nan	nan	nan	nan	nan	nan	nan	nan	nan	nan	nan	nan	nan	nan	nan	nan	nan	nan	nan	nan	nan	nan	nan	nan	nan	nan	nan	nan	nan	nan	nan	nan	nan	nan	nan	nan	nan	nan	nan	nan	nan	nan	nan	nan	nan	nan	nan	nan	nan	nan	nan	nan	nan	nan	nan	nan	nan	nan	nan	nan	nan	nan	nan	nan	nan	nan	nan	nan	nan	nan	nan	nan	nan	nan	nan	nan	nan	nan	nan	nan	nan	nan	nan	nan	nan	nan	nan	nan	nan	nan	nan	nan	nan	nan	nan	nan	nan	nan	nan	nan	nan	nan	nan	nan	nan	nan	nan	nan	nan	nan	nan	nan	nan	nan	nan	nan	nan	nan	nan	nan	nan	nan	nan	nan	nan	nan	nan	nan	nan	nan	nan	nan	nan	single_step	1.484243769464202e-26	typeI_mH125-220/random_20260823_112743.md
1.256950000000000e+02	2.324230000000000e+02	2.004720000000000e+02	1.125690000000000e+03	9.848910000000000e-01	1.241700000000000e+01	5.457373931636039e-26	-2.526301628794630e+01	success	0	0	0	true	2.579275834993366e-01	true	1.427016679909425e+01	true	3.269415940000000e-04	3.120468790000000e-09	1.347848407924759e+00	1.291210682093509e+00	true	6.182996948563679e+00	8.034139017809744e+01	2.493405724192562e+00	2.316034305762191e-01	true	true	7.607071720439819e-01	7.557436213430349e-01	1.412551249098831e-01	7.084039727334368e-03	3.826852555148460e+00	2.249574844772879e+00	1.348490928350478e-01	9.241453089444542e-03	CMS:2012qwq	CMS:2013zmy	ATLAS:2022enb	ATLAS:2021upq	LHC8 [vbfH;HW;Htt;H;HZ]>[bb;tautau;WW;ZZ;gamgam]	LHC8 [ggH;vbfH;HW;HZ]>[WW]	LHC13 [H]->X1->Z(X2->[bb])	LHC13 [Hpmtb>tb]	4.324561545817176e+00	true	all checks passed	1	4.667086666421596e+00	2.583883774548533e-01	1.099089756079231e+00	-2.030743067194449e-01	-6.601907104804338e-01	1.125690000000000e+03	1.241700000000000e+01	3655.4506939221351	-471.2755220218217	4.1411066527981086	0.32055615370526308	-0.017296517447074739	0.061489118595945677	0	-0.020491258946800157	0	0	0	success	non_bfb	success	success	176.44900000000001	success	164.76542791176399	0	0	0	0	-3.9375657544624372e-08	3.4371565350224715	23.098173353126256	6.1064122898439419e-09	success	success	164.75434944671488	0	0	0	0	2.8352994158894137e-08	3.5756365221456496	24.031680988975793	7.3918903841552175e-08	success	164.75471721663126	0	0	0	0	1.9253755196007685e-08	3.5714337795702957	24.003336390807661	-6.7532445975504021e-08	success	164.75153793504208	0	0	0	0	-1.6996791442790903e-08	3.6077323479435024	24.248152756855376	2.9614380527388208e-08	success	164.75132487301295	0	0	0	0	-9.9741299557957191e-08	3.6101458162089086	24.264431562832829	-1.1609072344889341e-08	success	164.75153816181427	164.75153816181427	0.94999999999999996	4.6024210058990369e-05	1952122.1522336318	0	7.330208975327706e-05	0.10000000000000001	0.5774821365929399	0.57745476796623585	5.9141147982007274	0	2.6647837979792213	16.98816942482587	4.0078750416765727e-31	8.2082315756548327e-05	29.312621777771433	1.2186901057535863e-38	0	5.4446073377141941e-26	2.4491284802122044e-28	5.4573739316360387e-26	0-(0)->1	nan	nan	nan	nan	nan	nan	nan	nan	nan	nan	nan	nan	nan	nan	nan	nan	nan	nan	nan	nan	nan	nan	nan	nan	nan	nan	nan	nan	nan	nan	nan	nan	nan	nan	nan	nan	nan	nan	nan	nan	nan	nan	nan	nan	nan	nan	nan	nan	nan	nan	nan	nan	nan	nan	nan	nan	nan	nan	nan	nan	nan	nan	nan	nan	nan	nan	nan	nan	nan	nan	nan	nan	nan	nan	nan	nan	nan	nan	nan	nan	nan	nan	nan	nan	nan	nan	nan	nan	nan	nan	nan	nan	nan	nan	nan	nan	nan	nan	nan	nan	nan	nan	nan	nan	nan	nan	nan	nan	nan	nan	nan	nan	nan	nan	nan	nan	nan	nan	nan	nan	nan	nan	nan	nan	nan	nan	nan	nan	nan	nan	nan	nan	nan	nan	nan	nan	nan	nan	nan	nan	nan	nan	nan	nan	nan	nan	nan	nan	single_step	5.457373931636039e-26	typeI_mH125-220/random_20260823_112730.md
1.262340000000000e+02	2.530270000000000e+02	2.558650000000000e+02	1.523370000000000e+03	9.820590000000000e-01	8.494170000000000e+00	1.706260192589436e-23	-2.276795474128718e+01	success	0	0	0	true	2.583358441959855e-01	true	1.166617322152850e+01	true	3.262326310000000e-04	3.128890500000000e-09	1.435881139008759e+00	1.226056016530914e+00	true	3.664276467926089e-01	8.036574210929240e+01	2.494691069152748e+00	2.314594218129328e-01	true	true	7.672750248291457e-01	7.533519091273638e-01	1.683975356331779e-01	1.366548863205099e-03	3.859893132569610e+00	2.242629098778805e+00	1.895000911723842e-01	2.411714427881528e-03	CMS:2012qwq	CMS:2013zmy	CMS:2019qcx	CMS:2020imj	LHC8 [vbfH;HW;Htt;H;HZ]>[bb;tautau;WW;ZZ;gamgam]	LHC8 [ggH;vbfH;HW;HZ]>[WW]	LHC13 [ggH]->X1->Z(X2->[bb])	LHC13 [Hpmtb>tb]	5.183371304081248e+00	true	all checks passed	1	3.618661157057173e+00	2.587973675192524e-01	1.950023717642866e+00	-8.888893343891788e-01	-8.411586352021868e-01	1.523370000000000e+03	8.494170000000000e+00	5090.6647343408767	154.74917324541104	122.23062960439157	-1.0763931993755795	-0.02451896721805337	0.028114369595024037	0	0.00041680614564299846	0	0	0	success	ew_sym_res	success	success	200.137	success	158.23620995116204	3.3761250064996478e-09	3.9533082541236514e-09	3.5351515758693021e-09	9.2253018434949286e-09	5.5305629266871034e-08	4.8094573879532314	31.837252839928929	3.4135738712025356e-09	success	success	158.21570842496794	3.3761250064996478e-09	3.9533082541236514e-09	3.5351515758693021e-09	9.2253018434949286e-09	-2.2853940668083822e-08	5.0652841164537143	33.514262750646331	-1.4679236074634082e-09	success	158.21642137034303	3.3761250064996478e-09	3.9533082541236514e-09	3.5351515758693021e-09	9.2253018434949286e-09	2.2787964786977243e-08	5.0571964341810283	33.461271726733514	1.3514755917566152e-08	success	158.21077610014524	3.3761250064996478e-09	3.9533082541236514e-09	3.5351515758693021e-09	9.2253018434949286e-09	-3.7340100874829909e-08	5.1203120246924296	33.87475776691204	3.3470913616463066e-08	success	158.2103838188215	3.3761250064996478e-09	3.9533082541236514e-09	3.5351515758693021e-09	9.2253018434949286e-09	-3.2579606426803482e-08	5.124599904953965	33.902844889012322	-6.6273008260270662e-08	success	158.21077610014524	158.21077610014524	0.94999999999999996	0.00010016467010628399	1017600.9203220316	0	0.00015942192578145411	0.10000000000000001	0.57744243347438873	0.5773824829019012	2.9600998416680935	0	1.3266916845420127	8.4561047352954866	1.5481923037933872e-29	8.8904927317235357e-05	14.59360852996214	1.0156947476401409e-36	0	1.7041255452362669e-23	4.0999009087103107e-26	1.7062601925894357e-23	0-(0)->1	nan	nan	nan	nan	nan	nan	nan	nan	nan	nan	nan	nan	nan	nan	nan	nan	nan	nan	nan	nan	nan	nan	nan	nan	nan	nan	nan	nan	nan	nan	nan	nan	nan	nan	nan	nan	nan	nan	nan	nan	nan	nan	nan	nan	nan	nan	nan	nan	nan	nan	nan	nan	nan	nan	nan	nan	nan	nan	nan	nan	nan	nan	nan	nan	nan	nan	nan	nan	nan	nan	nan	nan	nan	nan	nan	nan	nan	nan	nan	nan	nan	nan	nan	nan	nan	nan	nan	nan	nan	nan	nan	nan	nan	nan	nan	nan	nan	nan	nan	nan	nan	nan	nan	nan	nan	nan	nan	nan	nan	nan	nan	nan	nan	nan	nan	nan	nan	nan	nan	nan	nan	nan	nan	nan	nan	nan	nan	nan	nan	nan	nan	nan	nan	nan	nan	nan	nan	nan	nan	nan	nan	nan	nan	nan	nan	nan	nan	nan	single_step	1.706260192589436e-23	typeI_mH125-220/random_20260824_002709.md
2.113821392361490e+02	2.880652337159721e+02	2.052424752206707e+02	5.820810202440740e+03	9.979724574330595e-01	6.696412353960524e+00	1.314642907117948e-26	-2.588119219738620e+01	success	0	0	0	true	2.523196925367121e-01	true	1.267053982902343e+01	true	3.293643810000000e-04	3.490736010000000e-09	1.068026408623717e+00	1.973153996100022e-02	true	2.775230117430054e-01	8.035935516678687e+01	2.494489361439079e+00	2.315398383658668e-01	true	true	7.748776098048754e-01	2.767934790777840e-01	1.046300303847102e-01	4.215021642849422e-02	3.898139086872802e+00	2.641796184207987e-01	1.517255333723833e-01	5.015154784251136e-02	CMS:2012qwq	ATLAS:2020tlo	CMS:2019qcx	ATLAS:2021upq	LHC8 [vbfH;HW;Htt;H;HZ]>[bb;tautau;WW;ZZ;gamgam]	LHC13 [ggH>ZZ]	LHC13 [ggH]->X1->Z(X2->[bb])	LHC13 [Hpmtb>tb]	2.516640344936150e+00	true	all checks passed	1	4.163805873257166e+00	2.527704678574488e-01	4.571179460070073e-01	6.375242919472123e-01	-7.127667134440879e-01	5.820810202440740e+03	6.696412353960524e+00	3607.5676320559096	-460.37592113423779	-159.94284066080607	0.91298809491225508	-0.024665787616799696	0.021580812296909547	0	-0.033179673974927805	0	0	0	success	ew_sym_res	success	success	339.642	success	164.26561299563696	-1.5200600369676323e-08	2.0547774053813148e-08	9.4778867245754247e-08	8.9625271153138713e-10	-1.4162966683018081e-09	4.466841416817374	20.766907288884983	-9.023774295355238e-09	success	success	164.25673833348191	-1.5200600369676323e-08	2.0547774053813148e-08	9.4778867245754247e-08	8.9625271153138713e-10	2.042737760940953e-09	4.6343166367975916	21.549536070075209	-3.2181701778300499e-11	success	164.25703117963633	-1.5200600369676323e-08	2.0547774053813148e-08	9.4778867245754247e-08	8.9625271153138713e-10	-1.385906108805196e-09	4.629301965600968	21.526094072552596	8.5679291854656806e-11	success	164.25444445728797	-1.5200600369676323e-08	2.0547774053813148e-08	9.4778867245754247e-08	8.9625271153138713e-10	-1.2571909156362132e-08	4.6742111694814916	21.736041502957882	-5.2894678605836664e-09	success	164.2542721472195	-1.5200600369676323e-08	2.0547774053813148e-08	9.4778867245754247e-08	8.9625271153138713e-10	-7.2187522824726769e-09	4.6770294379653592	21.749218442097995	5.1343567576894861e-09	success	164.25444441236499	164.25444441236499	0.94999999999999996	4.0002952763087698e-05	2402085.5098879384	0	6.3719936412924162e-05	0.10000000000000001	0.57749218820575454	0.57746856800106783	7.2552888985174464	0	3.256107100650262	20.758662759137437	1.7601590382152724e-31	8.7180619773376923e-05	35.817178107152884	4.6315865231552236e-39	0	1.3106686292356641e-26	7.6174796918563566e-29	1.3146429071179478e-26	0-(0)->1	nan	nan	nan	nan	nan	nan	nan	nan	nan	nan	nan	nan	nan	nan	nan	nan	nan	nan	nan	nan	nan	nan	nan	nan	nan	nan	nan	nan	nan	nan	nan	nan	nan	nan	nan	nan	nan	nan	nan	nan	nan	nan	nan	nan	nan	nan	nan	nan	nan	nan	nan	nan	nan	nan	nan	nan	nan	nan	nan	nan	nan	nan	nan	nan	nan	nan	nan	nan	nan	nan	nan	nan	nan	nan	nan	nan	nan	nan	nan	nan	nan	nan	nan	nan	nan	nan	nan	nan	nan	nan	nan	nan	nan	nan	nan	nan	nan	nan	nan	nan	nan	nan	nan	nan	nan	nan	nan	nan	nan	nan	nan	nan	nan	nan	nan	nan	nan	nan	nan	nan	nan	nan	nan	nan	nan	nan	nan	nan	nan	nan	nan	nan	nan	nan	nan	nan	nan	nan	nan	nan	nan	nan	nan	nan	nan	nan	nan	nan	single_step	1.314642907117948e-26	typeI_mH125-220/random_20260823_003839.md
2.096678425282407e+02	3.255562325095984e+02	2.026557969604368e+02	7.576145536250787e+03	9.927327045013502e-01	4.512916619256540e+00	4.246824378101726e-26	-2.537193569832139e+01	success	0	0	0	true	2.459795406846470e-01	true	1.049149115122969e+01	true	3.256298690000000e-04	3.541377630000000e-09	1.512916961100170e+00	9.928503287059366e-02	true	2.852540326180537e-01	8.035925454073222e+01	2.494459607456470e+00	2.315499055396246e-01	true	true	7.896981925810723e-01	4.037788538640928e-01	7.068466654914082e-02	8.669004798454162e-02	3.972696271490221e+00	3.535892349598281e-01	8.480193794223274e-02	1.086508614694297e-01	CMS:2012qwq	ATLAS:2020tlo	CMS:2019qcx	ATLAS:2021upq	LHC8 [vbfH;HW;Htt;H;HZ]>[bb;tautau;WW;ZZ;gamgam]	LHC13 [ggH>ZZ]	LHC13 [ggH]->X1->Z(X2->[bb])	LHC13 [Hpmtb>tb]	5.794104752521008e+00	true	all checks passed	1	3.354862670917602e+00	2.464189891685605e-01	5.499583876576308e-01	9.868034696302680e-01	-1.158661811755611e+00	7.576145536250787e+03	4.512916619256540e+00	2510.9179317622888	-159.56870596519903	-387.77461752011561	0.65453926774068172	-0.034454940428411879	0.017395428665620813	0	-0.057624521258266753	0	0	0	success	ew_sym_res	success	success	378.36900000000003	success	162.37998555793294	-2.0127443874045408e-08	1.3030433737713825e-07	-5.1333920626043801e-09	-2.5312643680284994e-08	2.3023996959878048e-09	7.1274258924980796	21.49074358779464	-1.3800335404169647e-09	success	success	162.37001358778105	-2.0127443874045408e-08	1.3030433737713825e-07	-5.1333920626043801e-09	-2.5312643680284994e-08	-7.7517591491095474e-09	7.4096753221464002	22.348658347645443	6.1153588965401408e-09	success	162.37034632897843	-2.0127443874045408e-08	1.3030433737713825e-07	-5.1333920626043801e-09	-2.5312643680284994e-08	7.2417561119286761e-09	7.4009019197453529	22.321977993643262	1.3589452118100413e-09	success	162.36746685242917	-2.0127443874045408e-08	1.3030433737713825e-07	-5.1333920626043801e-09	-2.5312643680284994e-08	7.2211013902794078e-10	7.4756271520115609	22.549248398028382	1.8909861940616703e-09	success	162.36727357043981	-2.0127443874045408e-08	1.3030433737713825e-07	-5.1333920626043801e-09	-2.5312643680284994e-08	-6.7988207042415025e-10	7.4805737910343177	22.564295303947748	6.0811782807621767e-09	success	162.36746683796679	162.36746683796679	0.94999999999999996	4.7332686199190555e-05	2119173.1763897222	0	7.5330880848059937e-05	0.10000000000000001	0.57739276422836516	0.57736474198173071	6.3270038867366338	0	2.8366857375021257	18.079686453709773	3.7598262139750787e-31	8.9828533904457667e-05	31.203543112523384	1.1667981400511839e-38	0	4.2353366044541407e-26	2.2027472679757991e-28	4.2468243781017261e-26	0-(0)->1	nan	nan	nan	nan	nan	nan	nan	nan	nan	nan	nan	nan	nan	nan	nan	nan	nan	nan	nan	nan	nan	nan	nan	nan	nan	nan	nan	nan	nan	nan	nan	nan	nan	nan	nan	nan	nan	nan	nan	nan	nan	nan	nan	nan	nan	nan	nan	nan	nan	nan	nan	nan	nan	nan	nan	nan	nan	nan	nan	nan	nan	nan	nan	nan	nan	nan	nan	nan	nan	nan	nan	nan	nan	nan	nan	nan	nan	nan	nan	nan	nan	nan	nan	nan	nan	nan	nan	nan	nan	nan	nan	nan	nan	nan	nan	nan	nan	nan	nan	nan	nan	nan	nan	nan	nan	nan	nan	nan	nan	nan	nan	nan	nan	nan	nan	nan	nan	nan	nan	nan	nan	nan	nan	nan	nan	nan	nan	nan	nan	nan	nan	nan	nan	nan	nan	nan	nan	nan	nan	nan	nan	nan	nan	nan	nan	nan	nan	nan	single_step	4.246824378101726e-26	typeI_mH125-220/random_20260824_135839.md
1.946650000000000e+02	3.122280000000000e+02	2.814250000000000e+02	4.541620000000000e+03	9.960980000000000e-01	8.281010000000000e+00	3.698277408721385e-23	-2.243200051541635e+01	success	0	0	0	true	2.526926476571444e-01	true	4.227381589801657e+00	true	3.308653890000000e-04	3.470248120000000e-09	9.109809310839967e-01	4.874986486734894e-03	true	7.791021488963594e+00	8.033878671045021e+01	2.493250045306247e+00	2.316188946900607e-01	true	true	7.676887446883464e-01	4.830363336888622e-02	6.049835148575267e-02	3.281963266358244e-02	1.255958568180662e+00	3.036972713202847e-02	3.991870154224689e-02	2.387272369770355e-02	ATLAS:2014vuz	CMS:2018amk	CMS:2019qcx	ATLAS:2021upq	LHC8 [HW;HZ]>[bb]	LHC13 [vbfH>ZZ]	LHC13 [ggH]->X1->Z(X2->[bb])	LHC13 [Hpmtb>tb]	4.771636712098740e+00	true	all checks passed	1	3.020705820205045e-01	2.531440892713532e-01	1.888677326137417e+00	-3.760344156539103e-01	-9.803801542684917e-01	4.541620000000000e+03	8.281010000000000e+00	1246.9355366571226	569.19291482849587	-36.0394068552202	0.051886207922281498	-0.036883732815173501	0.0033137318514364906	0	-0.012275928348882635	0	0	0	success	ew_sym_res	success	success	222.95699999999999	success	145.46021399271245	3.1808555343429367e-09	7.6331172160542825e-09	-1.9805865660349849e-09	3.1808963106520602e-09	9.0158195900504035e-09	5.4940695133895936	31.016288114014689	-4.4718251683383212e-09	success	success	145.44410914416375	3.1808555343429367e-09	7.6331172160542825e-09	-1.9805865660349849e-09	3.1808963106520602e-09	-2.1734198251149509e-09	5.7925601956122801	32.722584649004702	6.6371485452435017e-09	success	145.44469299540413	3.1808555343429367e-09	7.6331172160542825e-09	-1.9805865660349849e-09	3.1808963106520602e-09	-1.4203383802310972e-08	5.7827835530624716	32.666639931793533	1.6050325569551879e-09	success	145.44018049490123	3.1808555343429367e-09	7.6331172160542825e-09	-1.9805865660349849e-09	3.1808963106520602e-09	3.0911587361498809e-09	5.8572161671931813	33.092662074869089	-4.5854835017884485e-10	success	145.43986893205297	3.1808555343429367e-09	7.6331172160542825e-09	-1.9805865660349849e-09	3.1808963106520602e-09	6.8670992139522239e-09	5.8621774824947295	33.121067173493955	-9.7484408887718774e-09	success	145.44018049490123	145.44018049490123	0.94999999999999996	0.00015078775326140544	1177712.7021556154	0	0.00023894406653640586	0.10000000000000001	0.5769385177876204	0.57685327478395698	3.1482468771528791	0	1.4113530178043141	8.9829635121266023	4.0304616059568232e-29	0.00014206279062267221	15.524883195847456	3.8608598830231889e-36	0	3.6906419301947486e-23	1.4649637825691727e-25	3.6982774087213849e-23	0-(0)->1	nan	nan	nan	nan	nan	nan	nan	nan	nan	nan	nan	nan	nan	nan	nan	nan	nan	nan	nan	nan	nan	nan	nan	nan	nan	nan	nan	nan	nan	nan	nan	nan	nan	nan	nan	nan	nan	nan	nan	nan	nan	nan	nan	nan	nan	nan	nan	nan	nan	nan	nan	nan	nan	nan	nan	nan	nan	nan	nan	nan	nan	nan	nan	nan	nan	nan	nan	nan	nan	nan	nan	nan	nan	nan	nan	nan	nan	nan	nan	nan	nan	nan	nan	nan	nan	nan	nan	nan	nan	nan	nan	nan	nan	nan	nan	nan	nan	nan	nan	nan	nan	nan	nan	nan	nan	nan	nan	nan	nan	nan	nan	nan	nan	nan	nan	nan	nan	nan	nan	nan	nan	nan	nan	nan	nan	nan	nan	nan	nan	nan	nan	nan	nan	nan	nan	nan	nan	nan	nan	nan	nan	nan	nan	nan	nan	nan	nan	nan	single_step	3.698277408721385e-23	typeI_mH125-220/random_20260822_062750.md
1.465270000000000e+02	2.578610000000000e+02	2.363580000000000e+02	2.099270000000000e+03	9.954360000000000e-01	7.577450000000000e+00	1.587665200188578e-26	-2.579924107435250e+01	success	0	0	0	true	2.576996098379519e-01	true	1.649683974260195e+01	true	3.302746970000000e-04	3.478229650000000e-09	9.712935524703867e-01	9.475780488971677e-03	true	4.011496118978298e+00	8.034557594326098e+01	2.493602705337401e+00	2.315779232548944e-01	true	true	7.673679690316345e-01	6.246959797095469e-01	9.468382529766653e-02	1.286249504400091e-02	1.255433770940506e+00	5.274913123447276e-01	9.661630329559077e-02	1.880981070160594e-02	ATLAS:2014vuz	CMS:2015mca	ATLAS:2020gxx	CMS:2020imj	LHC8 [HW;HZ]>[bb]	2d likelihood {LHC8 [ggH>tautau]; LHC8 [bbH>tautau]}	LHC13 [ggH]->X1->Z(X2->[bb])	LHC13 [Hpmtb>tb]	6.161469373043104e+00	true	all checks passed	1	5.363000268019827e+00	2.581599965129296e-01	1.552342911682593e+00	-4.801004328876117e-01	-8.313196528294450e-01	2.099270000000000e+03	7.577450000000000e+00	5669.3702038057381	-88.07920034419449	54.407803248776801	0.15310289522762738	-0.021939326906873516	0.041000464910312	0	-0.011397795740126887	0	0	0	success	non_bfb	success	success	193.48699999999999	success	173.66295940281682	6.0184449210897548e-09	5.4330216099183297e-08	4.3782947870483248e-08	4.9398987999902747e-09	1.742402622716875e-08	7.8446142174069768	20.815295164864192	-9.3103918505452497e-10	success	success	173.65018974714766	6.0184449210897548e-09	5.4330216099183297e-08	4.3782947870483248e-08	4.9398987999902747e-09	-1.3726865015164424e-08	8.1328662677945562	21.607984369875496	-1.7675646062624943e-08	success	173.65060084793635	6.0184449210897548e-09	5.4330216099183297e-08	4.3782947870483248e-08	4.9398987999902747e-09	-1.6547663201173735e-08	8.1241861916163032	21.584061100127723	-6.31132444394445e-09	success	173.64698841574159	6.0184449210897548e-09	5.4330216099183297e-08	4.3782947870483248e-08	4.9398987999902747e-09	-2.9019490899945971e-08	8.1992500944588311	21.791058592629486	-1.2166050973145195e-08	success	173.64674426372966	6.0184449210897548e-09	5.4330216099183297e-08	4.3782947870483248e-08	4.9398987999902747e-09	1.2859968591692593e-08	8.2040277047362462	21.80424695584912	-1.3483414806634719e-08	success	173.64698841574159	173.64698841574159	0.94999999999999996	2.8216689733612224e-05	1793869.1343960366	0	4.4946746470125451e-05	0.10000000000000001	0.57748550216713967	0.57746850655427373	5.7289136997518026	0	2.5687029137236372	16.376251477869854	1.0453718538424971e-31	4.8512781781086467e-05	28.255732050960006	2.0591299557332815e-39	0	1.5854302181657423e-26	4.2928956564348641e-29	1.5876652001885782e-26	0-(0)->1	nan	nan	nan	nan	nan	nan	nan	nan	nan	nan	nan	nan	nan	nan	nan	nan	nan	nan	nan	nan	nan	nan	nan	nan	nan	nan	nan	nan	nan	nan	nan	nan	nan	nan	nan	nan	nan	nan	nan	nan	nan	nan	nan	nan	nan	nan	nan	nan	nan	nan	nan	nan	nan	nan	nan	nan	nan	nan	nan	nan	nan	nan	nan	nan	nan	nan	nan	nan	nan	nan	nan	nan	nan	nan	nan	nan	nan	nan	nan	nan	nan	nan	nan	nan	nan	nan	nan	nan	nan	nan	nan	nan	nan	nan	nan	nan	nan	nan	nan	nan	nan	nan	nan	nan	nan	nan	nan	nan	nan	nan	nan	nan	nan	nan	nan	nan	nan	nan	nan	nan	nan	nan	nan	nan	nan	nan	nan	nan	nan	nan	nan	nan	nan	nan	nan	nan	nan	nan	nan	nan	nan	nan	nan	nan	nan	nan	nan	nan	single_step	1.587665200188578e-26	typeI_mH125-220/random_20260823_112743.md
1.840340000000000e+02	2.172480000000000e+02	2.254560000000000e+02	3.256250000000000e+03	9.954220000000000e-01	1.015630000000000e+01	2.885276750755963e-26	-2.553981252373469e+01	success	0	0	0	true	2.548963261083412e-01	true	4.958823216176100e+00	true	3.266018430000000e-04	3.124482100000000e-09	1.389688191126457e+00	1.259951286806300e+00	true	1.548163027600067e-01	8.036316235275400e+01	2.494610782149039e+00	2.314883965824299e-01	true	true	7.708370363615149e-01	3.489557983931004e-02	1.408996754551881e-01	3.958003753204246e-02	3.877812370661567e+00	2.824563436455708e-02	1.953093463056352e-01	2.268766350501385e-02	CMS:2012qwq	CMS:2013yea	CMS:2019qcx	ATLAS:2021upq	LHC8 [vbfH;HW;Htt;H;HZ]>[bb;tautau;WW;ZZ;gamgam]	LHC8 [vbfH>WW]	LHC13 [ggH]->X1->Z(X2->[bb])	LHC13 [Hpmtb>tb]	4.321095753761767e+00	true	all checks passed	1	1.371589934915599e+00	2.553517046481648e-01	1.120625794814179e+00	-3.482063699978685e-01	-2.281153384690166e-01	3.256250000000000e+03	1.015630000000000e+01	1719.6352149493453	-441.72732539594199	19.084476195007152	-0.4673855202214855	-0.019019384822731959	0.017202638623432687	0	0.0015463634913186082	0	0	0	success	ew_sym_res	success	success	158.608	success	154.67496858148223	-1.8755940034368766e-08	-2.5248635207480419e-08	-1.220043514571302e-09	-1.8755873225820733e-08	-5.66974600518817e-09	3.1341976753280276	20.915330998543759	-4.4973312332114077e-09	success	success	154.66699011816129	-1.8755940034368766e-08	-2.5248635207480419e-08	-1.220043514571302e-09	-1.8755873225820733e-08	3.6068903485791509e-09	3.2562341026171606	21.73468391568197	2.5762517189421904e-08	success	154.66726206548867	-1.8755940034368766e-08	-2.5248635207480419e-08	-1.220043514571302e-09	-1.8755873225820733e-08	-5.5267792101982415e-09	3.2523323834219884	21.708478312660102	-8.4468014400258081e-09	success	154.66492521788791	-1.8755940034368766e-08	-2.5248635207480419e-08	-1.220043514571302e-09	-1.8755873225820733e-08	8.5249749081539599e-09	3.2852337517360612	21.92947821176864	-6.704874235691519e-09	success	154.6647695112932	-1.8755940034368766e-08	-2.5248635207480419e-08	-1.220043514571302e-09	-1.8755873225820733e-08	-1.607946650306074e-08	3.2873599359168617	21.94376154666687	-1.3461163380017698e-08	success	154.66492521788791	154.66492521788791	0.94999999999999996	5.2119688211678842e-05	2499664.0121809668	0	8.2803812973761579e-05	0.10000000000000001	0.57717933334870941	0.57714909124815172	7.107695046434336	0	3.1937780221074292	20.343849577562665	3.6396533103013853e-31	0.00011126683856789232	35.131558243181722	1.2235623373828227e-38	0	2.8745628087224787e-26	2.0516398073289413e-28	2.8852767507559631e-26	0-(0)->1	nan	nan	nan	nan	nan	nan	nan	nan	nan	nan	nan	nan	nan	nan	nan	nan	nan	nan	nan	nan	nan	nan	nan	nan	nan	nan	nan	nan	nan	nan	nan	nan	nan	nan	nan	nan	nan	nan	nan	nan	nan	nan	nan	nan	nan	nan	nan	nan	nan	nan	nan	nan	nan	nan	nan	nan	nan	nan	nan	nan	nan	nan	nan	nan	nan	nan	nan	nan	nan	nan	nan	nan	nan	nan	nan	nan	nan	nan	nan	nan	nan	nan	nan	nan	nan	nan	nan	nan	nan	nan	nan	nan	nan	nan	nan	nan	nan	nan	nan	nan	nan	nan	nan	nan	nan	nan	nan	nan	nan	nan	nan	nan	nan	nan	nan	nan	nan	nan	nan	nan	nan	nan	nan	nan	nan	nan	nan	nan	nan	nan	nan	nan	nan	nan	nan	nan	nan	nan	nan	nan	nan	nan	nan	nan	nan	nan	nan	nan	single_step	2.885276750755963e-26	typeI_mH125-220/random_20260823_011757.md
2.132450000000000e+02	2.263560000000000e+02	2.732620000000000e+02	7.157780000000000e+03	9.971790000000000e-01	4.739600000000000e+00	1.777674284546119e-26	-2.575014780994776e+01	success	0	0	0	true	2.522065805093968e-01	true	1.315178699517827e+01	true	3.229320040000000e-04	3.169240400000000e-09	1.882383422315839e+00	9.372883827843048e-01	true	6.966199973348933e+00	8.038467455852592e+01	2.495728065855062e+00	2.313656467876526e-01	true	true	7.820937465635586e-01	6.468382462251990e-01	9.569038800416056e-01	1.565487328617203e-01	3.934440954934683e+00	6.759568801388841e-01	8.660458605520469e-01	1.156491736712711e-01	CMS:2012qwq	ATLAS:2020tlo	ATLAS:2022enb	ATLAS:2021upq	LHC8 [vbfH;HW;Htt;H;HZ]>[bb;tautau;WW;ZZ;gamgam]	LHC13 [ggH>ZZ]	LHC13 [H]->X1->Z(X2->[bb])	LHC13 [Hpmtb>tb]	5.248543835348102e+00	true	all checks passed	1	4.274728266617780e+00	2.526571537527217e-01	1.561807510879280e+00	-1.035626625215534e+00	-2.611180024380863e-01	7.157780000000000e+03	4.739600000000000e+00	5628.8103585684803	-211.84554953259706	77.293395536500924	-0.14438515266979915	-0.026940731886450409	0.0016998027648314495	0	0.0089923899655162814	0	0	0	success	ew_sym_res	success	success	174.27600000000001	success	166.98724501842685	-1.1542413990033871e-09	1.0309660848840629e-07	3.1962351921235768e-08	1.1401699054282555e-09	1.6930679054894956e-09	6.4122434598635429	21.01055141224812	-9.2718886955949716e-09	success	success	166.97744949761258	-1.1542413990033871e-09	1.0309660848840629e-07	3.1962351921235768e-08	1.1401699054282555e-09	7.4178915931787395e-10	6.6555895599044659	21.812335894767514	-1.2944076209710211e-09	success	166.97777128715833	-1.1542413990033871e-09	1.0309660848840629e-07	3.1962351921235768e-08	1.1401699054282555e-09	1.0284657112409173e-09	6.6482878072841753	21.788268911843748	-5.9574680367248128e-12	success	166.97493586965174	-1.1542413990033871e-09	1.0309660848840629e-07	3.1962351921235768e-08	1.1401699054282555e-09	2.7859548474177206e-09	6.7129400183208405	22.00137988225632	1.8881118459180901e-09	success	166.9747459125395	-1.1542413990033871e-09	1.0309660848840629e-07	3.1962351921235768e-08	1.1401699054282555e-09	-2.4170455373973627e-09	6.7172218451342385	22.015495284933838	-1.0564991180095839e-08	success	166.97493586965174	166.97493586965174	0.94999999999999996	3.9352854681436998e-05	2214921.503666121	0	6.2685410117375024e-05	0.10000000000000001	0.57749396710780765	0.57747039684734536	6.8011226372452764	0	3.0509217080580631	19.450639614454129	1.9587169307396069e-31	8.0360039232548061e-05	33.560138788638689	5.106044024798428e-39	0	1.7730006386336868e-26	8.9625950351246818e-29	1.7776742845461194e-26	0-(0)->1	nan	nan	nan	nan	nan	nan	nan	nan	nan	nan	nan	nan	nan	nan	nan	nan	nan	nan	nan	nan	nan	nan	nan	nan	nan	nan	nan	nan	nan	nan	nan	nan	nan	nan	nan	nan	nan	nan	nan	nan	nan	nan	nan	nan	nan	nan	nan	nan	nan	nan	nan	nan	nan	nan	nan	nan	nan	nan	nan	nan	nan	nan	nan	nan	nan	nan	nan	nan	nan	nan	nan	nan	nan	nan	nan	nan	nan	nan	nan	nan	nan	nan	nan	nan	nan	nan	nan	nan	nan	nan	nan	nan	nan	nan	nan	nan	nan	nan	nan	nan	nan	nan	nan	nan	nan	nan	nan	nan	nan	nan	nan	nan	nan	nan	nan	nan	nan	nan	nan	nan	nan	nan	nan	nan	nan	nan	nan	nan	nan	nan	nan	nan	nan	nan	nan	nan	nan	nan	nan	nan	nan	nan	nan	nan	nan	nan	nan	nan	single_step	1.777674284546119e-26	typeI_mH125-220/random_20260823_112730.md
1.727880085086090e+02	2.695532088403186e+02	2.559511893187154e+02	5.317583935777511e+03	9.990009616084677e-01	3.571254791309250e+00	1.097011071590632e-23	-2.295978898928358e+01	success	0	0	0	true	2.644255929330270e-01	true	7.871137502596832e+00	true	3.233447850000000e-04	3.570705900000000e-09	1.823241154283176e+00	1.732451164662308e-01	true	1.685678498720864e+00	8.035170644757849e+01	2.493831935120041e+00	2.315462880614464e-01	true	true	7.804798614253086e-01	1.895771448412278e-01	1.098924200489779e-01	1.119623454075968e-01	3.926322061499732e+00	4.538188825244772e-01	1.471421323025044e-01	1.974299442972088e-01	CMS:2012qwq	CMS:2013cul	CMS:2019qcx	CMS:2020imj	LHC8 [vbfH;HW;Htt;H;HZ]>[bb;tautau;WW;ZZ;gamgam]	LHC8 [H>WW]	LHC13 [ggH]->X1->Z(X2->[bb])	LHC13 [Hpmtb>tb]	5.612741489068412e+00	true	all checks passed	1	2.303723470163494e+00	2.648979957418091e-01	1.627002788173064e+00	-6.260104297731954e-01	-8.622428668955263e-01	5.317583935777511e+03	3.571254791309250e+00	3146.7435455449113	-31.211399642677677	-7.9756524517453693	0.0076941248988173731	-0.029153751854045649	0.01180425092352649	0	-0.0063821853041880578	0	0	0	success	ew_sym_res	success	success	382.69200000000001	success	152.27913348058206	5.8291706590611691e-09	-1.1138361369742074e-09	-6.589680866882594e-09	-8.9146022531132536e-10	3.6299014252287937e-09	9.7170101382252234	28.700166884612518	2.2089957591661091e-09	success	success	152.26246644782978	5.8291706590611691e-09	-1.1138361369742074e-09	-6.589680866882594e-09	-8.9146022531132536e-10	-8.1984717474862997e-09	10.220174632830521	30.188721752106677	5.8587950151207025e-09	success	152.26305474067013	5.8291706590611691e-09	-1.1138361369742074e-09	-6.589680866882594e-09	-8.9146022531132536e-10	5.2867346099700958e-09	10.204027904228353	30.140943836631134	-1.929016728846417e-09	success	152.25840204428707	5.8291706590611691e-09	-1.1138361369742074e-09	-6.589680866882594e-09	-8.9146022531132536e-10	-3.9386380007211925e-09	10.329954330746075	30.513573118771575	-4.7242677139545981e-09	success	152.25808135201311	5.8291706590611691e-09	-1.1138361369742074e-09	-6.589680866882594e-09	-8.9146022531132536e-10	-5.9636370492593034e-09	10.33833616722969	30.538377599971049	8.2694096313107691e-10	success	152.25840202303678	152.25840202303678	0.94999999999999996	0.0001086131364574011	1197459.1197318723	0	0.00017271251478387321	0.10000000000000001	0.5773374851539339	0.5772730380238662	3.3517387446918496	0	1.5023310244245536	9.5727879842424191	1.4441162783248341e-29	0.00010911674420471695	16.525641268670089	1.0123766466420925e-36	0	1.095131133796307e-23	3.6087455968247689e-26	1.0970110715906318e-23	0-(0)->1	nan	nan	nan	nan	nan	nan	nan	nan	nan	nan	nan	nan	nan	nan	nan	nan	nan	nan	nan	nan	nan	nan	nan	nan	nan	nan	nan	nan	nan	nan	nan	nan	nan	nan	nan	nan	nan	nan	nan	nan	nan	nan	nan	nan	nan	nan	nan	nan	nan	nan	nan	nan	nan	nan	nan	nan	nan	nan	nan	nan	nan	nan	nan	nan	nan	nan	nan	nan	nan	nan	nan	nan	nan	nan	nan	nan	nan	nan	nan	nan	nan	nan	nan	nan	nan	nan	nan	nan	nan	nan	nan	nan	nan	nan	nan	nan	nan	nan	nan	nan	nan	nan	nan	nan	nan	nan	nan	nan	nan	nan	nan	nan	nan	nan	nan	nan	nan	nan	nan	nan	nan	nan	nan	nan	nan	nan	nan	nan	nan	nan	nan	nan	nan	nan	nan	nan	nan	nan	nan	nan	nan	nan	nan	nan	nan	nan	nan	nan	single_step	1.097011071590632e-23	typeI_mH125-220/random_20260824_135839.md
1.791675950175004e+02	2.715559543833937e+02	2.077495268760237e+02	3.911037023615055e+03	9.991065588912219e-01	6.656068405015283e+00	3.518096163051899e-26	-2.545369229378361e+01	success	0	0	0	true	2.568028774988235e-01	true	1.344360253734597e+01	true	3.293538730000000e-04	3.490819330000000e-09	1.069169822992052e+00	1.981233890188940e-02	true	5.498745841597375e+00	8.034277949155454e+01	2.493516044365585e+00	2.316149877170330e-01	true	true	7.724419321136496e-01	4.275488694794102e-02	6.666675627966642e-02	4.583178192847227e-02	3.885886041629203e+00	9.164807805714985e-02	8.678719033896150e-02	5.156752225311968e-02	CMS:2012qwq	CMS:2013cul	CMS:2019qcx	ATLAS:2021upq	LHC8 [vbfH;HW;Htt;H;HZ]>[bb;tautau;WW;ZZ;gamgam]	LHC8 [H>WW]	LHC13 [ggH]->X1->Z(X2->[bb])	LHC13 [Hpmtb>tb]	3.340727180220483e+00	true	all checks passed	1	4.402992877118752e+00	2.572616621394785e-01	7.900204149869838e-01	2.320481221210989e-01	-7.786852523208372e-01	3.911037023615055e+03	6.656068405015283e+00	3745.8750483208855	-414.33129483453956	-124.78821259422027	0.81651906897130466	-0.022710879985218008	0.032505198733696547	0	-0.029942544347205773	0	0	0	success	non_bfb	success	success	358.35599999999999	success	164.43857950354629	0	0	0	0	9.0022821506847632e-09	4.8600470954042079	22.050800905436628	1.7408925701015617e-08	success	success	164.42837597386367	0	0	0	0	-8.8570052051595783e-09	5.0508530000385834	22.920824281999671	1.7180159371184078e-08	success	164.42871913376263	0	0	0	0	-7.9630068187983366e-10	5.0448861306545512	22.893607306729905	1.3375567254571303e-09	success	164.42577389710425	0	0	0	0	1.1350746045147364e-08	5.0954208132615015	23.124132573081411	-1.5645877186048419e-09	success	164.42557565603411	0	0	0	0	2.3197931546290298e-09	5.0987638248007769	23.139384027769822	1.8128908888551783e-09	success	164.42577389710425	164.42577389710425	0.94999999999999996	4.4058288426166967e-05	2102614.4507445106	0	7.0184205494623262e-05	0.10000000000000001	0.57750379805360985	0.57747754600122947	6.3574082452357281	0	2.8329339562627407	18.061241876566761	3.1038583523788428e-31	8.3542343438038568e-05	31.162273518890146	9.0230944867870878e-39	0	3.5092027668821839e-26	1.705686854575229e-28	3.5180961630518991e-26	0-(0)->1	nan	nan	nan	nan	nan	nan	nan	nan	nan	nan	nan	nan	nan	nan	nan	nan	nan	nan	nan	nan	nan	nan	nan	nan	nan	nan	nan	nan	nan	nan	nan	nan	nan	nan	nan	nan	nan	nan	nan	nan	nan	nan	nan	nan	nan	nan	nan	nan	nan	nan	nan	nan	nan	nan	nan	nan	nan	nan	nan	nan	nan	nan	nan	nan	nan	nan	nan	nan	nan	nan	nan	nan	nan	nan	nan	nan	nan	nan	nan	nan	nan	nan	nan	nan	nan	nan	nan	nan	nan	nan	nan	nan	nan	nan	nan	nan	nan	nan	nan	nan	nan	nan	nan	nan	nan	nan	nan	nan	nan	nan	nan	nan	nan	nan	nan	nan	nan	nan	nan	nan	nan	nan	nan	nan	nan	nan	nan	nan	nan	nan	nan	nan	nan	nan	nan	nan	nan	nan	nan	nan	nan	nan	nan	nan	nan	nan	nan	nan	single_step	3.518096163051899e-26	typeI_mH125-220/random_20260824_135839.md
1.914530000000000e+02	3.141100000000000e+02	3.230320000000000e+02	3.547680000000000e+03	9.996670000000000e-01	9.344379999999999e+00	2.668184450877470e-23	-2.257378415105633e+01	success	0	0	0	true	2.566389662527886e-01	true	1.577323936640271e+01	true	3.313437550000000e-04	3.463898910000000e-09	8.635539819945295e-01	2.297023771558868e-03	true	1.308379306731481e+00	8.037140813956441e+01	2.495046727191816e+00	2.314336274608283e-01	true	true	7.704447680650955e-01	8.689296001152370e-02	6.298292024265666e-02	3.408730929270527e-03	1.260467493442474e+00	9.180954609935628e-02	7.317358758397048e-02	2.110700812481194e-03	ATLAS:2014vuz	CMS:2018amk	ATLAS:2020gxx	ATLAS:2021upq	LHC8 [HW;HZ]>[bb]	LHC13 [vbfH;H]>[ZZ]	LHC13 [ggH]->X1->Z(X2->[bb])	LHC13 [Hpmtb>tb]	3.764409905989680e+00	true	all checks passed	1	4.912913525997712e+00	2.570974580619814e-01	2.630355862002901e+00	-1.264190043822691e+00	-1.076319697996795e+00	3.547680000000000e+03	9.344379999999999e+00	8331.5060423732375	1187.2143143680216	-3.844966647669263	-0.34425434722225107	-0.054765905877048687	-0.073862113379388042	0	-0.0016589808863196216	0	0	0	success	non_bfb	success	success	220.904	success	172.06366655218892	0	0	0	0	2.276770064751335e-08	5.290771423387759	35.451149494267007	7.3425247504004669e-09	success	success	172.03513861359681	0	0	0	0	-7.3840688434551962e-09	5.5739751024404436	37.349453415382307	1.6440140451200621e-09	success	172.03609571612864	0	0	0	0	-5.3960960132093704e-09	5.5652773151901203	37.291138981979671	-2.4301643520091025e-08	success	172.02839694362876	0	0	0	0	5.8051419002779677e-09	5.6335832484323065	37.749129738882544	-1.5777430488330013e-08	success	172.0278559461766	0	0	0	0	1.2407946067508824e-08	5.6382679988676863	37.780543299544291	2.5406834329113918e-08	success	172.02839694362876	172.02839694362876	0.94999999999999996	8.5887625864524472e-05	801835.35787911445	0	0.00013690016732402632	0.10000000000000001	0.57761354971465639	0.57756102538388132	2.5368251722746655	0	1.1372400005607561	7.2520471417249528	1.5265668144829467e-29	6.5395374538569328e-05	12.509640006168317	8.8610145841810559e-37	0	2.6660129157187897e-23	4.1726474113714463e-26	2.6681844508774701e-23	0-(0)->1	nan	nan	nan	nan	nan	nan	nan	nan	nan	nan	nan	nan	nan	nan	nan	nan	nan	nan	nan	nan	nan	nan	nan	nan	nan	nan	nan	nan	nan	nan	nan	nan	nan	nan	nan	nan	nan	nan	nan	nan	nan	nan	nan	nan	nan	nan	nan	nan	nan	nan	nan	nan	nan	nan	nan	nan	nan	nan	nan	nan	nan	nan	nan	nan	nan	nan	nan	nan	nan	nan	nan	nan	nan	nan	nan	nan	nan	nan	nan	nan	nan	nan	nan	nan	nan	nan	nan	nan	nan	nan	nan	nan	nan	nan	nan	nan	nan	nan	nan	nan	nan	nan	nan	nan	nan	nan	nan	nan	nan	nan	nan	nan	nan	nan	nan	nan	nan	nan	nan	nan	nan	nan	nan	nan	nan	nan	nan	nan	nan	nan	nan	nan	nan	nan	nan	nan	nan	nan	nan	nan	nan	nan	nan	nan	nan	nan	nan	nan	single_step	2.668184450877470e-23	typeI_mH125-220/random_20260823_112743.md
2.111420000000000e+02	3.223890000000000e+02	3.389980000000000e+02	6.084390000000000e+03	9.999270000000000e-01	6.273460000000000e+00	8.587311179759046e-23	-2.206614279921801e+01	success	0	0	0	true	2.582443692801026e-01	true	1.288408650786030e+01	true	3.301190610000000e-04	3.479830620000000e-09	9.875065305310855e-01	1.058104506045657e-02	true	3.921452263785792e+00	8.037888990577409e+01	2.495452357498706e+00	2.313943541291066e-01	true	true	7.705422959927496e-01	9.832793794029102e-01	9.832793794029102e-01	1.680995980096934e-02	1.260627051645224e+00	1.237515993376741e+00	1.237515993376741e+00	1.038954380360212e-02	ATLAS:2014vuz	ATLAS:2020gxx	ATLAS:2020gxx	ATLAS:2021upq	LHC8 [HW;HZ]>[bb]	LHC13 [ggH]->X1->Z(X2->[bb])	LHC13 [ggH]->X1->Z(X2->[bb])	LHC13 [Hpmtb>tb]	3.374835597350028e+00	true	all checks passed	1	3.866518064062341e+00	2.587057291811881e-01	2.708221405238634e+00	-1.433746141042475e+00	-1.070702427545218e+00	6.084390000000000e+03	6.273460000000000e+00	6959.2156210387775	1239.9483819834436	-67.821127030871935	-0.043519264521744046	-0.061660518571794755	-0.083409629558946069	0	-0.0035590677400725063	0	0	0	success	ew_sym_res	success	success	240.143	success	163.93684750400467	-1.2934850448871043e-09	8.4402139004899045e-09	1.1060496419433874e-08	1.1908561099496652e-08	1.0108267632776863e-08	6.7539392268647083	36.321401062572768	8.5205554467185269e-09	success	success	163.90919073215935	-1.2934850448871043e-09	8.4402139004899045e-09	1.1060496419433874e-08	1.1908561099496652e-08	5.1855706384716108e-09	7.1366035652717441	38.375809676438713	7.6887449265772965e-10	success	163.91014542137191	-1.2934850448871043e-09	8.4402139004899045e-09	1.1060496419433874e-08	1.1908561099496652e-08	-4.0514358542863765e-09	7.1246443490785536	38.311605674658779	6.4691764027273575e-09	success	163.90266381022423	-1.2934850448871043e-09	8.4402139004899045e-09	1.1060496419433874e-08	1.1908561099496652e-08	3.4642846706098433e-09	7.2166647584557886	38.805621488003013	-8.4860789763125609e-09	success	163.90213705932294	-1.2934850448871043e-09	8.4402139004899045e-09	1.1060496419433874e-08	1.1908561099496652e-08	4.268260675156647e-10	7.2229476905151939	38.839351869199291	-2.5250067938545542e-09	success	163.90266381022423	163.90266381022423	0.94999999999999996	0.0001157230062089948	785208.72381747339	0	0.00018431377603802556	0.10000000000000001	0.57754186132847474	0.57747238722121397	2.3665585450841378	0	1.0604829012172279	6.7609669833697312	3.9828058478353447e-29	8.2132219745894162e-05	11.665311913389507	3.0437714888183507e-36	0	8.579310162413881e-23	1.5370521443885516e-25	8.5873111797590465e-23	0-(0)->1	nan	nan	nan	nan	nan	nan	nan	nan	nan	nan	nan	nan	nan	nan	nan	nan	nan	nan	nan	nan	nan	nan	nan	nan	nan	nan	nan	nan	nan	nan	nan	nan	nan	nan	nan	nan	nan	nan	nan	nan	nan	nan	nan	nan	nan	nan	nan	nan	nan	nan	nan	nan	nan	nan	nan	nan	nan	nan	nan	nan	nan	nan	nan	nan	nan	nan	nan	nan	nan	nan	nan	nan	nan	nan	nan	nan	nan	nan	nan	nan	nan	nan	nan	nan	nan	nan	nan	nan	nan	nan	nan	nan	nan	nan	nan	nan	nan	nan	nan	nan	nan	nan	nan	nan	nan	nan	nan	nan	nan	nan	nan	nan	nan	nan	nan	nan	nan	nan	nan	nan	nan	nan	nan	nan	nan	nan	nan	nan	nan	nan	nan	nan	nan	nan	nan	nan	nan	nan	nan	nan	nan	nan	nan	nan	nan	nan	nan	nan	single_step	8.587311179759046e-23	typeI_mH125-220/random_20260825_210947.md
1.651140000000000e+02	2.572840000000000e+02	2.405070000000000e+02	6.018100000000000e+03	9.992980000000000e-01	3.874110000000000e+00	4.683604666636537e-25	-2.432941976994983e+01	success	0	0	0	true	2.569087156315321e-01	true	4.196871557365326e+00	true	3.197031310000000e-04	3.209741540000000e-09	2.377580424385495e+00	6.863748823016834e-01	true	2.081239516699858e+00	8.035041730570629e+01	2.493780352015395e+00	2.315544363978457e-01	true	true	7.771493294886801e-01	1.473722173124173e-01	1.244608739474035e-01	1.058679264598659e-01	3.909567316546501e+00	4.162892495262844e-01	1.482005737831885e-01	1.659659235658560e-01	CMS:2012qwq	CMS:2013cul	CMS:2019qcx	CMS:2020imj	LHC8 [vbfH;HW;Htt;H;HZ]>[bb;tautau;WW;ZZ;gamgam]	LHC8 [H>WW]	LHC13 [ggH]->X1->Z(X2->[bb])	LHC13 [Hpmtb>tb]	4.510424197434162e+00	true	all checks passed	1	9.040481644027859e-01	2.573676893546075e-01	1.335010285856480e+00	-4.069003437466159e-01	-6.829079981520624e-01	6.018100000000000e+03	3.874110000000000e+00	1343.5112512541734	-277.72324520056497	-46.004891485835707	-0.0015270467664258206	-0.024913574489051533	0.015823464038435167	0	-0.0086509106460754114	0	0	0	success	ew_sym_res	success	success	152.84100000000001	success	150.18312917421088	1.2977685604518912e-11	9.3717635371385585e-09	4.4820052177171847e-09	1.1671549200837711e-10	9.304747974459602e-10	7.3898969657772948	23.432744111962016	3.6496984221587587e-10	success	success	150.17267668242471	1.2977685604518912e-11	9.3717635371385585e-09	4.4820052177171847e-09	1.1671549200837711e-10	9.6656469547833513e-10	7.7217761880808204	24.487368539982608	-2.3748264540089154e-09	success	150.17304232686308	1.2977685604518912e-11	9.3717635371385585e-09	4.4820052177171847e-09	1.1671549200837711e-10	2.8884088972394134e-09	7.7110397947217493	24.453245003796983	-6.2837958507945273e-10	success	150.17003402093695	1.2977685604518912e-11	9.3717635371385585e-09	4.4820052177171847e-09	1.1671549200837711e-10	3.7918478218942528e-09	7.797757858352707	24.728873710137098	-4.0653430376989306e-09	success	150.16983082047321	1.2977685604518912e-11	9.3717635371385585e-09	4.4820052177171847e-09	1.1671549200837711e-10	7.3240838843501432e-10	7.8034123967748394	24.746847531356451	5.9873762477654561e-09	success	150.17003387889389	150.17003387889389	0.94999999999999996	7.8402046120847524e-05	1868401.2824688214	0	0.00012447907230227778	0.10000000000000001	0.57712081983547303	0.57707549605128294	5.1577121226715503	0	2.3112179540775801	14.719179305227676	2.2405396019652985e-30	0.00012108267695309404	25.423397494853383	1.1263075627306639e-37	0	4.6699901287525373e-25	2.6097297797238067e-27	4.683604666636537e-25	0-(0)->1	nan	nan	nan	nan	nan	nan	nan	nan	nan	nan	nan	nan	nan	nan	nan	nan	nan	nan	nan	nan	nan	nan	nan	nan	nan	nan	nan	nan	nan	nan	nan	nan	nan	nan	nan	nan	nan	nan	nan	nan	nan	nan	nan	nan	nan	nan	nan	nan	nan	nan	nan	nan	nan	nan	nan	nan	nan	nan	nan	nan	nan	nan	nan	nan	nan	nan	nan	nan	nan	nan	nan	nan	nan	nan	nan	nan	nan	nan	nan	nan	nan	nan	nan	nan	nan	nan	nan	nan	nan	nan	nan	nan	nan	nan	nan	nan	nan	nan	nan	nan	nan	nan	nan	nan	nan	nan	nan	nan	nan	nan	nan	nan	nan	nan	nan	nan	nan	nan	nan	nan	nan	nan	nan	nan	nan	nan	nan	nan	nan	nan	nan	nan	nan	nan	nan	nan	nan	nan	nan	nan	nan	nan	nan	nan	nan	nan	nan	nan	single_step	4.683604666636537e-25	typeI_mH125-220/random_20260823_011757.md
1.619080000000000e+02	2.537550000000000e+02	2.035480000000000e+02	5.430490000000000e+03	9.993370000000000e-01	4.480490000000000e+00	8.739136609056240e-26	-2.505853147176429e+01	success	0	0	0	true	2.556701732781079e-01	true	2.954055080575356e+00	true	3.209475370000000e-04	3.195334650000000e-09	2.179891081347287e+00	7.711586265234548e-01	true	6.106609631239388e+00	8.034148633764075e+01	2.493356924520736e+00	2.316156432128779e-01	true	true	7.751539516379330e-01	9.482881329277167e-02	8.429307279475101e-02	8.988885688304361e-02	3.899529266285847e+00	2.766465217779863e-01	9.353935379089862e-02	1.107233736425458e-01	CMS:2012qwq	CMS:2013cul	CMS:2019qcx	ATLAS:2021upq	LHC8 [vbfH;HW;Htt;H;HZ]>[bb;tautau;WW;ZZ;gamgam]	LHC8 [H>WW]	LHC13 [ggH]->X1->Z(X2->[bb])	LHC13 [Hpmtb>tb]	3.552804096396756e+00	true	all checks passed	1	5.333826627524497e-01	2.561269343148845e-01	7.997787290288325e-01	1.168502534487688e-01	-6.419511121735461e-01	5.430490000000000e+03	4.480490000000000e+00	116.36444801261413	-553.53958386905697	-170.20625325515456	0.2185975815589857	-0.022075762457434225	0.020886862051587223	0	-0.02407807984229287	0	0	0	success	ew_sym_res	success	success	169.03399999999999	success	151.56986802663857	-1.3836257675182137e-08	4.5951235417861143e-08	-2.4891262292970305e-09	-1.3835932780151316e-08	8.5109528049802765e-09	6.0255049353760217	21.435397731727655	6.4899250097705968e-09	success	success	151.56115085136173	-1.3836257675182137e-08	4.5951235417861143e-08	-2.4891262292970305e-09	-1.3835932780151316e-08	1.3425881022380476e-09	6.2750565962577403	22.325262851817168	5.6423236732006484e-09	success	151.56145196375522	-1.3836257675182137e-08	4.5951235417861143e-08	-2.4891262292970305e-09	-1.3835932780151316e-08	-5.0274221110223627e-09	6.2671770451267035	22.297160066033086	3.9826758552447363e-09	success	151.5589168588439	-1.3836257675182137e-08	4.5951235417861143e-08	-2.4891262292970305e-09	-1.3835932780151316e-08	4.8910341575646261e-09	6.3335534087548648	22.533901626465127	-7.07568057882602e-10	success	151.5587474918878	-1.3836257675182137e-08	4.5951235417861143e-08	-2.4891262292970305e-09	-1.3835932780151316e-08	6.9079317137225809e-09	6.3377282948921021	22.548793339033669	2.4422093962308227e-09	success	151.5589168588439	151.5589168588439	0.94999999999999996	6.2128731283734047e-05	2244146.6317318794	0	9.8586124661661386e-05	0.10000000000000001	0.57703765053437117	0.57700220324163842	6.2524870664432912	0	2.8214066682137751	17.964826857539613	7.5993039614783224e-31	0.00011709884284890452	31.035473350351523	3.0324040717473257e-38	0	8.7090898137395194e-26	5.7557372300912907e-28	8.7391366090562395e-26	0-(0)->1	nan	nan	nan	nan	nan	nan	nan	nan	nan	nan	nan	nan	nan	nan	nan	nan	nan	nan	nan	nan	nan	nan	nan	nan	nan	nan	nan	nan	nan	nan	nan	nan	nan	nan	nan	nan	nan	nan	nan	nan	nan	nan	nan	nan	nan	nan	nan	nan	nan	nan	nan	nan	nan	nan	nan	nan	nan	nan	nan	nan	nan	nan	nan	nan	nan	nan	nan	nan	nan	nan	nan	nan	nan	nan	nan	nan	nan	nan	nan	nan	nan	nan	nan	nan	nan	nan	nan	nan	nan	nan	nan	nan	nan	nan	nan	nan	nan	nan	nan	nan	nan	nan	nan	nan	nan	nan	nan	nan	nan	nan	nan	nan	nan	nan	nan	nan	nan	nan	nan	nan	nan	nan	nan	nan	nan	nan	nan	nan	nan	nan	nan	nan	nan	nan	nan	nan	nan	nan	nan	nan	nan	nan	nan	nan	nan	nan	nan	nan	single_step	8.739136609056240e-26	typeI_mH125-220/random_20260824_002709.md
3.129142074817364e+02	2.090954576969418e+02	3.167479486147945e+02	1.400115423941634e+04	9.896277273418999e-01	6.598409120405977e+00	1.606080799796628e-29	-2.879423260972788e+01	success	0	0	0	true	2.279048698622111e-01	true	1.264572184956468e+01	true	3.302067980000000e-04	3.478778600000000e-09	9.783502532210665e-01	9.847893198097467e-03	true	4.443768342209701e-01	8.036694230431958e+01	2.494802678340659e+00	2.314634220950637e-01	true	true	7.783375048107505e-01	8.277791307591470e-02	2.486894754507783e-01	2.457639183231106e-02	3.915544612323814e+00	1.025713838837285e-01	3.447231423810520e-01	1.522792747708029e-02	CMS:2012qwq	ATLAS:2020tlo	CMS:2019qcx	ATLAS:2021upq	LHC8 [vbfH;HW;Htt;H;HZ]>[bb;tautau;WW;ZZ;gamgam]	LHC13 [vbfH>ZZ]	LHC13 [ggH]->X1->Z(X2->[bb])	LHC13 [Hpmtb>tb]	5.407249084835030e+00	true	all checks passed	1	4.067610204842302e+00	2.283120275032844e-01	1.696712940777644e+00	-1.031634165690035e+00	8.392215591492443e-01	1.400115423941634e+04	6.598409120405977e+00	5844.4433336831216	62.33329742907592	122.1292174473196	-0.26565073078214457	-0.035062757027449425	-0.030304520402702841	0	0.001691623692883746	0	0	0	success	ew_sym_res	success	success	399.70100000000002	success	179.38315755306411	4.2802387361689331e-09	1.9619854253173502e-08	-5.2905892912677461e-10	1.3194050085460067e-09	-2.0721272611877265e-09	4.0770663288011422	14.483589013489334	2.6951252234156093e-09	success	success	179.37849805457131	4.2802387361689331e-09	1.9619854253173502e-08	-5.2905892912677461e-10	1.3194050085460067e-09	5.0855751681790925e-09	4.186573298020666	14.874725095001933	-1.3456746113734418e-09	success	179.37864191263105	4.2802387361689331e-09	1.9619854253173502e-08	-5.2905892912677461e-10	1.3194050085460067e-09	3.1826543695762509e-09	4.1833228036199266	14.863112480988455	-6.2795306431247497e-10	success	179.37721970196918	4.2802387361689331e-09	1.9619854253173502e-08	-5.2905892912677461e-10	1.3194050085460067e-09	-1.1264038867977062e-09	4.2144777875275885	14.974423069033007	9.4577609320342113e-09	success	179.37712757921139	4.2802387361689331e-09	1.9619854253173502e-08	-5.2905892912677461e-10	1.3194050085460067e-09	-1.0222789036715482e-09	4.2164945819374449	14.981629145618049	-2.2734619526029785e-09	success	179.37721970196918	179.37721970196918	0.94999999999999996	1.544360697491943e-05	4909985.1017942391	0	2.4609373768620161e-05	0.10000000000000001	0.57752007341135847	0.57751101486778933	16.198912817477126	0	7.2665312210765132	46.331602648414389	2.3831807353760125e-33	7.5126768319952851e-05	79.931843431841642	2.4658028228526059e-41	0	1.5965635806099409e-29	1.8172368478443898e-31	1.606080799796628e-29	0-(0)->1	nan	nan	nan	nan	nan	nan	nan	nan	nan	nan	nan	nan	nan	nan	nan	nan	nan	nan	nan	nan	nan	nan	nan	nan	nan	nan	nan	nan	nan	nan	nan	nan	nan	nan	nan	nan	nan	nan	nan	nan	nan	nan	nan	nan	nan	nan	nan	nan	nan	nan	nan	nan	nan	nan	nan	nan	nan	nan	nan	nan	nan	nan	nan	nan	nan	nan	nan	nan	nan	nan	nan	nan	nan	nan	nan	nan	nan	nan	nan	nan	nan	nan	nan	nan	nan	nan	nan	nan	nan	nan	nan	nan	nan	nan	nan	nan	nan	nan	nan	nan	nan	nan	nan	nan	nan	nan	nan	nan	nan	nan	nan	nan	nan	nan	nan	nan	nan	nan	nan	nan	nan	nan	nan	nan	nan	nan	nan	nan	nan	nan	nan	nan	nan	nan	nan	nan	nan	nan	nan	nan	nan	nan	nan	nan	nan	nan	nan	nan	single_step	1.606080799796628e-29	typeI_mH220-500/random_20260825_014923.md
3.074289587645682e+02	2.433028108441181e+02	2.206728972319744e+02	1.444847057810738e+04	9.880682677913836e-01	6.276149392493279e+00	4.188154130324865e-29	-2.837797734401376e+01	success	0	0	0	true	2.253563091898858e-01	true	7.795301993001511e+00	true	3.291193030000000e-04	3.493741580000000e-09	1.094853499185071e+00	2.275060429127717e-02	true	6.179170699417882e-01	8.036887528137568e+01	2.495044715521196e+00	2.314941885829327e-01	true	true	7.796112334162458e-01	1.211405471137258e-01	7.059857077668000e-01	8.186333501842666e-02	3.921952296841114e+00	1.425067441753836e-01	8.440886016406772e-01	5.996884382240621e-02	CMS:2012qwq	ATLAS:2020tlo	CMS:2019qcx	ATLAS:2021upq	LHC8 [vbfH;HW;Htt;H;HZ]>[bb;tautau;WW;ZZ;gamgam]	LHC13 [vbfH>ZZ]	LHC13 [ggH]->X1->Z(X2->[bb])	LHC13 [Hpmtb>tb]	3.258662106573382e+00	true	all checks passed	1	2.556853397914012e+00	2.257589137647956e-01	4.457840534122421e-02	9.053157163760748e-01	5.583089680154694e-01	1.444847057810738e+04	6.276149392493279e+00	2502.0716568508428	-640.88097146904931	110.97299465314018	0.51794520077371387	-0.026021531235776281	0.0045601553222925752	0	-0.0030399797252750509	0	0	0	success	ew_sym_res	success	success	378.06799999999998	success	171.57655571232218	9.924482270401906e-10	-7.284427195352335e-09	2.3344510250422059e-09	9.9253139346647807e-10	2.3997862238854896e-09	4.1214888589773961	14.802174509955904	-4.1029258608439283e-09	success	success	171.5719998499487	9.924482270401906e-10	-7.284427195352335e-09	2.3344510250422059e-09	9.9253139346647807e-10	-4.7846641071083691e-09	4.2374927051831834	15.220841796093266	4.4043409911672103e-09	success	171.57214391080905	9.924482270401906e-10	-7.284427195352335e-09	2.3344510250422059e-09	9.9253139346647807e-10	-1.6194396688342158e-09	4.2340191459127361	15.20830286169801	-1.3734843381299903e-10	success	171.57075398316604	9.924482270401906e-10	-7.284427195352335e-09	2.3344510250422059e-09	9.9253139346647807e-10	-1.9749879506038205e-09	4.2675234773681767	15.329253929142531	-2.514746037649663e-10	success	171.57066387136251	9.924482270401906e-10	-7.284427195352335e-09	2.3344510250422059e-09	9.9253139346647807e-10	1.7993825754930394e-09	4.2693638478638354	15.335898364975279	2.8545012533093859e-09	success	171.57075398316604	171.57075398316604	0.94999999999999996	1.9501858364556877e-05	4799249.7338202465	0	3.0977191204013605e-05	0.10000000000000001	0.57712924177936065	0.57711851882819443	15.143249073449129	0	6.7965492174403179	43.28936996467089	5.0769189760891733e-33	8.8590981696248751e-05	74.762041391843496	6.515107431488137e-41	0	4.1612513005196995e-29	5.1334969053416857e-31	4.1881541303248653e-29	0-(0)->1	nan	nan	nan	nan	nan	nan	nan	nan	nan	nan	nan	nan	nan	nan	nan	nan	nan	nan	nan	nan	nan	nan	nan	nan	nan	nan	nan	nan	nan	nan	nan	nan	nan	nan	nan	nan	nan	nan	nan	nan	nan	nan	nan	nan	nan	nan	nan	nan	nan	nan	nan	nan	nan	nan	nan	nan	nan	nan	nan	nan	nan	nan	nan	nan	nan	nan	nan	nan	nan	nan	nan	nan	nan	nan	nan	nan	nan	nan	nan	nan	nan	nan	nan	nan	nan	nan	nan	nan	nan	nan	nan	nan	nan	nan	nan	nan	nan	nan	nan	nan	nan	nan	nan	nan	nan	nan	nan	nan	nan	nan	nan	nan	nan	nan	nan	nan	nan	nan	nan	nan	nan	nan	nan	nan	nan	nan	nan	nan	nan	nan	nan	nan	nan	nan	nan	nan	nan	nan	nan	nan	nan	nan	nan	nan	nan	nan	nan	nan	single_step	4.188154130324865e-29	typeI_mH220-500/random_20260830_123811.md
3.022710000000000e+02	4.156600000000000e+02	2.849200000000000e+02	1.370630000000000e+04	9.885910000000000e-01	6.444880000000000e+00	7.117971350437227e-27	-2.614764376434735e+01	success	0	0	0	true	2.280257453047413e-01	true	8.564516900492340e+00	true	3.298713890000000e-04	3.483287380000000e-09	1.013583819361004e+00	1.317538248828087e-02	true	4.622850410419190e-01	8.036783870304876e+01	2.495016494737802e+00	2.315006992127412e-01	true	true	7.604128515554285e-01	1.704882504614678e-01	3.372214293756712e-01	7.012414180500672e-02	1.244055019529359e+00	1.909652581398279e-01	2.272268154532351e-01	4.973503349505695e-02	ATLAS:2014vuz	ATLAS:2020tlo	ATLAS:2022enb	ATLAS:2021upq	LHC8 [HW;HZ]>[bb]	LHC13 [vbfH>ZZ]	LHC13 [H]->X1->Z(X2->[bb])	LHC13 [Hpmtb>tb]	5.227789795164654e+00	true	all checks passed	1	2.130993825947075e+00	2.284331188927580e-01	1.165474343288103e+00	1.666940601888129e+00	-1.360154024326426e+00	1.370630000000000e+04	6.444880000000000e+00	5116.2248673250688	1413.6388407328757	174.51949633336287	-0.66922757963961876	-0.085840246949795945	-0.082418948934040726	0	0.028160879142775198	0	0	0	success	ew_sym_res	success	success	224.59399999999999	success	166.5037715683481	1.4173044403670338e-08	4.6171492283487536e-08	-1.1896729997183235e-08	1.4173943027314096e-08	-1.6021209574874912e-09	5.4335804393584279	20.156691235457622	-5.6350653876744737e-10	success	success	166.49575649318095	1.4173044403670338e-08	4.6171492283487536e-08	-1.1896729997183235e-08	1.4173943027314096e-08	2.4081013394062979e-09	5.6312281313056607	20.896465055833904	-3.3423671937225588e-09	success	166.49601903946456	1.4173044403670338e-08	4.6171492283487536e-08	-1.1896729997183235e-08	1.4173943027314096e-08	-5.4449233543579577e-09	5.625147466241315	20.873694962870804	-2.5043846962655465e-10	success	166.49366209091448	1.4173044403670338e-08	4.6171492283487536e-08	-1.1896729997183235e-08	1.4173943027314096e-08	-1.2091075178921214e-09	5.6787786787721037	21.074550476712936	-1.3585177733644593e-10	success	166.49350572309802	1.4173044403670338e-08	4.6171492283487536e-08	-1.1896729997183235e-08	1.4173943027314096e-08	1.3050438334714138e-09	5.6822704607926999	21.087629526672785	-1.8698319299973039e-09	success	166.49366209091448	166.49366209091448	0.94999999999999996	3.9787480296642102e-05	2664045.3716389015	0	6.3242673988116364e-05	0.10000000000000001	0.57723018286805583	0.57720748893664242	8.1565519126581876	0	3.693214802751545	23.528866316319824	1.3884752520524246e-31	9.8247277353528012e-05	40.625362830266994	3.6046068548486119e-39	0	7.0906724907118195e-27	5.2267697839001405e-29	7.1179713504372275e-27	0-(0)->1	nan	nan	nan	nan	nan	nan	nan	nan	nan	nan	nan	nan	nan	nan	nan	nan	nan	nan	nan	nan	nan	nan	nan	nan	nan	nan	nan	nan	nan	nan	nan	nan	nan	nan	nan	nan	nan	nan	nan	nan	nan	nan	nan	nan	nan	nan	nan	nan	nan	nan	nan	nan	nan	nan	nan	nan	nan	nan	nan	nan	nan	nan	nan	nan	nan	nan	nan	nan	nan	nan	nan	nan	nan	nan	nan	nan	nan	nan	nan	nan	nan	nan	nan	nan	nan	nan	nan	nan	nan	nan	nan	nan	nan	nan	nan	nan	nan	nan	nan	nan	nan	nan	nan	nan	nan	nan	nan	nan	nan	nan	nan	nan	nan	nan	nan	nan	nan	nan	nan	nan	nan	nan	nan	nan	nan	nan	nan	nan	nan	nan	nan	nan	nan	nan	nan	nan	nan	nan	nan	nan	nan	nan	nan	nan	nan	nan	nan	nan	single_step	7.117971350437227e-27	typeI_mH220-500/random_20260828_001210.md
3.435900000000000e+02	2.578910000000000e+02	2.510090000000000e+02	1.454170000000000e+04	9.852690000000000e-01	8.067740000000001e+00	6.540968642573765e-30	-2.918435793287229e+01	success	0	0	0	true	2.355451560158438e-01	true	5.354730232927675e+00	true	3.306173300000000e-04	3.473621410000000e-09	9.360735632379535e-01	6.634613678812270e-03	true	3.288913012918097e-01	8.035889298410281e+01	2.494500874947902e+00	2.315431586504811e-01	true	true	7.546024926739103e-01	2.661383258145506e-01	4.286546496521040e-01	1.661813298162483e-02	1.234549122677361e+00	1.684378827175419e-01	5.175773923643529e-01	3.066605970617968e-02	ATLAS:2014vuz	ATLAS:2020tlo	CMS:2019qcx	CMS:2020imj	LHC8 [HW;HZ]>[bb]	LHC13 [vbfH>ZZ]	LHC13 [ggH]->X1->Z(X2->[bb])	LHC13 [Hpmtb>tb]	4.777396427711267e+00	true	all checks passed	1	5.398561659669036e-01	2.359659632155655e-01	7.857440608126049e-01	9.851582511978171e-01	8.694120088817352e-01	1.454170000000000e+04	8.067740000000001e+00	297.63895193871838	180.66405341465793	126.54587808435149	0.93368546946048459	-0.037348629857818658	0.009596776593989928	0	-0.00209373699903303	0	0	0	success	ew_sym_res	success	success	197.12799999999999	success	169.21981929584075	8.8396247995177649e-09	3.565813434163496e-09	1.5535244997613857e-09	1.0994255049102074e-10	5.844835962923861e-09	3.8494431166268561	12.936619705705761	-3.9050813800012514e-09	success	success	169.21654968420606	8.8396247995177649e-09	3.565813434163496e-09	1.5535244997613857e-09	1.0994255049102074e-10	1.6873153183719321e-09	3.9481760763299891	13.270423513083115	-1.4593481266693152e-09	success	169.21665327334756	8.8396247995177649e-09	3.565813434163496e-09	1.5535244997613857e-09	1.0994255049102074e-10	-3.1041064868097063e-10	3.944903965434833	13.259358634596458	-1.7638377768776509e-09	success	169.21563076409501	8.8396247995177649e-09	3.565813434163496e-09	1.5535244997613857e-09	1.0994255049102074e-10	-2.1323060832941934e-09	3.9742749530276917	13.358687090047392	1.9518955475386208e-09	success	169.21556525193719	8.8396247995177649e-09	3.565813434163496e-09	1.5535244997613857e-09	1.0994255049102074e-10	3.4273445968137471e-10	3.9757611494317127	13.363713905944669	1.2258536816556129e-09	success	169.21563076409501	169.21563076409501	0.94999999999999996	1.7146274031464144e-05	6509199.3195914747	0	2.7164236632746027e-05	0.10000000000000001	0.57680364674514661	0.57679493236296242	20.256073462662258	0	9.0921692427964995	57.860687927857768	1.8897367978315395e-33	0.00010406236365146115	100.0138616707615	2.1050307008438147e-41	0	6.4756894895305916e-30	1.2398548476781179e-31	6.5409686425737647e-30	0-(0)->1	nan	nan	nan	nan	nan	nan	nan	nan	nan	nan	nan	nan	nan	nan	nan	nan	nan	nan	nan	nan	nan	nan	nan	nan	nan	nan	nan	nan	nan	nan	nan	nan	nan	nan	nan	nan	nan	nan	nan	nan	nan	nan	nan	nan	nan	nan	nan	nan	nan	nan	nan	nan	nan	nan	nan	nan	nan	nan	nan	nan	nan	nan	nan	nan	nan	nan	nan	nan	nan	nan	nan	nan	nan	nan	nan	nan	nan	nan	nan	nan	nan	nan	nan	nan	nan	nan	nan	nan	nan	nan	nan	nan	nan	nan	nan	nan	nan	nan	nan	nan	nan	nan	nan	nan	nan	nan	nan	nan	nan	nan	nan	nan	nan	nan	nan	nan	nan	nan	nan	nan	nan	nan	nan	nan	nan	nan	nan	nan	nan	nan	nan	nan	nan	nan	nan	nan	nan	nan	nan	nan	nan	nan	nan	nan	nan	nan	nan	nan	single_step	6.540968642573765e-30	typeI_mH220-500/random_20260902_194953.md
2.878990000000000e+02	2.166530000000000e+02	2.108230000000000e+02	1.389030000000000e+04	9.884490000000000e-01	5.061570000000000e+00	4.963022601678855e-31	-3.030425374701463e+01	success	0	0	0	true	2.228838293129004e-01	true	1.642522684257644e+01	true	3.225702270000000e-04	3.174631790000000e-09	1.934994185128891e+00	9.016367547990959e-01	true	3.979448830282962e-01	8.035807171829065e+01	2.494384083168254e+00	2.315463898791839e-01	true	true	7.874320109075604e-01	1.390152234319185e-01	5.149857075346883e-01	8.659598735196197e-02	3.961295901615428e+00	1.718752278315193e-01	7.138520480647528e-01	9.017073806893182e-02	CMS:2012qwq	ATLAS:2020tlo	CMS:2019qcx	ATLAS:2021upq	LHC8 [vbfH;HW;Htt;H;HZ]>[bb;tautau;WW;ZZ;gamgam]	LHC13 [vbfH>ZZ]	LHC13 [ggH]->X1->Z(X2->[bb])	LHC13 [Hpmtb>tb]	4.112907344893671e+00	true	all checks passed	1	5.478782583228581e+00	2.232820167418539e-01	1.123321918509357e-02	5.138614683222991e-01	4.314969670333839e-01	1.389030000000000e+04	5.061570000000000e+00	5958.1731621885665	-865.24596165290154	81.899991802344516	0.16197276172956482	-0.024478399006218062	-0.0025266270154750753	0	-0.0017334048506478189	0	0	0	success	non_bfb	success	success	154.28399999999999	success	182.34735488731587	0	0	0	0	2.632041583210309e-09	4.4646879073074111	11.184989698286438	-1.7937109855453647e-09	success	success	182.34396953723339	0	0	0	0	-1.2118021532127118e-10	4.5646388423359854	11.436580950526082	-1.2137972591877573e-10	success	182.34407215332368	0	0	0	0	1.5922025517880067e-10	4.5616956897251573	11.429171396176672	7.627036645787179e-10	success	182.34301754752278	0	0	0	0	1.3051906408543743e-09	4.5906995465309013	11.50219524100075	4.3765662707240788e-09	success	182.34295015273045	0	0	0	0	-1.0723487161850924e-09	4.5925214335272138	11.506782529775483	-1.4962432451188349e-10	success	182.34301754752278	182.34301754752278	0.94999999999999996	8.5838838435201892e-06	6817351.9498069752	0	1.3689047068667207e-05	0.10000000000000001	0.57761031170000599	0.57760534261585283	22.863920732545818	0	10.259973866925828	65.434445556001592	2.0718145476023515e-34	5.8981957335649431e-05	112.85971253618411	1.2217582275828036e-42	0	4.9295892970770987e-31	6.3770444789181864e-33	4.9630226016788552e-31	0-(0)->1	nan	nan	nan	nan	nan	nan	nan	nan	nan	nan	nan	nan	nan	nan	nan	nan	nan	nan	nan	nan	nan	nan	nan	nan	nan	nan	nan	nan	nan	nan	nan	nan	nan	nan	nan	nan	nan	nan	nan	nan	nan	nan	nan	nan	nan	nan	nan	nan	nan	nan	nan	nan	nan	nan	nan	nan	nan	nan	nan	nan	nan	nan	nan	nan	nan	nan	nan	nan	nan	nan	nan	nan	nan	nan	nan	nan	nan	nan	nan	nan	nan	nan	nan	nan	nan	nan	nan	nan	nan	nan	nan	nan	nan	nan	nan	nan	nan	nan	nan	nan	nan	nan	nan	nan	nan	nan	nan	nan	nan	nan	nan	nan	nan	nan	nan	nan	nan	nan	nan	nan	nan	nan	nan	nan	nan	nan	nan	nan	nan	nan	nan	nan	nan	nan	nan	nan	nan	nan	nan	nan	nan	nan	nan	nan	nan	nan	nan	nan	single_step	4.963022601678855e-31	typeI_mH220-500/random_20260825_015240.md
2.978600000000000e+02	2.860690000000000e+02	2.608830000000000e+02	1.279230000000000e+04	9.897120000000000e-01	6.713770000000000e+00	8.146630138098641e-29	-2.808902200047211e+01	success	0	0	0	true	2.313496956700809e-01	true	7.132505419940161e+00	true	3.253007740000000e-04	3.140240690000000e-09	1.555826351797999e+00	1.140913556857029e+00	true	1.119444403581073e-01	8.036270284712052e+01	2.494670225967250e+00	2.315148805793970e-01	true	true	7.778494134629457e-01	1.293121205184369e-01	5.645743305373051e-01	2.842032246865802e-02	3.913089194930450e+00	1.698319508055096e-01	8.390935014025961e-01	4.768419305568796e-02	CMS:2012qwq	ATLAS:2020tlo	CMS:2019qcx	CMS:2020imj	LHC8 [vbfH;HW;Htt;H;HZ]>[bb;tautau;WW;ZZ;gamgam]	LHC13 [vbfH>ZZ]	LHC13 [ggH]->X1->Z(X2->[bb])	LHC13 [Hpmtb>tb]	4.289169178253843e+00	true	all checks passed	1	2.158217326532518e+00	2.317630075769699e-01	7.630376011800297e-01	5.536640867507171e-01	9.839496546047913e-02	1.279230000000000e+04	6.713770000000000e+00	2490.4134470068834	-203.62395678140908	39.33073741964683	0.17504514712876948	-0.026637959558809283	0.0035130059810424834	0	-0.0040608034839369799	0	0	0	success	ew_sym_res	success	success	181.744	success	168.82777326547537	5.0189243968777001e-08	5.6803501883874566e-08	-3.0511833039647076e-08	5.0192032834340861e-08	8.0438467357863197e-09	3.9415051247081068	15.323651933217874	-1.2507990362161747e-09	success	success	168.82309934688033	5.0189243968777001e-08	5.6803501883874566e-08	-3.0511833039647076e-08	5.0192032834340861e-08	-2.3471491931910701e-09	4.0565311337029542	15.773163930659502	1.6904513369146269e-09	success	168.82324863713768	5.0189243968777001e-08	5.6803501883874566e-08	-3.0511833039647076e-08	5.0192032834340861e-08	-1.4407194844169481e-09	4.0532496484454787	15.760337125369439	-3.5348477623195919e-09	success	168.82182556739374	5.0189243968777001e-08	5.6803501883874566e-08	-3.0511833039647076e-08	5.0192032834340861e-08	2.4638753864378364e-09	4.0860810485654824	15.888675822076593	-2.4779788623210515e-09	success	168.82173312997838	5.0189243968777001e-08	5.6803501883874566e-08	-3.0511833039647076e-08	5.0192032834340861e-08	2.8396913861084183e-09	4.0879963554764371	15.896163487898814	2.6800061544426164e-09	success	168.82182556739374	168.82182556739374	0.94999999999999996	2.2294089379798115e-05	4604939.6698830472	0	3.5410104870624068e-05	0.10000000000000001	0.57712373940789874	0.57711102395202729	14.296740017741664	0	6.4135324201053265	40.848993872617235	8.2973827387170336e-33	9.5564632577187512e-05	70.548856621158592	1.2096785996477718e-40	0	8.093690481005292e-29	1.0100730582879905e-30	8.1466301380986405e-29	0-(0)->1	nan	nan	nan	nan	nan	nan	nan	nan	nan	nan	nan	nan	nan	nan	nan	nan	nan	nan	nan	nan	nan	nan	nan	nan	nan	nan	nan	nan	nan	nan	nan	nan	nan	nan	nan	nan	nan	nan	nan	nan	nan	nan	nan	nan	nan	nan	nan	nan	nan	nan	nan	nan	nan	nan	nan	nan	nan	nan	nan	nan	nan	nan	nan	nan	nan	nan	nan	nan	nan	nan	nan	nan	nan	nan	nan	nan	nan	nan	nan	nan	nan	nan	nan	nan	nan	nan	nan	nan	nan	nan	nan	nan	nan	nan	nan	nan	nan	nan	nan	nan	nan	nan	nan	nan	nan	nan	nan	nan	nan	nan	nan	nan	nan	nan	nan	nan	nan	nan	nan	nan	nan	nan	nan	nan	nan	nan	nan	nan	nan	nan	nan	nan	nan	nan	nan	nan	nan	nan	nan	nan	nan	nan	nan	nan	nan	nan	nan	nan	single_step	8.146630138098641e-29	typeI_mH220-500/random_20260826_184019.md
3.256710491334840e+02	3.702444327231921e+02	2.912832263667738e+02	8.184501811879552e+03	9.970212618119589e-01	1.273790363724678e+01	3.072417081190541e-27	-2.651251982908181e+01	success	0	0	0	true	2.486622217898027e-01	true	1.534688805884352e+01	true	3.317917780000000e-04	3.458097090000000e-09	8.202850537431723e-01	7.795822410000133e-04	true	2.679882274349923e+00	8.037664111040417e+01	2.495513886218770e+00	2.314469049839176e-01	true	true	7.688428696288370e-01	4.143573539062609e-02	3.401165716589201e-01	1.827390623264161e-02	3.867780413113651e+00	4.813133310342218e-02	3.463438242680948e-01	1.231705686320744e-02	CMS:2012qwq	ATLAS:2020tlo	ATLAS:2022enb	ATLAS:2021upq	LHC8 [vbfH;HW;Htt;H;HZ]>[bb;tautau;WW;ZZ;gamgam]	LHC13 [vbfH>ZZ]	LHC13 [H]->X1->Z(X2->[bb])	LHC13 [Hpmtb>tb]	2.053611684802860e+00	true	all checks passed	1	4.877768001812431e+00	2.491064629493232e-01	1.048864040356862e+00	1.194478001488529e+00	-5.318430375715900e-01	8.184501811879552e+03	1.273790363724678e+01	8251.3733746185408	633.08856084211084	101.16308206907362	-3.003350841058019	-0.048955564988990272	-0.090828830529749466	0	0.025952328328901451	0	0	0	success	non_bfb	success	success	418.88200000000001	success	177.6983086428815	0	0	0	0	1.511947065997919e-09	3.1349610473967533	20.664486291026645	-7.5734588171057924e-10	success	success	177.68901885073257	0	0	0	0	5.3496692428688424e-09	3.2436850815082523	21.389237833094157	2.6349783406107248e-09	success	177.68931286462137	0	0	0	0	2.0040808984568001e-09	3.2404405512626284	21.367597253846178	-2.2717455597464553e-09	success	177.68660977795011	0	0	0	0	-7.2730617653739961e-09	3.2697283421675007	21.562972084371982	4.2593050164284496e-10	success	177.68642988698167	0	0	0	0	-1.5895694515814399e-08	3.2715416230846253	21.575070852544915	1.5895873643785828e-08	success	177.68660977795011	177.68660977795011	0.94999999999999996	2.8487256679637855e-05	2490982.3100724164	0	4.5484091898922419e-05	0.10000000000000001	0.57777431215889674	0.57775723114916522	8.1406291542050688	0	3.6499547831455739	23.287605120529392	5.8002217542205042e-32	6.9675908884472837e-05	40.149502614601317	1.1146098301412908e-39	0	3.0638877787688651e-27	1.6353689780069255e-29	3.0724170811905411e-27	0-(0)->1	nan	nan	nan	nan	nan	nan	nan	nan	nan	nan	nan	nan	nan	nan	nan	nan	nan	nan	nan	nan	nan	nan	nan	nan	nan	nan	nan	nan	nan	nan	nan	nan	nan	nan	nan	nan	nan	nan	nan	nan	nan	nan	nan	nan	nan	nan	nan	nan	nan	nan	nan	nan	nan	nan	nan	nan	nan	nan	nan	nan	nan	nan	nan	nan	nan	nan	nan	nan	nan	nan	nan	nan	nan	nan	nan	nan	nan	nan	nan	nan	nan	nan	nan	nan	nan	nan	nan	nan	nan	nan	nan	nan	nan	nan	nan	nan	nan	nan	nan	nan	nan	nan	nan	nan	nan	nan	nan	nan	nan	nan	nan	nan	nan	nan	nan	nan	nan	nan	nan	nan	nan	nan	nan	nan	nan	nan	nan	nan	nan	nan	nan	nan	nan	nan	nan	nan	nan	nan	nan	nan	nan	nan	nan	nan	nan	nan	nan	nan	single_step	3.072417081190541e-27	typeI_mH220-500/random_20260829_222735.md
4.302497466863418e+02	3.611764253762198e+02	4.105794809994163e+02	1.444118394204443e+04	9.974738132426132e-01	1.262318793318832e+01	2.649320929021300e-29	-2.857686542967527e+01	success	0	0	0	true	2.405422717135920e-01	true	2.305975785376624e+01	true	3.319615150000000e-04	3.455799840000000e-09	8.041827454161403e-01	3.999779313389154e-04	true	1.736834616956157e+00	8.035175837705923e+01	2.494026730109600e+00	2.315568418710846e-01	true	true	7.689722889960600e-01	9.307814138507993e-02	3.178643679046080e-01	1.100065062865030e-02	3.868431476826922e+00	1.469155999459001e-01	3.617152866937162e-01	7.674287343385264e-03	CMS:2012qwq	ATLAS-CONF-2023-034-Fig5-bot	ATLAS:2022enb	ATLAS:2021upq	LHC8 [vbfH;HW;Htt;H;HZ]>[bb;tautau;WW;ZZ;gamgam]	LHC13 [ggH]->X1->Z(X2->[bb])	LHC13 [H]->X1->Z(X2->[bb])	LHC13 [Hpmtb>tb]	2.116026386602385e+00	true	all checks passed	1	7.446325629432632e+00	2.409720063830992e-01	2.256897569049328e+00	-3.844406595721853e-01	8.756260986473281e-01	1.444118394204443e+04	1.262318793318832e+01	8441.4096756482359	708.6369497609727	-134.75647878911772	0.1722295156858494	-0.083227421121277331	-0.29366016073299789	0	-0.06412561188894364	0	0	0	success	non_bfb	success	success	418.32499999999999	success	215.47776248212023	-1.1660489033723437e-08	2.2079361028694678e-08	3.8930447051409155e-08	3.0780828225275421e-10	-1.2932624068466363e-08	3.2426495426158497	18.049435901272524	-8.7799361517532211e-09	success	success	215.46777153945715	-1.1660489033723437e-08	2.2079361028694678e-08	3.8930447051409155e-08	3.0780828225275421e-10	-4.9751008017489797e-09	3.3302695508122588	18.542977174625523	-1.5032153903999179e-09	success	215.46805398971173	-1.1660489033723437e-08	2.2079361028694678e-08	3.8930447051409155e-08	3.0780828225275421e-10	5.7674513646650375e-09	3.3278868287459629	18.529549142314018	4.9158543118157298e-09	success	215.46514295870256	-1.1660489033723437e-08	2.2079361028694678e-08	3.8930447051409155e-08	3.0780828225275421e-10	-3.9433066586024371e-09	3.3518993888519959	18.664894330381244	1.7852111437083452e-08	success	215.46495022609616	-1.1660489033723437e-08	2.2079361028694678e-08	3.8930447051409155e-08	3.0780828225275421e-10	1.31700250631928e-08	3.3533028359104597	18.672807581828053	1.4710925157934644e-08	success	215.46514295870256	215.46514295870256	0.94999999999999996	9.1197449365455719e-06	2818643.1727533247	0	1.4645445527086374e-05	0.10000000000000001	0.57847187649169951	0.57846606384711052	11.170941604229377	0	5.0093589446617548	32.02191330558793	1.2965846934396219e-33	3.0702170366672374e-05	55.102948391279298	9.2458159151884698e-42	0	2.644171648072781e-29	9.8842465911218038e-32	2.6493209290212996e-29	0-(0)->1	nan	nan	nan	nan	nan	nan	nan	nan	nan	nan	nan	nan	nan	nan	nan	nan	nan	nan	nan	nan	nan	nan	nan	nan	nan	nan	nan	nan	nan	nan	nan	nan	nan	nan	nan	nan	nan	nan	nan	nan	nan	nan	nan	nan	nan	nan	nan	nan	nan	nan	nan	nan	nan	nan	nan	nan	nan	nan	nan	nan	nan	nan	nan	nan	nan	nan	nan	nan	nan	nan	nan	nan	nan	nan	nan	nan	nan	nan	nan	nan	nan	nan	nan	nan	nan	nan	nan	nan	nan	nan	nan	nan	nan	nan	nan	nan	nan	nan	nan	nan	nan	nan	nan	nan	nan	nan	nan	nan	nan	nan	nan	nan	nan	nan	nan	nan	nan	nan	nan	nan	nan	nan	nan	nan	nan	nan	nan	nan	nan	nan	nan	nan	nan	nan	nan	nan	nan	nan	nan	nan	nan	nan	nan	nan	nan	nan	nan	nan	single_step	2.649320929021300e-29	typeI_mH220-500/random_20260830_123811.md
2.394270000000000e+02	2.571230000000000e+02	2.189160000000000e+02	8.041920000000000e+03	9.956990000000000e-01	6.142420000000000e+00	7.587498105675151e-28	-2.711990140434435e+01	success	0	0	0	true	2.457166103127990e-01	true	1.492820335278872e+01	true	3.243592130000000e-04	3.152157680000000e-09	1.681906880829282e+00	1.054816261390991e+00	true	1.131452268531165e-01	8.036246055263373e+01	2.494631419656956e+00	2.315163317826948e-01	true	true	7.787919925165242e-01	9.014376290966473e-02	6.991211967878654e-01	8.128898749891186e-02	3.917830981510330e+00	1.720926382820872e-01	8.293942058921262e-01	6.443296869407406e-02	CMS:2012qwq	ATLAS:2020tlo	CMS:2019qcx	ATLAS:2021upq	LHC8 [vbfH;HW;Htt;H;HZ]>[bb;tautau;WW;ZZ;gamgam]	LHC13 [ggH>ZZ]	LHC13 [ggH]->X1->Z(X2->[bb])	LHC13 [Hpmtb>tb]	3.093846289688486e+00	true	all checks passed	1	4.948664153943176e+00	2.461555890651528e-01	4.488118583984097e-01	3.465182794669669e-01	-2.545796805105596e-01	8.041920000000000e+03	6.142420000000000e+00	5055.0371456799548	-627.16480601398871	-51.78837519154397	0.33963340201095649	-0.022488349456160642	0.015269523189220051	0	-0.010271512483603182	0	0	0	success	non_bfb	success	success	196.58600000000001	success	169.93266893786162	0	0	0	0	1.1237468800187582e-08	4.7841218964353418	17.618231876210039	-2.5355669867520941e-09	success	success	169.92577101467293	0	0	0	0	-7.1688185748621893e-11	4.9393245430603843	18.193578992543667	6.0133474700639396e-09	success	169.92599255476591	0	0	0	0	4.2761808097287055e-09	4.9348133991360656	18.176849492834798	-4.4908776229231775e-11	success	169.9239516479488	0	0	0	0	-1.663365526876822e-09	4.9773559105769465	18.334626022002809	-8.5866731457662583e-11	success	169.92381765461431	0	0	0	0	5.644048562829858e-09	4.9801585395157959	18.345020972775298	-9.1518693962059405e-09	success	169.9239516479488	169.9239516479488	0.94999999999999996	2.5809089912457528e-05	3195622.4193110308	0	4.1145622504360051e-05	0.10000000000000001	0.57758506261434273	0.57756982880600349	9.986241368957625	0	4.4804175913391733	28.571776946308987	2.6454484724790201e-32	7.7429654058540056e-05	49.284593504730914	4.543968519213076e-40	0	7.5591355797791985e-28	5.4312167129008045e-30	7.5874981056751509e-28	0-(0)->1	nan	nan	nan	nan	nan	nan	nan	nan	nan	nan	nan	nan	nan	nan	nan	nan	nan	nan	nan	nan	nan	nan	nan	nan	nan	nan	nan	nan	nan	nan	nan	nan	nan	nan	nan	nan	nan	nan	nan	nan	nan	nan	nan	nan	nan	nan	nan	nan	nan	nan	nan	nan	nan	nan	nan	nan	nan	nan	nan	nan	nan	nan	nan	nan	nan	nan	nan	nan	nan	nan	nan	nan	nan	nan	nan	nan	nan	nan	nan	nan	nan	nan	nan	nan	nan	nan	nan	nan	nan	nan	nan	nan	nan	nan	nan	nan	nan	nan	nan	nan	nan	nan	nan	nan	nan	nan	nan	nan	nan	nan	nan	nan	nan	nan	nan	nan	nan	nan	nan	nan	nan	nan	nan	nan	nan	nan	nan	nan	nan	nan	nan	nan	nan	nan	nan	nan	nan	nan	nan	nan	nan	nan	nan	nan	nan	nan	nan	nan	single_step	7.587498105675151e-28	typeI_mH220-500/random_20260820_084408.md
3.203980000000000e+02	2.033740000000000e+02	3.278250000000000e+02	1.409150000000000e+04	9.983630000000000e-01	6.558410000000000e+00	9.964654388021650e-28	-2.700153775968081e+01	success	0	0	0	true	1.891756263273132e-01	true	2.066077640161551e+01	true	3.302490580000000e-04	3.478187650000000e-09	9.739551963638917e-01	9.447605380767056e-03	true	9.023995351445054e-01	8.036964653685934e+01	2.494938099208922e+00	2.314449169781204e-01	true	true	7.704175355694951e-01	1.719776017146991e-01	3.176251021022719e-01	1.565515153806801e-02	1.260422940377943e+00	2.158217359480425e-01	2.255543486660833e-01	9.688598372065049e-03	ATLAS:2014vuz	ATLAS:2020gxx	CMS:2022goy	ATLAS:2021upq	LHC8 [HW;HZ]>[bb]	LHC13 [ggH]->X1->Z(X2->[bb])	2d likelihood {LHC13 [ggH>tautau]; LHC13 [bbH>tautau]}	LHC13 [Hpmtb>tb]	2.205386411517338e+00	true	all checks passed	1	6.886678635666348e+00	2.408561737774572e-01	1.086427463152268e+00	-1.305622109353286e+00	8.791966740758901e-01	1.409150000000000e+04	6.558410000000000e+00	8094.3587238428336	-725.01121838515064	-4.0085184814827279	-0.18337139029187896	-0.02582968850251097	-0.036204017557022621	0	-0.020183413758729101	0	0	0	success	non_bfb	success	success	144.70699999999999	success	172.86491353435517	0	0	0	0	6.0520120217396787e-09	4.2777737267864229	18.360228431592777	4.2307236528152418e-09	success	success	172.85728709652437	0	0	0	0	1.4247848161016203e-09	4.4185696049500036	18.967431796894488	-4.7325416520790816e-10	success	172.85753160553719	0	0	0	0	2.4361121480441112e-09	4.4142976888437753	18.949003754212185	-9.3858016136019426e-10	success	172.85529302230105	0	0	0	0	1.8140633199037478e-09	4.4525485778749472	19.114021354547681	-1.0347017696066545e-08	success	172.85514484892337	0	0	0	0	-3.4545841026640364e-09	4.4550445945114951	19.124790222455267	-4.7543783373473624e-09	success	172.85529291442327	172.85529291442327	0.94999999999999996	2.5179416287716837e-05	2945913.6738507729	0	4.034928320245561e-05	0.10000000000000001	0.57822026717898045	0.57820554601119767	9.3651048980513139	0	4.2062618705261441	26.869340936431687	2.8812849220630586e-32	7.1101349906305057e-05	46.268880575787584	4.8832246977398088e-40	0	9.9322083658427234e-28	6.2171416589691185e-30	9.9646543880216502e-28	0-(0)->1	nan	nan	nan	nan	nan	nan	nan	nan	nan	nan	nan	nan	nan	nan	nan	nan	nan	nan	nan	nan	nan	nan	nan	nan	nan	nan	nan	nan	nan	nan	nan	nan	nan	nan	nan	nan	nan	nan	nan	nan	nan	nan	nan	nan	nan	nan	nan	nan	nan	nan	nan	nan	nan	nan	nan	nan	nan	nan	nan	nan	nan	nan	nan	nan	nan	nan	nan	nan	nan	nan	nan	nan	nan	nan	nan	nan	nan	nan	nan	nan	nan	nan	nan	nan	nan	nan	nan	nan	nan	nan	nan	nan	nan	nan	nan	nan	nan	nan	nan	nan	nan	nan	nan	nan	nan	nan	nan	nan	nan	nan	nan	nan	nan	nan	nan	nan	nan	nan	nan	nan	nan	nan	nan	nan	nan	nan	nan	nan	nan	nan	nan	nan	nan	nan	nan	nan	nan	nan	nan	nan	nan	nan	nan	nan	nan	nan	nan	nan	single_step	9.964654388021650e-28	typeI_mH220-500/random_20260902_194953.md
3.424290000000000e+02	4.347000000000000e+02	3.325730000000000e+02	1.499600000000000e+04	9.904240000000000e-01	7.646960000000000e+00	3.988842966859166e-27	-2.639915306069917e+01	success	0	0	0	true	2.293648392093685e-01	true	1.026076460369201e+01	true	3.262605560000000e-04	3.128331580000000e-09	1.432360979028083e+00	1.230327852857269e+00	true	2.185413246883876e-01	8.036000787354131e+01	2.494559968253810e+00	2.315338865957444e-01	true	true	7.746161043505615e-01	2.523145055866450e-01	6.472514121127153e-01	4.056072485453170e-02	3.896823544108380e+00	1.597386615131086e-01	4.408982054855611e-01	2.508835054790301e-02	CMS:2012qwq	ATLAS:2020tlo	ATLAS:2022enb	ATLAS:2021upq	LHC8 [vbfH;HW;Htt;H;HZ]>[bb;tautau;WW;ZZ;gamgam]	LHC13 [vbfH>ZZ]	LHC13 [H]->X1->Z(X2->[bb])	LHC13 [Hpmtb>tb]	4.710474477196669e+00	true	all checks passed	1	2.532240622727523e+00	2.297746051214972e-01	1.838661578400745e+00	1.394496368386800e+00	-1.195208492179001e+00	1.499600000000000e+04	7.646960000000000e+00	8126.7703566495757	2154.4167886847526	393.26394264231396	-2.9528770941195566	-0.11414197509242129	-0.16021380805435828	0	0.091352193594845921	0	0	0	success	ew_sym_res	success	success	214.83799999999999	success	173.67302457487745	1.2838170439079308e-08	1.2112281387698372e-09	1.180169842559388e-08	1.2838170439079308e-08	-4.8615815370263336e-09	4.9391022062339154	20.275411279659686	-1.4499349028765118e-09	success	success	173.66459047526175	1.2838170439079308e-08	1.2112281387698372e-09	1.180169842559388e-08	1.2838170439079308e-08	-1.2378661323167161e-09	5.1129463713272125	20.996273089150819	3.1761080841662877e-09	success	173.66486032306247	1.2838170439079308e-08	1.2112281387698372e-09	1.180169842559388e-08	1.2838170439079308e-08	4.0689407789681141e-10	5.1077212959977709	20.974595535757796	-7.9702270383419844e-09	success	173.66238674349637	1.2838170439079308e-08	1.2112281387698372e-09	1.180169842559388e-08	1.2838170439079308e-08	-3.5657567307971871e-09	5.1549272521508307	21.17046716047485	1.7721638353797566e-09	success	173.66222127492523	1.2838170439079308e-08	1.2112281387698372e-09	1.180169842559388e-08	1.2838170439079308e-08	5.4481136521759838e-09	5.1579046761218379	21.182823489659391	4.148721786595281e-10	success	173.66238667578313	173.66238667578313	0.94999999999999996	3.3382064147908644e-05	2719449.3496165052	0	5.3131041856387419e-05	0.10000000000000001	0.57738742718801161	0.57736827686384651	8.6856252720432643	0	3.7865816768610983	24.134100572159731	8.3932210511668502e-32	8.457015092506136e-05	41.652398445472087	1.8535477612343773e-39	0	3.9751589855558189e-27	2.6214204912610338e-29	3.9888429668591664e-27	0-(0)->1	nan	nan	nan	nan	nan	nan	nan	nan	nan	nan	nan	nan	nan	nan	nan	nan	nan	nan	nan	nan	nan	nan	nan	nan	nan	nan	nan	nan	nan	nan	nan	nan	nan	nan	nan	nan	nan	nan	nan	nan	nan	nan	nan	nan	nan	nan	nan	nan	nan	nan	nan	nan	nan	nan	nan	nan	nan	nan	nan	nan	nan	nan	nan	nan	nan	nan	nan	nan	nan	nan	nan	nan	nan	nan	nan	nan	nan	nan	nan	nan	nan	nan	nan	nan	nan	nan	nan	nan	nan	nan	nan	nan	nan	nan	nan	nan	nan	nan	nan	nan	nan	nan	nan	nan	nan	nan	nan	nan	nan	nan	nan	nan	nan	nan	nan	nan	nan	nan	nan	nan	nan	nan	nan	nan	nan	nan	nan	nan	nan	nan	nan	nan	nan	nan	nan	nan	nan	nan	nan	nan	nan	nan	nan	nan	nan	nan	nan	nan	single_step	3.988842966859166e-27	typeI_mH220-500/random_20260830_180625.md
2.281040000000000e+02	3.967580000000000e+02	2.200690000000000e+02	1.386170000000000e+04	9.919510000000000e-01	3.643220000000000e+00	6.222429992908138e-24	-2.320603998083664e+01	success	0	0	0	true	1.911713542681875e-01	true	9.266563859809853e+00	true	3.180042830000000e-04	3.231556740000000e-09	2.661314327822967e+00	5.673895105758334e-01	true	1.802862397400227e-01	8.036068054203650e+01	2.494526193379798e+00	2.315506590674847e-01	true	true	5.584824983754436e-01	6.811230660581922e-01	1.556512814449220e-01	2.463605547758697e-01	3.309525916298925e+00	7.378833215630416e-01	1.462283210767448e-01	1.856267399168768e-01	CMS:2013fjq	ATLAS:2020tlo	ATLAS:2022enb	ATLAS:2021upq	LHC8 [vbfH;HW;Htt;H;HZ]>[ZZ]	LHC13 [ggH>ZZ]	LHC13 [H]->X1->Z(X2->[bb])	LHC13 [Hpmtb>tb]	5.847389092120380e+00	true	all checks passed	1	1.915128865824892e-01	2.228019071364125e-01	3.754402136781603e-01	1.898046752556999e+00	-1.703861694894914e+00	1.386170000000000e+04	3.643220000000000e+00	-1749.9092882100467	360.74881216342766	-863.75353947974065	0.7466040310926858	-0.068150107769305149	0.020872062668154761	0	-0.11459446636006229	0	0	0	success	ew_sym_res	success	success	199.31399999999999	success	150.87542686492162	-1.2205633071049404e-08	2.1731013670897414e-08	2.3414388427136433e-10	-1.2205716709293584e-08	-3.2266378327549076e-10	10.103262251446012	27.243216639875861	2.4215910999649363e-09	success	success	150.86091130124893	-1.2205633071049404e-08	2.1731013670897414e-08	2.3414388427136433e-10	-1.2205716709293584e-08	-6.6582689955435708e-10	10.608452384280062	28.616423178424867	-8.5964336857543385e-10	success	150.86142382979452	-1.2205633071049404e-08	2.1731013670897414e-08	2.3414388427136433e-10	-1.2205716709293584e-08	4.3691992811374942e-10	10.592126474499601	28.572019182699979	-1.4267914309725015e-09	success	150.85733452744057	-1.2205633071049404e-08	2.1731013670897414e-08	2.3414388427136433e-10	-1.2205716709293584e-08	3.7902435269382507e-10	10.719760953329487	28.919214867531398	-2.4380199531033637e-10	success	150.85705332472378	-1.2205633071049404e-08	2.1731013670897414e-08	2.3414388427136433e-10	-1.2205716709293584e-08	1.1757027943382769e-10	10.728452025065137	28.942860692680888	5.8183461533197594e-10	success	150.85733452744057	150.85733452744057	0.94999999999999996	0.00010900477982946775	1366155.3704009575	0	0.00017240465536390428	0.10000000000000001	0.57666928891481772	0.57660948205007045	3.7885965465836136	0	1.6803347990465101	10.687992747235787	1.1434642882847182e-29	0.00012215624762866627	18.483682789511612	7.973123066585024e-37	0	6.2091861039782273e-24	2.5410431793348103e-26	6.2224299929081379e-24	0-(0)->1	nan	nan	nan	nan	nan	nan	nan	nan	nan	nan	nan	nan	nan	nan	nan	nan	nan	nan	nan	nan	nan	nan	nan	nan	nan	nan	nan	nan	nan	nan	nan	nan	nan	nan	nan	nan	nan	nan	nan	nan	nan	nan	nan	nan	nan	nan	nan	nan	nan	nan	nan	nan	nan	nan	nan	nan	nan	nan	nan	nan	nan	nan	nan	nan	nan	nan	nan	nan	nan	nan	nan	nan	nan	nan	nan	nan	nan	nan	nan	nan	nan	nan	nan	nan	nan	nan	nan	nan	nan	nan	nan	nan	nan	nan	nan	nan	nan	nan	nan	nan	nan	nan	nan	nan	nan	nan	nan	nan	nan	nan	nan	nan	nan	nan	nan	nan	nan	nan	nan	nan	nan	nan	nan	nan	nan	nan	nan	nan	nan	nan	nan	nan	nan	nan	nan	nan	nan	nan	nan	nan	nan	nan	nan	nan	nan	nan	nan	nan	single_step	6.222429992908138e-24	typeI_mH220-500/random_20260830_180625.md
2.586680826212176e+02	4.439869814836204e+02	2.567466256137397e+02	1.377666494056316e+04	9.995832349707671e-01	4.728268778795177e+00	1.380499267042277e-21	-2.085996381960754e+01	success	0	0	0	true	5.153783040220902e-02	true	1.110388326578452e+01	true	3.272478310000000e-04	3.518243350000000e-09	1.310683812201002e+00	5.537639499670036e-02	true	7.573377319888263e-01	8.035583479760946e+01	2.494313147905099e+00	2.315710592063322e-01	true	true	7.728399375834852e-01	8.432641486289369e-01	6.334724224501437e-02	6.712480392218358e-02	3.887888268379755e+00	9.598726796654057e-01	5.737352775781407e-02	1.174565034101962e-01	CMS:2012qwq	CMS:2024phk	ATLAS:2020gxx	CMS:2020imj	LHC8 [vbfH;HW;Htt;H;HZ]>[bb;tautau;WW;ZZ;gamgam]	LHC13 [H]->X1->(X2->[bb])(X3->[bb; tautau; gamgam; WW])	LHC13 [ggH]->X1->Z(X2->[bb])	LHC13 [Hpmtb>tb]	1.266661307642096e+00	true	all checks passed	1	5.162990400056607e-02	2.476813504425425e-01	3.184224519494899e-01	2.203388120464919e+00	-2.132840644254985e+00	1.377666494056316e+04	4.728268778795177e+00	-387.79244827620158	916.10674179586738	-448.57764567945418	0.85006588678265693	-0.1027234656617288	-0.029569000695500017	0	-0.080070589930169411	0	0	0	success	ew_sym_res	success	success	487.53399999999999	success	146.47937691663253	1.0161842970367824e-09	-2.1027692843910958e-08	-8.6520811937728722e-08	2.2465003551302823e-09	1.2469082118232478e-09	9.2875642084415801	38.47415697983503	3.7308183317445243e-10	success	success	146.45245979312756	1.0161842970367824e-09	-2.1027692843910958e-08	-8.6520811937728722e-08	2.2465003551302823e-09	-4.9812441696412574e-10	9.8698188080651406	40.899150644995721	6.2837492633327193e-10	success	146.45344909195182	1.0161842970367824e-09	-2.1027692843910958e-08	-8.6520811937728722e-08	2.2465003551302823e-09	-2.9232746440594914e-09	9.8507461256878202	40.819674392024766	-1.131397104387466e-09	success	146.4461769561774	1.0161842970367824e-09	-2.1027692843910958e-08	-8.6520811937728722e-08	2.2465003551302823e-09	-1.7328290456045393e-09	9.9882169642103733	41.392581987172292	2.9790191432410386e-09	success	146.44566291120151	1.0161842970367824e-09	-2.1027692843910958e-08	-8.6520811937728722e-08	2.2465003551302823e-09	1.5059497605838046e-09	9.9976899457858153	41.432066028105517	-1.4161737876885495e-09	success	146.4461770472094	146.4461770472094	0.94999999999999996	0.0002235642650654749	718846.64451688435	0	0.00035254818698647134	0.10000000000000001	0.57639018890858318	0.57626916937575545	1.9349605317646479	0	0.86711269636257993	5.5103633019018341	3.4886440934260929e-28	0.00012908735608378548	9.5382396599883794	4.9618705744020925e-35	0	1.3789031708501932e-21	3.0644248350337597e-24	1.3804992670422774e-21	0-(0)->1	nan	nan	nan	nan	nan	nan	nan	nan	nan	nan	nan	nan	nan	nan	nan	nan	nan	nan	nan	nan	nan	nan	nan	nan	nan	nan	nan	nan	nan	nan	nan	nan	nan	nan	nan	nan	nan	nan	nan	nan	nan	nan	nan	nan	nan	nan	nan	nan	nan	nan	nan	nan	nan	nan	nan	nan	nan	nan	nan	nan	nan	nan	nan	nan	nan	nan	nan	nan	nan	nan	nan	nan	nan	nan	nan	nan	nan	nan	nan	nan	nan	nan	nan	nan	nan	nan	nan	nan	nan	nan	nan	nan	nan	nan	nan	nan	nan	nan	nan	nan	nan	nan	nan	nan	nan	nan	nan	nan	nan	nan	nan	nan	nan	nan	nan	nan	nan	nan	nan	nan	nan	nan	nan	nan	nan	nan	nan	nan	nan	nan	nan	nan	nan	nan	nan	nan	nan	nan	nan	nan	nan	nan	nan	nan	nan	nan	nan	nan	single_step	1.380499267042277e-21	typeI_mH220-500/random_20260830_123811.md
2.727151299978690e+02	3.529377450515985e+02	2.583986627358201e+02	1.361726121492636e+04	9.994827265546313e-01	5.171890215420207e+00	2.782766163476637e-26	-2.555552328600460e+01	success	0	0	0	true	2.474650686998026e-01	true	4.848567109846672e+00	true	3.281195860000000e-04	3.506634840000000e-09	1.207733210003867e+00	3.813918075892522e-02	true	2.790108999225794e-01	8.036612776775708e+01	2.494856099342426e+00	2.315034296827547e-01	true	true	7.728338957929979e-01	8.529300615332138e-01	5.414551287778958e-02	5.649645253474027e-02	3.887857874238338e+00	8.266573081133350e-01	6.602215072720528e-02	9.725254416333365e-02	CMS:2012qwq	CMS:2024phk	ATLAS:2022enb	CMS:2020imj	LHC8 [vbfH;HW;Htt;H;HZ]>[bb;tautau;WW;ZZ;gamgam]	LHC13 [H]->X1->(X2->[bb])(X3->[bb; tautau; gamgam; WW])	LHC13 [H]->X1->Z(X2->[bb])	LHC13 [Hpmtb>tb]	1.144751071959490e+00	true	all checks passed	1	1.135748712202616e+00	2.479071711159588e-01	1.859709029556480e-01	1.058979957924143e+00	-8.510994583772340e-01	1.361726121492636e+04	5.171890215420207e+00	886.0558494415576	-439.32773457495608	-146.98684000188629	0.35640817011772818	-0.032848848471318651	0.0041480457552990598	0	-0.02571015565689052	0	0	0	success	ew_sym_res	success	success	569.26400000000001	success	157.62924217349749	-1.3670413231309986e-08	-2.1147615036457282e-08	-2.4573311630085794e-08	-1.3670200326962209e-08	2.1406470008033442e-10	4.5977733087781534	20.809699901668083	-2.7381979678805542e-09	success	success	157.62098524000021	-1.3670413231309986e-08	-2.1147615036457282e-08	-2.4573311630085794e-08	-1.3670200326962209e-08	5.0761150816272802e-09	4.7761997902393549	21.618566219498494	-1.9587315544749371e-09	success	157.621263916137	-1.3670413231309986e-08	-2.1147615036457282e-08	-2.4573311630085794e-08	-1.3670200326962209e-08	-5.6295186829844043e-10	4.7705655363243151	21.593021741718339	-3.4100493157028979e-10	success	157.61885596634431	-1.3670413231309986e-08	-2.1147615036457282e-08	-2.4573311630085794e-08	-1.3670200326962209e-08	1.5921154295861847e-09	4.8184469252589617	21.810110927758835	-3.2408884765435164e-09	success	157.6186916584218	-1.3670413231309986e-08	-2.1147615036457282e-08	-2.4573311630085794e-08	-1.3670200326962209e-08	-5.6516924944799081e-09	4.8216835644539415	21.824785916433459	-5.1473073967539531e-09	success	157.61885596634431	157.61885596634431	0.94999999999999996	4.9133717657040557e-05	2563268.4084720407	0	7.7732268938441863e-05	0.10000000000000001	0.57665771209009231	0.57662995079040757	7.4282928965175303	0	3.122078502491223	19.859483799286366	3.2756138807395589e-31	0.00010232220741600924	34.342863527403459	1.0414557772173594e-38	0	2.7734418590089742e-26	1.7863928392182795e-28	2.7827661634766372e-26	0-(0)->1	nan	nan	nan	nan	nan	nan	nan	nan	nan	nan	nan	nan	nan	nan	nan	nan	nan	nan	nan	nan	nan	nan	nan	nan	nan	nan	nan	nan	nan	nan	nan	nan	nan	nan	nan	nan	nan	nan	nan	nan	nan	nan	nan	nan	nan	nan	nan	nan	nan	nan	nan	nan	nan	nan	nan	nan	nan	nan	nan	nan	nan	nan	nan	nan	nan	nan	nan	nan	nan	nan	nan	nan	nan	nan	nan	nan	nan	nan	nan	nan	nan	nan	nan	nan	nan	nan	nan	nan	nan	nan	nan	nan	nan	nan	nan	nan	nan	nan	nan	nan	nan	nan	nan	nan	nan	nan	nan	nan	nan	nan	nan	nan	nan	nan	nan	nan	nan	nan	nan	nan	nan	nan	nan	nan	nan	nan	nan	nan	nan	nan	nan	nan	nan	nan	nan	nan	nan	nan	nan	nan	nan	nan	nan	nan	nan	nan	nan	nan	single_step	2.782766163476637e-26	typeI_mH220-500/random_20260902_020759.md
2.983760000000000e+02	2.548840000000000e+02	3.226770000000000e+02	6.383840000000000e+03	9.995670000000000e-01	1.368800000000000e+01	9.673253280410603e-27	-2.601442744069304e+01	success	0	0	0	true	2.536789683026506e-01	true	1.424320603774708e+01	true	3.319268470000000e-04	3.456309280000000e-09	8.074585965690027e-01	4.733295376742362e-04	true	2.056309016143798e+00	8.037424176125903e+01	2.495247704197208e+00	2.314262439616154e-01	true	true	7.699852690057735e-01	8.203971467449921e-02	1.424743630302505e-01	1.830005000481685e-02	1.259715741141011e+00	4.973176627933720e-02	1.614063410531422e-01	1.133190522762780e-02	ATLAS:2014vuz	CMS:2024phk	CMS:2019qcx	ATLAS:2021upq	LHC8 [HW;HZ]>[bb]	LHC13 [H]->X1->(X2->[bb])(X3->[bb; tautau; gamgam; WW])	LHC13 [ggH]->X1->Z(X2->[bb])	LHC13 [Hpmtb>tb]	1.493770661942449e+00	true	all checks passed	1	4.692030463003403e+00	2.541321720028895e-01	1.264295737257690e+00	-9.159008369586130e-01	3.781236482353859e-01	6.383840000000000e+03	1.368800000000000e+01	5560.9469857623535	-366.63560382048229	-10.180217169649691	0.64908871238634935	-0.027567583681162394	-0.022350562278941017	0	-0.0069625010363361488	0	0	0	success	non_bfb	success	success	195.73699999999999	success	166.2793715340685	0	0	0	0	2.5390030353488244e-08	2.0549458710245769	21.000383289044805	2.395252309100833e-08	success	success	166.27062833639121	0	0	0	0	-3.3110574180183139e-08	2.1310635695532394	21.781227415385896	2.1122515982526066e-08	success	166.27091494953305	0	0	0	0	1.8595111472675997e-08	2.1287186857999285	21.757167464259467	-1.5084303209200699e-08	success	166.268366743218	0	0	0	0	-5.7326325758781373e-12	2.1491571027361922	21.966890115407317	-4.7387285155929714e-09	success	166.26819686885358	0	0	0	0	1.5557806198807484e-08	2.1504859077665364	21.980526195785213	1.4816623660849542e-09	success	166.268366743218	166.268366743218	0.94999999999999996	3.817699324778115e-05	2466589.0388298756	0	6.0946437501334079e-05	0.10000000000000001	0.57776397902482179	0.57774167712914792	7.5417468835541808	0	3.3837112787771462	21.588004332904514	1.4544107009580544e-31	8.6557817552548329e-05	37.220824066548609	3.6617817887604945e-39	0	9.643013126096402e-27	5.7953460628427295e-29	9.6732532804106033e-27	0-(0)->1	nan	nan	nan	nan	nan	nan	nan	nan	nan	nan	nan	nan	nan	nan	nan	nan	nan	nan	nan	nan	nan	nan	nan	nan	nan	nan	nan	nan	nan	nan	nan	nan	nan	nan	nan	nan	nan	nan	nan	nan	nan	nan	nan	nan	nan	nan	nan	nan	nan	nan	nan	nan	nan	nan	nan	nan	nan	nan	nan	nan	nan	nan	nan	nan	nan	nan	nan	nan	nan	nan	nan	nan	nan	nan	nan	nan	nan	nan	nan	nan	nan	nan	nan	nan	nan	nan	nan	nan	nan	nan	nan	nan	nan	nan	nan	nan	nan	nan	nan	nan	nan	nan	nan	nan	nan	nan	nan	nan	nan	nan	nan	nan	nan	nan	nan	nan	nan	nan	nan	nan	nan	nan	nan	nan	nan	nan	nan	nan	nan	nan	nan	nan	nan	nan	nan	nan	nan	nan	nan	nan	nan	nan	nan	nan	nan	nan	nan	nan	single_step	9.673253280410603e-27	typeI_mH220-500/random_20260826_184030.md
2.376740000000000e+02	3.361430000000000e+02	2.466990000000000e+02	9.012760000000000e+03	9.991310000000000e-01	4.144790000000000e+00	4.014019942615469e-26	-2.539642047416385e+01	success	0	0	0	true	2.615767333227468e-01	true	1.611751247143024e+01	true	3.254735260000000e-04	3.542146560000000e-09	1.533227088289962e+00	1.009630026139555e-01	true	2.437217088521360e+00	8.034935621713018e+01	2.493848855812164e+00	2.315877659991089e-01	true	true	7.721063568829143e-01	7.628379358047114e-01	1.614898219811860e-01	8.760617414631264e-02	1.263185895564391e+00	1.364370322638354e+00	1.681677101322637e-01	1.532857522607420e-01	ATLAS:2014vuz	ATLAS:2020tlo	ATLAS:2022enb	CMS:2020imj	LHC8 [HW;HZ]>[bb]	LHC13 [ggH>ZZ]	LHC13 [H]->X1->Z(X2->[bb])	LHC13 [Hpmtb>tb]	3.332692036949652e+00	true	all checks passed	1	5.286489832837320e+00	2.620440465739456e-01	7.950153214737493e-01	5.089860541582958e-01	-1.213920940619944e+00	9.012760000000000e+03	4.144790000000000e+00	6772.9346743133783	-50.518800125679199	-123.6471576526684	0.010681555436718181	-0.036796552099039669	-0.026085510450339352	0	-0.0088785752813246577	0	0	0	success	non_bfb	success	success	136.196	success	172.09986125263549	0	0	0	0	-2.6179690624294788e-10	7.9688402524799589	22.328757985507831	4.459125846370334e-09	success	success	172.08740199019735	0	0	0	0	1.6622040620777129e-09	8.2811636262803692	23.210692812060131	3.3834197516565005e-09	success	172.08780648908407	0	0	0	0	-2.7233407208981086e-09	8.2717158929493841	23.184000635614353	-3.446499263346554e-09	success	172.08426147017323	0	0	0	0	-5.0314946542845931e-09	8.3534358370902506	23.414907337138423	-2.9467221694314501e-09	success	172.08402168948652	0	0	0	0	-2.2472216557411365e-10	8.3588636371821945	23.430246354276498	1.1545525601887797e-09	success	172.08426147017323	172.08426147017323	0.94999999999999996	3.8219928522223879e-05	1810998.7227124388	0	6.0939265318276965e-05	0.10000000000000001	0.57761166657191221	0.57758857210022962	5.7314540941468302	0	2.5683780701184364	16.379459542721108	2.6416952990047752e-31	6.5734060734555885e-05	28.252158771302799	6.8217882596672181e-39	0	4.0066102701443399e-26	1.4223932188625801e-28	4.0140199426154685e-26	0-(0)->1	nan	nan	nan	nan	nan	nan	nan	nan	nan	nan	nan	nan	nan	nan	nan	nan	nan	nan	nan	nan	nan	nan	nan	nan	nan	nan	nan	nan	nan	nan	nan	nan	nan	nan	nan	nan	nan	nan	nan	nan	nan	nan	nan	nan	nan	nan	nan	nan	nan	nan	nan	nan	nan	nan	nan	nan	nan	nan	nan	nan	nan	nan	nan	nan	nan	nan	nan	nan	nan	nan	nan	nan	nan	nan	nan	nan	nan	nan	nan	nan	nan	nan	nan	nan	nan	nan	nan	nan	nan	nan	nan	nan	nan	nan	nan	nan	nan	nan	nan	nan	nan	nan	nan	nan	nan	nan	nan	nan	nan	nan	nan	nan	nan	nan	nan	nan	nan	nan	nan	nan	nan	nan	nan	nan	nan	nan	nan	nan	nan	nan	nan	nan	nan	nan	nan	nan	nan	nan	nan	nan	nan	nan	nan	nan	nan	nan	nan	nan	single_step	4.014019942615469e-26	typeI_mH220-500/random_20260902_194953.md
2.872510000000000e+02	3.444160000000000e+02	2.610050000000000e+02	1.287840000000000e+04	9.996510000000000e-01	5.352310000000000e+00	8.971730982976205e-27	-2.604712375719792e+01	success	0	0	0	true	2.540274633727581e-01	true	1.756616805412628e+01	true	3.238421610000000e-04	3.158111880000000e-09	1.753232307894525e+00	1.013063907219195e+00	true	1.549074450875228e+00	8.037293144702282e+01	2.495245390996879e+00	2.314674337479434e-01	true	true	7.713935727786940e-01	9.353321816566043e-01	2.273841075853379e-01	5.371064413585553e-02	3.880612111334962e+00	6.720312047466211e-01	2.380910009904485e-01	9.000049636821070e-02	CMS:2012qwq	CMS:2024phk	ATLAS:2022enb	CMS:2020imj	LHC8 [vbfH;HW;Htt;H;HZ]>[bb;tautau;WW;ZZ;gamgam]	LHC13 [H]->X1->(X2->[bb])(X3->[bb; tautau; gamgam; WW])	LHC13 [H]->X1->Z(X2->[bb])	LHC13 [Hpmtb>tb]	1.076292985482809e+00	true	all checks passed	1	5.840706352999762e+00	2.544812896679892e-01	1.196604704032155e-01	8.875419520108390e-01	-7.813975360914812e-01	1.287840000000000e+04	5.352310000000000e+00	7469.5623245302959	-544.76377406580468	12.22424036756056	-0.42374700439220464	-0.030049489366024074	-0.029109145059575167	0	0.004882817199807034	0	0	0	success	non_bfb	success	success	203.89099999999999	success	169.095854334482	0	0	0	0	-6.0811127058651187e-09	4.7184829144000338	19.337180368823883	2.3371217544596004e-09	success	success	169.07334458502689	0	0	0	0	2.6826446951266782e-09	5.2269922047326807	21.427029853961486	5.3712857531011223e-09	success	169.07364800718983	0	0	0	0	1.6428564747697249e-09	5.2213264445105008	21.403732813666931	3.9924893064013348e-09	success	169.07094125769822	0	0	0	0	-4.3567577972977634e-09	5.2709859477777874	21.607937953544536	-1.4736976993455104e-09	success	169.0707604375184	0	0	0	0	-3.0762363151079499e-09	5.2741372280403667	21.620897476931241	2.0547539065432002e-09	success	169.07094115872718	169.07094115872718	0.94999999999999996	3.5174934062624013e-05	2358620.7044278607	0	5.6221315600695991e-05	0.10000000000000001	0.57790965041063425	0.5778889875861134	7.3335337409885595	0	3.2867031553760713	20.97739581363399	1.2371997931725062e-31	7.7511520686512404e-05	36.153734709136785	2.8989977708970808e-39	0	8.9470959501013769e-27	4.7235412146671286e-29	8.9717309829762054e-27	0-(0)->1	nan	nan	nan	nan	nan	nan	nan	nan	nan	nan	nan	nan	nan	nan	nan	nan	nan	nan	nan	nan	nan	nan	nan	nan	nan	nan	nan	nan	nan	nan	nan	nan	nan	nan	nan	nan	nan	nan	nan	nan	nan	nan	nan	nan	nan	nan	nan	nan	nan	nan	nan	nan	nan	nan	nan	nan	nan	nan	nan	nan	nan	nan	nan	nan	nan	nan	nan	nan	nan	nan	nan	nan	nan	nan	nan	nan	nan	nan	nan	nan	nan	nan	nan	nan	nan	nan	nan	nan	nan	nan	nan	nan	nan	nan	nan	nan	nan	nan	nan	nan	nan	nan	nan	nan	nan	nan	nan	nan	nan	nan	nan	nan	nan	nan	nan	nan	nan	nan	nan	nan	nan	nan	nan	nan	nan	nan	nan	nan	nan	nan	nan	nan	nan	nan	nan	nan	nan	nan	nan	nan	nan	nan	nan	nan	nan	nan	nan	nan	single_step	8.971730982976205e-27	typeI_mH220-500/random_20260825_015240.md
2.468360000000000e+02	4.165660000000000e+02	2.451590000000000e+02	6.880110000000000e+03	9.997210000000000e-01	7.764470000000000e+00	2.637145203240322e-24	-2.357886595696049e+01	success	0	0	0	true	2.554121095085056e-01	true	2.163130511130841e+01	true	3.258464570000000e-04	3.133628440000000e-09	1.485004303193492e+00	1.190142258939756e+00	true	8.041252898923028e-01	8.035594782691759e+01	2.494366402817589e+00	2.315691622671168e-01	true	true	7.689990328099078e-01	2.243579195853268e-01	3.499661794895613e-02	2.538861430659978e-02	3.868566015629919e+00	3.692685144227291e-01	2.865867538616840e-02	4.319325712500773e-02	CMS:2012qwq	ATLAS:2020tlo	ATLAS:2020gxx	CMS:2020imj	LHC8 [vbfH;HW;Htt;H;HZ]>[bb;tautau;WW;ZZ;gamgam]	LHC13 [ggH>ZZ]	LHC13 [ggH]->X1->Z(X2->[bb])	LHC13 [Hpmtb>tb]	1.275086038292585e+00	true	all checks passed	1	7.104392127004362e+00	2.558684095080270e-01	4.761610748752402e-01	1.778502729478527e+00	-1.970069452258533e+00	6.880110000000000e+03	7.764470000000000e+00	12051.148142487322	909.27246488999481	106.76276910505366	-1.1656055073595568	-0.081791299597775868	-0.16155220248246915	0	0.026888048203956849	0	0	0	success	non_bfb	success	success	180.83000000000001	success	178.51585382629932	1.1994831158876467e-09	3.4001001765474413e-08	1.891732142764786e-08	1.5727392036502255e-09	-8.1384514382599933e-09	6.6368587912050563	31.211880487703443	-9.2253663472143684e-09	success	success	178.49093820595587	1.1994831158876467e-09	3.4001001765474413e-08	1.891732142764786e-08	1.5727392036502255e-09	4.7968759143075735e-09	6.9512974332384276	32.703905903218889	-1.7789249976535746e-11	success	178.49175034909771	1.1994831158876467e-09	3.4001001765474413e-08	1.891732142764786e-08	1.5727392036502255e-09	-1.7730938229481033e-09	6.9418960313719111	32.659257276511617	1.026201035251521e-08	success	178.4849720260292	1.1994831158876467e-09	3.4001001765474413e-08	1.891732142764786e-08	1.5727392036502255e-09	-3.1979792010958835e-09	7.0191922863018812	33.026415914106742	6.0474950426164214e-09	success	178.48449980874653	1.1994831158876467e-09	3.4001001765474413e-08	1.891732142764786e-08	1.5727392036502255e-09	-6.7385840704278892e-09	7.0244440666131167	33.051368361483163	-2.6444850830255469e-10	success	178.4849720260292	178.4849720260292	0.94999999999999996	5.5413446778199011e-05	953684.27929588396	0	8.8627461822099785e-05	0.10000000000000001	0.57800838533563381	0.57797450811589213	3.130702347463973	0	1.4029586290265352	8.9564473849980217	2.8354917357610161e-30	5.2139977067006956e-05	15.432544919291887	1.0935163199591521e-37	0	2.6349732695360811e-24	4.1740806256755704e-27	2.6371452032403217e-24	0-(0)->1	nan	nan	nan	nan	nan	nan	nan	nan	nan	nan	nan	nan	nan	nan	nan	nan	nan	nan	nan	nan	nan	nan	nan	nan	nan	nan	nan	nan	nan	nan	nan	nan	nan	nan	nan	nan	nan	nan	nan	nan	nan	nan	nan	nan	nan	nan	nan	nan	nan	nan	nan	nan	nan	nan	nan	nan	nan	nan	nan	nan	nan	nan	nan	nan	nan	nan	nan	nan	nan	nan	nan	nan	nan	nan	nan	nan	nan	nan	nan	nan	nan	nan	nan	nan	nan	nan	nan	nan	nan	nan	nan	nan	nan	nan	nan	nan	nan	nan	nan	nan	nan	nan	nan	nan	nan	nan	nan	nan	nan	nan	nan	nan	nan	nan	nan	nan	nan	nan	nan	nan	nan	nan	nan	nan	nan	nan	nan	nan	nan	nan	nan	nan	nan	nan	nan	nan	nan	nan	nan	nan	nan	nan	nan	nan	nan	nan	nan	nan	single_step	2.637145203240322e-24	typeI_mH220-500/random_20260830_180625.md
