input_row	diagnostic
1	BSMPT_BOUNCE_CERT	path_check	T=172.946	max_relative_error=1	max_force=343.352	max_gradient=345.394	max_perpendicular_gradient=343.352	max_dldrho=28.092	spline_length=22.3452	converged=0
1	BSMPT_BOUNCE_CERT	path_deformation	T=172.946	best_relative_error=0.0262045	iterations=0	converged_without_1d=1
1	BSMPT_BOUNCE_CERT	path_check	T=172.936	max_relative_error=1.0003	max_force=17.3537	max_gradient=82.889	max_perpendicular_gradient=17.346	max_dldrho=29.3801	spline_length=23.0498	converged=0
1	BSMPT_BOUNCE_CERT	path_deformation	T=172.936	best_relative_error=0.209094	iterations=21	converged_without_1d=0
1	BSMPT_BOUNCE_CERT	path_check	T=172.936	max_relative_error=0.999901	max_force=51.921	max_gradient=92.5275	max_perpendicular_gradient=51.9271	max_dldrho=29.3801	spline_length=23.042	converged=0
1	BSMPT_BOUNCE_CERT	path_deformation	T=172.936	best_relative_error=0.561203	iterations=21	converged_without_1d=0
1	BSMPT_BOUNCE_CERT	path_check	T=172.936	max_relative_error=1.00006	max_force=133.865	max_gradient=147.339	max_perpendicular_gradient=133.855	max_dldrho=29.3799	spline_length=23.0417	converged=0
1	BSMPT_BOUNCE_CERT	path_deformation	T=172.936	best_relative_error=0.908253	iterations=21	converged_without_1d=0
1	BSMPT_BOUNCE_CERT	path_check	T=172.936	max_relative_error=0.99998	max_force=166.868	max_gradient=176.809	max_perpendicular_gradient=166.871	max_dldrho=29.3817	spline_length=23.0424	converged=0
1	BSMPT_BOUNCE_CERT	path_deformation	T=172.936	best_relative_error=0.896175	iterations=21	converged_without_1d=0
1	BSMPT_BOUNCE_CERT	path_check	T=172.936	max_relative_error=1.00002	max_force=1205.25	max_gradient=1206.34	max_perpendicular_gradient=1205.22	max_dldrho=29.3798	spline_length=23.0366	converged=0
1	BSMPT_BOUNCE_CERT	path_deformation	T=172.936	best_relative_error=0.995423	iterations=21	converged_without_1d=0
1	BSMPT_BOUNCE_CERT	path_check	T=172.936	max_relative_error=1.00002	max_force=1631.48	max_gradient=1632.27	max_perpendicular_gradient=1631.43	max_dldrho=29.411	spline_length=23.0334	converged=0
1	BSMPT_BOUNCE_CERT	path_deformation	T=172.936	best_relative_error=0.981737	iterations=21	converged_without_1d=0
1	BSMPT_BOUNCE_CERT	path_check	T=172.936	max_relative_error=1.00003	max_force=390.201	max_gradient=393.855	max_perpendicular_gradient=390.185	max_dldrho=29.4382	spline_length=23.0346	converged=0
1	BSMPT_BOUNCE_CERT	path_check	T=172.926	max_relative_error=1	max_force=408.304	max_gradient=414.635	max_perpendicular_gradient=408.304	max_dldrho=30.2926	spline_length=23.6748	converged=0
1	BSMPT_BOUNCE_CERT	path_deformation	T=172.926	best_relative_error=0.133692	iterations=21	converged_without_1d=0
1	BSMPT_BOUNCE_CERT	path_check	T=172.926	max_relative_error=1.00005	max_force=177.55	max_gradient=194.254	max_perpendicular_gradient=177.539	max_dldrho=30.2926	spline_length=23.5649	converged=0
1	BSMPT_BOUNCE_CERT	path_deformation	T=172.926	best_relative_error=0.743122	iterations=21	converged_without_1d=0
1	BSMPT_BOUNCE_CERT	path_check	T=172.926	max_relative_error=1.00001	max_force=964.45	max_gradient=967.014	max_perpendicular_gradient=964.439	max_dldrho=30.2897	spline_length=23.5651	converged=0
1	BSMPT_BOUNCE_CERT	path_deformation	T=172.926	best_relative_error=0.98492	iterations=21	converged_without_1d=0
1	BSMPT_BOUNCE_CERT	path_check	T=172.926	max_relative_error=1.00002	max_force=685.755	max_gradient=689.39	max_perpendicular_gradient=685.733	max_dldrho=30.3092	spline_length=23.5659	converged=0
1	BSMPT_BOUNCE_CERT	path_deformation	T=172.926	best_relative_error=0.914004	iterations=21	converged_without_1d=0
1	BSMPT_BOUNCE_CERT	path_check	T=172.926	max_relative_error=1.00001	max_force=665.694	max_gradient=669.452	max_perpendicular_gradient=665.689	max_dldrho=30.2992	spline_length=23.565	converged=0
1	BSMPT_BOUNCE_CERT	path_deformation	T=172.926	best_relative_error=0.897428	iterations=21	converged_without_1d=0
1	BSMPT_BOUNCE_CERT	path_check	T=172.926	max_relative_error=1.00002	max_force=654.045	max_gradient=657.853	max_perpendicular_gradient=654.024	max_dldrho=30.2986	spline_length=23.5651	converged=0
1	BSMPT_BOUNCE_CERT	path_deformation	T=172.926	best_relative_error=0.885467	iterations=21	converged_without_1d=0
1	BSMPT_BOUNCE_CERT	path_check	T=172.926	max_relative_error=1.00001	max_force=646.461	max_gradient=650.328	max_perpendicular_gradient=646.456	max_dldrho=30.2983	spline_length=23.5657	converged=0
1	BSMPT_BOUNCE_CERT	path_check	T=172.916	max_relative_error=1	max_force=439.156	max_gradient=448.198	max_perpendicular_gradient=439.156	max_dldrho=30.8599	spline_length=24.2573	converged=0
1	BSMPT_BOUNCE_CERT	path_deformation	T=172.916	best_relative_error=0.187193	iterations=21	converged_without_1d=0
1	BSMPT_BOUNCE_CERT	path_check	T=172.916	max_relative_error=1.00004	max_force=240.165	max_gradient=257.808	max_perpendicular_gradient=240.152	max_dldrho=30.86	spline_length=23.7906	converged=0
1	BSMPT_BOUNCE_CERT	path_deformation	T=172.916	best_relative_error=0.218315	iterations=21	converged_without_1d=0
1	BSMPT_BOUNCE_CERT	path_check	T=172.916	max_relative_error=0.999996	max_force=298.887	max_gradient=312.76	max_perpendicular_gradient=298.89	max_dldrho=30.8569	spline_length=23.79	converged=0
1	BSMPT_BOUNCE_CERT	path_deformation	T=172.916	best_relative_error=0.0223876	iterations=0	converged_without_1d=1
1	BSMPT_BOUNCE_CERT	path_check	T=172.948	max_relative_error=1.00011	max_force=43.5782	max_gradient=71.2966	max_perpendicular_gradient=43.571	max_dldrho=27.7218	spline_length=22.1763	converged=0
1	BSMPT_BOUNCE_CERT	path_deformation	T=172.948	best_relative_error=0.611712	iterations=21	converged_without_1d=0
1	BSMPT_BOUNCE_CERT	path_check	T=172.948	max_relative_error=0.999978	max_force=151.28	max_gradient=155.679	max_perpendicular_gradient=151.283	max_dldrho=27.7218	spline_length=22.1772	converged=0
1	BSMPT_BOUNCE_CERT	path_deformation	T=172.948	best_relative_error=0.971667	iterations=21	converged_without_1d=0
1	BSMPT_BOUNCE_CERT	path_check	T=172.948	max_relative_error=1.00005	max_force=158.268	max_gradient=162.378	max_perpendicular_gradient=158.258	max_dldrho=27.7223	spline_length=22.1773	converged=0
1	BSMPT_BOUNCE_CERT	path_deformation	T=172.948	best_relative_error=0.96906	iterations=21	converged_without_1d=0
1	BSMPT_BOUNCE_CERT	path_check	T=172.948	max_relative_error=1.00001	max_force=1343.02	max_gradient=1343.38	max_perpendicular_gradient=1343	max_dldrho=27.7223	spline_length=22.1766	converged=0
1	BSMPT_BOUNCE_CERT	path_deformation	T=172.948	best_relative_error=0.997134	iterations=21	converged_without_1d=0
1	BSMPT_BOUNCE_CERT	path_check	T=172.948	max_relative_error=1.00001	max_force=889.127	max_gradient=889.697	max_perpendicular_gradient=889.116	max_dldrho=27.764	spline_length=22.1778	converged=0
1	BSMPT_BOUNCE_CERT	path_deformation	T=172.948	best_relative_error=0.995958	iterations=21	converged_without_1d=0
1	BSMPT_BOUNCE_CERT	path_check	T=172.948	max_relative_error=1.00002	max_force=654.405	max_gradient=655.185	max_perpendicular_gradient=654.386	max_dldrho=27.7402	spline_length=22.1767	converged=0
1	BSMPT_BOUNCE_CERT	path_deformation	T=172.948	best_relative_error=0.979329	iterations=21	converged_without_1d=0
1	BSMPT_BOUNCE_CERT	path_check	T=172.948	max_relative_error=1.00001	max_force=641.749	max_gradient=642.559	max_perpendicular_gradient=641.742	max_dldrho=27.7318	spline_length=22.1775	converged=0
1	BSMPT_BOUNCE_CERT	path_check	T=172.948	max_relative_error=1	max_force=335.285	max_gradient=336.944	max_perpendicular_gradient=335.285	max_dldrho=27.7244	spline_length=22.1687	converged=0
1	BSMPT_BOUNCE_CERT	path_deformation	T=172.948	best_relative_error=0.016359	iterations=0	converged_without_1d=1
1	BSMPT_BOUNCE_CERT	path_check	T=172.92	max_relative_error=1.00012	max_force=43.214	max_gradient=114.067	max_perpendicular_gradient=43.2046	max_dldrho=30.6535	spline_length=23.5509	converged=0
1	BSMPT_BOUNCE_CERT	path_deformation	T=172.92	best_relative_error=0.378631	iterations=21	converged_without_1d=0
1	BSMPT_BOUNCE_CERT	path_check	T=172.92	max_relative_error=0.999944	max_force=84.9344	max_gradient=131.914	max_perpendicular_gradient=84.9411	max_dldrho=30.6536	spline_length=23.7354	converged=0
1	BSMPT_BOUNCE_CERT	path_deformation	T=172.92	best_relative_error=0.643711	iterations=21	converged_without_1d=0
1	BSMPT_BOUNCE_CERT	path_check	T=172.92	max_relative_error=1.00005	max_force=134.615	max_gradient=164.681	max_perpendicular_gradient=134.604	max_dldrho=30.6536	spline_length=23.7354	converged=0
1	BSMPT_BOUNCE_CERT	path_deformation	T=172.92	best_relative_error=0.817065	iterations=21	converged_without_1d=0
1	BSMPT_BOUNCE_CERT	path_check	T=172.92	max_relative_error=0.999973	max_force=144.077	max_gradient=171.996	max_perpendicular_gradient=144.082	max_dldrho=30.6539	spline_length=23.7354	converged=0
1	BSMPT_BOUNCE_CERT	path_deformation	T=172.92	best_relative_error=0.826725	iterations=21	converged_without_1d=0
1	BSMPT_BOUNCE_CERT	path_check	T=172.92	max_relative_error=1.00002	max_force=1255.48	max_gradient=1258.14	max_perpendicular_gradient=1255.45	max_dldrho=30.654	spline_length=23.7352	converged=0
1	BSMPT_BOUNCE_CERT	path_deformation	T=172.92	best_relative_error=0.989216	iterations=21	converged_without_1d=0
1	BSMPT_BOUNCE_CERT	path_check	T=172.92	max_relative_error=1.00002	max_force=1600.24	max_gradient=1602.31	max_perpendicular_gradient=1600.2	max_dldrho=30.6872	spline_length=23.7393	converged=0
1	BSMPT_BOUNCE_CERT	path_deformation	T=172.92	best_relative_error=0.971317	iterations=21	converged_without_1d=0
1	BSMPT_BOUNCE_CERT	path_check	T=172.92	max_relative_error=1.00002	max_force=546.7	max_gradient=553.042	max_perpendicular_gradient=546.681	max_dldrho=30.7081	spline_length=23.7417	converged=0
1	BSMPT_BOUNCE_CERT	path_check	T=172.925	max_relative_error=1.0001	max_force=51.5728	max_gradient=110.147	max_perpendicular_gradient=51.5636	max_dldrho=30.3905	spline_length=23.3029	converged=0
1	BSMPT_BOUNCE_CERT	path_deformation	T=172.925	best_relative_error=0.468185	iterations=21	converged_without_1d=0
1	BSMPT_BOUNCE_CERT	path_check	T=172.925	max_relative_error=0.999957	max_force=105.172	max_gradient=138.62	max_perpendicular_gradient=105.178	max_dldrho=30.3904	spline_length=23.6177	converged=0
1	BSMPT_BOUNCE_CERT	path_deformation	T=172.925	best_relative_error=0.758701	iterations=21	converged_without_1d=0
1	BSMPT_BOUNCE_CERT	path_check	T=172.925	max_relative_error=1.00005	max_force=152.241	max_gradient=174.262	max_perpendicular_gradient=152.23	max_dldrho=30.3907	spline_length=23.6175	converged=0
1	BSMPT_BOUNCE_CERT	path_deformation	T=172.925	best_relative_error=0.844626	iterations=21	converged_without_1d=0
1	BSMPT_BOUNCE_CERT	path_check	T=172.925	max_relative_error=1.00001	max_force=1244.38	max_gradient=1246.6	max_perpendicular_gradient=1244.36	max_dldrho=30.3909	spline_length=23.6173	converged=0
1	BSMPT_BOUNCE_CERT	path_deformation	T=172.925	best_relative_error=0.991388	iterations=21	converged_without_1d=0
1	BSMPT_BOUNCE_CERT	path_check	T=172.925	max_relative_error=1.00001	max_force=1621.7	max_gradient=1623.4	max_perpendicular_gradient=1621.68	max_dldrho=30.4235	spline_length=23.6202	converged=0
1	BSMPT_BOUNCE_CERT	path_deformation	T=172.925	best_relative_error=0.972832	iterations=21	converged_without_1d=0
1	BSMPT_BOUNCE_CERT	path_check	T=172.925	max_relative_error=1	max_force=488.879	max_gradient=494.764	max_perpendicular_gradient=488.877	max_dldrho=30.4466	spline_length=23.6219	converged=0
1	BSMPT_BOUNCE_CERT	path_deformation	T=172.925	best_relative_error=0.442631	iterations=21	converged_without_1d=0
1	BSMPT_BOUNCE_CERT	path_check	T=172.925	max_relative_error=1.00003	max_force=418.125	max_gradient=425.05	max_perpendicular_gradient=418.109	max_dldrho=30.3955	spline_length=23.6179	converged=0
1	BSMPT_BOUNCE_CERT	path_check	T=172.929	max_relative_error=1.00009	max_force=59.8953	max_gradient=107.085	max_perpendicular_gradient=59.8862	max_dldrho=30.0653	spline_length=23.0473	converged=0
1	BSMPT_BOUNCE_CERT	path_deformation	T=172.929	best_relative_error=0.559667	iterations=21	converged_without_1d=0
1	BSMPT_BOUNCE_CERT	path_check	T=172.929	max_relative_error=0.999966	max_force=125.403	max_gradient=148.449	max_perpendicular_gradient=125.409	max_dldrho=30.0654	spline_length=23.4413	converged=0
1	BSMPT_BOUNCE_CERT	path_deformation	T=172.929	best_relative_error=0.844872	iterations=21	converged_without_1d=0
1	BSMPT_BOUNCE_CERT	path_check	T=172.929	max_relative_error=1.00005	max_force=159.084	max_gradient=176.258	max_perpendicular_gradient=159.073	max_dldrho=30.0655	spline_length=23.4409	converged=0
1	BSMPT_BOUNCE_CERT	path_deformation	T=172.929	best_relative_error=0.859401	iterations=21	converged_without_1d=0
1	BSMPT_BOUNCE_CERT	path_check	T=172.929	max_relative_error=1.00001	max_force=1221.82	max_gradient=1223.64	max_perpendicular_gradient=1221.8	max_dldrho=30.0657	spline_length=23.4404	converged=0
1	BSMPT_BOUNCE_CERT	path_deformation	T=172.929	best_relative_error=0.993502	iterations=21	converged_without_1d=0
1	BSMPT_BOUNCE_CERT	path_check	T=172.929	max_relative_error=1.00001	max_force=1676.09	max_gradient=1677.41	max_perpendicular_gradient=1676.07	max_dldrho=30.0973	spline_length=23.4428	converged=0
1	BSMPT_BOUNCE_CERT	path_deformation	T=172.929	best_relative_error=0.968355	iterations=21	converged_without_1d=0
1	BSMPT_BOUNCE_CERT	path_check	T=172.929	max_relative_error=0.999998	max_force=370.43	max_gradient=376.856	max_perpendicular_gradient=370.431	max_dldrho=30.1254	spline_length=23.4439	converged=0
1	BSMPT_BOUNCE_CERT	path_deformation	T=172.929	best_relative_error=0.0449877	iterations=0	converged_without_1d=1
1	BSMPT_BOUNCE_CERT	path_check	T=172.933	max_relative_error=1.00009	max_force=75.2072	max_gradient=108.797	max_perpendicular_gradient=75.1979	max_dldrho=29.6761	spline_length=23.1708	converged=0
1	BSMPT_BOUNCE_CERT	path_deformation	T=172.933	best_relative_error=0.691331	iterations=21	converged_without_1d=0
1	BSMPT_BOUNCE_CERT	path_check	T=172.933	max_relative_error=0.999977	max_force=154.88	max_gradient=169.02	max_perpendicular_gradient=154.884	max_dldrho=29.6761	spline_length=23.2133	converged=0
1	BSMPT_BOUNCE_CERT	path_deformation	T=172.933	best_relative_error=0.905841	iterations=21	converged_without_1d=0
1	BSMPT_BOUNCE_CERT	path_check	T=172.933	max_relative_error=1.00002	max_force=1331.78	max_gradient=1333.08	max_perpendicular_gradient=1331.75	max_dldrho=29.6768	spline_length=23.215	converged=0
1	BSMPT_BOUNCE_CERT	path_deformation	T=172.933	best_relative_error=0.993164	iterations=21	converged_without_1d=0
1	BSMPT_BOUNCE_CERT	path_check	T=172.933	max_relative_error=1.00002	max_force=1163.19	max_gradient=1164.7	max_perpendicular_gradient=1163.16	max_dldrho=29.7145	spline_length=23.2161	converged=0
1	BSMPT_BOUNCE_CERT	path_deformation	T=172.933	best_relative_error=0.995147	iterations=21	converged_without_1d=0
1	BSMPT_BOUNCE_CERT	path_check	T=172.933	max_relative_error=1	max_force=594.584	max_gradient=597.627	max_perpendicular_gradient=594.579	max_dldrho=29.7051	spline_length=23.2135	converged=0
1	BSMPT_BOUNCE_CERT	path_deformation	T=172.933	best_relative_error=0.848837	iterations=21	converged_without_1d=0
1	BSMPT_BOUNCE_CERT	path_check	T=172.933	max_relative_error=1.00002	max_force=600.598	max_gradient=603.594	max_perpendicular_gradient=600.578	max_dldrho=29.6838	spline_length=23.2151	converged=0
1	BSMPT_BOUNCE_CERT	path_deformation	T=172.933	best_relative_error=0.859581	iterations=21	converged_without_1d=0
1	BSMPT_BOUNCE_CERT	path_check	T=172.933	max_relative_error=1	max_force=606.537	max_gradient=609.503	max_perpendicular_gradient=606.532	max_dldrho=29.6837	spline_length=23.2126	converged=0
1	BSMPT_BOUNCE_CERT	path_check	T=172.937	max_relative_error=1.00007	max_force=83.448	max_gradient=108.358	max_perpendicular_gradient=83.439	max_dldrho=29.2158	spline_length=22.8902	converged=0
1	BSMPT_BOUNCE_CERT	path_deformation	T=172.937	best_relative_error=0.771587	iterations=21	converged_without_1d=0
1	BSMPT_BOUNCE_CERT	path_check	T=172.937	max_relative_error=0.999979	max_force=169.914	max_gradient=179.352	max_perpendicular_gradient=169.918	max_dldrho=29.2159	spline_length=22.9417	converged=0
1	BSMPT_BOUNCE_CERT	path_deformation	T=172.937	best_relative_error=0.883319	iterations=21	converged_without_1d=0
1	BSMPT_BOUNCE_CERT	path_check	T=172.937	max_relative_error=1.00002	max_force=1153.49	max_gradient=1154.61	max_perpendicular_gradient=1153.46	max_dldrho=29.2209	spline_length=22.9503	converged=0
1	BSMPT_BOUNCE_CERT	path_deformation	T=172.937	best_relative_error=0.996166	iterations=21	converged_without_1d=0
1	BSMPT_BOUNCE_CERT	path_check	T=172.937	max_relative_error=1.00002	max_force=1866.64	max_gradient=1867.31	max_perpendicular_gradient=1866.6	max_dldrho=29.2495	spline_length=22.9506	converged=0
1	BSMPT_BOUNCE_CERT	path_deformation	T=172.937	best_relative_error=0.780494	iterations=21	converged_without_1d=0
1	BSMPT_BOUNCE_CERT	path_check	T=172.937	max_relative_error=1.00001	max_force=1166.29	max_gradient=1167.46	max_perpendicular_gradient=1166.28	max_dldrho=29.3018	spline_length=22.9528	converged=0
1	BSMPT_BOUNCE_CERT	path_deformation	T=172.937	best_relative_error=0.996105	iterations=21	converged_without_1d=0
1	BSMPT_BOUNCE_CERT	path_check	T=172.937	max_relative_error=1.00001	max_force=1798.91	max_gradient=1799.65	max_perpendicular_gradient=1798.88	max_dldrho=29.2498	spline_length=22.9506	converged=0
1	BSMPT_BOUNCE_CERT	path_deformation	T=172.937	best_relative_error=0.921446	iterations=21	converged_without_1d=0
1	BSMPT_BOUNCE_CERT	path_check	T=172.937	max_relative_error=0.999975	max_force=153.795	max_gradient=165.36	max_perpendicular_gradient=153.799	max_dldrho=29.2905	spline_length=22.9513	converged=0
1	BSMPT_BOUNCE_CERT	path_check	T=172.942	max_relative_error=1.00019	max_force=29.4178	max_gradient=76.2831	max_perpendicular_gradient=29.4103	max_dldrho=28.6934	spline_length=22.6609	converged=0
1	BSMPT_BOUNCE_CERT	path_deformation	T=172.942	best_relative_error=0.38543	iterations=21	converged_without_1d=0
1	BSMPT_BOUNCE_CERT	path_check	T=172.942	max_relative_error=0.999956	max_force=96.0803	max_gradient=111.752	max_perpendicular_gradient=96.0852	max_dldrho=28.6934	spline_length=22.6603	converged=0
1	BSMPT_BOUNCE_CERT	path_deformation	T=172.942	best_relative_error=0.859672	iterations=21	converged_without_1d=0
1	BSMPT_BOUNCE_CERT	path_check	T=172.942	max_relative_error=1.00005	max_force=183.773	max_gradient=189.743	max_perpendicular_gradient=183.762	max_dldrho=28.6936	spline_length=22.6602	converged=0
1	BSMPT_BOUNCE_CERT	path_deformation	T=172.942	best_relative_error=0.853481	iterations=21	converged_without_1d=0
1	BSMPT_BOUNCE_CERT	path_check	T=172.942	max_relative_error=1.00001	max_force=990.908	max_gradient=991.822	max_perpendicular_gradient=990.894	max_dldrho=28.6941	spline_length=22.66	converged=0
1	BSMPT_BOUNCE_CERT	path_deformation	T=172.942	best_relative_error=0.995134	iterations=21	converged_without_1d=0
1	BSMPT_BOUNCE_CERT	path_check	T=172.942	max_relative_error=1.00002	max_force=643.83	max_gradient=645.261	max_perpendicular_gradient=643.809	max_dldrho=28.7155	spline_length=22.6603	converged=0
1	BSMPT_BOUNCE_CERT	path_deformation	T=172.942	best_relative_error=0.955076	iterations=21	converged_without_1d=0
1	BSMPT_BOUNCE_CERT	path_check	T=172.942	max_relative_error=1.00001	max_force=640.888	max_gradient=642.341	max_perpendicular_gradient=640.882	max_dldrho=28.7027	spline_length=22.6603	converged=0
1	BSMPT_BOUNCE_CERT	path_deformation	T=172.942	best_relative_error=0.95364	iterations=21	converged_without_1d=0
1	BSMPT_BOUNCE_CERT	path_check	T=172.942	max_relative_error=1.00002	max_force=639.222	max_gradient=640.664	max_perpendicular_gradient=639.202	max_dldrho=28.7026	spline_length=22.6603	converged=0
1	BSMPT_BOUNCE_CERT	path_check	T=172.946	max_relative_error=1.00015	max_force=39.5332	max_gradient=72.3607	max_perpendicular_gradient=39.526	max_dldrho=28.0179	spline_length=22.3181	converged=0
1	BSMPT_BOUNCE_CERT	path_deformation	T=172.946	best_relative_error=0.546436	iterations=21	converged_without_1d=0
1	BSMPT_BOUNCE_CERT	path_check	T=172.946	max_relative_error=0.999974	max_force=135.674	max_gradient=141.952	max_perpendicular_gradient=135.678	max_dldrho=28.0179	spline_length=22.3181	converged=0
1	BSMPT_BOUNCE_CERT	path_deformation	T=172.946	best_relative_error=0.956026	iterations=21	converged_without_1d=0
1	BSMPT_BOUNCE_CERT	path_check	T=172.946	max_relative_error=1.00005	max_force=170.828	max_gradient=175.26	max_perpendicular_gradient=170.818	max_dldrho=28.0183	spline_length=22.3181	converged=0
1	BSMPT_BOUNCE_CERT	path_deformation	T=172.946	best_relative_error=0.936637	iterations=21	converged_without_1d=0
1	BSMPT_BOUNCE_CERT	path_check	T=172.946	max_relative_error=1.00001	max_force=1159.48	max_gradient=1160	max_perpendicular_gradient=1159.46	max_dldrho=28.0185	spline_length=22.318	converged=0
1	BSMPT_BOUNCE_CERT	path_deformation	T=172.946	best_relative_error=0.997882	iterations=21	converged_without_1d=0
1	BSMPT_BOUNCE_CERT	path_check	T=172.946	max_relative_error=1.00001	max_force=1629.08	max_gradient=1629.43	max_perpendicular_gradient=1629.05	max_dldrho=28.0489	spline_length=22.3186	converged=0
1	BSMPT_BOUNCE_CERT	path_deformation	T=172.946	best_relative_error=0.987607	iterations=21	converged_without_1d=0
1	BSMPT_BOUNCE_CERT	path_check	T=172.946	max_relative_error=0.999997	max_force=303.384	max_gradient=305.618	max_perpendicular_gradient=303.385	max_dldrho=28.079	spline_length=22.3189	converged=0
1	BSMPT_BOUNCE_CERT	path_deformation	T=172.946	best_relative_error=0.0113925	iterations=0	converged_without_1d=1
1	BSMPT_BOUNCE_CERT	path_check	T=172.947	max_relative_error=1.00032	max_force=18.2623	max_gradient=65.6519	max_perpendicular_gradient=18.2554	max_dldrho=27.9455	spline_length=22.2833	converged=0
1	BSMPT_BOUNCE_CERT	path_deformation	T=172.947	best_relative_error=0.278237	iterations=21	converged_without_1d=0
1	BSMPT_BOUNCE_CERT	path_check	T=172.947	max_relative_error=0.999934	max_force=70.8214	max_gradient=88.5697	max_perpendicular_gradient=70.8263	max_dldrho=27.9455	spline_length=22.2833	converged=0
1	BSMPT_BOUNCE_CERT	path_deformation	T=172.947	best_relative_error=0.799824	iterations=21	converged_without_1d=0
1	BSMPT_BOUNCE_CERT	path_check	T=172.947	max_relative_error=1.00004	max_force=185.198	max_gradient=189.509	max_perpendicular_gradient=185.187	max_dldrho=27.9456	spline_length=22.2832	converged=0
1	BSMPT_BOUNCE_CERT	path_deformation	T=172.947	best_relative_error=0.872006	iterations=21	converged_without_1d=0
1	BSMPT_BOUNCE_CERT	path_check	T=172.947	max_relative_error=1.00001	max_force=955.784	max_gradient=956.501	max_perpendicular_gradient=955.769	max_dldrho=27.9462	spline_length=22.2829	converged=0
1	BSMPT_BOUNCE_CERT	path_deformation	T=172.947	best_relative_error=0.996037	iterations=21	converged_without_1d=0
1	BSMPT_BOUNCE_CERT	path_check	T=172.947	max_relative_error=1.00002	max_force=640.313	max_gradient=641.398	max_perpendicular_gradient=640.292	max_dldrho=27.9658	spline_length=22.2814	converged=0
1	BSMPT_BOUNCE_CERT	path_deformation	T=172.947	best_relative_error=0.968187	iterations=21	converged_without_1d=0
1	BSMPT_BOUNCE_CERT	path_check	T=172.947	max_relative_error=1	max_force=635.291	max_gradient=636.396	max_perpendicular_gradient=635.283	max_dldrho=27.9546	spline_length=22.2821	converged=0
1	BSMPT_BOUNCE_CERT	path_deformation	T=172.947	best_relative_error=0.966466	iterations=21	converged_without_1d=0
1	BSMPT_BOUNCE_CERT	path_check	T=172.947	max_relative_error=1.00002	max_force=632.616	max_gradient=633.712	max_perpendicular_gradient=632.594	max_dldrho=27.9544	spline_length=22.2818	converged=0
1	BSMPT_BOUNCE_CERT	path_check	T=172.947	max_relative_error=1.00028	max_force=22.1798	max_gradient=65.6442	max_perpendicular_gradient=22.1729	max_dldrho=27.872	spline_length=22.2483	converged=0
1	BSMPT_BOUNCE_CERT	path_deformation	T=172.947	best_relative_error=0.340297	iterations=21	converged_without_1d=0
1	BSMPT_BOUNCE_CERT	path_check	T=172.947	max_relative_error=0.999951	max_force=86.4237	max_gradient=98.5273	max_perpendicular_gradient=86.4282	max_dldrho=27.872	spline_length=22.2481	converged=0
1	BSMPT_BOUNCE_CERT	path_deformation	T=172.947	best_relative_error=0.877321	iterations=21	converged_without_1d=0
1	BSMPT_BOUNCE_CERT	path_check	T=172.947	max_relative_error=1.00004	max_force=193.931	max_gradient=197.36	max_perpendicular_gradient=193.92	max_dldrho=27.8721	spline_length=22.2481	converged=0
1	BSMPT_BOUNCE_CERT	path_deformation	T=172.947	best_relative_error=0.828381	iterations=21	converged_without_1d=0
1	BSMPT_BOUNCE_CERT	path_check	T=172.947	max_relative_error=1.00001	max_force=860.202	max_gradient=860.867	max_perpendicular_gradient=860.19	max_dldrho=27.8728	spline_length=22.2481	converged=0
1	BSMPT_BOUNCE_CERT	path_deformation	T=172.947	best_relative_error=0.99486	iterations=21	converged_without_1d=0
1	BSMPT_BOUNCE_CERT	path_check	T=172.947	max_relative_error=1.00002	max_force=662.567	max_gradient=663.436	max_perpendicular_gradient=662.547	max_dldrho=27.889	spline_length=22.2476	converged=0
1	BSMPT_BOUNCE_CERT	path_deformation	T=172.947	best_relative_error=0.978702	iterations=21	converged_without_1d=0
1	BSMPT_BOUNCE_CERT	path_check	T=172.947	max_relative_error=1	max_force=646.095	max_gradient=647.003	max_perpendicular_gradient=646.087	max_dldrho=27.8821	spline_length=22.2479	converged=0
1	BSMPT_BOUNCE_CERT	path_deformation	T=172.947	best_relative_error=0.975015	iterations=21	converged_without_1d=0
1	BSMPT_BOUNCE_CERT	path_check	T=172.947	max_relative_error=1.00002	max_force=638.735	max_gradient=639.641	max_perpendicular_gradient=638.715	max_dldrho=27.8816	spline_length=22.2478	converged=0
1	BSMPT_BOUNCE_CERT	path_check	T=172.948	max_relative_error=1.00026	max_force=23.2164	max_gradient=65.1473	max_perpendicular_gradient=23.2095	max_dldrho=27.7974	spline_length=22.213	converged=0
1	BSMPT_BOUNCE_CERT	path_deformation	T=172.948	best_relative_error=0.358824	iterations=21	converged_without_1d=0
1	BSMPT_BOUNCE_CERT	path_check	T=172.948	max_relative_error=0.999953	max_force=91.1188	max_gradient=101.783	max_perpendicular_gradient=91.1232	max_dldrho=27.7974	spline_length=22.2128	converged=0
1	BSMPT_BOUNCE_CERT	path_deformation	T=172.948	best_relative_error=0.89534	iterations=21	converged_without_1d=0
1	BSMPT_BOUNCE_CERT	path_check	T=172.948	max_relative_error=1.00004	max_force=194.525	max_gradient=197.791	max_perpendicular_gradient=194.514	max_dldrho=27.7976	spline_length=22.2128	converged=0
1	BSMPT_BOUNCE_CERT	path_deformation	T=172.948	best_relative_error=0.827357	iterations=21	converged_without_1d=0
1	BSMPT_BOUNCE_CERT	path_check	T=172.948	max_relative_error=1.00001	max_force=852.15	max_gradient=852.789	max_perpendicular_gradient=852.138	max_dldrho=27.7983	spline_length=22.2124	converged=0
1	BSMPT_BOUNCE_CERT	path_deformation	T=172.948	best_relative_error=0.994908	iterations=21	converged_without_1d=0
1	BSMPT_BOUNCE_CERT	path_check	T=172.948	max_relative_error=1.00002	max_force=662.655	max_gradient=663.481	max_perpendicular_gradient=662.635	max_dldrho=27.8142	spline_length=22.2126	converged=0
1	BSMPT_BOUNCE_CERT	path_deformation	T=172.948	best_relative_error=0.979786	iterations=21	converged_without_1d=0
1	BSMPT_BOUNCE_CERT	path_check	T=172.948	max_relative_error=1	max_force=645.692	max_gradient=646.555	max_perpendicular_gradient=645.685	max_dldrho=27.8076	spline_length=22.2123	converged=0
1	BSMPT_BOUNCE_CERT	path_deformation	T=172.948	best_relative_error=0.976166	iterations=21	converged_without_1d=0
1	BSMPT_BOUNCE_CERT	path_check	T=172.948	max_relative_error=1.00002	max_force=638.178	max_gradient=639.041	max_perpendicular_gradient=638.158	max_dldrho=27.8071	spline_length=22.2123	converged=0
1	BSMPT_BOUNCE_CERT	path_check	T=172.932	max_relative_error=1.00009	max_force=72.4416	max_gradient=109.19	max_perpendicular_gradient=72.4323	max_dldrho=29.8131	spline_length=23.2623	converged=0
1	BSMPT_BOUNCE_CERT	path_deformation	T=172.932	best_relative_error=0.663355	iterations=21	converged_without_1d=0
1	BSMPT_BOUNCE_CERT	path_check	T=172.932	max_relative_error=0.999974	max_force=149.217	max_gradient=165.27	max_perpendicular_gradient=149.222	max_dldrho=29.8132	spline_length=23.2943	converged=0
1	BSMPT_BOUNCE_CERT	path_deformation	T=172.932	best_relative_error=0.903083	iterations=21	converged_without_1d=0
1	BSMPT_BOUNCE_CERT	path_check	T=172.932	max_relative_error=1.00005	max_force=152.99	max_gradient=168.57	max_perpendicular_gradient=152.979	max_dldrho=29.8137	spline_length=23.2952	converged=0
1	BSMPT_BOUNCE_CERT	path_deformation	T=172.932	best_relative_error=0.902136	iterations=21	converged_without_1d=0
1	BSMPT_BOUNCE_CERT	path_check	T=172.932	max_relative_error=1.00001	max_force=1344.37	max_gradient=1345.78	max_perpendicular_gradient=1344.35	max_dldrho=29.8135	spline_length=23.2934	converged=0
1	BSMPT_BOUNCE_CERT	path_deformation	T=172.932	best_relative_error=0.992367	iterations=21	converged_without_1d=0
1	BSMPT_BOUNCE_CERT	path_check	T=172.932	max_relative_error=1.00001	max_force=1138.66	max_gradient=1140.35	max_perpendicular_gradient=1138.65	max_dldrho=29.852	spline_length=23.2966	converged=0
1	BSMPT_BOUNCE_CERT	path_deformation	T=172.932	best_relative_error=0.994286	iterations=21	converged_without_1d=0
1	BSMPT_BOUNCE_CERT	path_check	T=172.932	max_relative_error=1.00002	max_force=610.415	max_gradient=613.625	max_perpendicular_gradient=610.395	max_dldrho=29.8409	spline_length=23.296	converged=0
1	BSMPT_BOUNCE_CERT	path_deformation	T=172.932	best_relative_error=0.86331	iterations=21	converged_without_1d=0
1	BSMPT_BOUNCE_CERT	path_check	T=172.932	max_relative_error=1	max_force=614.33	max_gradient=617.529	max_perpendicular_gradient=614.325	max_dldrho=29.8211	spline_length=23.2954	converged=0
1	BSMPT_BOUNCE_CERT	path_check	T=172.935	max_relative_error=1.00008	max_force=77.9459	max_gradient=108.516	max_perpendicular_gradient=77.9367	max_dldrho=29.5323	spline_length=23.0788	converged=0
1	BSMPT_BOUNCE_CERT	path_deformation	T=172.935	best_relative_error=0.71839	iterations=21	converged_without_1d=0
1	BSMPT_BOUNCE_CERT	path_check	T=172.935	max_relative_error=0.999979	max_force=160.231	max_gradient=172.776	max_perpendicular_gradient=160.236	max_dldrho=29.5323	spline_length=23.1304	converged=0
1	BSMPT_BOUNCE_CERT	path_deformation	T=172.935	best_relative_error=0.897469	iterations=21	converged_without_1d=0
1	BSMPT_BOUNCE_CERT	path_check	T=172.935	max_relative_error=1.00002	max_force=1264.55	max_gradient=1265.82	max_perpendicular_gradient=1264.52	max_dldrho=29.532	spline_length=23.1273	converged=0
1	BSMPT_BOUNCE_CERT	path_deformation	T=172.935	best_relative_error=0.994505	iterations=21	converged_without_1d=0
1	BSMPT_BOUNCE_CERT	path_check	T=172.935	max_relative_error=1.00002	max_force=1395.5	max_gradient=1396.65	max_perpendicular_gradient=1395.47	max_dldrho=29.5664	spline_length=23.1309	converged=0
1	BSMPT_BOUNCE_CERT	path_deformation	T=172.935	best_relative_error=0.992148	iterations=21	converged_without_1d=0
1	BSMPT_BOUNCE_CERT	path_check	T=172.935	max_relative_error=1.00002	max_force=937.597	max_gradient=939.344	max_perpendicular_gradient=937.57	max_dldrho=29.5733	spline_length=23.1263	converged=0
1	BSMPT_BOUNCE_CERT	path_deformation	T=172.935	best_relative_error=0.989136	iterations=21	converged_without_1d=0
1	BSMPT_BOUNCE_CERT	path_check	T=172.935	max_relative_error=1.00001	max_force=677.304	max_gradient=679.766	max_perpendicular_gradient=677.297	max_dldrho=29.5504	spline_length=23.1275	converged=0
1	BSMPT_BOUNCE_CERT	path_deformation	T=172.935	best_relative_error=0.941212	iterations=21	converged_without_1d=0
1	BSMPT_BOUNCE_CERT	path_check	T=172.935	max_relative_error=1.00002	max_force=659.952	max_gradient=662.467	max_perpendicular_gradient=659.931	max_dldrho=29.5417	spline_length=23.1304	converged=0
1	BSMPT_BOUNCE_CERT	path_check	T=172.937	max_relative_error=1.00007	max_force=83.448	max_gradient=108.358	max_perpendicular_gradient=83.439	max_dldrho=29.2158	spline_length=22.8902	converged=0
1	BSMPT_BOUNCE_CERT	path_deformation	T=172.937	best_relative_error=0.771587	iterations=21	converged_without_1d=0
1	BSMPT_BOUNCE_CERT	path_check	T=172.937	max_relative_error=0.999979	max_force=169.914	max_gradient=179.352	max_perpendicular_gradient=169.918	max_dldrho=29.2159	spline_length=22.9417	converged=0
1	BSMPT_BOUNCE_CERT	path_deformation	T=172.937	best_relative_error=0.883319	iterations=21	converged_without_1d=0
1	BSMPT_BOUNCE_CERT	path_check	T=172.937	max_relative_error=1.00002	max_force=1153.49	max_gradient=1154.61	max_perpendicular_gradient=1153.46	max_dldrho=29.2209	spline_length=22.9503	converged=0
1	BSMPT_BOUNCE_CERT	path_deformation	T=172.937	best_relative_error=0.996166	iterations=21	converged_without_1d=0
1	BSMPT_BOUNCE_CERT	path_check	T=172.937	max_relative_error=1.00002	max_force=1866.64	max_gradient=1867.31	max_perpendicular_gradient=1866.6	max_dldrho=29.2495	spline_length=22.9506	converged=0
1	BSMPT_BOUNCE_CERT	path_deformation	T=172.937	best_relative_error=0.780494	iterations=21	converged_without_1d=0
1	BSMPT_BOUNCE_CERT	path_check	T=172.937	max_relative_error=1.00001	max_force=1166.29	max_gradient=1167.46	max_perpendicular_gradient=1166.28	max_dldrho=29.3018	spline_length=22.9528	converged=0
1	BSMPT_BOUNCE_CERT	path_deformation	T=172.937	best_relative_error=0.996105	iterations=21	converged_without_1d=0
1	BSMPT_BOUNCE_CERT	path_check	T=172.937	max_relative_error=1.00001	max_force=1798.91	max_gradient=1799.65	max_perpendicular_gradient=1798.88	max_dldrho=29.2498	spline_length=22.9506	converged=0
1	BSMPT_BOUNCE_CERT	path_deformation	T=172.937	best_relative_error=0.921446	iterations=21	converged_without_1d=0
1	BSMPT_BOUNCE_CERT	path_check	T=172.937	max_relative_error=0.999975	max_force=153.795	max_gradient=165.36	max_perpendicular_gradient=153.799	max_dldrho=29.2905	spline_length=22.9513	converged=0
1	BSMPT_BOUNCE_CERT	path_check	T=172.94	max_relative_error=1.00016	max_force=26.3865	max_gradient=77.7579	max_perpendicular_gradient=26.3789	max_dldrho=28.8773	spline_length=22.7606	converged=0
1	BSMPT_BOUNCE_CERT	path_deformation	T=172.94	best_relative_error=0.339134	iterations=21	converged_without_1d=0
1	BSMPT_BOUNCE_CERT	path_check	T=172.94	max_relative_error=0.999946	max_force=84.5286	max_gradient=104.942	max_perpendicular_gradient=84.5338	max_dldrho=28.8772	spline_length=22.7591	converged=0
1	BSMPT_BOUNCE_CERT	path_deformation	T=172.94	best_relative_error=0.805339	iterations=21	converged_without_1d=0
1	BSMPT_BOUNCE_CERT	path_check	T=172.94	max_relative_error=1.00005	max_force=178.79	max_gradient=185.666	max_perpendicular_gradient=178.78	max_dldrho=28.8774	spline_length=22.7591	converged=0
1	BSMPT_BOUNCE_CERT	path_deformation	T=172.94	best_relative_error=0.870672	iterations=21	converged_without_1d=0
1	BSMPT_BOUNCE_CERT	path_check	T=172.94	max_relative_error=1.00001	max_force=1053.54	max_gradient=1054.49	max_perpendicular_gradient=1053.53	max_dldrho=28.878	spline_length=22.7589	converged=0
1	BSMPT_BOUNCE_CERT	path_deformation	T=172.94	best_relative_error=0.995695	iterations=21	converged_without_1d=0
1	BSMPT_BOUNCE_CERT	path_check	T=172.94	max_relative_error=1.00002	max_force=624.078	max_gradient=625.721	max_perpendicular_gradient=624.058	max_dldrho=28.9021	spline_length=22.7592	converged=0
1	BSMPT_BOUNCE_CERT	path_deformation	T=172.94	best_relative_error=0.93705	iterations=21	converged_without_1d=0
1	BSMPT_BOUNCE_CERT	path_check	T=172.94	max_relative_error=1.00001	max_force=629.015	max_gradient=630.658	max_perpendicular_gradient=629.009	max_dldrho=28.886	spline_length=22.7591	converged=0
1	BSMPT_BOUNCE_CERT	path_deformation	T=172.94	best_relative_error=0.940779	iterations=21	converged_without_1d=0
1	BSMPT_BOUNCE_CERT	path_check	T=172.94	max_relative_error=1.00002	max_force=632.305	max_gradient=633.926	max_perpendicular_gradient=632.284	max_dldrho=28.8861	spline_length=22.7589	converged=0
1	BSMPT_BOUNCE_CERT	path_check	T=172.943	max_relative_error=1.00021	max_force=32.4499	max_gradient=74.9396	max_perpendicular_gradient=32.4424	max_dldrho=28.501	spline_length=22.5599	converged=0
1	BSMPT_BOUNCE_CERT	path_deformation	T=172.943	best_relative_error=0.432871	iterations=21	converged_without_1d=0
1	BSMPT_BOUNCE_CERT	path_check	T=172.943	max_relative_error=0.999964	max_force=107.86	max_gradient=119.766	max_perpendicular_gradient=107.865	max_dldrho=28.501	spline_length=22.5595	converged=0
1	BSMPT_BOUNCE_CERT	path_deformation	T=172.943	best_relative_error=0.900482	iterations=21	converged_without_1d=0
1	BSMPT_BOUNCE_CERT	path_check	T=172.943	max_relative_error=1.00005	max_force=183.996	max_gradient=189.328	max_perpendicular_gradient=183.986	max_dldrho=28.5012	spline_length=22.5595	converged=0
1	BSMPT_BOUNCE_CERT	path_deformation	T=172.943	best_relative_error=0.861555	iterations=21	converged_without_1d=0
1	BSMPT_BOUNCE_CERT	path_check	T=172.943	max_relative_error=1.00001	max_force=987.454	max_gradient=988.279	max_perpendicular_gradient=987.441	max_dldrho=28.5017	spline_length=22.5594	converged=0
1	BSMPT_BOUNCE_CERT	path_deformation	T=172.943	best_relative_error=0.995627	iterations=21	converged_without_1d=0
1	BSMPT_BOUNCE_CERT	path_check	T=172.943	max_relative_error=1.00002	max_force=640.835	max_gradient=642.121	max_perpendicular_gradient=640.816	max_dldrho=28.5231	spline_length=22.5598	converged=0
1	BSMPT_BOUNCE_CERT	path_deformation	T=172.943	best_relative_error=0.958991	iterations=21	converged_without_1d=0
1	BSMPT_BOUNCE_CERT	path_check	T=172.943	max_relative_error=1.00001	max_force=638.587	max_gradient=639.89	max_perpendicular_gradient=638.581	max_dldrho=28.5103	spline_length=22.5596	converged=0
1	BSMPT_BOUNCE_CERT	path_deformation	T=172.943	best_relative_error=0.957957	iterations=21	converged_without_1d=0
1	BSMPT_BOUNCE_CERT	path_check	T=172.943	max_relative_error=1.00002	max_force=637.308	max_gradient=638.602	max_perpendicular_gradient=637.288	max_dldrho=28.5102	spline_length=22.5596	converged=0
1	BSMPT_BOUNCE_CERT	path_check	T=172.947	max_relative_error=1.00032	max_force=18.2623	max_gradient=65.6519	max_perpendicular_gradient=18.2554	max_dldrho=27.9455	spline_length=22.2833	converged=0
1	BSMPT_BOUNCE_CERT	path_deformation	T=172.947	best_relative_error=0.278237	iterations=21	converged_without_1d=0
1	BSMPT_BOUNCE_CERT	path_check	T=172.947	max_relative_error=0.999934	max_force=70.8214	max_gradient=88.5697	max_perpendicular_gradient=70.8263	max_dldrho=27.9455	spline_length=22.2833	converged=0
1	BSMPT_BOUNCE_CERT	path_deformation	T=172.947	best_relative_error=0.799824	iterations=21	converged_without_1d=0
1	BSMPT_BOUNCE_CERT	path_check	T=172.947	max_relative_error=1.00004	max_force=185.198	max_gradient=189.509	max_perpendicular_gradient=185.187	max_dldrho=27.9456	spline_length=22.2832	converged=0
1	BSMPT_BOUNCE_CERT	path_deformation	T=172.947	best_relative_error=0.872006	iterations=21	converged_without_1d=0
1	BSMPT_BOUNCE_CERT	path_check	T=172.947	max_relative_error=1.00001	max_force=955.784	max_gradient=956.501	max_perpendicular_gradient=955.769	max_dldrho=27.9462	spline_length=22.2829	converged=0
1	BSMPT_BOUNCE_CERT	path_deformation	T=172.947	best_relative_error=0.996037	iterations=21	converged_without_1d=0
1	BSMPT_BOUNCE_CERT	path_check	T=172.947	max_relative_error=1.00002	max_force=640.313	max_gradient=641.398	max_perpendicular_gradient=640.292	max_dldrho=27.9658	spline_length=22.2814	converged=0
1	BSMPT_BOUNCE_CERT	path_deformation	T=172.947	best_relative_error=0.968187	iterations=21	converged_without_1d=0
1	BSMPT_BOUNCE_CERT	path_check	T=172.947	max_relative_error=1	max_force=635.291	max_gradient=636.396	max_perpendicular_gradient=635.283	max_dldrho=27.9546	spline_length=22.2821	converged=0
1	BSMPT_BOUNCE_CERT	path_deformation	T=172.947	best_relative_error=0.966466	iterations=21	converged_without_1d=0
1	BSMPT_BOUNCE_CERT	path_check	T=172.947	max_relative_error=1.00002	max_force=632.616	max_gradient=633.712	max_perpendicular_gradient=632.594	max_dldrho=27.9544	spline_length=22.2818	converged=0
1	BSMPT_BOUNCE_CERT	path_check	T=172.947	max_relative_error=1.00028	max_force=22.1798	max_gradient=65.6442	max_perpendicular_gradient=22.1729	max_dldrho=27.872	spline_length=22.2483	converged=0
1	BSMPT_BOUNCE_CERT	path_deformation	T=172.947	best_relative_error=0.340297	iterations=21	converged_without_1d=0
1	BSMPT_BOUNCE_CERT	path_check	T=172.947	max_relative_error=0.999951	max_force=86.4237	max_gradient=98.5273	max_perpendicular_gradient=86.4282	max_dldrho=27.872	spline_length=22.2481	converged=0
1	BSMPT_BOUNCE_CERT	path_deformation	T=172.947	best_relative_error=0.877321	iterations=21	converged_without_1d=0
1	BSMPT_BOUNCE_CERT	path_check	T=172.947	max_relative_error=1.00004	max_force=193.931	max_gradient=197.36	max_perpendicular_gradient=193.92	max_dldrho=27.8721	spline_length=22.2481	converged=0
1	BSMPT_BOUNCE_CERT	path_deformation	T=172.947	best_relative_error=0.828381	iterations=21	converged_without_1d=0
1	BSMPT_BOUNCE_CERT	path_check	T=172.947	max_relative_error=1.00001	max_force=860.202	max_gradient=860.867	max_perpendicular_gradient=860.19	max_dldrho=27.8728	spline_length=22.2481	converged=0
1	BSMPT_BOUNCE_CERT	path_deformation	T=172.947	best_relative_error=0.99486	iterations=21	converged_without_1d=0
1	BSMPT_BOUNCE_CERT	path_check	T=172.947	max_relative_error=1.00002	max_force=662.567	max_gradient=663.436	max_perpendicular_gradient=662.547	max_dldrho=27.889	spline_length=22.2476	converged=0
1	BSMPT_BOUNCE_CERT	path_deformation	T=172.947	best_relative_error=0.978702	iterations=21	converged_without_1d=0
1	BSMPT_BOUNCE_CERT	path_check	T=172.947	max_relative_error=1	max_force=646.095	max_gradient=647.003	max_perpendicular_gradient=646.087	max_dldrho=27.8821	spline_length=22.2479	converged=0
1	BSMPT_BOUNCE_CERT	path_deformation	T=172.947	best_relative_error=0.975015	iterations=21	converged_without_1d=0
1	BSMPT_BOUNCE_CERT	path_check	T=172.947	max_relative_error=1.00002	max_force=638.735	max_gradient=639.641	max_perpendicular_gradient=638.715	max_dldrho=27.8816	spline_length=22.2478	converged=0
1	BSMPT_BOUNCE_CERT	path_check	T=172.948	max_relative_error=1.00026	max_force=23.2164	max_gradient=65.1473	max_perpendicular_gradient=23.2095	max_dldrho=27.7974	spline_length=22.213	converged=0
1	BSMPT_BOUNCE_CERT	path_deformation	T=172.948	best_relative_error=0.358824	iterations=21	converged_without_1d=0
1	BSMPT_BOUNCE_CERT	path_check	T=172.948	max_relative_error=0.999953	max_force=91.1188	max_gradient=101.783	max_perpendicular_gradient=91.1232	max_dldrho=27.7974	spline_length=22.2128	converged=0
1	BSMPT_BOUNCE_CERT	path_deformation	T=172.948	best_relative_error=0.89534	iterations=21	converged_without_1d=0
1	BSMPT_BOUNCE_CERT	path_check	T=172.948	max_relative_error=1.00004	max_force=194.525	max_gradient=197.791	max_perpendicular_gradient=194.514	max_dldrho=27.7976	spline_length=22.2128	converged=0
1	BSMPT_BOUNCE_CERT	path_deformation	T=172.948	best_relative_error=0.827357	iterations=21	converged_without_1d=0
1	BSMPT_BOUNCE_CERT	path_check	T=172.948	max_relative_error=1.00001	max_force=852.15	max_gradient=852.789	max_perpendicular_gradient=852.138	max_dldrho=27.7983	spline_length=22.2124	converged=0
1	BSMPT_BOUNCE_CERT	path_deformation	T=172.948	best_relative_error=0.994908	iterations=21	converged_without_1d=0
1	BSMPT_BOUNCE_CERT	path_check	T=172.948	max_relative_error=1.00002	max_force=662.655	max_gradient=663.481	max_perpendicular_gradient=662.635	max_dldrho=27.8142	spline_length=22.2126	converged=0
1	BSMPT_BOUNCE_CERT	path_deformation	T=172.948	best_relative_error=0.979786	iterations=21	converged_without_1d=0
1	BSMPT_BOUNCE_CERT	path_check	T=172.948	max_relative_error=1	max_force=645.692	max_gradient=646.555	max_perpendicular_gradient=645.685	max_dldrho=27.8076	spline_length=22.2123	converged=0
1	BSMPT_BOUNCE_CERT	path_deformation	T=172.948	best_relative_error=0.976166	iterations=21	converged_without_1d=0
1	BSMPT_BOUNCE_CERT	path_check	T=172.948	max_relative_error=1.00002	max_force=638.178	max_gradient=639.041	max_perpendicular_gradient=638.158	max_dldrho=27.8071	spline_length=22.2123	converged=0
1	BSMPT_BOUNCE_CERT	path_check	T=172.937	max_relative_error=1.00007	max_force=83.448	max_gradient=108.358	max_perpendicular_gradient=83.439	max_dldrho=29.2158	spline_length=22.8902	converged=0
1	BSMPT_BOUNCE_CERT	path_deformation	T=172.937	best_relative_error=0.771587	iterations=21	converged_without_1d=0
1	BSMPT_BOUNCE_CERT	path_check	T=172.937	max_relative_error=0.999979	max_force=169.914	max_gradient=179.352	max_perpendicular_gradient=169.918	max_dldrho=29.2159	spline_length=22.9417	converged=0
1	BSMPT_BOUNCE_CERT	path_deformation	T=172.937	best_relative_error=0.883319	iterations=21	converged_without_1d=0
1	BSMPT_BOUNCE_CERT	path_check	T=172.937	max_relative_error=1.00002	max_force=1153.49	max_gradient=1154.61	max_perpendicular_gradient=1153.46	max_dldrho=29.2209	spline_length=22.9503	converged=0
1	BSMPT_BOUNCE_CERT	path_deformation	T=172.937	best_relative_error=0.996166	iterations=21	converged_without_1d=0
1	BSMPT_BOUNCE_CERT	path_check	T=172.937	max_relative_error=1.00002	max_force=1866.64	max_gradient=1867.31	max_perpendicular_gradient=1866.6	max_dldrho=29.2495	spline_length=22.9506	converged=0
1	BSMPT_BOUNCE_CERT	path_deformation	T=172.937	best_relative_error=0.780494	iterations=21	converged_without_1d=0
1	BSMPT_BOUNCE_CERT	path_check	T=172.937	max_relative_error=1.00001	max_force=1166.29	max_gradient=1167.46	max_perpendicular_gradient=1166.28	max_dldrho=29.3018	spline_length=22.9528	converged=0
1	BSMPT_BOUNCE_CERT	path_deformation	T=172.937	best_relative_error=0.996105	iterations=21	converged_without_1d=0
1	BSMPT_BOUNCE_CERT	path_check	T=172.937	max_relative_error=1.00001	max_force=1798.91	max_gradient=1799.65	max_perpendicular_gradient=1798.88	max_dldrho=29.2498	spline_length=22.9506	converged=0
1	BSMPT_BOUNCE_CERT	path_deformation	T=172.937	best_relative_error=0.921446	iterations=21	converged_without_1d=0
1	BSMPT_BOUNCE_CERT	path_check	T=172.937	max_relative_error=0.999975	max_force=153.795	max_gradient=165.36	max_perpendicular_gradient=153.799	max_dldrho=29.2905	spline_length=22.9513	converged=0
1	BSMPT_BOUNCE_CERT	path_check	T=172.937	max_relative_error=1.00007	max_force=83.448	max_gradient=108.358	max_perpendicular_gradient=83.439	max_dldrho=29.2158	spline_length=22.8902	converged=0
1	BSMPT_BOUNCE_CERT	path_deformation	T=172.937	best_relative_error=0.771587	iterations=21	converged_without_1d=0
1	BSMPT_BOUNCE_CERT	path_check	T=172.937	max_relative_error=0.999979	max_force=169.914	max_gradient=179.352	max_perpendicular_gradient=169.918	max_dldrho=29.2159	spline_length=22.9417	converged=0
1	BSMPT_BOUNCE_CERT	path_deformation	T=172.937	best_relative_error=0.883319	iterations=21	converged_without_1d=0
1	BSMPT_BOUNCE_CERT	path_check	T=172.937	max_relative_error=1.00002	max_force=1153.49	max_gradient=1154.61	max_perpendicular_gradient=1153.46	max_dldrho=29.2209	spline_length=22.9503	converged=0
1	BSMPT_BOUNCE_CERT	path_deformation	T=172.937	best_relative_error=0.996166	iterations=21	converged_without_1d=0
1	BSMPT_BOUNCE_CERT	path_check	T=172.937	max_relative_error=1.00002	max_force=1866.64	max_gradient=1867.31	max_perpendicular_gradient=1866.6	max_dldrho=29.2495	spline_length=22.9506	converged=0
1	BSMPT_BOUNCE_CERT	path_deformation	T=172.937	best_relative_error=0.780494	iterations=21	converged_without_1d=0
1	BSMPT_BOUNCE_CERT	path_check	T=172.937	max_relative_error=1.00001	max_force=1166.29	max_gradient=1167.46	max_perpendicular_gradient=1166.28	max_dldrho=29.3018	spline_length=22.9528	converged=0
1	BSMPT_BOUNCE_CERT	path_deformation	T=172.937	best_relative_error=0.996105	iterations=21	converged_without_1d=0
1	BSMPT_BOUNCE_CERT	path_check	T=172.937	max_relative_error=1.00001	max_force=1798.91	max_gradient=1799.65	max_perpendicular_gradient=1798.88	max_dldrho=29.2498	spline_length=22.9506	converged=0
1	BSMPT_BOUNCE_CERT	path_deformation	T=172.937	best_relative_error=0.921446	iterations=21	converged_without_1d=0
1	BSMPT_BOUNCE_CERT	path_check	T=172.937	max_relative_error=0.999975	max_force=153.795	max_gradient=165.36	max_perpendicular_gradient=153.799	max_dldrho=29.2905	spline_length=22.9513	converged=0
2	BSMPT_BOUNCE_CERT	path_check	T=172.962	max_relative_error=1	max_force=343.36	max_gradient=345.404	max_perpendicular_gradient=343.36	max_dldrho=28.0907	spline_length=22.3437	converged=0
2	BSMPT_BOUNCE_CERT	path_deformation	T=172.962	best_relative_error=0.0262587	iterations=0	converged_without_1d=1
2	BSMPT_BOUNCE_CERT	path_check	T=172.952	max_relative_error=1.00031	max_force=17.4134	max_gradient=82.918	max_perpendicular_gradient=17.4048	max_dldrho=29.3787	spline_length=23.048	converged=0
2	BSMPT_BOUNCE_CERT	path_deformation	T=172.952	best_relative_error=0.210287	iterations=21	converged_without_1d=0
2	BSMPT_BOUNCE_CERT	path_check	T=172.952	max_relative_error=0.999901	max_force=52.1904	max_gradient=92.6537	max_perpendicular_gradient=52.1966	max_dldrho=29.3787	spline_length=23.0404	converged=0
2	BSMPT_BOUNCE_CERT	path_deformation	T=172.952	best_relative_error=0.563533	iterations=21	converged_without_1d=0
2	BSMPT_BOUNCE_CERT	path_check	T=172.952	max_relative_error=1.00005	max_force=134.313	max_gradient=147.914	max_perpendicular_gradient=134.303	max_dldrho=29.3779	spline_length=23.0401	converged=0
2	BSMPT_BOUNCE_CERT	path_deformation	T=172.952	best_relative_error=0.908225	iterations=21	converged_without_1d=0
2	BSMPT_BOUNCE_CERT	path_check	T=172.952	max_relative_error=0.999981	max_force=166.26	max_gradient=176.405	max_perpendicular_gradient=166.263	max_dldrho=29.378	spline_length=23.0385	converged=0
2	BSMPT_BOUNCE_CERT	path_deformation	T=172.952	best_relative_error=0.897023	iterations=21	converged_without_1d=0
2	BSMPT_BOUNCE_CERT	path_check	T=172.952	max_relative_error=1.00002	max_force=1210.17	max_gradient=1211.29	max_perpendicular_gradient=1210.14	max_dldrho=29.3784	spline_length=23.0399	converged=0
2	BSMPT_BOUNCE_CERT	path_deformation	T=172.952	best_relative_error=0.995422	iterations=21	converged_without_1d=0
2	BSMPT_BOUNCE_CERT	path_check	T=172.952	max_relative_error=1.00002	max_force=1610.29	max_gradient=1611.12	max_perpendicular_gradient=1610.24	max_dldrho=29.4105	spline_length=23.04	converged=0
2	BSMPT_BOUNCE_CERT	path_deformation	T=172.952	best_relative_error=0.983524	iterations=21	converged_without_1d=0
2	BSMPT_BOUNCE_CERT	path_check	T=172.952	max_relative_error=1.00003	max_force=426.683	max_gradient=430.078	max_perpendicular_gradient=426.665	max_dldrho=29.434	spline_length=23.0312	converged=0
2	BSMPT_BOUNCE_CERT	path_check	T=172.942	max_relative_error=1	max_force=408.297	max_gradient=414.63	max_perpendicular_gradient=408.297	max_dldrho=30.2899	spline_length=23.6729	converged=0
2	BSMPT_BOUNCE_CERT	path_deformation	T=172.942	best_relative_error=0.133745	iterations=21	converged_without_1d=0
2	BSMPT_BOUNCE_CERT	path_check	T=172.942	max_relative_error=1.00004	max_force=177.59	max_gradient=194.334	max_perpendicular_gradient=177.579	max_dldrho=30.2899	spline_length=23.5626	converged=0
2	BSMPT_BOUNCE_CERT	path_deformation	T=172.942	best_relative_error=0.742438	iterations=21	converged_without_1d=0
2	BSMPT_BOUNCE_CERT	path_check	T=172.942	max_relative_error=1.00001	max_force=963.149	max_gradient=965.722	max_perpendicular_gradient=963.138	max_dldrho=30.287	spline_length=23.5628	converged=0
2	BSMPT_BOUNCE_CERT	path_deformation	T=172.942	best_relative_error=0.984821	iterations=21	converged_without_1d=0
2	BSMPT_BOUNCE_CERT	path_check	T=172.942	max_relative_error=1.00002	max_force=685.978	max_gradient=689.614	max_perpendicular_gradient=685.957	max_dldrho=30.3065	spline_length=23.5642	converged=0
2	BSMPT_BOUNCE_CERT	path_deformation	T=172.942	best_relative_error=0.91414	iterations=21	converged_without_1d=0
2	BSMPT_BOUNCE_CERT	path_check	T=172.942	max_relative_error=1.00001	max_force=665.755	max_gradient=669.518	max_perpendicular_gradient=665.75	max_dldrho=30.2965	spline_length=23.5632	converged=0
2	BSMPT_BOUNCE_CERT	path_deformation	T=172.942	best_relative_error=0.89751	iterations=21	converged_without_1d=0
2	BSMPT_BOUNCE_CERT	path_check	T=172.942	max_relative_error=1.00002	max_force=654.07	max_gradient=657.881	max_perpendicular_gradient=654.049	max_dldrho=30.2959	spline_length=23.5635	converged=0
2	BSMPT_BOUNCE_CERT	path_deformation	T=172.942	best_relative_error=0.885568	iterations=21	converged_without_1d=0
2	BSMPT_BOUNCE_CERT	path_check	T=172.942	max_relative_error=1.00001	max_force=646.47	max_gradient=650.336	max_perpendicular_gradient=646.466	max_dldrho=30.2956	spline_length=23.563	converged=0
2	BSMPT_BOUNCE_CERT	path_check	T=172.932	max_relative_error=1	max_force=439.147	max_gradient=448.189	max_perpendicular_gradient=439.147	max_dldrho=30.8567	spline_length=24.2553	converged=0
2	BSMPT_BOUNCE_CERT	path_deformation	T=172.932	best_relative_error=0.187267	iterations=21	converged_without_1d=0
2	BSMPT_BOUNCE_CERT	path_check	T=172.932	max_relative_error=1.00004	max_force=240.206	max_gradient=257.863	max_perpendicular_gradient=240.194	max_dldrho=30.8568	spline_length=23.788	converged=0
2	BSMPT_BOUNCE_CERT	path_deformation	T=172.932	best_relative_error=0.217806	iterations=21	converged_without_1d=0
2	BSMPT_BOUNCE_CERT	path_check	T=172.932	max_relative_error=0.999995	max_force=298.225	max_gradient=312.145	max_perpendicular_gradient=298.228	max_dldrho=30.8537	spline_length=23.7876	converged=0
2	BSMPT_BOUNCE_CERT	path_deformation	T=172.932	best_relative_error=0.0232977	iterations=0	converged_without_1d=1
2	BSMPT_BOUNCE_CERT	path_check	T=172.964	max_relative_error=1.00014	max_force=43.6515	max_gradient=71.3531	max_perpendicular_gradient=43.6438	max_dldrho=27.7196	spline_length=22.1742	converged=0
2	BSMPT_BOUNCE_CERT	path_deformation	T=172.964	best_relative_error=0.612798	iterations=21	converged_without_1d=0
2	BSMPT_BOUNCE_CERT	path_check	T=172.964	max_relative_error=0.999979	max_force=151.474	max_gradient=155.916	max_perpendicular_gradient=151.477	max_dldrho=27.7196	spline_length=22.1753	converged=0
2	BSMPT_BOUNCE_CERT	path_deformation	T=172.964	best_relative_error=0.971403	iterations=21	converged_without_1d=0
2	BSMPT_BOUNCE_CERT	path_check	T=172.964	max_relative_error=1.00005	max_force=157.968	max_gradient=162.149	max_perpendicular_gradient=157.958	max_dldrho=27.7201	spline_length=22.1749	converged=0
2	BSMPT_BOUNCE_CERT	path_deformation	T=172.964	best_relative_error=0.968884	iterations=21	converged_without_1d=0
2	BSMPT_BOUNCE_CERT	path_check	T=172.964	max_relative_error=1.00001	max_force=1345.44	max_gradient=1345.81	max_perpendicular_gradient=1345.42	max_dldrho=27.7201	spline_length=22.1751	converged=0
2	BSMPT_BOUNCE_CERT	path_deformation	T=172.964	best_relative_error=0.99711	iterations=21	converged_without_1d=0
2	BSMPT_BOUNCE_CERT	path_check	T=172.964	max_relative_error=1.00001	max_force=881.254	max_gradient=881.843	max_perpendicular_gradient=881.243	max_dldrho=27.7618	spline_length=22.1759	converged=0
2	BSMPT_BOUNCE_CERT	path_deformation	T=172.964	best_relative_error=0.99581	iterations=21	converged_without_1d=0
2	BSMPT_BOUNCE_CERT	path_check	T=172.964	max_relative_error=1.00002	max_force=656.028	max_gradient=656.823	max_perpendicular_gradient=656.009	max_dldrho=27.7376	spline_length=22.1756	converged=0
2	BSMPT_BOUNCE_CERT	path_deformation	T=172.964	best_relative_error=0.979429	iterations=21	converged_without_1d=0
2	BSMPT_BOUNCE_CERT	path_check	T=172.964	max_relative_error=1.00001	max_force=642.413	max_gradient=643.239	max_perpendicular_gradient=642.407	max_dldrho=27.7296	spline_length=22.1755	converged=0
2	BSMPT_BOUNCE_CERT	path_check	T=172.964	max_relative_error=1	max_force=335.274	max_gradient=336.933	max_perpendicular_gradient=335.274	max_dldrho=27.7222	spline_length=22.1668	converged=0
2	BSMPT_BOUNCE_CERT	path_deformation	T=172.964	best_relative_error=0.0164311	iterations=0	converged_without_1d=1
2	BSMPT_BOUNCE_CERT	path_check	T=172.937	max_relative_error=1.00012	max_force=44.5888	max_gradient=114.512	max_perpendicular_gradient=44.5795	max_dldrho=30.6506	spline_length=23.5481	converged=0
2	BSMPT_BOUNCE_CERT	path_deformation	T=172.937	best_relative_error=0.389497	iterations=21	converged_without_1d=0
2	BSMPT_BOUNCE_CERT	path_check	T=172.937	max_relative_error=0.999947	max_force=87.1696	max_gradient=133.137	max_perpendicular_gradient=87.1761	max_dldrho=30.6506	spline_length=23.7329	converged=0
2	BSMPT_BOUNCE_CERT	path_deformation	T=172.937	best_relative_error=0.654577	iterations=21	converged_without_1d=0
2	BSMPT_BOUNCE_CERT	path_check	T=172.937	max_relative_error=1.00005	max_force=136.077	max_gradient=165.776	max_perpendicular_gradient=136.066	max_dldrho=30.6507	spline_length=23.7329	converged=0
2	BSMPT_BOUNCE_CERT	path_deformation	T=172.937	best_relative_error=0.820486	iterations=21	converged_without_1d=0
2	BSMPT_BOUNCE_CERT	path_check	T=172.937	max_relative_error=0.999973	max_force=143.757	max_gradient=171.736	max_perpendicular_gradient=143.763	max_dldrho=30.6509	spline_length=23.733	converged=0
2	BSMPT_BOUNCE_CERT	path_deformation	T=172.937	best_relative_error=0.827879	iterations=21	converged_without_1d=0
2	BSMPT_BOUNCE_CERT	path_check	T=172.937	max_relative_error=1.00002	max_force=1259.33	max_gradient=1261.99	max_perpendicular_gradient=1259.3	max_dldrho=30.651	spline_length=23.7328	converged=0
2	BSMPT_BOUNCE_CERT	path_deformation	T=172.937	best_relative_error=0.989129	iterations=21	converged_without_1d=0
2	BSMPT_BOUNCE_CERT	path_check	T=172.937	max_relative_error=1.00002	max_force=1582.09	max_gradient=1584.19	max_perpendicular_gradient=1582.05	max_dldrho=30.6844	spline_length=23.7369	converged=0
2	BSMPT_BOUNCE_CERT	path_deformation	T=172.937	best_relative_error=0.973479	iterations=21	converged_without_1d=0
2	BSMPT_BOUNCE_CERT	path_check	T=172.937	max_relative_error=1.00002	max_force=583.139	max_gradient=589.075	max_perpendicular_gradient=583.118	max_dldrho=30.7039	spline_length=23.7391	converged=0
2	BSMPT_BOUNCE_CERT	path_check	T=172.941	max_relative_error=1.0001	max_force=52.9312	max_gradient=110.69	max_perpendicular_gradient=52.9219	max_dldrho=30.3877	spline_length=23.3002	converged=0
2	BSMPT_BOUNCE_CERT	path_deformation	T=172.941	best_relative_error=0.478592	iterations=21	converged_without_1d=0
2	BSMPT_BOUNCE_CERT	path_check	T=172.941	max_relative_error=0.999958	max_force=107.216	max_gradient=139.985	max_perpendicular_gradient=107.222	max_dldrho=30.3876	spline_length=23.6155	converged=0
2	BSMPT_BOUNCE_CERT	path_deformation	T=172.941	best_relative_error=0.766021	iterations=21	converged_without_1d=0
2	BSMPT_BOUNCE_CERT	path_check	T=172.941	max_relative_error=1.00005	max_force=152.649	max_gradient=174.584	max_perpendicular_gradient=152.638	max_dldrho=30.3879	spline_length=23.6156	converged=0
2	BSMPT_BOUNCE_CERT	path_deformation	T=172.941	best_relative_error=0.843193	iterations=21	converged_without_1d=0
2	BSMPT_BOUNCE_CERT	path_check	T=172.941	max_relative_error=1.00001	max_force=1239.06	max_gradient=1241.29	max_perpendicular_gradient=1239.04	max_dldrho=30.3882	spline_length=23.6152	converged=0
2	BSMPT_BOUNCE_CERT	path_deformation	T=172.941	best_relative_error=0.991453	iterations=21	converged_without_1d=0
2	BSMPT_BOUNCE_CERT	path_check	T=172.941	max_relative_error=1.00001	max_force=1645.57	max_gradient=1647.24	max_perpendicular_gradient=1645.55	max_dldrho=30.4205	spline_length=23.6179	converged=0
2	BSMPT_BOUNCE_CERT	path_deformation	T=172.941	best_relative_error=0.96952	iterations=21	converged_without_1d=0
2	BSMPT_BOUNCE_CERT	path_check	T=172.941	max_relative_error=1	max_force=445.216	max_gradient=451.728	max_perpendicular_gradient=445.215	max_dldrho=30.4454	spline_length=23.6195	converged=0
2	BSMPT_BOUNCE_CERT	path_deformation	T=172.941	best_relative_error=0.267248	iterations=21	converged_without_1d=0
2	BSMPT_BOUNCE_CERT	path_check	T=172.941	max_relative_error=1.00003	max_force=300.821	max_gradient=310.753	max_perpendicular_gradient=300.807	max_dldrho=30.3919	spline_length=23.6159	converged=0
2	BSMPT_BOUNCE_CERT	path_check	T=172.945	max_relative_error=1.00009	max_force=61.2371	max_gradient=107.729	max_perpendicular_gradient=61.2281	max_dldrho=30.0627	spline_length=23.0447	converged=0
2	BSMPT_BOUNCE_CERT	path_deformation	T=172.945	best_relative_error=0.569132	iterations=21	converged_without_1d=0
2	BSMPT_BOUNCE_CERT	path_check	T=172.945	max_relative_error=0.999967	max_force=127.103	max_gradient=149.765	max_perpendicular_gradient=127.109	max_dldrho=30.0628	spline_length=23.4393	converged=0
2	BSMPT_BOUNCE_CERT	path_deformation	T=172.945	best_relative_error=0.848942	iterations=21	converged_without_1d=0
2	BSMPT_BOUNCE_CERT	path_check	T=172.945	max_relative_error=1.00005	max_force=158.728	max_gradient=175.941	max_perpendicular_gradient=158.717	max_dldrho=30.063	spline_length=23.4388	converged=0
2	BSMPT_BOUNCE_CERT	path_deformation	T=172.945	best_relative_error=0.860771	iterations=21	converged_without_1d=0
2	BSMPT_BOUNCE_CERT	path_check	T=172.945	max_relative_error=1.00001	max_force=1226.5	max_gradient=1228.31	max_perpendicular_gradient=1226.48	max_dldrho=30.0632	spline_length=23.4383	converged=0
2	BSMPT_BOUNCE_CERT	path_deformation	T=172.945	best_relative_error=0.993414	iterations=21	converged_without_1d=0
2	BSMPT_BOUNCE_CERT	path_check	T=172.945	max_relative_error=1.00001	max_force=1653.31	max_gradient=1654.65	max_perpendicular_gradient=1653.29	max_dldrho=30.0949	spline_length=23.4402	converged=0
2	BSMPT_BOUNCE_CERT	path_deformation	T=172.945	best_relative_error=0.972091	iterations=21	converged_without_1d=0
2	BSMPT_BOUNCE_CERT	path_check	T=172.945	max_relative_error=0.999999	max_force=407.53	max_gradient=413.328	max_perpendicular_gradient=407.53	max_dldrho=30.1211	spline_length=23.4405	converged=0
2	BSMPT_BOUNCE_CERT	path_deformation	T=172.945	best_relative_error=0.148892	iterations=21	converged_without_1d=0
2	BSMPT_BOUNCE_CERT	path_check	T=172.945	max_relative_error=1.00004	max_force=191.091	max_gradient=204.779	max_perpendicular_gradient=191.079	max_dldrho=30.0662	spline_length=23.4395	converged=0
2	BSMPT_BOUNCE_CERT	path_check	T=172.949	max_relative_error=1.00042	max_force=11.3966	max_gradient=86.8452	max_perpendicular_gradient=11.3879	max_dldrho=29.6739	spline_length=23.2345	converged=0
2	BSMPT_BOUNCE_CERT	path_deformation	T=172.949	best_relative_error=0.131523	iterations=21	converged_without_1d=0
2	BSMPT_BOUNCE_CERT	path_check	T=172.949	max_relative_error=0.999845	max_force=32.4892	max_gradient=90.3542	max_perpendicular_gradient=32.4959	max_dldrho=29.674	spline_length=23.2131	converged=0
2	BSMPT_BOUNCE_CERT	path_deformation	T=172.949	best_relative_error=0.359622	iterations=21	converged_without_1d=0
2	BSMPT_BOUNCE_CERT	path_check	T=172.949	max_relative_error=1.00008	max_force=87.4585	max_gradient=114.806	max_perpendicular_gradient=87.4491	max_dldrho=29.6738	spline_length=23.2117	converged=0
2	BSMPT_BOUNCE_CERT	path_deformation	T=172.949	best_relative_error=0.76228	iterations=21	converged_without_1d=0
2	BSMPT_BOUNCE_CERT	path_check	T=172.949	max_relative_error=0.999982	max_force=166.64	max_gradient=178.393	max_perpendicular_gradient=166.643	max_dldrho=29.6741	spline_length=23.2131	converged=0
2	BSMPT_BOUNCE_CERT	path_deformation	T=172.949	best_relative_error=0.880457	iterations=21	converged_without_1d=0
2	BSMPT_BOUNCE_CERT	path_check	T=172.949	max_relative_error=1.00002	max_force=1194.07	max_gradient=1195.4	max_perpendicular_gradient=1194.03	max_dldrho=29.6747	spline_length=23.2132	converged=0
2	BSMPT_BOUNCE_CERT	path_deformation	T=172.949	best_relative_error=0.994887	iterations=21	converged_without_1d=0
2	BSMPT_BOUNCE_CERT	path_check	T=172.949	max_relative_error=1.00002	max_force=1741.63	max_gradient=1742.52	max_perpendicular_gradient=1741.58	max_dldrho=29.705	spline_length=23.2068	converged=0
2	BSMPT_BOUNCE_CERT	path_deformation	T=172.949	best_relative_error=0.958409	iterations=21	converged_without_1d=0
2	BSMPT_BOUNCE_CERT	path_check	T=172.949	max_relative_error=1.00004	max_force=247.306	max_gradient=254.667	max_perpendicular_gradient=247.292	max_dldrho=29.7401	spline_length=23.2019	converged=0
2	BSMPT_BOUNCE_CERT	path_check	T=172.954	max_relative_error=1.00021	max_force=20.4112	max_gradient=81.1009	max_perpendicular_gradient=20.4026	max_dldrho=29.2183	spline_length=22.9533	converged=0
2	BSMPT_BOUNCE_CERT	path_deformation	T=172.954	best_relative_error=0.251994	iterations=21	converged_without_1d=0
2	BSMPT_BOUNCE_CERT	path_check	T=172.954	max_relative_error=0.999918	max_force=62.6556	max_gradient=95.5073	max_perpendicular_gradient=62.6614	max_dldrho=29.2183	spline_length=22.9485	converged=0
2	BSMPT_BOUNCE_CERT	path_deformation	T=172.954	best_relative_error=0.656189	iterations=21	converged_without_1d=0
2	BSMPT_BOUNCE_CERT	path_check	T=172.954	max_relative_error=1.00005	max_force=153.66	max_gradient=164.027	max_perpendicular_gradient=153.65	max_dldrho=29.2184	spline_length=22.9485	converged=0
2	BSMPT_BOUNCE_CERT	path_deformation	T=172.954	best_relative_error=0.937094	iterations=21	converged_without_1d=0
2	BSMPT_BOUNCE_CERT	path_check	T=172.954	max_relative_error=0.999977	max_force=155.287	max_gradient=165.543	max_perpendicular_gradient=155.291	max_dldrho=29.2188	spline_length=22.9482	converged=0
2	BSMPT_BOUNCE_CERT	path_deformation	T=172.954	best_relative_error=0.935776	iterations=21	converged_without_1d=0
2	BSMPT_BOUNCE_CERT	path_check	T=172.954	max_relative_error=1.00002	max_force=1379.58	max_gradient=1380.47	max_perpendicular_gradient=1379.55	max_dldrho=29.2188	spline_length=22.9485	converged=0
2	BSMPT_BOUNCE_CERT	path_deformation	T=172.954	best_relative_error=0.993611	iterations=21	converged_without_1d=0
2	BSMPT_BOUNCE_CERT	path_check	T=172.954	max_relative_error=1.00002	max_force=946.602	max_gradient=947.931	max_perpendicular_gradient=946.574	max_dldrho=29.2605	spline_length=22.9481	converged=0
2	BSMPT_BOUNCE_CERT	path_deformation	T=172.954	best_relative_error=0.991945	iterations=21	converged_without_1d=0
2	BSMPT_BOUNCE_CERT	path_check	T=172.954	max_relative_error=1.00001	max_force=668.651	max_gradient=670.583	max_perpendicular_gradient=668.644	max_dldrho=29.2382	spline_length=22.9482	converged=0
2	BSMPT_BOUNCE_CERT	path_check	T=172.958	max_relative_error=1.00018	max_force=29.4807	max_gradient=76.3295	max_perpendicular_gradient=29.4723	max_dldrho=28.6918	spline_length=22.6592	converged=0
2	BSMPT_BOUNCE_CERT	path_deformation	T=172.958	best_relative_error=0.386605	iterations=21	converged_without_1d=0
2	BSMPT_BOUNCE_CERT	path_check	T=172.958	max_relative_error=0.999955	max_force=96.3228	max_gradient=112.007	max_perpendicular_gradient=96.3276	max_dldrho=28.6918	spline_length=22.6587	converged=0
2	BSMPT_BOUNCE_CERT	path_deformation	T=172.958	best_relative_error=0.859928	iterations=21	converged_without_1d=0
2	BSMPT_BOUNCE_CERT	path_check	T=172.958	max_relative_error=1.00004	max_force=183.571	max_gradient=189.644	max_perpendicular_gradient=183.56	max_dldrho=28.692	spline_length=22.6587	converged=0
2	BSMPT_BOUNCE_CERT	path_deformation	T=172.958	best_relative_error=0.853246	iterations=21	converged_without_1d=0
2	BSMPT_BOUNCE_CERT	path_check	T=172.958	max_relative_error=1.00001	max_force=990.981	max_gradient=991.912	max_perpendicular_gradient=990.967	max_dldrho=28.6925	spline_length=22.6586	converged=0
2	BSMPT_BOUNCE_CERT	path_deformation	T=172.958	best_relative_error=0.995135	iterations=21	converged_without_1d=0
2	BSMPT_BOUNCE_CERT	path_check	T=172.958	max_relative_error=1.00002	max_force=643.663	max_gradient=645.122	max_perpendicular_gradient=643.643	max_dldrho=28.7139	spline_length=22.6589	converged=0
2	BSMPT_BOUNCE_CERT	path_deformation	T=172.958	best_relative_error=0.95454	iterations=21	converged_without_1d=0
2	BSMPT_BOUNCE_CERT	path_check	T=172.958	max_relative_error=1.00001	max_force=640.757	max_gradient=642.237	max_perpendicular_gradient=640.751	max_dldrho=28.7011	spline_length=22.6586	converged=0
2	BSMPT_BOUNCE_CERT	path_deformation	T=172.958	best_relative_error=0.953118	iterations=21	converged_without_1d=0
2	BSMPT_BOUNCE_CERT	path_check	T=172.958	max_relative_error=1.00002	max_force=639.091	max_gradient=640.558	max_perpendicular_gradient=639.071	max_dldrho=28.701	spline_length=22.6588	converged=0
2	BSMPT_BOUNCE_CERT	path_check	T=172.962	max_relative_error=1.00015	max_force=39.597	max_gradient=72.4168	max_perpendicular_gradient=39.5889	max_dldrho=28.0165	spline_length=22.3164	converged=0
2	BSMPT_BOUNCE_CERT	path_deformation	T=172.962	best_relative_error=0.547504	iterations=21	converged_without_1d=0
2	BSMPT_BOUNCE_CERT	path_check	T=172.962	max_relative_error=0.999974	max_force=135.862	max_gradient=142.196	max_perpendicular_gradient=135.866	max_dldrho=28.0165	spline_length=22.3166	converged=0
2	BSMPT_BOUNCE_CERT	path_deformation	T=172.962	best_relative_error=0.955729	iterations=21	converged_without_1d=0
2	BSMPT_BOUNCE_CERT	path_check	T=172.962	max_relative_error=1.00005	max_force=170.519	max_gradient=175.024	max_perpendicular_gradient=170.509	max_dldrho=28.0168	spline_length=22.3166	converged=0
2	BSMPT_BOUNCE_CERT	path_deformation	T=172.962	best_relative_error=0.93669	iterations=21	converged_without_1d=0
2	BSMPT_BOUNCE_CERT	path_check	T=172.962	max_relative_error=1.00001	max_force=1161.91	max_gradient=1162.43	max_perpendicular_gradient=1161.89	max_dldrho=28.0171	spline_length=22.3166	converged=0
2	BSMPT_BOUNCE_CERT	path_deformation	T=172.962	best_relative_error=0.997868	iterations=21	converged_without_1d=0
2	BSMPT_BOUNCE_CERT	path_check	T=172.962	max_relative_error=1.00001	max_force=1616.38	max_gradient=1616.75	max_perpendicular_gradient=1616.35	max_dldrho=28.0475	spline_length=22.3167	converged=0
2	BSMPT_BOUNCE_CERT	path_deformation	T=172.962	best_relative_error=0.988526	iterations=21	converged_without_1d=0
2	BSMPT_BOUNCE_CERT	path_check	T=172.962	max_relative_error=0.999997	max_force=322.133	max_gradient=324.251	max_perpendicular_gradient=322.133	max_dldrho=28.0766	spline_length=22.3173	converged=0
2	BSMPT_BOUNCE_CERT	path_deformation	T=172.962	best_relative_error=0.00138097	iterations=0	converged_without_1d=1
2	BSMPT_BOUNCE_CERT	path_check	T=172.963	max_relative_error=1.0017	max_force=2.09899	max_gradient=63.9669	max_perpendicular_gradient=2.09077	max_dldrho=27.9438	spline_length=22.2816	converged=0
2	BSMPT_BOUNCE_CERT	path_deformation	T=172.963	best_relative_error=0.0334039	iterations=0	converged_without_1d=1
2	BSMPT_BOUNCE_CERT	path_check	T=172.963	max_relative_error=0.999204	max_force=7.72754	max_gradient=63.4144	max_perpendicular_gradient=7.72754	max_dldrho=27.8701	spline_length=22.2463	converged=0
2	BSMPT_BOUNCE_CERT	path_deformation	T=172.963	best_relative_error=0.139572	iterations=21	converged_without_1d=0
2	BSMPT_BOUNCE_CERT	path_check	T=172.963	max_relative_error=1.00018	max_force=32.4988	max_gradient=66.7863	max_perpendicular_gradient=32.4988	max_dldrho=27.8701	spline_length=22.2463	converged=0
2	BSMPT_BOUNCE_CERT	path_deformation	T=172.963	best_relative_error=0.550612	iterations=21	converged_without_1d=0
2	BSMPT_BOUNCE_CERT	path_check	T=172.963	max_relative_error=0.99996	max_force=127.019	max_gradient=127.024	max_perpendicular_gradient=127.019	max_dldrho=27.8701	spline_length=22.246	converged=0
2	BSMPT_BOUNCE_CERT	path_deformation	T=172.963	best_relative_error=0.924939	iterations=21	converged_without_1d=0
2	BSMPT_BOUNCE_CERT	path_check	T=172.964	max_relative_error=1.00026	max_force=23.3984	max_gradient=65.1734	max_perpendicular_gradient=23.3916	max_dldrho=27.7954	spline_length=22.2117	converged=0
2	BSMPT_BOUNCE_CERT	path_deformation	T=172.964	best_relative_error=0.359063	iterations=21	converged_without_1d=0
2	BSMPT_BOUNCE_CERT	path_check	T=172.964	max_relative_error=0.999956	max_force=91.1853	max_gradient=101.818	max_perpendicular_gradient=91.1897	max_dldrho=27.7954	spline_length=22.2108	converged=0
2	BSMPT_BOUNCE_CERT	path_deformation	T=172.964	best_relative_error=0.895251	iterations=21	converged_without_1d=0
2	BSMPT_BOUNCE_CERT	path_check	T=172.964	max_relative_error=1.00004	max_force=194.497	max_gradient=197.68	max_perpendicular_gradient=194.487	max_dldrho=27.7956	spline_length=22.2108	converged=0
2	BSMPT_BOUNCE_CERT	path_deformation	T=172.964	best_relative_error=0.827629	iterations=21	converged_without_1d=0
2	BSMPT_BOUNCE_CERT	path_check	T=172.964	max_relative_error=1.00001	max_force=853.602	max_gradient=854.222	max_perpendicular_gradient=853.591	max_dldrho=27.7963	spline_length=22.2105	converged=0
2	BSMPT_BOUNCE_CERT	path_deformation	T=172.964	best_relative_error=0.99494	iterations=21	converged_without_1d=0
2	BSMPT_BOUNCE_CERT	path_check	T=172.964	max_relative_error=1.00002	max_force=662.405	max_gradient=663.205	max_perpendicular_gradient=662.385	max_dldrho=27.8124	spline_length=22.211	converged=0
2	BSMPT_BOUNCE_CERT	path_deformation	T=172.964	best_relative_error=0.980047	iterations=21	converged_without_1d=0
2	BSMPT_BOUNCE_CERT	path_check	T=172.964	max_relative_error=1.00001	max_force=645.559	max_gradient=646.396	max_perpendicular_gradient=645.552	max_dldrho=27.8056	spline_length=22.2109	converged=0
2	BSMPT_BOUNCE_CERT	path_deformation	T=172.964	best_relative_error=0.976449	iterations=21	converged_without_1d=0
2	BSMPT_BOUNCE_CERT	path_check	T=172.964	max_relative_error=1.00002	max_force=638.107	max_gradient=638.941	max_perpendicular_gradient=638.088	max_dldrho=27.8051	spline_length=22.2109	converged=0
2	BSMPT_BOUNCE_CERT	path_check	T=172.937	max_relative_error=1.00012	max_force=44.5888	max_gradient=114.512	max_perpendicular_gradient=44.5795	max_dldrho=30.6506	spline_length=23.5481	converged=0
2	BSMPT_BOUNCE_CERT	path_deformation	T=172.937	best_relative_error=0.389497	iterations=21	converged_without_1d=0
2	BSMPT_BOUNCE_CERT	path_check	T=172.937	max_relative_error=0.999947	max_force=87.1696	max_gradient=133.137	max_perpendicular_gradient=87.1761	max_dldrho=30.6506	spline_length=23.7329	converged=0
2	BSMPT_BOUNCE_CERT	path_deformation	T=172.937	best_relative_error=0.654577	iterations=21	converged_without_1d=0
2	BSMPT_BOUNCE_CERT	path_check	T=172.937	max_relative_error=1.00005	max_force=136.077	max_gradient=165.776	max_perpendicular_gradient=136.066	max_dldrho=30.6507	spline_length=23.7329	converged=0
2	BSMPT_BOUNCE_CERT	path_deformation	T=172.937	best_relative_error=0.820486	iterations=21	converged_without_1d=0
2	BSMPT_BOUNCE_CERT	path_check	T=172.937	max_relative_error=0.999973	max_force=143.757	max_gradient=171.736	max_perpendicular_gradient=143.763	max_dldrho=30.6509	spline_length=23.733	converged=0
2	BSMPT_BOUNCE_CERT	path_deformation	T=172.937	best_relative_error=0.827879	iterations=21	converged_without_1d=0
2	BSMPT_BOUNCE_CERT	path_check	T=172.937	max_relative_error=1.00002	max_force=1259.33	max_gradient=1261.99	max_perpendicular_gradient=1259.3	max_dldrho=30.651	spline_length=23.7328	converged=0
2	BSMPT_BOUNCE_CERT	path_deformation	T=172.937	best_relative_error=0.989129	iterations=21	converged_without_1d=0
2	BSMPT_BOUNCE_CERT	path_check	T=172.937	max_relative_error=1.00002	max_force=1582.09	max_gradient=1584.19	max_perpendicular_gradient=1582.05	max_dldrho=30.6844	spline_length=23.7369	converged=0
2	BSMPT_BOUNCE_CERT	path_deformation	T=172.937	best_relative_error=0.973479	iterations=21	converged_without_1d=0
2	BSMPT_BOUNCE_CERT	path_check	T=172.937	max_relative_error=1.00002	max_force=583.139	max_gradient=589.075	max_perpendicular_gradient=583.118	max_dldrho=30.7039	spline_length=23.7391	converged=0
2	BSMPT_BOUNCE_CERT	path_check	T=172.941	max_relative_error=1.0001	max_force=52.9312	max_gradient=110.69	max_perpendicular_gradient=52.9219	max_dldrho=30.3877	spline_length=23.3002	converged=0
2	BSMPT_BOUNCE_CERT	path_deformation	T=172.941	best_relative_error=0.478592	iterations=21	converged_without_1d=0
2	BSMPT_BOUNCE_CERT	path_check	T=172.941	max_relative_error=0.999958	max_force=107.216	max_gradient=139.985	max_perpendicular_gradient=107.222	max_dldrho=30.3876	spline_length=23.6155	converged=0
2	BSMPT_BOUNCE_CERT	path_deformation	T=172.941	best_relative_error=0.766021	iterations=21	converged_without_1d=0
2	BSMPT_BOUNCE_CERT	path_check	T=172.941	max_relative_error=1.00005	max_force=152.649	max_gradient=174.584	max_perpendicular_gradient=152.638	max_dldrho=30.3879	spline_length=23.6156	converged=0
2	BSMPT_BOUNCE_CERT	path_deformation	T=172.941	best_relative_error=0.843193	iterations=21	converged_without_1d=0
2	BSMPT_BOUNCE_CERT	path_check	T=172.941	max_relative_error=1.00001	max_force=1239.06	max_gradient=1241.29	max_perpendicular_gradient=1239.04	max_dldrho=30.3882	spline_length=23.6152	converged=0
2	BSMPT_BOUNCE_CERT	path_deformation	T=172.941	best_relative_error=0.991453	iterations=21	converged_without_1d=0
2	BSMPT_BOUNCE_CERT	path_check	T=172.941	max_relative_error=1.00001	max_force=1645.57	max_gradient=1647.24	max_perpendicular_gradient=1645.55	max_dldrho=30.4205	spline_length=23.6179	converged=0
2	BSMPT_BOUNCE_CERT	path_deformation	T=172.941	best_relative_error=0.96952	iterations=21	converged_without_1d=0
2	BSMPT_BOUNCE_CERT	path_check	T=172.941	max_relative_error=1	max_force=445.216	max_gradient=451.728	max_perpendicular_gradient=445.215	max_dldrho=30.4454	spline_length=23.6195	converged=0
2	BSMPT_BOUNCE_CERT	path_deformation	T=172.941	best_relative_error=0.267248	iterations=21	converged_without_1d=0
2	BSMPT_BOUNCE_CERT	path_check	T=172.941	max_relative_error=1.00003	max_force=300.821	max_gradient=310.753	max_perpendicular_gradient=300.807	max_dldrho=30.3919	spline_length=23.6159	converged=0
2	BSMPT_BOUNCE_CERT	path_check	T=172.945	max_relative_error=1.00009	max_force=61.2371	max_gradient=107.729	max_perpendicular_gradient=61.2281	max_dldrho=30.0627	spline_length=23.0447	converged=0
2	BSMPT_BOUNCE_CERT	path_deformation	T=172.945	best_relative_error=0.569132	iterations=21	converged_without_1d=0
2	BSMPT_BOUNCE_CERT	path_check	T=172.945	max_relative_error=0.999967	max_force=127.103	max_gradient=149.765	max_perpendicular_gradient=127.109	max_dldrho=30.0628	spline_length=23.4393	converged=0
2	BSMPT_BOUNCE_CERT	path_deformation	T=172.945	best_relative_error=0.848942	iterations=21	converged_without_1d=0
2	BSMPT_BOUNCE_CERT	path_check	T=172.945	max_relative_error=1.00005	max_force=158.728	max_gradient=175.941	max_perpendicular_gradient=158.717	max_dldrho=30.063	spline_length=23.4388	converged=0
2	BSMPT_BOUNCE_CERT	path_deformation	T=172.945	best_relative_error=0.860771	iterations=21	converged_without_1d=0
2	BSMPT_BOUNCE_CERT	path_check	T=172.945	max_relative_error=1.00001	max_force=1226.5	max_gradient=1228.31	max_perpendicular_gradient=1226.48	max_dldrho=30.0632	spline_length=23.4383	converged=0
2	BSMPT_BOUNCE_CERT	path_deformation	T=172.945	best_relative_error=0.993414	iterations=21	converged_without_1d=0
2	BSMPT_BOUNCE_CERT	path_check	T=172.945	max_relative_error=1.00001	max_force=1653.31	max_gradient=1654.65	max_perpendicular_gradient=1653.29	max_dldrho=30.0949	spline_length=23.4402	converged=0
2	BSMPT_BOUNCE_CERT	path_deformation	T=172.945	best_relative_error=0.972091	iterations=21	converged_without_1d=0
2	BSMPT_BOUNCE_CERT	path_check	T=172.945	max_relative_error=0.999999	max_force=407.53	max_gradient=413.328	max_perpendicular_gradient=407.53	max_dldrho=30.1211	spline_length=23.4405	converged=0
2	BSMPT_BOUNCE_CERT	path_deformation	T=172.945	best_relative_error=0.148892	iterations=21	converged_without_1d=0
2	BSMPT_BOUNCE_CERT	path_check	T=172.945	max_relative_error=1.00004	max_force=191.091	max_gradient=204.779	max_perpendicular_gradient=191.079	max_dldrho=30.0662	spline_length=23.4395	converged=0
2	BSMPT_BOUNCE_CERT	path_check	T=172.949	max_relative_error=1.00042	max_force=11.3966	max_gradient=86.8452	max_perpendicular_gradient=11.3879	max_dldrho=29.6739	spline_length=23.2345	converged=0
2	BSMPT_BOUNCE_CERT	path_deformation	T=172.949	best_relative_error=0.131523	iterations=21	converged_without_1d=0
2	BSMPT_BOUNCE_CERT	path_check	T=172.949	max_relative_error=0.999845	max_force=32.4892	max_gradient=90.3542	max_perpendicular_gradient=32.4959	max_dldrho=29.674	spline_length=23.2131	converged=0
2	BSMPT_BOUNCE_CERT	path_deformation	T=172.949	best_relative_error=0.359622	iterations=21	converged_without_1d=0
2	BSMPT_BOUNCE_CERT	path_check	T=172.949	max_relative_error=1.00008	max_force=87.4585	max_gradient=114.806	max_perpendicular_gradient=87.4491	max_dldrho=29.6738	spline_length=23.2117	converged=0
2	BSMPT_BOUNCE_CERT	path_deformation	T=172.949	best_relative_error=0.76228	iterations=21	converged_without_1d=0
2	BSMPT_BOUNCE_CERT	path_check	T=172.949	max_relative_error=0.999982	max_force=166.64	max_gradient=178.393	max_perpendicular_gradient=166.643	max_dldrho=29.6741	spline_length=23.2131	converged=0
2	BSMPT_BOUNCE_CERT	path_deformation	T=172.949	best_relative_error=0.880457	iterations=21	converged_without_1d=0
2	BSMPT_BOUNCE_CERT	path_check	T=172.949	max_relative_error=1.00002	max_force=1194.07	max_gradient=1195.4	max_perpendicular_gradient=1194.03	max_dldrho=29.6747	spline_length=23.2132	converged=0
2	BSMPT_BOUNCE_CERT	path_deformation	T=172.949	best_relative_error=0.994887	iterations=21	converged_without_1d=0
2	BSMPT_BOUNCE_CERT	path_check	T=172.949	max_relative_error=1.00002	max_force=1741.63	max_gradient=1742.52	max_perpendicular_gradient=1741.58	max_dldrho=29.705	spline_length=23.2068	converged=0
2	BSMPT_BOUNCE_CERT	path_deformation	T=172.949	best_relative_error=0.958409	iterations=21	converged_without_1d=0
2	BSMPT_BOUNCE_CERT	path_check	T=172.949	max_relative_error=1.00004	max_force=247.306	max_gradient=254.667	max_perpendicular_gradient=247.292	max_dldrho=29.7401	spline_length=23.2019	converged=0
2	BSMPT_BOUNCE_CERT	path_check	T=172.954	max_relative_error=1.00021	max_force=20.4112	max_gradient=81.1009	max_perpendicular_gradient=20.4026	max_dldrho=29.2183	spline_length=22.9533	converged=0
2	BSMPT_BOUNCE_CERT	path_deformation	T=172.954	best_relative_error=0.251994	iterations=21	converged_without_1d=0
2	BSMPT_BOUNCE_CERT	path_check	T=172.954	max_relative_error=0.999918	max_force=62.6556	max_gradient=95.5073	max_perpendicular_gradient=62.6614	max_dldrho=29.2183	spline_length=22.9485	converged=0
2	BSMPT_BOUNCE_CERT	path_deformation	T=172.954	best_relative_error=0.656189	iterations=21	converged_without_1d=0
2	BSMPT_BOUNCE_CERT	path_check	T=172.954	max_relative_error=1.00005	max_force=153.66	max_gradient=164.027	max_perpendicular_gradient=153.65	max_dldrho=29.2184	spline_length=22.9485	converged=0
2	BSMPT_BOUNCE_CERT	path_deformation	T=172.954	best_relative_error=0.937094	iterations=21	converged_without_1d=0
2	BSMPT_BOUNCE_CERT	path_check	T=172.954	max_relative_error=0.999977	max_force=155.287	max_gradient=165.543	max_perpendicular_gradient=155.291	max_dldrho=29.2188	spline_length=22.9482	converged=0
2	BSMPT_BOUNCE_CERT	path_deformation	T=172.954	best_relative_error=0.935776	iterations=21	converged_without_1d=0
2	BSMPT_BOUNCE_CERT	path_check	T=172.954	max_relative_error=1.00002	max_force=1379.58	max_gradient=1380.47	max_perpendicular_gradient=1379.55	max_dldrho=29.2188	spline_length=22.9485	converged=0
2	BSMPT_BOUNCE_CERT	path_deformation	T=172.954	best_relative_error=0.993611	iterations=21	converged_without_1d=0
2	BSMPT_BOUNCE_CERT	path_check	T=172.954	max_relative_error=1.00002	max_force=946.602	max_gradient=947.931	max_perpendicular_gradient=946.574	max_dldrho=29.2605	spline_length=22.9481	converged=0
2	BSMPT_BOUNCE_CERT	path_deformation	T=172.954	best_relative_error=0.991945	iterations=21	converged_without_1d=0
2	BSMPT_BOUNCE_CERT	path_check	T=172.954	max_relative_error=1.00001	max_force=668.651	max_gradient=670.583	max_perpendicular_gradient=668.644	max_dldrho=29.2382	spline_length=22.9482	converged=0
2	BSMPT_BOUNCE_CERT	path_check	T=172.958	max_relative_error=1.00018	max_force=29.4807	max_gradient=76.3295	max_perpendicular_gradient=29.4723	max_dldrho=28.6918	spline_length=22.6592	converged=0
2	BSMPT_BOUNCE_CERT	path_deformation	T=172.958	best_relative_error=0.386605	iterations=21	converged_without_1d=0
2	BSMPT_BOUNCE_CERT	path_check	T=172.958	max_relative_error=0.999955	max_force=96.3228	max_gradient=112.007	max_perpendicular_gradient=96.3276	max_dldrho=28.6918	spline_length=22.6587	converged=0
2	BSMPT_BOUNCE_CERT	path_deformation	T=172.958	best_relative_error=0.859928	iterations=21	converged_without_1d=0
2	BSMPT_BOUNCE_CERT	path_check	T=172.958	max_relative_error=1.00004	max_force=183.571	max_gradient=189.644	max_perpendicular_gradient=183.56	max_dldrho=28.692	spline_length=22.6587	converged=0
2	BSMPT_BOUNCE_CERT	path_deformation	T=172.958	best_relative_error=0.853246	iterations=21	converged_without_1d=0
2	BSMPT_BOUNCE_CERT	path_check	T=172.958	max_relative_error=1.00001	max_force=990.981	max_gradient=991.912	max_perpendicular_gradient=990.967	max_dldrho=28.6925	spline_length=22.6586	converged=0
2	BSMPT_BOUNCE_CERT	path_deformation	T=172.958	best_relative_error=0.995135	iterations=21	converged_without_1d=0
2	BSMPT_BOUNCE_CERT	path_check	T=172.958	max_relative_error=1.00002	max_force=643.663	max_gradient=645.122	max_perpendicular_gradient=643.643	max_dldrho=28.7139	spline_length=22.6589	converged=0
2	BSMPT_BOUNCE_CERT	path_deformation	T=172.958	best_relative_error=0.95454	iterations=21	converged_without_1d=0
2	BSMPT_BOUNCE_CERT	path_check	T=172.958	max_relative_error=1.00001	max_force=640.757	max_gradient=642.237	max_perpendicular_gradient=640.751	max_dldrho=28.7011	spline_length=22.6586	converged=0
2	BSMPT_BOUNCE_CERT	path_deformation	T=172.958	best_relative_error=0.953118	iterations=21	converged_without_1d=0
2	BSMPT_BOUNCE_CERT	path_check	T=172.958	max_relative_error=1.00002	max_force=639.091	max_gradient=640.558	max_perpendicular_gradient=639.071	max_dldrho=28.701	spline_length=22.6588	converged=0
2	BSMPT_BOUNCE_CERT	path_check	T=172.963	max_relative_error=0.998957	max_force=7.74449	max_gradient=63.6195	max_perpendicular_gradient=7.7445	max_dldrho=27.8887	spline_length=22.2545	converged=0
2	BSMPT_BOUNCE_CERT	path_deformation	T=172.963	best_relative_error=0.139378	iterations=21	converged_without_1d=0
2	BSMPT_BOUNCE_CERT	path_check	T=172.963	max_relative_error=1.00016	max_force=32.4592	max_gradient=67.2156	max_perpendicular_gradient=32.4592	max_dldrho=27.8887	spline_length=22.2551	converged=0
2	BSMPT_BOUNCE_CERT	path_deformation	T=172.963	best_relative_error=0.546079	iterations=21	converged_without_1d=0
2	BSMPT_BOUNCE_CERT	path_check	T=172.963	max_relative_error=0.999951	max_force=124.91	max_gradient=124.916	max_perpendicular_gradient=124.91	max_dldrho=27.8887	spline_length=22.2548	converged=0
2	BSMPT_BOUNCE_CERT	path_deformation	T=172.963	best_relative_error=0.175872	iterations=21	converged_without_1d=0
2	BSMPT_BOUNCE_CERT	path_check	T=172.963	max_relative_error=0.999996	max_force=529.703	max_gradient=529.705	max_perpendicular_gradient=529.704	max_dldrho=27.8888	spline_length=22.2539	converged=0
2	BSMPT_BOUNCE_CERT	path_deformation	T=172.963	best_relative_error=0.999565	iterations=21	converged_without_1d=0
2	BSMPT_BOUNCE_CERT	path_check	T=172.964	max_relative_error=0.998364	max_force=7.71809	max_gradient=63.0011	max_perpendicular_gradient=7.7181	max_dldrho=27.8329	spline_length=22.2286	converged=0
2	BSMPT_BOUNCE_CERT	path_deformation	T=172.964	best_relative_error=0.14056	iterations=21	converged_without_1d=0
2	BSMPT_BOUNCE_CERT	path_check	T=172.964	max_relative_error=1.00016	max_force=32.7229	max_gradient=65.8985	max_perpendicular_gradient=32.7229	max_dldrho=27.8329	spline_length=22.2286	converged=0
2	BSMPT_BOUNCE_CERT	path_deformation	T=172.964	best_relative_error=0.56256	iterations=21	converged_without_1d=0
2	BSMPT_BOUNCE_CERT	path_check	T=172.964	max_relative_error=0.999954	max_force=128.92	max_gradient=128.926	max_perpendicular_gradient=128.92	max_dldrho=27.8329	spline_length=22.2285	converged=0
2	BSMPT_BOUNCE_CERT	path_deformation	T=172.964	best_relative_error=0.0969132	iterations=21	converged_without_1d=0
2	BSMPT_BOUNCE_CERT	path_check	T=172.964	max_relative_error=1.00002	max_force=306.148	max_gradient=306.15	max_perpendicular_gradient=306.148	max_dldrho=27.833	spline_length=22.2261	converged=0
2	BSMPT_BOUNCE_CERT	path_deformation	T=172.964	best_relative_error=0.0934574	iterations=21	converged_without_1d=0
2	BSMPT_BOUNCE_CERT	path_check	T=172.964	max_relative_error=0.999747	max_force=46.9216	max_gradient=64.1495	max_perpendicular_gradient=46.9216	max_dldrho=28.1967	spline_length=22.2262	converged=0
2	BSMPT_BOUNCE_CERT	path_deformation	T=172.964	best_relative_error=0.69393	iterations=21	converged_without_1d=0
2	BSMPT_BOUNCE_CERT	path_check	T=172.964	max_relative_error=1.00002	max_force=158.426	max_gradient=158.43	max_perpendicular_gradient=158.426	max_dldrho=27.8329	spline_length=22.228	converged=0
2	BSMPT_BOUNCE_CERT	path_deformation	T=172.964	best_relative_error=0.640771	iterations=21	converged_without_1d=0
2	BSMPT_BOUNCE_CERT	path_check	T=172.964	max_relative_error=1.00019	max_force=23.6595	max_gradient=65.0509	max_perpendicular_gradient=23.6527	max_dldrho=27.7765	spline_length=22.2028	converged=0
2	BSMPT_BOUNCE_CERT	path_deformation	T=172.964	best_relative_error=0.363701	iterations=21	converged_without_1d=0
2	BSMPT_BOUNCE_CERT	path_check	T=172.964	max_relative_error=0.999951	max_force=92.3546	max_gradient=102.676	max_perpendicular_gradient=92.3591	max_dldrho=27.7765	spline_length=22.202	converged=0
2	BSMPT_BOUNCE_CERT	path_deformation	T=172.964	best_relative_error=0.899545	iterations=21	converged_without_1d=0
2	BSMPT_BOUNCE_CERT	path_check	T=172.964	max_relative_error=1.00004	max_force=194.522	max_gradient=197.669	max_perpendicular_gradient=194.512	max_dldrho=27.7767	spline_length=22.2021	converged=0
2	BSMPT_BOUNCE_CERT	path_deformation	T=172.964	best_relative_error=0.82828	iterations=21	converged_without_1d=0
2	BSMPT_BOUNCE_CERT	path_check	T=172.964	max_relative_error=1.00001	max_force=852.966	max_gradient=853.579	max_perpendicular_gradient=852.955	max_dldrho=27.7774	spline_length=22.2017	converged=0
2	BSMPT_BOUNCE_CERT	path_deformation	T=172.964	best_relative_error=0.994989	iterations=21	converged_without_1d=0
2	BSMPT_BOUNCE_CERT	path_check	T=172.964	max_relative_error=1.00002	max_force=662.21	max_gradient=663.001	max_perpendicular_gradient=662.19	max_dldrho=27.7935	spline_length=22.2021	converged=0
2	BSMPT_BOUNCE_CERT	path_deformation	T=172.964	best_relative_error=0.980247	iterations=21	converged_without_1d=0
2	BSMPT_BOUNCE_CERT	path_check	T=172.964	max_relative_error=1.00001	max_force=645.364	max_gradient=646.192	max_perpendicular_gradient=645.357	max_dldrho=27.7867	spline_length=22.202	converged=0
2	BSMPT_BOUNCE_CERT	path_deformation	T=172.964	best_relative_error=0.976678	iterations=21	converged_without_1d=0
2	BSMPT_BOUNCE_CERT	path_check	T=172.964	max_relative_error=1.00002	max_force=637.917	max_gradient=638.741	max_perpendicular_gradient=637.897	max_dldrho=27.7862	spline_length=22.202	converged=0
2	BSMPT_BOUNCE_CERT	path_check	T=172.947	max_relative_error=1.0001	max_force=65.4161	max_gradient=106.621	max_perpendicular_gradient=65.4069	max_dldrho=29.8765	spline_length=22.9126	converged=0
2	BSMPT_BOUNCE_CERT	path_deformation	T=172.947	best_relative_error=0.614098	iterations=21	converged_without_1d=0
2	BSMPT_BOUNCE_CERT	path_check	T=172.947	max_relative_error=0.999972	max_force=136.613	max_gradient=155.299	max_perpendicular_gradient=136.618	max_dldrho=29.8764	spline_length=23.3311	converged=0
2	BSMPT_BOUNCE_CERT	path_deformation	T=172.947	best_relative_error=0.879575	iterations=21	converged_without_1d=0
2	BSMPT_BOUNCE_CERT	path_check	T=172.947	max_relative_error=1.00005	max_force=158.176	max_gradient=173.689	max_perpendicular_gradient=158.165	max_dldrho=29.8769	spline_length=23.3318	converged=0
2	BSMPT_BOUNCE_CERT	path_deformation	T=172.947	best_relative_error=0.879657	iterations=21	converged_without_1d=0
2	BSMPT_BOUNCE_CERT	path_check	T=172.947	max_relative_error=1.00001	max_force=1260.03	max_gradient=1261.6	max_perpendicular_gradient=1260.01	max_dldrho=29.8769	spline_length=23.3305	converged=0
2	BSMPT_BOUNCE_CERT	path_deformation	T=172.947	best_relative_error=0.993645	iterations=21	converged_without_1d=0
2	BSMPT_BOUNCE_CERT	path_check	T=172.947	max_relative_error=1.00001	max_force=1471.64	max_gradient=1472.98	max_perpendicular_gradient=1471.62	max_dldrho=29.9105	spline_length=23.3323	converged=0
2	BSMPT_BOUNCE_CERT	path_deformation	T=172.947	best_relative_error=0.988067	iterations=21	converged_without_1d=0
2	BSMPT_BOUNCE_CERT	path_check	T=172.947	max_relative_error=1.00001	max_force=768.953	max_gradient=771.592	max_perpendicular_gradient=768.945	max_dldrho=29.923	spline_length=23.3334	converged=0
2	BSMPT_BOUNCE_CERT	path_deformation	T=172.947	best_relative_error=0.964523	iterations=21	converged_without_1d=0
2	BSMPT_BOUNCE_CERT	path_check	T=172.947	max_relative_error=1.00002	max_force=691.622	max_gradient=694.554	max_perpendicular_gradient=691.601	max_dldrho=29.889	spline_length=23.3304	converged=0
2	BSMPT_BOUNCE_CERT	path_check	T=172.947	max_relative_error=1.0001	max_force=65.4161	max_gradient=106.621	max_perpendicular_gradient=65.4069	max_dldrho=29.8765	spline_length=22.9126	converged=0
2	BSMPT_BOUNCE_CERT	path_deformation	T=172.947	best_relative_error=0.614098	iterations=21	converged_without_1d=0
2	BSMPT_BOUNCE_CERT	path_check	T=172.947	max_relative_error=0.999972	max_force=136.613	max_gradient=155.299	max_perpendicular_gradient=136.618	max_dldrho=29.8764	spline_length=23.3311	converged=0
2	BSMPT_BOUNCE_CERT	path_deformation	T=172.947	best_relative_error=0.879575	iterations=21	converged_without_1d=0
2	BSMPT_BOUNCE_CERT	path_check	T=172.947	max_relative_error=1.00005	max_force=158.176	max_gradient=173.689	max_perpendicular_gradient=158.165	max_dldrho=29.8769	spline_length=23.3318	converged=0
2	BSMPT_BOUNCE_CERT	path_deformation	T=172.947	best_relative_error=0.879657	iterations=21	converged_without_1d=0
2	BSMPT_BOUNCE_CERT	path_check	T=172.947	max_relative_error=1.00001	max_force=1260.03	max_gradient=1261.6	max_perpendicular_gradient=1260.01	max_dldrho=29.8769	spline_length=23.3305	converged=0
2	BSMPT_BOUNCE_CERT	path_deformation	T=172.947	best_relative_error=0.993645	iterations=21	converged_without_1d=0
2	BSMPT_BOUNCE_CERT	path_check	T=172.947	max_relative_error=1.00001	max_force=1471.64	max_gradient=1472.98	max_perpendicular_gradient=1471.62	max_dldrho=29.9105	spline_length=23.3323	converged=0
2	BSMPT_BOUNCE_CERT	path_deformation	T=172.947	best_relative_error=0.988067	iterations=21	converged_without_1d=0
2	BSMPT_BOUNCE_CERT	path_check	T=172.947	max_relative_error=1.00001	max_force=768.953	max_gradient=771.592	max_perpendicular_gradient=768.945	max_dldrho=29.923	spline_length=23.3334	converged=0
2	BSMPT_BOUNCE_CERT	path_deformation	T=172.947	best_relative_error=0.964523	iterations=21	converged_without_1d=0
2	BSMPT_BOUNCE_CERT	path_check	T=172.947	max_relative_error=1.00002	max_force=691.622	max_gradient=694.554	max_perpendicular_gradient=691.601	max_dldrho=29.889	spline_length=23.3304	converged=0
3	BSMPT_BOUNCE_CERT	path_check	T=172.948	max_relative_error=1	max_force=343.424	max_gradient=345.466	max_perpendicular_gradient=343.424	max_dldrho=28.0921	spline_length=22.3452	converged=0
3	BSMPT_BOUNCE_CERT	path_deformation	T=172.948	best_relative_error=0.0263612	iterations=0	converged_without_1d=1
3	BSMPT_BOUNCE_CERT	path_check	T=172.938	max_relative_error=1.0003	max_force=17.5605	max_gradient=82.9251	max_perpendicular_gradient=17.5522	max_dldrho=29.38	spline_length=23.0498	converged=0
3	BSMPT_BOUNCE_CERT	path_deformation	T=172.938	best_relative_error=0.211607	iterations=21	converged_without_1d=0
3	BSMPT_BOUNCE_CERT	path_check	T=172.938	max_relative_error=0.999903	max_force=52.5345	max_gradient=92.8094	max_perpendicular_gradient=52.5407	max_dldrho=29.38	spline_length=23.0418	converged=0
3	BSMPT_BOUNCE_CERT	path_deformation	T=172.938	best_relative_error=0.566067	iterations=21	converged_without_1d=0
3	BSMPT_BOUNCE_CERT	path_check	T=172.938	max_relative_error=1.00005	max_force=134.861	max_gradient=148.298	max_perpendicular_gradient=134.851	max_dldrho=29.3813	spline_length=23.0419	converged=0
3	BSMPT_BOUNCE_CERT	path_deformation	T=172.938	best_relative_error=0.909383	iterations=21	converged_without_1d=0
3	BSMPT_BOUNCE_CERT	path_check	T=172.938	max_relative_error=0.99998	max_force=166.175	max_gradient=176.221	max_perpendicular_gradient=166.178	max_dldrho=29.3803	spline_length=23.0406	converged=0
3	BSMPT_BOUNCE_CERT	path_deformation	T=172.938	best_relative_error=0.898271	iterations=21	converged_without_1d=0
3	BSMPT_BOUNCE_CERT	path_check	T=172.938	max_relative_error=1.00002	max_force=1214.15	max_gradient=1215.25	max_perpendicular_gradient=1214.12	max_dldrho=29.3806	spline_length=23.0416	converged=0
3	BSMPT_BOUNCE_CERT	path_deformation	T=172.938	best_relative_error=0.995387	iterations=21	converged_without_1d=0
3	BSMPT_BOUNCE_CERT	path_check	T=172.938	max_relative_error=1.00002	max_force=1593.03	max_gradient=1593.85	max_perpendicular_gradient=1592.99	max_dldrho=29.4127	spline_length=23.0411	converged=0
3	BSMPT_BOUNCE_CERT	path_deformation	T=172.938	best_relative_error=0.985094	iterations=21	converged_without_1d=0
3	BSMPT_BOUNCE_CERT	path_check	T=172.938	max_relative_error=1.00003	max_force=458.128	max_gradient=461.215	max_perpendicular_gradient=458.11	max_dldrho=29.4355	spline_length=23.0344	converged=0
3	BSMPT_BOUNCE_CERT	path_check	T=172.929	max_relative_error=1	max_force=408.389	max_gradient=414.719	max_perpendicular_gradient=408.389	max_dldrho=30.2927	spline_length=23.6748	converged=0
3	BSMPT_BOUNCE_CERT	path_deformation	T=172.929	best_relative_error=0.133952	iterations=21	converged_without_1d=0
3	BSMPT_BOUNCE_CERT	path_check	T=172.929	max_relative_error=1.00005	max_force=177.831	max_gradient=194.518	max_perpendicular_gradient=177.82	max_dldrho=30.2927	spline_length=23.5648	converged=0
3	BSMPT_BOUNCE_CERT	path_deformation	T=172.929	best_relative_error=0.741301	iterations=21	converged_without_1d=0
3	BSMPT_BOUNCE_CERT	path_check	T=172.929	max_relative_error=1.00001	max_force=960.905	max_gradient=963.48	max_perpendicular_gradient=960.894	max_dldrho=30.2898	spline_length=23.5646	converged=0
3	BSMPT_BOUNCE_CERT	path_deformation	T=172.929	best_relative_error=0.984672	iterations=21	converged_without_1d=0
3	BSMPT_BOUNCE_CERT	path_check	T=172.929	max_relative_error=1.00002	max_force=686.598	max_gradient=690.23	max_perpendicular_gradient=686.577	max_dldrho=30.3091	spline_length=23.5662	converged=0
3	BSMPT_BOUNCE_CERT	path_deformation	T=172.929	best_relative_error=0.914602	iterations=21	converged_without_1d=0
3	BSMPT_BOUNCE_CERT	path_check	T=172.929	max_relative_error=1.00001	max_force=666.138	max_gradient=669.895	max_perpendicular_gradient=666.133	max_dldrho=30.2993	spline_length=23.5651	converged=0
3	BSMPT_BOUNCE_CERT	path_deformation	T=172.929	best_relative_error=0.897841	iterations=21	converged_without_1d=0
3	BSMPT_BOUNCE_CERT	path_check	T=172.929	max_relative_error=1.00002	max_force=654.346	max_gradient=658.151	max_perpendicular_gradient=654.325	max_dldrho=30.2987	spline_length=23.5656	converged=0
3	BSMPT_BOUNCE_CERT	path_deformation	T=172.929	best_relative_error=0.885826	iterations=21	converged_without_1d=0
3	BSMPT_BOUNCE_CERT	path_check	T=172.929	max_relative_error=1.00001	max_force=646.686	max_gradient=650.548	max_perpendicular_gradient=646.681	max_dldrho=30.2984	spline_length=23.5652	converged=0
3	BSMPT_BOUNCE_CERT	path_check	T=172.919	max_relative_error=1	max_force=439.247	max_gradient=448.289	max_perpendicular_gradient=439.247	max_dldrho=30.86	spline_length=24.2572	converged=0
3	BSMPT_BOUNCE_CERT	path_deformation	T=172.919	best_relative_error=0.187483	iterations=21	converged_without_1d=0
3	BSMPT_BOUNCE_CERT	path_check	T=172.919	max_relative_error=1.00003	max_force=240.454	max_gradient=258.084	max_perpendicular_gradient=240.441	max_dldrho=30.8601	spline_length=23.7905	converged=0
3	BSMPT_BOUNCE_CERT	path_deformation	T=172.919	best_relative_error=0.21673	iterations=21	converged_without_1d=0
3	BSMPT_BOUNCE_CERT	path_check	T=172.919	max_relative_error=0.999994	max_force=296.911	max_gradient=310.903	max_perpendicular_gradient=296.914	max_dldrho=30.857	spline_length=23.79	converged=0
3	BSMPT_BOUNCE_CERT	path_deformation	T=172.919	best_relative_error=0.0254706	iterations=0	converged_without_1d=1
3	BSMPT_BOUNCE_CERT	path_check	T=172.951	max_relative_error=1.00014	max_force=43.7904	max_gradient=71.3994	max_perpendicular_gradient=43.7827	max_dldrho=27.7219	spline_length=22.1762	converged=0
3	BSMPT_BOUNCE_CERT	path_deformation	T=172.951	best_relative_error=0.613762	iterations=21	converged_without_1d=0
3	BSMPT_BOUNCE_CERT	path_check	T=172.951	max_relative_error=0.999978	max_force=151.704	max_gradient=156.125	max_perpendicular_gradient=151.707	max_dldrho=27.7219	spline_length=22.1772	converged=0
3	BSMPT_BOUNCE_CERT	path_deformation	T=172.951	best_relative_error=0.971663	iterations=21	converged_without_1d=0
3	BSMPT_BOUNCE_CERT	path_check	T=172.951	max_relative_error=1.00005	max_force=157.833	max_gradient=161.996	max_perpendicular_gradient=157.824	max_dldrho=27.7224	spline_length=22.177	converged=0
3	BSMPT_BOUNCE_CERT	path_deformation	T=172.951	best_relative_error=0.969298	iterations=21	converged_without_1d=0
3	BSMPT_BOUNCE_CERT	path_check	T=172.951	max_relative_error=1.00001	max_force=1348.68	max_gradient=1349.04	max_perpendicular_gradient=1348.66	max_dldrho=27.7224	spline_length=22.1773	converged=0
3	BSMPT_BOUNCE_CERT	path_deformation	T=172.951	best_relative_error=0.997083	iterations=21	converged_without_1d=0
3	BSMPT_BOUNCE_CERT	path_check	T=172.951	max_relative_error=1.00001	max_force=872.308	max_gradient=872.901	max_perpendicular_gradient=872.297	max_dldrho=27.7643	spline_length=22.1778	converged=0
3	BSMPT_BOUNCE_CERT	path_deformation	T=172.951	best_relative_error=0.995623	iterations=21	converged_without_1d=0
3	BSMPT_BOUNCE_CERT	path_check	T=172.951	max_relative_error=1.00002	max_force=657.927	max_gradient=658.712	max_perpendicular_gradient=657.907	max_dldrho=27.7396	spline_length=22.1774	converged=0
3	BSMPT_BOUNCE_CERT	path_deformation	T=172.951	best_relative_error=0.979908	iterations=21	converged_without_1d=0
3	BSMPT_BOUNCE_CERT	path_check	T=172.951	max_relative_error=1.00001	max_force=643.273	max_gradient=644.091	max_perpendicular_gradient=643.266	max_dldrho=27.7319	spline_length=22.1768	converged=0
3	BSMPT_BOUNCE_CERT	path_check	T=172.951	max_relative_error=1	max_force=335.353	max_gradient=337.013	max_perpendicular_gradient=335.353	max_dldrho=27.7244	spline_length=22.1686	converged=0
3	BSMPT_BOUNCE_CERT	path_deformation	T=172.951	best_relative_error=0.016496	iterations=0	converged_without_1d=1
3	BSMPT_BOUNCE_CERT	path_check	T=172.923	max_relative_error=1.00011	max_force=47.8561	max_gradient=115.532	max_perpendicular_gradient=47.8468	max_dldrho=30.6536	spline_length=23.5507	converged=0
3	BSMPT_BOUNCE_CERT	path_deformation	T=172.923	best_relative_error=0.414072	iterations=21	converged_without_1d=0
3	BSMPT_BOUNCE_CERT	path_check	T=172.923	max_relative_error=0.99995	max_force=92.2692	max_gradient=136.067	max_perpendicular_gradient=92.2757	max_dldrho=30.6537	spline_length=23.7352	converged=0
3	BSMPT_BOUNCE_CERT	path_deformation	T=172.923	best_relative_error=0.678289	iterations=21	converged_without_1d=0
3	BSMPT_BOUNCE_CERT	path_check	T=172.923	max_relative_error=1.00005	max_force=139.072	max_gradient=168.071	max_perpendicular_gradient=139.061	max_dldrho=30.6538	spline_length=23.7353	converged=0
3	BSMPT_BOUNCE_CERT	path_deformation	T=172.923	best_relative_error=0.827134	iterations=21	converged_without_1d=0
3	BSMPT_BOUNCE_CERT	path_check	T=172.923	max_relative_error=0.999972	max_force=143.055	max_gradient=171.197	max_perpendicular_gradient=143.061	max_dldrho=30.654	spline_length=23.7353	converged=0
3	BSMPT_BOUNCE_CERT	path_deformation	T=172.923	best_relative_error=0.830195	iterations=21	converged_without_1d=0
3	BSMPT_BOUNCE_CERT	path_check	T=172.923	max_relative_error=1.00002	max_force=1268.02	max_gradient=1270.65	max_perpendicular_gradient=1267.99	max_dldrho=30.654	spline_length=23.7354	converged=0
3	BSMPT_BOUNCE_CERT	path_deformation	T=172.923	best_relative_error=0.988953	iterations=21	converged_without_1d=0
3	BSMPT_BOUNCE_CERT	path_check	T=172.923	max_relative_error=1.00002	max_force=1544.85	max_gradient=1547	max_perpendicular_gradient=1544.81	max_dldrho=30.6879	spline_length=23.7393	converged=0
3	BSMPT_BOUNCE_CERT	path_deformation	T=172.923	best_relative_error=0.977021	iterations=21	converged_without_1d=0
3	BSMPT_BOUNCE_CERT	path_check	T=172.923	max_relative_error=1.00002	max_force=664.314	max_gradient=669.486	max_perpendicular_gradient=664.293	max_dldrho=30.7045	spline_length=23.741	converged=0
3	BSMPT_BOUNCE_CERT	path_check	T=172.927	max_relative_error=1.0001	max_force=56.1677	max_gradient=111.931	max_perpendicular_gradient=56.1585	max_dldrho=30.3906	spline_length=23.3027	converged=0
3	BSMPT_BOUNCE_CERT	path_deformation	T=172.927	best_relative_error=0.502029	iterations=21	converged_without_1d=0
3	BSMPT_BOUNCE_CERT	path_check	T=172.927	max_relative_error=0.99996	max_force=111.893	max_gradient=143.226	max_perpendicular_gradient=111.899	max_dldrho=30.3905	spline_length=23.6176	converged=0
3	BSMPT_BOUNCE_CERT	path_deformation	T=172.927	best_relative_error=0.781623	iterations=21	converged_without_1d=0
3	BSMPT_BOUNCE_CERT	path_check	T=172.927	max_relative_error=1.00005	max_force=153.293	max_gradient=175.13	max_perpendicular_gradient=153.282	max_dldrho=30.3908	spline_length=23.6176	converged=0
3	BSMPT_BOUNCE_CERT	path_deformation	T=172.927	best_relative_error=0.840609	iterations=21	converged_without_1d=0
3	BSMPT_BOUNCE_CERT	path_check	T=172.927	max_relative_error=1.00001	max_force=1230.73	max_gradient=1232.97	max_perpendicular_gradient=1230.72	max_dldrho=30.391	spline_length=23.6174	converged=0
3	BSMPT_BOUNCE_CERT	path_deformation	T=172.927	best_relative_error=0.99163	iterations=21	converged_without_1d=0
3	BSMPT_BOUNCE_CERT	path_check	T=172.927	max_relative_error=1.00001	max_force=1685.39	max_gradient=1687.02	max_perpendicular_gradient=1685.36	max_dldrho=30.4229	spline_length=23.6195	converged=0
3	BSMPT_BOUNCE_CERT	path_deformation	T=172.927	best_relative_error=0.962123	iterations=21	converged_without_1d=0
3	BSMPT_BOUNCE_CERT	path_check	T=172.927	max_relative_error=0.999998	max_force=378.335	max_gradient=386.087	max_perpendicular_gradient=378.336	max_dldrho=30.4511	spline_length=23.6215	converged=0
3	BSMPT_BOUNCE_CERT	path_deformation	T=172.927	best_relative_error=0.0552247	iterations=21	converged_without_1d=0
3	BSMPT_BOUNCE_CERT	path_check	T=172.927	max_relative_error=1.00007	max_force=81.4677	max_gradient=124.07	max_perpendicular_gradient=81.4578	max_dldrho=30.3935	spline_length=23.6175	converged=0
3	BSMPT_BOUNCE_CERT	path_check	T=172.931	max_relative_error=1.00009	max_force=64.4423	max_gradient=109.201	max_perpendicular_gradient=64.4332	max_dldrho=30.0654	spline_length=23.0472	converged=0
3	BSMPT_BOUNCE_CERT	path_deformation	T=172.931	best_relative_error=0.590302	iterations=21	converged_without_1d=0
3	BSMPT_BOUNCE_CERT	path_check	T=172.931	max_relative_error=0.999967	max_force=130.971	max_gradient=152.839	max_perpendicular_gradient=130.976	max_dldrho=30.0655	spline_length=23.4413	converged=0
3	BSMPT_BOUNCE_CERT	path_deformation	T=172.931	best_relative_error=0.857447	iterations=21	converged_without_1d=0
3	BSMPT_BOUNCE_CERT	path_check	T=172.931	max_relative_error=1.00005	max_force=157.738	max_gradient=175.088	max_perpendicular_gradient=157.727	max_dldrho=30.0657	spline_length=23.4413	converged=0
3	BSMPT_BOUNCE_CERT	path_deformation	T=172.931	best_relative_error=0.864288	iterations=21	converged_without_1d=0
3	BSMPT_BOUNCE_CERT	path_check	T=172.931	max_relative_error=1.00001	max_force=1239.96	max_gradient=1241.75	max_perpendicular_gradient=1239.94	max_dldrho=30.0658	spline_length=23.4404	converged=0
3	BSMPT_BOUNCE_CERT	path_deformation	T=172.931	best_relative_error=0.993238	iterations=21	converged_without_1d=0
3	BSMPT_BOUNCE_CERT	path_check	T=172.931	max_relative_error=1.00001	max_force=1591.46	max_gradient=1592.84	max_perpendicular_gradient=1591.43	max_dldrho=30.0982	spline_length=23.4427	converged=0
3	BSMPT_BOUNCE_CERT	path_deformation	T=172.931	best_relative_error=0.979228	iterations=21	converged_without_1d=0
3	BSMPT_BOUNCE_CERT	path_check	T=172.931	max_relative_error=1	max_force=520.088	max_gradient=524.547	max_perpendicular_gradient=520.086	max_dldrho=30.1195	spline_length=23.4426	converged=0
3	BSMPT_BOUNCE_CERT	path_deformation	T=172.931	best_relative_error=0.603791	iterations=21	converged_without_1d=0
3	BSMPT_BOUNCE_CERT	path_check	T=172.931	max_relative_error=1.00002	max_force=493.094	max_gradient=497.787	max_perpendicular_gradient=493.076	max_dldrho=30.0711	spline_length=23.4415	converged=0
3	BSMPT_BOUNCE_CERT	path_check	T=172.936	max_relative_error=1.00039	max_force=11.5406	max_gradient=86.8457	max_perpendicular_gradient=11.5321	max_dldrho=29.6762	spline_length=23.2364	converged=0
3	BSMPT_BOUNCE_CERT	path_deformation	T=172.936	best_relative_error=0.132824	iterations=21	converged_without_1d=0
3	BSMPT_BOUNCE_CERT	path_check	T=172.936	max_relative_error=0.999841	max_force=32.8124	max_gradient=90.4446	max_perpendicular_gradient=32.8191	max_dldrho=29.6763	spline_length=23.2147	converged=0
3	BSMPT_BOUNCE_CERT	path_deformation	T=172.936	best_relative_error=0.36262	iterations=21	converged_without_1d=0
3	BSMPT_BOUNCE_CERT	path_check	T=172.936	max_relative_error=1.00008	max_force=88.1671	max_gradient=115.317	max_perpendicular_gradient=88.1577	max_dldrho=29.6757	spline_length=23.2122	converged=0
3	BSMPT_BOUNCE_CERT	path_deformation	T=172.936	best_relative_error=0.765487	iterations=21	converged_without_1d=0
3	BSMPT_BOUNCE_CERT	path_check	T=172.936	max_relative_error=0.999982	max_force=166.933	max_gradient=178.572	max_perpendicular_gradient=166.937	max_dldrho=29.6768	spline_length=23.2149	converged=0
3	BSMPT_BOUNCE_CERT	path_deformation	T=172.936	best_relative_error=0.879896	iterations=21	converged_without_1d=0
3	BSMPT_BOUNCE_CERT	path_check	T=172.936	max_relative_error=1.00002	max_force=1192.11	max_gradient=1193.43	max_perpendicular_gradient=1192.07	max_dldrho=29.6767	spline_length=23.2128	converged=0
3	BSMPT_BOUNCE_CERT	path_deformation	T=172.936	best_relative_error=0.994925	iterations=21	converged_without_1d=0
3	BSMPT_BOUNCE_CERT	path_check	T=172.936	max_relative_error=1.00002	max_force=1751.63	max_gradient=1752.51	max_perpendicular_gradient=1751.58	max_dldrho=29.7077	spline_length=23.2122	converged=0
3	BSMPT_BOUNCE_CERT	path_deformation	T=172.936	best_relative_error=0.955507	iterations=21	converged_without_1d=0
3	BSMPT_BOUNCE_CERT	path_check	T=172.936	max_relative_error=1.00004	max_force=235.122	max_gradient=242.863	max_perpendicular_gradient=235.109	max_dldrho=29.7434	spline_length=23.2035	converged=0
3	BSMPT_BOUNCE_CERT	path_check	T=172.94	max_relative_error=1.00023	max_force=20.5574	max_gradient=81.1107	max_perpendicular_gradient=20.5492	max_dldrho=29.2212	spline_length=22.9551	converged=0
3	BSMPT_BOUNCE_CERT	path_deformation	T=172.94	best_relative_error=0.253298	iterations=21	converged_without_1d=0
3	BSMPT_BOUNCE_CERT	path_check	T=172.94	max_relative_error=0.999918	max_force=62.9943	max_gradient=95.6923	max_perpendicular_gradient=63.0002	max_dldrho=29.2211	spline_length=22.9503	converged=0
3	BSMPT_BOUNCE_CERT	path_deformation	T=172.94	best_relative_error=0.65844	iterations=21	converged_without_1d=0
3	BSMPT_BOUNCE_CERT	path_check	T=172.94	max_relative_error=1.00005	max_force=154.087	max_gradient=164.353	max_perpendicular_gradient=154.077	max_dldrho=29.2205	spline_length=22.9501	converged=0
3	BSMPT_BOUNCE_CERT	path_deformation	T=172.94	best_relative_error=0.937719	iterations=21	converged_without_1d=0
3	BSMPT_BOUNCE_CERT	path_check	T=172.94	max_relative_error=0.999977	max_force=155.109	max_gradient=165.324	max_perpendicular_gradient=155.113	max_dldrho=29.2209	spline_length=22.9502	converged=0
3	BSMPT_BOUNCE_CERT	path_deformation	T=172.94	best_relative_error=0.936734	iterations=21	converged_without_1d=0
3	BSMPT_BOUNCE_CERT	path_check	T=172.94	max_relative_error=1.00002	max_force=1384.21	max_gradient=1385.08	max_perpendicular_gradient=1384.18	max_dldrho=29.221	spline_length=22.9501	converged=0
3	BSMPT_BOUNCE_CERT	path_deformation	T=172.94	best_relative_error=0.993532	iterations=21	converged_without_1d=0
3	BSMPT_BOUNCE_CERT	path_check	T=172.94	max_relative_error=1.00002	max_force=933.391	max_gradient=934.727	max_perpendicular_gradient=933.364	max_dldrho=29.263	spline_length=22.9498	converged=0
3	BSMPT_BOUNCE_CERT	path_deformation	T=172.94	best_relative_error=0.99147	iterations=21	converged_without_1d=0
3	BSMPT_BOUNCE_CERT	path_check	T=172.94	max_relative_error=1.00001	max_force=672.114	max_gradient=674.017	max_perpendicular_gradient=672.106	max_dldrho=29.2408	spline_length=22.9502	converged=0
3	BSMPT_BOUNCE_CERT	path_check	T=172.944	max_relative_error=1.00019	max_force=29.6275	max_gradient=76.3469	max_perpendicular_gradient=29.6193	max_dldrho=28.6936	spline_length=22.6609	converged=0
3	BSMPT_BOUNCE_CERT	path_deformation	T=172.944	best_relative_error=0.387913	iterations=21	converged_without_1d=0
3	BSMPT_BOUNCE_CERT	path_check	T=172.944	max_relative_error=0.999955	max_force=96.6705	max_gradient=112.26	max_perpendicular_gradient=96.6754	max_dldrho=28.6935	spline_length=22.6602	converged=0
3	BSMPT_BOUNCE_CERT	path_deformation	T=172.944	best_relative_error=0.86109	iterations=21	converged_without_1d=0
3	BSMPT_BOUNCE_CERT	path_check	T=172.944	max_relative_error=1.00005	max_force=183.627	max_gradient=189.648	max_perpendicular_gradient=183.616	max_dldrho=28.6938	spline_length=22.6603	converged=0
3	BSMPT_BOUNCE_CERT	path_deformation	T=172.944	best_relative_error=0.853522	iterations=21	converged_without_1d=0
3	BSMPT_BOUNCE_CERT	path_check	T=172.944	max_relative_error=1.00001	max_force=991.604	max_gradient=992.533	max_perpendicular_gradient=991.59	max_dldrho=28.6943	spline_length=22.6602	converged=0
3	BSMPT_BOUNCE_CERT	path_deformation	T=172.944	best_relative_error=0.995149	iterations=21	converged_without_1d=0
3	BSMPT_BOUNCE_CERT	path_check	T=172.944	max_relative_error=1.00002	max_force=643.551	max_gradient=644.997	max_perpendicular_gradient=643.531	max_dldrho=28.7157	spline_length=22.6604	converged=0
3	BSMPT_BOUNCE_CERT	path_deformation	T=172.944	best_relative_error=0.954674	iterations=21	converged_without_1d=0
3	BSMPT_BOUNCE_CERT	path_check	T=172.944	max_relative_error=1.00001	max_force=640.714	max_gradient=642.18	max_perpendicular_gradient=640.708	max_dldrho=28.7029	spline_length=22.6603	converged=0
3	BSMPT_BOUNCE_CERT	path_deformation	T=172.944	best_relative_error=0.953291	iterations=21	converged_without_1d=0
3	BSMPT_BOUNCE_CERT	path_check	T=172.944	max_relative_error=1.00002	max_force=639.104	max_gradient=640.559	max_perpendicular_gradient=639.083	max_dldrho=28.7028	spline_length=22.6603	converged=0
3	BSMPT_BOUNCE_CERT	path_check	T=172.949	max_relative_error=1.00015	max_force=39.7446	max_gradient=72.4508	max_perpendicular_gradient=39.7368	max_dldrho=28.0181	spline_length=22.3181	converged=0
3	BSMPT_BOUNCE_CERT	path_deformation	T=172.949	best_relative_error=0.548725	iterations=21	converged_without_1d=0
3	BSMPT_BOUNCE_CERT	path_check	T=172.949	max_relative_error=0.999974	max_force=136.193	max_gradient=142.471	max_perpendicular_gradient=136.197	max_dldrho=28.0181	spline_length=22.3181	converged=0
3	BSMPT_BOUNCE_CERT	path_deformation	T=172.949	best_relative_error=0.956226	iterations=21	converged_without_1d=0
3	BSMPT_BOUNCE_CERT	path_check	T=172.949	max_relative_error=1.00005	max_force=170.362	max_gradient=174.841	max_perpendicular_gradient=170.352	max_dldrho=28.0185	spline_length=22.3181	converged=0
3	BSMPT_BOUNCE_CERT	path_deformation	T=172.949	best_relative_error=0.93749	iterations=21	converged_without_1d=0
3	BSMPT_BOUNCE_CERT	path_check	T=172.949	max_relative_error=1.00001	max_force=1165.22	max_gradient=1165.74	max_perpendicular_gradient=1165.21	max_dldrho=28.0187	spline_length=22.3181	converged=0
3	BSMPT_BOUNCE_CERT	path_deformation	T=172.949	best_relative_error=0.997856	iterations=21	converged_without_1d=0
3	BSMPT_BOUNCE_CERT	path_check	T=172.949	max_relative_error=1.00001	max_force=1601.02	max_gradient=1601.39	max_perpendicular_gradient=1601	max_dldrho=28.0494	spline_length=22.3183	converged=0
3	BSMPT_BOUNCE_CERT	path_deformation	T=172.949	best_relative_error=0.989865	iterations=21	converged_without_1d=0
3	BSMPT_BOUNCE_CERT	path_check	T=172.949	max_relative_error=0.999999	max_force=346.299	max_gradient=348.235	max_perpendicular_gradient=346.298	max_dldrho=28.0771	spline_length=22.3188	converged=0
3	BSMPT_BOUNCE_CERT	path_deformation	T=172.949	best_relative_error=0.0337567	iterations=0	converged_without_1d=1
3	BSMPT_BOUNCE_CERT	path_check	T=172.949	max_relative_error=1.00013	max_force=49.9518	max_gradient=76.0943	max_perpendicular_gradient=49.9442	max_dldrho=27.9456	spline_length=22.2832	converged=0
3	BSMPT_BOUNCE_CERT	path_deformation	T=172.949	best_relative_error=0.655993	iterations=21	converged_without_1d=0
3	BSMPT_BOUNCE_CERT	path_check	T=172.949	max_relative_error=0.99998	max_force=160.028	max_gradient=164.697	max_perpendicular_gradient=160.031	max_dldrho=27.9456	spline_length=22.2831	converged=0
3	BSMPT_BOUNCE_CERT	path_deformation	T=172.949	best_relative_error=0.962308	iterations=21	converged_without_1d=0
3	BSMPT_BOUNCE_CERT	path_check	T=172.949	max_relative_error=1.00002	max_force=1318.59	max_gradient=1319	max_perpendicular_gradient=1318.55	max_dldrho=27.9462	spline_length=22.283	converged=0
3	BSMPT_BOUNCE_CERT	path_deformation	T=172.949	best_relative_error=0.996988	iterations=21	converged_without_1d=0
3	BSMPT_BOUNCE_CERT	path_check	T=172.949	max_relative_error=1.00002	max_force=987.196	max_gradient=987.786	max_perpendicular_gradient=987.169	max_dldrho=27.9856	spline_length=22.2824	converged=0
3	BSMPT_BOUNCE_CERT	path_deformation	T=172.949	best_relative_error=0.996968	iterations=21	converged_without_1d=0
3	BSMPT_BOUNCE_CERT	path_check	T=172.949	max_relative_error=1	max_force=629.169	max_gradient=630.142	max_perpendicular_gradient=629.162	max_dldrho=27.9679	spline_length=22.2826	converged=0
3	BSMPT_BOUNCE_CERT	path_deformation	T=172.949	best_relative_error=0.96779	iterations=21	converged_without_1d=0
3	BSMPT_BOUNCE_CERT	path_check	T=172.949	max_relative_error=1.00002	max_force=630.123	max_gradient=631.083	max_perpendicular_gradient=630.103	max_dldrho=27.9546	spline_length=22.2829	converged=0
3	BSMPT_BOUNCE_CERT	path_deformation	T=172.949	best_relative_error=0.967974	iterations=21	converged_without_1d=0
3	BSMPT_BOUNCE_CERT	path_check	T=172.949	max_relative_error=1	max_force=630.576	max_gradient=631.554	max_perpendicular_gradient=630.569	max_dldrho=27.987	spline_length=22.2873	converged=0
3	BSMPT_BOUNCE_CERT	path_check	T=172.95	max_relative_error=1.00013	max_force=50.9438	max_gradient=75.9282	max_perpendicular_gradient=50.9361	max_dldrho=27.8722	spline_length=22.248	converged=0
3	BSMPT_BOUNCE_CERT	path_deformation	T=172.95	best_relative_error=0.670478	iterations=21	converged_without_1d=0
3	BSMPT_BOUNCE_CERT	path_check	T=172.95	max_relative_error=0.999981	max_force=163.335	max_gradient=167.655	max_perpendicular_gradient=163.338	max_dldrho=27.8722	spline_length=22.248	converged=0
3	BSMPT_BOUNCE_CERT	path_deformation	T=172.95	best_relative_error=0.958526	iterations=21	converged_without_1d=0
3	BSMPT_BOUNCE_CERT	path_check	T=172.95	max_relative_error=1.00002	max_force=1267.21	max_gradient=1267.62	max_perpendicular_gradient=1267.17	max_dldrho=27.8727	spline_length=22.2481	converged=0
3	BSMPT_BOUNCE_CERT	path_deformation	T=172.95	best_relative_error=0.997472	iterations=21	converged_without_1d=0
3	BSMPT_BOUNCE_CERT	path_check	T=172.95	max_relative_error=1.00002	max_force=1153.68	max_gradient=1154.16	max_perpendicular_gradient=1153.65	max_dldrho=27.9091	spline_length=22.2473	converged=0
3	BSMPT_BOUNCE_CERT	path_deformation	T=172.95	best_relative_error=0.998042	iterations=21	converged_without_1d=0
3	BSMPT_BOUNCE_CERT	path_check	T=172.95	max_relative_error=1.00002	max_force=1634.34	max_gradient=1634.65	max_perpendicular_gradient=1634.3	max_dldrho=27.9027	spline_length=22.2473	converged=0
3	BSMPT_BOUNCE_CERT	path_deformation	T=172.95	best_relative_error=0.987417	iterations=21	converged_without_1d=0
3	BSMPT_BOUNCE_CERT	path_check	T=172.95	max_relative_error=1.00003	max_force=286.946	max_gradient=289.153	max_perpendicular_gradient=286.933	max_dldrho=27.9333	spline_length=22.2458	converged=0
3	BSMPT_BOUNCE_CERT	path_deformation	T=172.95	best_relative_error=0.0505172	iterations=21	converged_without_1d=0
3	BSMPT_BOUNCE_CERT	path_check	T=172.95	max_relative_error=0.999935	max_force=72.0308	max_gradient=88.5934	max_perpendicular_gradient=72.0355	max_dldrho=27.874	spline_length=22.248	converged=0
3	BSMPT_BOUNCE_CERT	path_check	T=172.95	max_relative_error=1.00023	max_force=23.4064	max_gradient=65.1944	max_perpendicular_gradient=23.3996	max_dldrho=27.7975	spline_length=22.213	converged=0
3	BSMPT_BOUNCE_CERT	path_deformation	T=172.95	best_relative_error=0.361358	iterations=21	converged_without_1d=0
3	BSMPT_BOUNCE_CERT	path_check	T=172.95	max_relative_error=0.999955	max_force=91.7451	max_gradient=102.229	max_perpendicular_gradient=91.7494	max_dldrho=27.7975	spline_length=22.2126	converged=0
3	BSMPT_BOUNCE_CERT	path_deformation	T=172.95	best_relative_error=0.897374	iterations=21	converged_without_1d=0
3	BSMPT_BOUNCE_CERT	path_check	T=172.95	max_relative_error=1.00004	max_force=194.602	max_gradient=197.824	max_perpendicular_gradient=194.592	max_dldrho=27.7977	spline_length=22.2125	converged=0
3	BSMPT_BOUNCE_CERT	path_deformation	T=172.95	best_relative_error=0.827304	iterations=21	converged_without_1d=0
3	BSMPT_BOUNCE_CERT	path_check	T=172.95	max_relative_error=1.00001	max_force=852.043	max_gradient=852.677	max_perpendicular_gradient=852.031	max_dldrho=27.7984	spline_length=22.2123	converged=0
3	BSMPT_BOUNCE_CERT	path_deformation	T=172.95	best_relative_error=0.994904	iterations=21	converged_without_1d=0
3	BSMPT_BOUNCE_CERT	path_check	T=172.95	max_relative_error=1.00002	max_force=662.681	max_gradient=663.498	max_perpendicular_gradient=662.661	max_dldrho=27.8143	spline_length=22.2126	converged=0
3	BSMPT_BOUNCE_CERT	path_deformation	T=172.95	best_relative_error=0.979941	iterations=21	converged_without_1d=0
3	BSMPT_BOUNCE_CERT	path_check	T=172.95	max_relative_error=1	max_force=645.689	max_gradient=646.543	max_perpendicular_gradient=645.681	max_dldrho=27.8077	spline_length=22.2126	converged=0
3	BSMPT_BOUNCE_CERT	path_deformation	T=172.95	best_relative_error=0.976316	iterations=21	converged_without_1d=0
3	BSMPT_BOUNCE_CERT	path_check	T=172.95	max_relative_error=1.00002	max_force=638.186	max_gradient=639.036	max_perpendicular_gradient=638.166	max_dldrho=27.8072	spline_length=22.2123	converged=0
3	BSMPT_BOUNCE_CERT	path_check	T=172.923	max_relative_error=1.00011	max_force=47.8561	max_gradient=115.532	max_perpendicular_gradient=47.8468	max_dldrho=30.6536	spline_length=23.5507	converged=0
3	BSMPT_BOUNCE_CERT	path_deformation	T=172.923	best_relative_error=0.414072	iterations=21	converged_without_1d=0
3	BSMPT_BOUNCE_CERT	path_check	T=172.923	max_relative_error=0.99995	max_force=92.2692	max_gradient=136.067	max_perpendicular_gradient=92.2757	max_dldrho=30.6537	spline_length=23.7352	converged=0
3	BSMPT_BOUNCE_CERT	path_deformation	T=172.923	best_relative_error=0.678289	iterations=21	converged_without_1d=0
3	BSMPT_BOUNCE_CERT	path_check	T=172.923	max_relative_error=1.00005	max_force=139.072	max_gradient=168.071	max_perpendicular_gradient=139.061	max_dldrho=30.6538	spline_length=23.7353	converged=0
3	BSMPT_BOUNCE_CERT	path_deformation	T=172.923	best_relative_error=0.827134	iterations=21	converged_without_1d=0
3	BSMPT_BOUNCE_CERT	path_check	T=172.923	max_relative_error=0.999972	max_force=143.055	max_gradient=171.197	max_perpendicular_gradient=143.061	max_dldrho=30.654	spline_length=23.7353	converged=0
3	BSMPT_BOUNCE_CERT	path_deformation	T=172.923	best_relative_error=0.830195	iterations=21	converged_without_1d=0
3	BSMPT_BOUNCE_CERT	path_check	T=172.923	max_relative_error=1.00002	max_force=1268.02	max_gradient=1270.65	max_perpendicular_gradient=1267.99	max_dldrho=30.654	spline_length=23.7354	converged=0
3	BSMPT_BOUNCE_CERT	path_deformation	T=172.923	best_relative_error=0.988953	iterations=21	converged_without_1d=0
3	BSMPT_BOUNCE_CERT	path_check	T=172.923	max_relative_error=1.00002	max_force=1544.85	max_gradient=1547	max_perpendicular_gradient=1544.81	max_dldrho=30.6879	spline_length=23.7393	converged=0
3	BSMPT_BOUNCE_CERT	path_deformation	T=172.923	best_relative_error=0.977021	iterations=21	converged_without_1d=0
3	BSMPT_BOUNCE_CERT	path_check	T=172.923	max_relative_error=1.00002	max_force=664.314	max_gradient=669.486	max_perpendicular_gradient=664.293	max_dldrho=30.7045	spline_length=23.741	converged=0
3	BSMPT_BOUNCE_CERT	path_check	T=172.927	max_relative_error=1.0001	max_force=56.1677	max_gradient=111.931	max_perpendicular_gradient=56.1585	max_dldrho=30.3906	spline_length=23.3027	converged=0
3	BSMPT_BOUNCE_CERT	path_deformation	T=172.927	best_relative_error=0.502029	iterations=21	converged_without_1d=0
3	BSMPT_BOUNCE_CERT	path_check	T=172.927	max_relative_error=0.99996	max_force=111.893	max_gradient=143.226	max_perpendicular_gradient=111.899	max_dldrho=30.3905	spline_length=23.6176	converged=0
3	BSMPT_BOUNCE_CERT	path_deformation	T=172.927	best_relative_error=0.781623	iterations=21	converged_without_1d=0
3	BSMPT_BOUNCE_CERT	path_check	T=172.927	max_relative_error=1.00005	max_force=153.293	max_gradient=175.13	max_perpendicular_gradient=153.282	max_dldrho=30.3908	spline_length=23.6176	converged=0
3	BSMPT_BOUNCE_CERT	path_deformation	T=172.927	best_relative_error=0.840609	iterations=21	converged_without_1d=0
3	BSMPT_BOUNCE_CERT	path_check	T=172.927	max_relative_error=1.00001	max_force=1230.73	max_gradient=1232.97	max_perpendicular_gradient=1230.72	max_dldrho=30.391	spline_length=23.6174	converged=0
3	BSMPT_BOUNCE_CERT	path_deformation	T=172.927	best_relative_error=0.99163	iterations=21	converged_without_1d=0
3	BSMPT_BOUNCE_CERT	path_check	T=172.927	max_relative_error=1.00001	max_force=1685.39	max_gradient=1687.02	max_perpendicular_gradient=1685.36	max_dldrho=30.4229	spline_length=23.6195	converged=0
3	BSMPT_BOUNCE_CERT	path_deformation	T=172.927	best_relative_error=0.962123	iterations=21	converged_without_1d=0
3	BSMPT_BOUNCE_CERT	path_check	T=172.927	max_relative_error=0.999998	max_force=378.335	max_gradient=386.087	max_perpendicular_gradient=378.336	max_dldrho=30.4511	spline_length=23.6215	converged=0
3	BSMPT_BOUNCE_CERT	path_deformation	T=172.927	best_relative_error=0.0552247	iterations=21	converged_without_1d=0
3	BSMPT_BOUNCE_CERT	path_check	T=172.927	max_relative_error=1.00007	max_force=81.4677	max_gradient=124.07	max_perpendicular_gradient=81.4578	max_dldrho=30.3935	spline_length=23.6175	converged=0
3	BSMPT_BOUNCE_CERT	path_check	T=172.931	max_relative_error=1.00009	max_force=64.4423	max_gradient=109.201	max_perpendicular_gradient=64.4332	max_dldrho=30.0654	spline_length=23.0472	converged=0
3	BSMPT_BOUNCE_CERT	path_deformation	T=172.931	best_relative_error=0.590302	iterations=21	converged_without_1d=0
3	BSMPT_BOUNCE_CERT	path_check	T=172.931	max_relative_error=0.999967	max_force=130.971	max_gradient=152.839	max_perpendicular_gradient=130.976	max_dldrho=30.0655	spline_length=23.4413	converged=0
3	BSMPT_BOUNCE_CERT	path_deformation	T=172.931	best_relative_error=0.857447	iterations=21	converged_without_1d=0
3	BSMPT_BOUNCE_CERT	path_check	T=172.931	max_relative_error=1.00005	max_force=157.738	max_gradient=175.088	max_perpendicular_gradient=157.727	max_dldrho=30.0657	spline_length=23.4413	converged=0
3	BSMPT_BOUNCE_CERT	path_deformation	T=172.931	best_relative_error=0.864288	iterations=21	converged_without_1d=0
3	BSMPT_BOUNCE_CERT	path_check	T=172.931	max_relative_error=1.00001	max_force=1239.96	max_gradient=1241.75	max_perpendicular_gradient=1239.94	max_dldrho=30.0658	spline_length=23.4404	converged=0
3	BSMPT_BOUNCE_CERT	path_deformation	T=172.931	best_relative_error=0.993238	iterations=21	converged_without_1d=0
3	BSMPT_BOUNCE_CERT	path_check	T=172.931	max_relative_error=1.00001	max_force=1591.46	max_gradient=1592.84	max_perpendicular_gradient=1591.43	max_dldrho=30.0982	spline_length=23.4427	converged=0
3	BSMPT_BOUNCE_CERT	path_deformation	T=172.931	best_relative_error=0.979228	iterations=21	converged_without_1d=0
3	BSMPT_BOUNCE_CERT	path_check	T=172.931	max_relative_error=1	max_force=520.088	max_gradient=524.547	max_perpendicular_gradient=520.086	max_dldrho=30.1195	spline_length=23.4426	converged=0
3	BSMPT_BOUNCE_CERT	path_deformation	T=172.931	best_relative_error=0.603791	iterations=21	converged_without_1d=0
3	BSMPT_BOUNCE_CERT	path_check	T=172.931	max_relative_error=1.00002	max_force=493.094	max_gradient=497.787	max_perpendicular_gradient=493.076	max_dldrho=30.0711	spline_length=23.4415	converged=0
3	BSMPT_BOUNCE_CERT	path_check	T=172.936	max_relative_error=1.00039	max_force=11.5406	max_gradient=86.8457	max_perpendicular_gradient=11.5321	max_dldrho=29.6762	spline_length=23.2364	converged=0
3	BSMPT_BOUNCE_CERT	path_deformation	T=172.936	best_relative_error=0.132824	iterations=21	converged_without_1d=0
3	BSMPT_BOUNCE_CERT	path_check	T=172.936	max_relative_error=0.999841	max_force=32.8124	max_gradient=90.4446	max_perpendicular_gradient=32.8191	max_dldrho=29.6763	spline_length=23.2147	converged=0
3	BSMPT_BOUNCE_CERT	path_deformation	T=172.936	best_relative_error=0.36262	iterations=21	converged_without_1d=0
3	BSMPT_BOUNCE_CERT	path_check	T=172.936	max_relative_error=1.00008	max_force=88.1671	max_gradient=115.317	max_perpendicular_gradient=88.1577	max_dldrho=29.6757	spline_length=23.2122	converged=0
3	BSMPT_BOUNCE_CERT	path_deformation	T=172.936	best_relative_error=0.765487	iterations=21	converged_without_1d=0
3	BSMPT_BOUNCE_CERT	path_check	T=172.936	max_relative_error=0.999982	max_force=166.933	max_gradient=178.572	max_perpendicular_gradient=166.937	max_dldrho=29.6768	spline_length=23.2149	converged=0
3	BSMPT_BOUNCE_CERT	path_deformation	T=172.936	best_relative_error=0.879896	iterations=21	converged_without_1d=0
3	BSMPT_BOUNCE_CERT	path_check	T=172.936	max_relative_error=1.00002	max_force=1192.11	max_gradient=1193.43	max_perpendicular_gradient=1192.07	max_dldrho=29.6767	spline_length=23.2128	converged=0
3	BSMPT_BOUNCE_CERT	path_deformation	T=172.936	best_relative_error=0.994925	iterations=21	converged_without_1d=0
3	BSMPT_BOUNCE_CERT	path_check	T=172.936	max_relative_error=1.00002	max_force=1751.63	max_gradient=1752.51	max_perpendicular_gradient=1751.58	max_dldrho=29.7077	spline_length=23.2122	converged=0
3	BSMPT_BOUNCE_CERT	path_deformation	T=172.936	best_relative_error=0.955507	iterations=21	converged_without_1d=0
3	BSMPT_BOUNCE_CERT	path_check	T=172.936	max_relative_error=1.00004	max_force=235.122	max_gradient=242.863	max_perpendicular_gradient=235.109	max_dldrho=29.7434	spline_length=23.2035	converged=0
3	BSMPT_BOUNCE_CERT	path_check	T=172.94	max_relative_error=1.00023	max_force=20.5574	max_gradient=81.1107	max_perpendicular_gradient=20.5492	max_dldrho=29.2212	spline_length=22.9551	converged=0
3	BSMPT_BOUNCE_CERT	path_deformation	T=172.94	best_relative_error=0.253298	iterations=21	converged_without_1d=0
3	BSMPT_BOUNCE_CERT	path_check	T=172.94	max_relative_error=0.999918	max_force=62.9943	max_gradient=95.6923	max_perpendicular_gradient=63.0002	max_dldrho=29.2211	spline_length=22.9503	converged=0
3	BSMPT_BOUNCE_CERT	path_deformation	T=172.94	best_relative_error=0.65844	iterations=21	converged_without_1d=0
3	BSMPT_BOUNCE_CERT	path_check	T=172.94	max_relative_error=1.00005	max_force=154.087	max_gradient=164.353	max_perpendicular_gradient=154.077	max_dldrho=29.2205	spline_length=22.9501	converged=0
3	BSMPT_BOUNCE_CERT	path_deformation	T=172.94	best_relative_error=0.937719	iterations=21	converged_without_1d=0
3	BSMPT_BOUNCE_CERT	path_check	T=172.94	max_relative_error=0.999977	max_force=155.109	max_gradient=165.324	max_perpendicular_gradient=155.113	max_dldrho=29.2209	spline_length=22.9502	converged=0
3	BSMPT_BOUNCE_CERT	path_deformation	T=172.94	best_relative_error=0.936734	iterations=21	converged_without_1d=0
3	BSMPT_BOUNCE_CERT	path_check	T=172.94	max_relative_error=1.00002	max_force=1384.21	max_gradient=1385.08	max_perpendicular_gradient=1384.18	max_dldrho=29.221	spline_length=22.9501	converged=0
3	BSMPT_BOUNCE_CERT	path_deformation	T=172.94	best_relative_error=0.993532	iterations=21	converged_without_1d=0
3	BSMPT_BOUNCE_CERT	path_check	T=172.94	max_relative_error=1.00002	max_force=933.391	max_gradient=934.727	max_perpendicular_gradient=933.364	max_dldrho=29.263	spline_length=22.9498	converged=0
3	BSMPT_BOUNCE_CERT	path_deformation	T=172.94	best_relative_error=0.99147	iterations=21	converged_without_1d=0
3	BSMPT_BOUNCE_CERT	path_check	T=172.94	max_relative_error=1.00001	max_force=672.114	max_gradient=674.017	max_perpendicular_gradient=672.106	max_dldrho=29.2408	spline_length=22.9502	converged=0
3	BSMPT_BOUNCE_CERT	path_check	T=172.944	max_relative_error=1.00019	max_force=29.6275	max_gradient=76.3469	max_perpendicular_gradient=29.6193	max_dldrho=28.6936	spline_length=22.6609	converged=0
3	BSMPT_BOUNCE_CERT	path_deformation	T=172.944	best_relative_error=0.387913	iterations=21	converged_without_1d=0
3	BSMPT_BOUNCE_CERT	path_check	T=172.944	max_relative_error=0.999955	max_force=96.6705	max_gradient=112.26	max_perpendicular_gradient=96.6754	max_dldrho=28.6935	spline_length=22.6602	converged=0
3	BSMPT_BOUNCE_CERT	path_deformation	T=172.944	best_relative_error=0.86109	iterations=21	converged_without_1d=0
3	BSMPT_BOUNCE_CERT	path_check	T=172.944	max_relative_error=1.00005	max_force=183.627	max_gradient=189.648	max_perpendicular_gradient=183.616	max_dldrho=28.6938	spline_length=22.6603	converged=0
3	BSMPT_BOUNCE_CERT	path_deformation	T=172.944	best_relative_error=0.853522	iterations=21	converged_without_1d=0
3	BSMPT_BOUNCE_CERT	path_check	T=172.944	max_relative_error=1.00001	max_force=991.604	max_gradient=992.533	max_perpendicular_gradient=991.59	max_dldrho=28.6943	spline_length=22.6602	converged=0
3	BSMPT_BOUNCE_CERT	path_deformation	T=172.944	best_relative_error=0.995149	iterations=21	converged_without_1d=0
3	BSMPT_BOUNCE_CERT	path_check	T=172.944	max_relative_error=1.00002	max_force=643.551	max_gradient=644.997	max_perpendicular_gradient=643.531	max_dldrho=28.7157	spline_length=22.6604	converged=0
3	BSMPT_BOUNCE_CERT	path_deformation	T=172.944	best_relative_error=0.954674	iterations=21	converged_without_1d=0
3	BSMPT_BOUNCE_CERT	path_check	T=172.944	max_relative_error=1.00001	max_force=640.714	max_gradient=642.18	max_perpendicular_gradient=640.708	max_dldrho=28.7029	spline_length=22.6603	converged=0
3	BSMPT_BOUNCE_CERT	path_deformation	T=172.944	best_relative_error=0.953291	iterations=21	converged_without_1d=0
3	BSMPT_BOUNCE_CERT	path_check	T=172.944	max_relative_error=1.00002	max_force=639.104	max_gradient=640.559	max_perpendicular_gradient=639.083	max_dldrho=28.7028	spline_length=22.6603	converged=0
3	BSMPT_BOUNCE_CERT	path_check	T=172.949	max_relative_error=1.00013	max_force=49.9518	max_gradient=76.0943	max_perpendicular_gradient=49.9442	max_dldrho=27.9456	spline_length=22.2832	converged=0
3	BSMPT_BOUNCE_CERT	path_deformation	T=172.949	best_relative_error=0.655993	iterations=21	converged_without_1d=0
3	BSMPT_BOUNCE_CERT	path_check	T=172.949	max_relative_error=0.99998	max_force=160.028	max_gradient=164.697	max_perpendicular_gradient=160.031	max_dldrho=27.9456	spline_length=22.2831	converged=0
3	BSMPT_BOUNCE_CERT	path_deformation	T=172.949	best_relative_error=0.962308	iterations=21	converged_without_1d=0
3	BSMPT_BOUNCE_CERT	path_check	T=172.949	max_relative_error=1.00002	max_force=1318.59	max_gradient=1319	max_perpendicular_gradient=1318.55	max_dldrho=27.9462	spline_length=22.283	converged=0
3	BSMPT_BOUNCE_CERT	path_deformation	T=172.949	best_relative_error=0.996988	iterations=21	converged_without_1d=0
3	BSMPT_BOUNCE_CERT	path_check	T=172.949	max_relative_error=1.00002	max_force=987.196	max_gradient=987.786	max_perpendicular_gradient=987.169	max_dldrho=27.9856	spline_length=22.2824	converged=0
3	BSMPT_BOUNCE_CERT	path_deformation	T=172.949	best_relative_error=0.996968	iterations=21	converged_without_1d=0
3	BSMPT_BOUNCE_CERT	path_check	T=172.949	max_relative_error=1	max_force=629.169	max_gradient=630.142	max_perpendicular_gradient=629.162	max_dldrho=27.9679	spline_length=22.2826	converged=0
3	BSMPT_BOUNCE_CERT	path_deformation	T=172.949	best_relative_error=0.96779	iterations=21	converged_without_1d=0
3	BSMPT_BOUNCE_CERT	path_check	T=172.949	max_relative_error=1.00002	max_force=630.123	max_gradient=631.083	max_perpendicular_gradient=630.103	max_dldrho=27.9546	spline_length=22.2829	converged=0
3	BSMPT_BOUNCE_CERT	path_deformation	T=172.949	best_relative_error=0.967974	iterations=21	converged_without_1d=0
3	BSMPT_BOUNCE_CERT	path_check	T=172.949	max_relative_error=1	max_force=630.576	max_gradient=631.554	max_perpendicular_gradient=630.569	max_dldrho=27.987	spline_length=22.2873	converged=0
3	BSMPT_BOUNCE_CERT	path_check	T=172.95	max_relative_error=1.00013	max_force=50.9438	max_gradient=75.9282	max_perpendicular_gradient=50.9361	max_dldrho=27.8722	spline_length=22.248	converged=0
3	BSMPT_BOUNCE_CERT	path_deformation	T=172.95	best_relative_error=0.670478	iterations=21	converged_without_1d=0
3	BSMPT_BOUNCE_CERT	path_check	T=172.95	max_relative_error=0.999981	max_force=163.335	max_gradient=167.655	max_perpendicular_gradient=163.338	max_dldrho=27.8722	spline_length=22.248	converged=0
3	BSMPT_BOUNCE_CERT	path_deformation	T=172.95	best_relative_error=0.958526	iterations=21	converged_without_1d=0
3	BSMPT_BOUNCE_CERT	path_check	T=172.95	max_relative_error=1.00002	max_force=1267.21	max_gradient=1267.62	max_perpendicular_gradient=1267.17	max_dldrho=27.8727	spline_length=22.2481	converged=0
3	BSMPT_BOUNCE_CERT	path_deformation	T=172.95	best_relative_error=0.997472	iterations=21	converged_without_1d=0
3	BSMPT_BOUNCE_CERT	path_check	T=172.95	max_relative_error=1.00002	max_force=1153.68	max_gradient=1154.16	max_perpendicular_gradient=1153.65	max_dldrho=27.9091	spline_length=22.2473	converged=0
3	BSMPT_BOUNCE_CERT	path_deformation	T=172.95	best_relative_error=0.998042	iterations=21	converged_without_1d=0
3	BSMPT_BOUNCE_CERT	path_check	T=172.95	max_relative_error=1.00002	max_force=1634.34	max_gradient=1634.65	max_perpendicular_gradient=1634.3	max_dldrho=27.9027	spline_length=22.2473	converged=0
3	BSMPT_BOUNCE_CERT	path_deformation	T=172.95	best_relative_error=0.987417	iterations=21	converged_without_1d=0
3	BSMPT_BOUNCE_CERT	path_check	T=172.95	max_relative_error=1.00003	max_force=286.946	max_gradient=289.153	max_perpendicular_gradient=286.933	max_dldrho=27.9333	spline_length=22.2458	converged=0
3	BSMPT_BOUNCE_CERT	path_deformation	T=172.95	best_relative_error=0.0505172	iterations=21	converged_without_1d=0
3	BSMPT_BOUNCE_CERT	path_check	T=172.95	max_relative_error=0.999935	max_force=72.0308	max_gradient=88.5934	max_perpendicular_gradient=72.0355	max_dldrho=27.874	spline_length=22.248	converged=0
3	BSMPT_BOUNCE_CERT	path_check	T=172.95	max_relative_error=1.00023	max_force=23.4075	max_gradient=65.1954	max_perpendicular_gradient=23.4008	max_dldrho=27.7975	spline_length=22.213	converged=0
3	BSMPT_BOUNCE_CERT	path_deformation	T=172.95	best_relative_error=0.361372	iterations=21	converged_without_1d=0
3	BSMPT_BOUNCE_CERT	path_check	T=172.95	max_relative_error=0.999954	max_force=91.745	max_gradient=102.243	max_perpendicular_gradient=91.7493	max_dldrho=27.7975	spline_length=22.2127	converged=0
3	BSMPT_BOUNCE_CERT	path_deformation	T=172.95	best_relative_error=0.897387	iterations=21	converged_without_1d=0
3	BSMPT_BOUNCE_CERT	path_check	T=172.95	max_relative_error=1.00004	max_force=194.576	max_gradient=197.808	max_perpendicular_gradient=194.565	max_dldrho=27.7977	spline_length=22.2125	converged=0
3	BSMPT_BOUNCE_CERT	path_deformation	T=172.95	best_relative_error=0.827373	iterations=21	converged_without_1d=0
3	BSMPT_BOUNCE_CERT	path_check	T=172.95	max_relative_error=1.00001	max_force=852.173	max_gradient=852.812	max_perpendicular_gradient=852.161	max_dldrho=27.7984	spline_length=22.2127	converged=0
3	BSMPT_BOUNCE_CERT	path_deformation	T=172.95	best_relative_error=0.994909	iterations=21	converged_without_1d=0
3	BSMPT_BOUNCE_CERT	path_check	T=172.95	max_relative_error=1.00002	max_force=662.67	max_gradient=663.489	max_perpendicular_gradient=662.65	max_dldrho=27.8143	spline_length=22.2127	converged=0
3	BSMPT_BOUNCE_CERT	path_deformation	T=172.95	best_relative_error=0.979909	iterations=21	converged_without_1d=0
3	BSMPT_BOUNCE_CERT	path_check	T=172.95	max_relative_error=1	max_force=645.689	max_gradient=646.543	max_perpendicular_gradient=645.681	max_dldrho=27.8077	spline_length=22.2126	converged=0
3	BSMPT_BOUNCE_CERT	path_deformation	T=172.95	best_relative_error=0.976278	iterations=21	converged_without_1d=0
3	BSMPT_BOUNCE_CERT	path_check	T=172.95	max_relative_error=1.00002	max_force=638.187	max_gradient=639.042	max_perpendicular_gradient=638.167	max_dldrho=27.8071	spline_length=22.2125	converged=0
3	BSMPT_BOUNCE_CERT	path_check	T=172.933	max_relative_error=1.00009	max_force=68.6027	max_gradient=108.213	max_perpendicular_gradient=68.5936	max_dldrho=29.8791	spline_length=22.9151	converged=0
3	BSMPT_BOUNCE_CERT	path_deformation	T=172.933	best_relative_error=0.634028	iterations=21	converged_without_1d=0
3	BSMPT_BOUNCE_CERT	path_check	T=172.933	max_relative_error=0.999974	max_force=140.072	max_gradient=158.211	max_perpendicular_gradient=140.077	max_dldrho=29.8791	spline_length=23.3336	converged=0
3	BSMPT_BOUNCE_CERT	path_deformation	T=172.933	best_relative_error=0.885342	iterations=21	converged_without_1d=0
3	BSMPT_BOUNCE_CERT	path_check	T=172.933	max_relative_error=1.00005	max_force=156.665	max_gradient=172.39	max_perpendicular_gradient=156.655	max_dldrho=29.8793	spline_length=23.3333	converged=0
3	BSMPT_BOUNCE_CERT	path_deformation	T=172.933	best_relative_error=0.884678	iterations=21	converged_without_1d=0
3	BSMPT_BOUNCE_CERT	path_check	T=172.933	max_relative_error=1.00001	max_force=1281.22	max_gradient=1282.77	max_perpendicular_gradient=1281.2	max_dldrho=29.8794	spline_length=23.3326	converged=0
3	BSMPT_BOUNCE_CERT	path_deformation	T=172.933	best_relative_error=0.993361	iterations=21	converged_without_1d=0
3	BSMPT_BOUNCE_CERT	path_check	T=172.933	max_relative_error=1.00001	max_force=1384.09	max_gradient=1385.52	max_perpendicular_gradient=1384.07	max_dldrho=29.9142	spline_length=23.3347	converged=0
3	BSMPT_BOUNCE_CERT	path_deformation	T=172.933	best_relative_error=0.991025	iterations=21	converged_without_1d=0
3	BSMPT_BOUNCE_CERT	path_check	T=172.933	max_relative_error=1.00001	max_force=1017.16	max_gradient=1019.14	max_perpendicular_gradient=1017.15	max_dldrho=29.9201	spline_length=23.335	converged=0
3	BSMPT_BOUNCE_CERT	path_deformation	T=172.933	best_relative_error=0.990315	iterations=21	converged_without_1d=0
3	BSMPT_BOUNCE_CERT	path_check	T=172.933	max_relative_error=1.00002	max_force=662.041	max_gradient=665.115	max_perpendicular_gradient=662.02	max_dldrho=29.9011	spline_length=23.3344	converged=0
3	BSMPT_BOUNCE_CERT	path_check	T=172.933	max_relative_error=1.00009	max_force=68.6027	max_gradient=108.213	max_perpendicular_gradient=68.5936	max_dldrho=29.8791	spline_length=22.9151	converged=0
3	BSMPT_BOUNCE_CERT	path_deformation	T=172.933	best_relative_error=0.634028	iterations=21	converged_without_1d=0
3	BSMPT_BOUNCE_CERT	path_check	T=172.933	max_relative_error=0.999974	max_force=140.072	max_gradient=158.211	max_perpendicular_gradient=140.077	max_dldrho=29.8791	spline_length=23.3336	converged=0
3	BSMPT_BOUNCE_CERT	path_deformation	T=172.933	best_relative_error=0.885342	iterations=21	converged_without_1d=0
3	BSMPT_BOUNCE_CERT	path_check	T=172.933	max_relative_error=1.00005	max_force=156.665	max_gradient=172.39	max_perpendicular_gradient=156.655	max_dldrho=29.8793	spline_length=23.3333	converged=0
3	BSMPT_BOUNCE_CERT	path_deformation	T=172.933	best_relative_error=0.884678	iterations=21	converged_without_1d=0
3	BSMPT_BOUNCE_CERT	path_check	T=172.933	max_relative_error=1.00001	max_force=1281.22	max_gradient=1282.77	max_perpendicular_gradient=1281.2	max_dldrho=29.8794	spline_length=23.3326	converged=0
3	BSMPT_BOUNCE_CERT	path_deformation	T=172.933	best_relative_error=0.993361	iterations=21	converged_without_1d=0
3	BSMPT_BOUNCE_CERT	path_check	T=172.933	max_relative_error=1.00001	max_force=1384.09	max_gradient=1385.52	max_perpendicular_gradient=1384.07	max_dldrho=29.9142	spline_length=23.3347	converged=0
3	BSMPT_BOUNCE_CERT	path_deformation	T=172.933	best_relative_error=0.991025	iterations=21	converged_without_1d=0
3	BSMPT_BOUNCE_CERT	path_check	T=172.933	max_relative_error=1.00001	max_force=1017.16	max_gradient=1019.14	max_perpendicular_gradient=1017.15	max_dldrho=29.9201	spline_length=23.335	converged=0
3	BSMPT_BOUNCE_CERT	path_deformation	T=172.933	best_relative_error=0.990315	iterations=21	converged_without_1d=0
3	BSMPT_BOUNCE_CERT	path_check	T=172.933	max_relative_error=1.00002	max_force=662.041	max_gradient=665.115	max_perpendicular_gradient=662.02	max_dldrho=29.9011	spline_length=23.3344	converged=0
4	BSMPT_BOUNCE_CERT	path_check	T=172.961	max_relative_error=1	max_force=343.416	max_gradient=345.457	max_perpendicular_gradient=343.416	max_dldrho=28.0906	spline_length=22.3437	converged=0
4	BSMPT_BOUNCE_CERT	path_deformation	T=172.961	best_relative_error=0.0264056	iterations=0	converged_without_1d=1
4	BSMPT_BOUNCE_CERT	path_check	T=172.951	max_relative_error=1.00028	max_force=17.6268	max_gradient=82.9396	max_perpendicular_gradient=17.6189	max_dldrho=29.3777	spline_length=23.0482	converged=0
4	BSMPT_BOUNCE_CERT	path_deformation	T=172.951	best_relative_error=0.212244	iterations=21	converged_without_1d=0
4	BSMPT_BOUNCE_CERT	path_check	T=172.951	max_relative_error=0.999903	max_force=52.6833	max_gradient=92.8722	max_perpendicular_gradient=52.6894	max_dldrho=29.3778	spline_length=23.04	converged=0
4	BSMPT_BOUNCE_CERT	path_deformation	T=172.951	best_relative_error=0.567025	iterations=21	converged_without_1d=0
4	BSMPT_BOUNCE_CERT	path_check	T=172.951	max_relative_error=1.00005	max_force=135.032	max_gradient=148.61	max_perpendicular_gradient=135.022	max_dldrho=29.377	spline_length=23.0368	converged=0
4	BSMPT_BOUNCE_CERT	path_deformation	T=172.951	best_relative_error=0.90939	iterations=21	converged_without_1d=0
4	BSMPT_BOUNCE_CERT	path_check	T=172.951	max_relative_error=0.999979	max_force=165.833	max_gradient=176.006	max_perpendicular_gradient=165.836	max_dldrho=29.378	spline_length=23.0389	converged=0
4	BSMPT_BOUNCE_CERT	path_deformation	T=172.951	best_relative_error=0.898436	iterations=21	converged_without_1d=0
4	BSMPT_BOUNCE_CERT	path_check	T=172.951	max_relative_error=1.00002	max_force=1216	max_gradient=1217.11	max_perpendicular_gradient=1215.97	max_dldrho=29.378	spline_length=23.0369	converged=0
4	BSMPT_BOUNCE_CERT	path_deformation	T=172.951	best_relative_error=0.995363	iterations=21	converged_without_1d=0
4	BSMPT_BOUNCE_CERT	path_check	T=172.951	max_relative_error=1.00002	max_force=1581.33	max_gradient=1582.17	max_perpendicular_gradient=1581.29	max_dldrho=29.4105	spline_length=23.0392	converged=0
4	BSMPT_BOUNCE_CERT	path_deformation	T=172.951	best_relative_error=0.985921	iterations=21	converged_without_1d=0
4	BSMPT_BOUNCE_CERT	path_check	T=172.951	max_relative_error=1.00003	max_force=479.334	max_gradient=482.339	max_perpendicular_gradient=479.316	max_dldrho=29.4342	spline_length=23.0391	converged=0
4	BSMPT_BOUNCE_CERT	path_check	T=172.941	max_relative_error=1	max_force=408.363	max_gradient=414.696	max_perpendicular_gradient=408.363	max_dldrho=30.2898	spline_length=23.6729	converged=0
4	BSMPT_BOUNCE_CERT	path_deformation	T=172.941	best_relative_error=0.133919	iterations=21	converged_without_1d=0
4	BSMPT_BOUNCE_CERT	path_check	T=172.941	max_relative_error=1.00004	max_force=177.77	max_gradient=194.509	max_perpendicular_gradient=177.759	max_dldrho=30.2898	spline_length=23.5623	converged=0
4	BSMPT_BOUNCE_CERT	path_deformation	T=172.941	best_relative_error=0.741122	iterations=21	converged_without_1d=0
4	BSMPT_BOUNCE_CERT	path_check	T=172.941	max_relative_error=1.00001	max_force=960.515	max_gradient=963.095	max_perpendicular_gradient=960.504	max_dldrho=30.2869	spline_length=23.563	converged=0
4	BSMPT_BOUNCE_CERT	path_deformation	T=172.941	best_relative_error=0.984635	iterations=21	converged_without_1d=0
4	BSMPT_BOUNCE_CERT	path_check	T=172.941	max_relative_error=1.00002	max_force=686.62	max_gradient=690.255	max_perpendicular_gradient=686.599	max_dldrho=30.3063	spline_length=23.5637	converged=0
4	BSMPT_BOUNCE_CERT	path_deformation	T=172.941	best_relative_error=0.914602	iterations=21	converged_without_1d=0
4	BSMPT_BOUNCE_CERT	path_check	T=172.941	max_relative_error=1.00001	max_force=666.072	max_gradient=669.83	max_perpendicular_gradient=666.066	max_dldrho=30.2964	spline_length=23.5637	converged=0
4	BSMPT_BOUNCE_CERT	path_deformation	T=172.941	best_relative_error=0.897805	iterations=21	converged_without_1d=0
4	BSMPT_BOUNCE_CERT	path_check	T=172.941	max_relative_error=1.00002	max_force=654.285	max_gradient=658.098	max_perpendicular_gradient=654.264	max_dldrho=30.2958	spline_length=23.563	converged=0
4	BSMPT_BOUNCE_CERT	path_deformation	T=172.941	best_relative_error=0.885782	iterations=21	converged_without_1d=0
4	BSMPT_BOUNCE_CERT	path_check	T=172.941	max_relative_error=1.00001	max_force=646.594	max_gradient=650.465	max_perpendicular_gradient=646.589	max_dldrho=30.2955	spline_length=23.5635	converged=0
4	BSMPT_BOUNCE_CERT	path_check	T=172.931	max_relative_error=1	max_force=439.216	max_gradient=448.261	max_perpendicular_gradient=439.216	max_dldrho=30.8566	spline_length=24.2553	converged=0
4	BSMPT_BOUNCE_CERT	path_deformation	T=172.931	best_relative_error=0.187494	iterations=21	converged_without_1d=0
4	BSMPT_BOUNCE_CERT	path_check	T=172.931	max_relative_error=1.00004	max_force=240.439	max_gradient=258.063	max_perpendicular_gradient=240.426	max_dldrho=30.8567	spline_length=23.788	converged=0
4	BSMPT_BOUNCE_CERT	path_deformation	T=172.931	best_relative_error=0.216649	iterations=21	converged_without_1d=0
4	BSMPT_BOUNCE_CERT	path_check	T=172.931	max_relative_error=0.999995	max_force=296.793	max_gradient=310.772	max_perpendicular_gradient=296.796	max_dldrho=30.8537	spline_length=23.7876	converged=0
4	BSMPT_BOUNCE_CERT	path_deformation	T=172.931	best_relative_error=0.0256157	iterations=0	converged_without_1d=1
4	BSMPT_BOUNCE_CERT	path_check	T=172.963	max_relative_error=1.00012	max_force=43.8594	max_gradient=71.4155	max_perpendicular_gradient=43.8521	max_dldrho=27.7195	spline_length=22.1744	converged=0
4	BSMPT_BOUNCE_CERT	path_deformation	T=172.963	best_relative_error=0.614411	iterations=21	converged_without_1d=0
4	BSMPT_BOUNCE_CERT	path_check	T=172.963	max_relative_error=0.99998	max_force=151.888	max_gradient=156.289	max_perpendicular_gradient=151.891	max_dldrho=27.7195	spline_length=22.1749	converged=0
4	BSMPT_BOUNCE_CERT	path_deformation	T=172.963	best_relative_error=0.971742	iterations=21	converged_without_1d=0
4	BSMPT_BOUNCE_CERT	path_check	T=172.963	max_relative_error=1.00005	max_force=157.641	max_gradient=161.81	max_perpendicular_gradient=157.631	max_dldrho=27.72	spline_length=22.1751	converged=0
4	BSMPT_BOUNCE_CERT	path_deformation	T=172.963	best_relative_error=0.969595	iterations=21	converged_without_1d=0
4	BSMPT_BOUNCE_CERT	path_check	T=172.963	max_relative_error=1.00001	max_force=1351.66	max_gradient=1352.02	max_perpendicular_gradient=1351.64	max_dldrho=27.72	spline_length=22.1746	converged=0
4	BSMPT_BOUNCE_CERT	path_deformation	T=172.963	best_relative_error=0.997052	iterations=21	converged_without_1d=0
4	BSMPT_BOUNCE_CERT	path_check	T=172.963	max_relative_error=1.00001	max_force=863.387	max_gradient=863.986	max_perpendicular_gradient=863.376	max_dldrho=27.7622	spline_length=22.1755	converged=0
4	BSMPT_BOUNCE_CERT	path_deformation	T=172.963	best_relative_error=0.995419	iterations=21	converged_without_1d=0
4	BSMPT_BOUNCE_CERT	path_check	T=172.963	max_relative_error=1.00002	max_force=659.518	max_gradient=660.299	max_perpendicular_gradient=659.499	max_dldrho=27.7369	spline_length=22.1749	converged=0
4	BSMPT_BOUNCE_CERT	path_deformation	T=172.963	best_relative_error=0.980241	iterations=21	converged_without_1d=0
4	BSMPT_BOUNCE_CERT	path_check	T=172.963	max_relative_error=1.00001	max_force=643.886	max_gradient=644.698	max_perpendicular_gradient=643.88	max_dldrho=27.7296	spline_length=22.1751	converged=0
4	BSMPT_BOUNCE_CERT	path_check	T=172.963	max_relative_error=1	max_force=335.329	max_gradient=336.987	max_perpendicular_gradient=335.329	max_dldrho=27.7221	spline_length=22.1668	converged=0
4	BSMPT_BOUNCE_CERT	path_deformation	T=172.963	best_relative_error=0.0165077	iterations=0	converged_without_1d=1
4	BSMPT_BOUNCE_CERT	path_check	T=172.935	max_relative_error=1.00011	max_force=48.0536	max_gradient=115.602	max_perpendicular_gradient=48.0446	max_dldrho=30.6504	spline_length=23.5483	converged=0
4	BSMPT_BOUNCE_CERT	path_deformation	T=172.935	best_relative_error=0.415633	iterations=21	converged_without_1d=0
4	BSMPT_BOUNCE_CERT	path_check	T=172.935	max_relative_error=0.999951	max_force=92.5775	max_gradient=136.258	max_perpendicular_gradient=92.5841	max_dldrho=30.6505	spline_length=23.733	converged=0
4	BSMPT_BOUNCE_CERT	path_deformation	T=172.935	best_relative_error=0.679622	iterations=21	converged_without_1d=0
4	BSMPT_BOUNCE_CERT	path_check	T=172.935	max_relative_error=1.00005	max_force=139.192	max_gradient=168.182	max_perpendicular_gradient=139.181	max_dldrho=30.6506	spline_length=23.7328	converged=0
4	BSMPT_BOUNCE_CERT	path_deformation	T=172.935	best_relative_error=0.827333	iterations=21	converged_without_1d=0
4	BSMPT_BOUNCE_CERT	path_check	T=172.935	max_relative_error=0.999973	max_force=142.962	max_gradient=171.14	max_perpendicular_gradient=142.968	max_dldrho=30.6509	spline_length=23.733	converged=0
4	BSMPT_BOUNCE_CERT	path_deformation	T=172.935	best_relative_error=0.83023	iterations=21	converged_without_1d=0
4	BSMPT_BOUNCE_CERT	path_check	T=172.935	max_relative_error=1.00002	max_force=1268.26	max_gradient=1270.89	max_perpendicular_gradient=1268.23	max_dldrho=30.6509	spline_length=23.7331	converged=0
4	BSMPT_BOUNCE_CERT	path_deformation	T=172.935	best_relative_error=0.988941	iterations=21	converged_without_1d=0
4	BSMPT_BOUNCE_CERT	path_check	T=172.935	max_relative_error=1.00002	max_force=1542.97	max_gradient=1545.12	max_perpendicular_gradient=1542.93	max_dldrho=30.6848	spline_length=23.737	converged=0
4	BSMPT_BOUNCE_CERT	path_deformation	T=172.935	best_relative_error=0.977149	iterations=21	converged_without_1d=0
4	BSMPT_BOUNCE_CERT	path_check	T=172.935	max_relative_error=1.00002	max_force=668.138	max_gradient=673.284	max_perpendicular_gradient=668.116	max_dldrho=30.7012	spline_length=23.7386	converged=0
4	BSMPT_BOUNCE_CERT	path_check	T=172.94	max_relative_error=1.00009	max_force=56.3595	max_gradient=112.012	max_perpendicular_gradient=56.3505	max_dldrho=30.3876	spline_length=23.3004	converged=0
4	BSMPT_BOUNCE_CERT	path_deformation	T=172.94	best_relative_error=0.503496	iterations=21	converged_without_1d=0
4	BSMPT_BOUNCE_CERT	path_check	T=172.94	max_relative_error=0.99996	max_force=112.161	max_gradient=143.42	max_perpendicular_gradient=112.167	max_dldrho=30.3876	spline_length=23.6153	converged=0
4	BSMPT_BOUNCE_CERT	path_deformation	T=172.94	best_relative_error=0.782393	iterations=21	converged_without_1d=0
4	BSMPT_BOUNCE_CERT	path_check	T=172.94	max_relative_error=1.00005	max_force=153.27	max_gradient=175.117	max_perpendicular_gradient=153.259	max_dldrho=30.3879	spline_length=23.6155	converged=0
4	BSMPT_BOUNCE_CERT	path_deformation	T=172.94	best_relative_error=0.840419	iterations=21	converged_without_1d=0
4	BSMPT_BOUNCE_CERT	path_check	T=172.94	max_relative_error=1.00001	max_force=1230.36	max_gradient=1232.59	max_perpendicular_gradient=1230.34	max_dldrho=30.3881	spline_length=23.6156	converged=0
4	BSMPT_BOUNCE_CERT	path_deformation	T=172.94	best_relative_error=0.991634	iterations=21	converged_without_1d=0
4	BSMPT_BOUNCE_CERT	path_check	T=172.94	max_relative_error=1.00001	max_force=1686.42	max_gradient=1688.05	max_perpendicular_gradient=1686.39	max_dldrho=30.42	spline_length=23.618	converged=0
4	BSMPT_BOUNCE_CERT	path_deformation	T=172.94	best_relative_error=0.961831	iterations=21	converged_without_1d=0
4	BSMPT_BOUNCE_CERT	path_check	T=172.94	max_relative_error=0.999998	max_force=376.414	max_gradient=384.209	max_perpendicular_gradient=376.415	max_dldrho=30.4483	spline_length=23.62	converged=0
4	BSMPT_BOUNCE_CERT	path_deformation	T=172.94	best_relative_error=0.0511599	iterations=21	converged_without_1d=0
4	BSMPT_BOUNCE_CERT	path_check	T=172.94	max_relative_error=1.00008	max_force=75.8959	max_gradient=121.114	max_perpendicular_gradient=75.8866	max_dldrho=30.3906	spline_length=23.6152	converged=0
4	BSMPT_BOUNCE_CERT	path_check	T=172.944	max_relative_error=1.00009	max_force=64.6291	max_gradient=109.296	max_perpendicular_gradient=64.6202	max_dldrho=30.0627	spline_length=23.0449	converged=0
4	BSMPT_BOUNCE_CERT	path_deformation	T=172.944	best_relative_error=0.591581	iterations=21	converged_without_1d=0
4	BSMPT_BOUNCE_CERT	path_check	T=172.944	max_relative_error=0.999969	max_force=131.194	max_gradient=153.022	max_perpendicular_gradient=131.2	max_dldrho=30.0628	spline_length=23.4394	converged=0
4	BSMPT_BOUNCE_CERT	path_deformation	T=172.944	best_relative_error=0.857783	iterations=21	converged_without_1d=0
4	BSMPT_BOUNCE_CERT	path_check	T=172.944	max_relative_error=1.00005	max_force=157.619	max_gradient=175.004	max_perpendicular_gradient=157.608	max_dldrho=30.0629	spline_length=23.4388	converged=0
4	BSMPT_BOUNCE_CERT	path_deformation	T=172.944	best_relative_error=0.864247	iterations=21	converged_without_1d=0
4	BSMPT_BOUNCE_CERT	path_check	T=172.944	max_relative_error=1.00001	max_force=1240.35	max_gradient=1242.14	max_perpendicular_gradient=1240.33	max_dldrho=30.0631	spline_length=23.4394	converged=0
4	BSMPT_BOUNCE_CERT	path_deformation	T=172.944	best_relative_error=0.993209	iterations=21	converged_without_1d=0
4	BSMPT_BOUNCE_CERT	path_check	T=172.944	max_relative_error=1.00001	max_force=1588.96	max_gradient=1590.36	max_perpendicular_gradient=1588.94	max_dldrho=30.0955	spline_length=23.4397	converged=0
4	BSMPT_BOUNCE_CERT	path_deformation	T=172.944	best_relative_error=0.979384	iterations=21	converged_without_1d=0
4	BSMPT_BOUNCE_CERT	path_check	T=172.944	max_relative_error=1	max_force=524.655	max_gradient=529.083	max_perpendicular_gradient=524.652	max_dldrho=30.1167	spline_length=23.4418	converged=0
4	BSMPT_BOUNCE_CERT	path_deformation	T=172.944	best_relative_error=0.620377	iterations=21	converged_without_1d=0
4	BSMPT_BOUNCE_CERT	path_check	T=172.944	max_relative_error=1.00002	max_force=501.173	max_gradient=505.796	max_perpendicular_gradient=501.155	max_dldrho=30.0684	spline_length=23.4386	converged=0
4	BSMPT_BOUNCE_CERT	path_check	T=172.948	max_relative_error=1.0005	max_force=11.6106	max_gradient=86.8577	max_perpendicular_gradient=11.6026	max_dldrho=29.6737	spline_length=23.2347	converged=0
4	BSMPT_BOUNCE_CERT	path_deformation	T=172.948	best_relative_error=0.133483	iterations=21	converged_without_1d=0
4	BSMPT_BOUNCE_CERT	path_check	T=172.948	max_relative_error=0.999849	max_force=32.9675	max_gradient=90.4853	max_perpendicular_gradient=32.9743	max_dldrho=29.6738	spline_length=23.2124	converged=0
4	BSMPT_BOUNCE_CERT	path_deformation	T=172.948	best_relative_error=0.36413	iterations=21	converged_without_1d=0
4	BSMPT_BOUNCE_CERT	path_check	T=172.948	max_relative_error=1.00008	max_force=88.513	max_gradient=115.511	max_perpendicular_gradient=88.5036	max_dldrho=29.6736	spline_length=23.2114	converged=0
4	BSMPT_BOUNCE_CERT	path_deformation	T=172.948	best_relative_error=0.766698	iterations=21	converged_without_1d=0
4	BSMPT_BOUNCE_CERT	path_check	T=172.948	max_relative_error=0.999982	max_force=167.088	max_gradient=178.656	max_perpendicular_gradient=167.092	max_dldrho=29.6743	spline_length=23.213	converged=0
4	BSMPT_BOUNCE_CERT	path_deformation	T=172.948	best_relative_error=0.87974	iterations=21	converged_without_1d=0
4	BSMPT_BOUNCE_CERT	path_check	T=172.948	max_relative_error=1.00002	max_force=1191.15	max_gradient=1192.46	max_perpendicular_gradient=1191.12	max_dldrho=29.6745	spline_length=23.2132	converged=0
4	BSMPT_BOUNCE_CERT	path_deformation	T=172.948	best_relative_error=0.994922	iterations=21	converged_without_1d=0
4	BSMPT_BOUNCE_CERT	path_check	T=172.948	max_relative_error=1.00002	max_force=1757.9	max_gradient=1758.76	max_perpendicular_gradient=1757.85	max_dldrho=29.705	spline_length=23.2086	converged=0
4	BSMPT_BOUNCE_CERT	path_deformation	T=172.948	best_relative_error=0.953351	iterations=21	converged_without_1d=0
4	BSMPT_BOUNCE_CERT	path_check	T=172.948	max_relative_error=1.00004	max_force=227.056	max_gradient=235.068	max_perpendicular_gradient=227.043	max_dldrho=29.742	spline_length=23.2055	converged=0
4	BSMPT_BOUNCE_CERT	path_check	T=172.952	max_relative_error=1.0002	max_force=20.6243	max_gradient=81.1273	max_perpendicular_gradient=20.6165	max_dldrho=29.2182	spline_length=22.9535	converged=0
4	BSMPT_BOUNCE_CERT	path_deformation	T=172.952	best_relative_error=0.25392	iterations=21	converged_without_1d=0
4	BSMPT_BOUNCE_CERT	path_check	T=172.952	max_relative_error=0.999913	max_force=63.1353	max_gradient=95.7679	max_perpendicular_gradient=63.1411	max_dldrho=29.2182	spline_length=22.9485	converged=0
4	BSMPT_BOUNCE_CERT	path_deformation	T=172.952	best_relative_error=0.658499	iterations=21	converged_without_1d=0
4	BSMPT_BOUNCE_CERT	path_check	T=172.952	max_relative_error=1.00005	max_force=154.067	max_gradient=164.618	max_perpendicular_gradient=154.057	max_dldrho=29.2141	spline_length=22.9404	converged=0
4	BSMPT_BOUNCE_CERT	path_deformation	T=172.952	best_relative_error=0.937248	iterations=21	converged_without_1d=0
4	BSMPT_BOUNCE_CERT	path_check	T=172.952	max_relative_error=0.999977	max_force=154.64	max_gradient=165.043	max_perpendicular_gradient=154.644	max_dldrho=29.2188	spline_length=22.9484	converged=0
4	BSMPT_BOUNCE_CERT	path_deformation	T=172.952	best_relative_error=0.936654	iterations=21	converged_without_1d=0
4	BSMPT_BOUNCE_CERT	path_check	T=172.952	max_relative_error=1.00002	max_force=1387.56	max_gradient=1388.46	max_perpendicular_gradient=1387.52	max_dldrho=29.2188	spline_length=22.9486	converged=0
4	BSMPT_BOUNCE_CERT	path_deformation	T=172.952	best_relative_error=0.993461	iterations=21	converged_without_1d=0
4	BSMPT_BOUNCE_CERT	path_check	T=172.952	max_relative_error=1.00002	max_force=922.459	max_gradient=923.849	max_perpendicular_gradient=922.431	max_dldrho=29.2608	spline_length=22.9477	converged=0
4	BSMPT_BOUNCE_CERT	path_deformation	T=172.952	best_relative_error=0.991043	iterations=21	converged_without_1d=0
4	BSMPT_BOUNCE_CERT	path_check	T=172.952	max_relative_error=1.00001	max_force=674.507	max_gradient=676.456	max_perpendicular_gradient=674.499	max_dldrho=29.237	spline_length=22.948	converged=0
4	BSMPT_BOUNCE_CERT	path_check	T=172.957	max_relative_error=1.00018	max_force=29.6914	max_gradient=76.3696	max_perpendicular_gradient=29.6838	max_dldrho=28.6917	spline_length=22.6594	converged=0
4	BSMPT_BOUNCE_CERT	path_deformation	T=172.957	best_relative_error=0.388495	iterations=21	converged_without_1d=0
4	BSMPT_BOUNCE_CERT	path_check	T=172.957	max_relative_error=0.999956	max_force=96.7903	max_gradient=112.363	max_perpendicular_gradient=96.7952	max_dldrho=28.6917	spline_length=22.6587	converged=0
4	BSMPT_BOUNCE_CERT	path_deformation	T=172.957	best_relative_error=0.861346	iterations=21	converged_without_1d=0
4	BSMPT_BOUNCE_CERT	path_check	T=172.957	max_relative_error=1.00004	max_force=183.569	max_gradient=189.616	max_perpendicular_gradient=183.559	max_dldrho=28.6919	spline_length=22.6587	converged=0
4	BSMPT_BOUNCE_CERT	path_deformation	T=172.957	best_relative_error=0.853478	iterations=21	converged_without_1d=0
4	BSMPT_BOUNCE_CERT	path_check	T=172.957	max_relative_error=1.00001	max_force=991.53	max_gradient=992.46	max_perpendicular_gradient=991.516	max_dldrho=28.6924	spline_length=22.6585	converged=0
4	BSMPT_BOUNCE_CERT	path_deformation	T=172.957	best_relative_error=0.995145	iterations=21	converged_without_1d=0
4	BSMPT_BOUNCE_CERT	path_check	T=172.957	max_relative_error=1.00002	max_force=643.489	max_gradient=644.94	max_perpendicular_gradient=643.469	max_dldrho=28.7138	spline_length=22.6589	converged=0
4	BSMPT_BOUNCE_CERT	path_deformation	T=172.957	best_relative_error=0.954558	iterations=21	converged_without_1d=0
4	BSMPT_BOUNCE_CERT	path_check	T=172.957	max_relative_error=1.00001	max_force=640.66	max_gradient=642.132	max_perpendicular_gradient=640.653	max_dldrho=28.701	spline_length=22.6588	converged=0
4	BSMPT_BOUNCE_CERT	path_deformation	T=172.957	best_relative_error=0.953182	iterations=21	converged_without_1d=0
4	BSMPT_BOUNCE_CERT	path_check	T=172.957	max_relative_error=1.00002	max_force=639.049	max_gradient=640.509	max_perpendicular_gradient=639.029	max_dldrho=28.7009	spline_length=22.6588	converged=0
4	BSMPT_BOUNCE_CERT	path_check	T=172.961	max_relative_error=1.00014	max_force=39.8069	max_gradient=72.4739	max_perpendicular_gradient=39.7994	max_dldrho=28.0164	spline_length=22.3166	converged=0
4	BSMPT_BOUNCE_CERT	path_deformation	T=172.961	best_relative_error=0.549252	iterations=21	converged_without_1d=0
4	BSMPT_BOUNCE_CERT	path_check	T=172.961	max_relative_error=0.999974	max_force=136.282	max_gradient=142.566	max_perpendicular_gradient=136.286	max_dldrho=28.0164	spline_length=22.3165	converged=0
4	BSMPT_BOUNCE_CERT	path_deformation	T=172.961	best_relative_error=0.956166	iterations=21	converged_without_1d=0
4	BSMPT_BOUNCE_CERT	path_check	T=172.961	max_relative_error=1.00005	max_force=170.244	max_gradient=174.746	max_perpendicular_gradient=170.234	max_dldrho=28.0167	spline_length=22.3165	converged=0
4	BSMPT_BOUNCE_CERT	path_deformation	T=172.961	best_relative_error=0.937602	iterations=21	converged_without_1d=0
4	BSMPT_BOUNCE_CERT	path_check	T=172.961	max_relative_error=1.00001	max_force=1166.19	max_gradient=1166.71	max_perpendicular_gradient=1166.18	max_dldrho=28.017	spline_length=22.3164	converged=0
4	BSMPT_BOUNCE_CERT	path_deformation	T=172.961	best_relative_error=0.997851	iterations=21	converged_without_1d=0
4	BSMPT_BOUNCE_CERT	path_check	T=172.961	max_relative_error=1.00001	max_force=1595.8	max_gradient=1596.17	max_perpendicular_gradient=1595.78	max_dldrho=28.0477	spline_length=22.317	converged=0
4	BSMPT_BOUNCE_CERT	path_deformation	T=172.961	best_relative_error=0.990186	iterations=21	converged_without_1d=0
4	BSMPT_BOUNCE_CERT	path_check	T=172.961	max_relative_error=0.999999	max_force=354.406	max_gradient=356.298	max_perpendicular_gradient=354.405	max_dldrho=28.075	spline_length=22.3173	converged=0
4	BSMPT_BOUNCE_CERT	path_deformation	T=172.961	best_relative_error=0.0550747	iterations=21	converged_without_1d=0
4	BSMPT_BOUNCE_CERT	path_check	T=172.961	max_relative_error=1.00008	max_force=76.981	max_gradient=92.7434	max_perpendicular_gradient=76.9728	max_dldrho=28.0192	spline_length=22.3167	converged=0
4	BSMPT_BOUNCE_CERT	path_check	T=172.962	max_relative_error=1.00014	max_force=40.8141	max_gradient=72.1801	max_perpendicular_gradient=40.8068	max_dldrho=27.9438	spline_length=22.2815	converged=0
4	BSMPT_BOUNCE_CERT	path_deformation	T=172.962	best_relative_error=0.565524	iterations=21	converged_without_1d=0
4	BSMPT_BOUNCE_CERT	path_check	T=172.962	max_relative_error=0.999976	max_force=140.209	max_gradient=145.952	max_perpendicular_gradient=140.213	max_dldrho=27.9438	spline_length=22.2814	converged=0
4	BSMPT_BOUNCE_CERT	path_deformation	T=172.962	best_relative_error=0.960702	iterations=21	converged_without_1d=0
4	BSMPT_BOUNCE_CERT	path_check	T=172.962	max_relative_error=1.00005	max_force=167.286	max_gradient=171.694	max_perpendicular_gradient=167.276	max_dldrho=27.9442	spline_length=22.2816	converged=0
4	BSMPT_BOUNCE_CERT	path_deformation	T=172.962	best_relative_error=0.947115	iterations=21	converged_without_1d=0
4	BSMPT_BOUNCE_CERT	path_check	T=172.962	max_relative_error=1.00001	max_force=1207.65	max_gradient=1208.13	max_perpendicular_gradient=1207.63	max_dldrho=27.9444	spline_length=22.2815	converged=0
4	BSMPT_BOUNCE_CERT	path_deformation	T=172.962	best_relative_error=0.997742	iterations=21	converged_without_1d=0
4	BSMPT_BOUNCE_CERT	path_check	T=172.962	max_relative_error=1.00001	max_force=1397.42	max_gradient=1397.83	max_perpendicular_gradient=1397.4	max_dldrho=27.9775	spline_length=22.282	converged=0
4	BSMPT_BOUNCE_CERT	path_deformation	T=172.962	best_relative_error=0.996177	iterations=21	converged_without_1d=0
4	BSMPT_BOUNCE_CERT	path_check	T=172.962	max_relative_error=1.00001	max_force=759.157	max_gradient=759.953	max_perpendicular_gradient=759.149	max_dldrho=27.9889	spline_length=22.2819	converged=0
4	BSMPT_BOUNCE_CERT	path_deformation	T=172.962	best_relative_error=0.99003	iterations=21	converged_without_1d=0
4	BSMPT_BOUNCE_CERT	path_check	T=172.962	max_relative_error=1.00002	max_force=668.969	max_gradient=669.869	max_perpendicular_gradient=668.949	max_dldrho=27.957	spline_length=22.2818	converged=0
4	BSMPT_BOUNCE_CERT	path_check	T=172.962	max_relative_error=1.00027	max_force=22.3657	max_gradient=65.705	max_perpendicular_gradient=22.3591	max_dldrho=27.87	spline_length=22.2465	converged=0
4	BSMPT_BOUNCE_CERT	path_deformation	T=172.962	best_relative_error=0.342865	iterations=21	converged_without_1d=0
4	BSMPT_BOUNCE_CERT	path_check	T=172.962	max_relative_error=0.999951	max_force=87.0207	max_gradient=98.9839	max_perpendicular_gradient=87.0252	max_dldrho=27.87	spline_length=22.2463	converged=0
4	BSMPT_BOUNCE_CERT	path_deformation	T=172.962	best_relative_error=0.879169	iterations=21	converged_without_1d=0
4	BSMPT_BOUNCE_CERT	path_check	T=172.962	max_relative_error=1.00004	max_force=193.909	max_gradient=197.362	max_perpendicular_gradient=193.899	max_dldrho=27.8702	spline_length=22.2462	converged=0
4	BSMPT_BOUNCE_CERT	path_deformation	T=172.962	best_relative_error=0.828209	iterations=21	converged_without_1d=0
4	BSMPT_BOUNCE_CERT	path_check	T=172.962	max_relative_error=1.00001	max_force=859.798	max_gradient=860.47	max_perpendicular_gradient=859.786	max_dldrho=27.8709	spline_length=22.2462	converged=0
4	BSMPT_BOUNCE_CERT	path_deformation	T=172.962	best_relative_error=0.994846	iterations=21	converged_without_1d=0
4	BSMPT_BOUNCE_CERT	path_check	T=172.962	max_relative_error=1.00002	max_force=662.551	max_gradient=663.424	max_perpendicular_gradient=662.53	max_dldrho=27.8871	spline_length=22.2459	converged=0
4	BSMPT_BOUNCE_CERT	path_deformation	T=172.962	best_relative_error=0.978649	iterations=21	converged_without_1d=0
4	BSMPT_BOUNCE_CERT	path_check	T=172.962	max_relative_error=1	max_force=646.053	max_gradient=646.963	max_perpendicular_gradient=646.045	max_dldrho=27.8802	spline_length=22.2461	converged=0
4	BSMPT_BOUNCE_CERT	path_deformation	T=172.962	best_relative_error=0.974958	iterations=21	converged_without_1d=0
4	BSMPT_BOUNCE_CERT	path_check	T=172.962	max_relative_error=1.00002	max_force=638.68	max_gradient=639.59	max_perpendicular_gradient=638.66	max_dldrho=27.8797	spline_length=22.2459	converged=0
4	BSMPT_BOUNCE_CERT	path_check	T=172.963	max_relative_error=1.00025	max_force=23.4055	max_gradient=65.2109	max_perpendicular_gradient=23.3989	max_dldrho=27.7953	spline_length=22.211	converged=0
4	BSMPT_BOUNCE_CERT	path_deformation	T=172.963	best_relative_error=0.361416	iterations=21	converged_without_1d=0
4	BSMPT_BOUNCE_CERT	path_check	T=172.963	max_relative_error=0.999953	max_force=91.7215	max_gradient=102.254	max_perpendicular_gradient=91.7259	max_dldrho=27.7953	spline_length=22.2107	converged=0
4	BSMPT_BOUNCE_CERT	path_deformation	T=172.963	best_relative_error=0.897007	iterations=21	converged_without_1d=0
4	BSMPT_BOUNCE_CERT	path_check	T=172.963	max_relative_error=1.00004	max_force=194.469	max_gradient=197.741	max_perpendicular_gradient=194.458	max_dldrho=27.7955	spline_length=22.2109	converged=0
4	BSMPT_BOUNCE_CERT	path_deformation	T=172.963	best_relative_error=0.827449	iterations=21	converged_without_1d=0
4	BSMPT_BOUNCE_CERT	path_check	T=172.963	max_relative_error=1.00001	max_force=852.352	max_gradient=852.992	max_perpendicular_gradient=852.34	max_dldrho=27.7962	spline_length=22.211	converged=0
4	BSMPT_BOUNCE_CERT	path_deformation	T=172.963	best_relative_error=0.994911	iterations=21	converged_without_1d=0
4	BSMPT_BOUNCE_CERT	path_check	T=172.963	max_relative_error=1.00002	max_force=662.566	max_gradient=663.397	max_perpendicular_gradient=662.545	max_dldrho=27.8121	spline_length=22.2106	converged=0
4	BSMPT_BOUNCE_CERT	path_deformation	T=172.963	best_relative_error=0.97973	iterations=21	converged_without_1d=0
4	BSMPT_BOUNCE_CERT	path_check	T=172.963	max_relative_error=1	max_force=645.61	max_gradient=646.476	max_perpendicular_gradient=645.603	max_dldrho=27.8055	spline_length=22.2108	converged=0
4	BSMPT_BOUNCE_CERT	path_deformation	T=172.963	best_relative_error=0.976104	iterations=21	converged_without_1d=0
4	BSMPT_BOUNCE_CERT	path_check	T=172.963	max_relative_error=1.00002	max_force=638.108	max_gradient=638.975	max_perpendicular_gradient=638.088	max_dldrho=27.8049	spline_length=22.2108	converged=0
5	BSMPT_BOUNCE_CERT	path_check	T=172.959	max_relative_error=1	max_force=343.646	max_gradient=345.688	max_perpendicular_gradient=343.646	max_dldrho=28.0913	spline_length=22.3441	converged=0
5	BSMPT_BOUNCE_CERT	path_deformation	T=172.959	best_relative_error=0.0268592	iterations=0	converged_without_1d=1
5	BSMPT_BOUNCE_CERT	path_check	T=172.949	max_relative_error=1.00025	max_force=18.2623	max_gradient=83.0409	max_perpendicular_gradient=18.2548	max_dldrho=29.3787	spline_length=23.0486	converged=0
5	BSMPT_BOUNCE_CERT	path_deformation	T=172.949	best_relative_error=0.21997	iterations=21	converged_without_1d=0
5	BSMPT_BOUNCE_CERT	path_check	T=172.949	max_relative_error=0.999904	max_force=54.5751	max_gradient=93.6978	max_perpendicular_gradient=54.5812	max_dldrho=29.3788	spline_length=23.0406	converged=0
5	BSMPT_BOUNCE_CERT	path_deformation	T=172.949	best_relative_error=0.582486	iterations=21	converged_without_1d=0
5	BSMPT_BOUNCE_CERT	path_check	T=172.949	max_relative_error=1.00006	max_force=138.241	max_gradient=151.382	max_perpendicular_gradient=138.231	max_dldrho=29.3778	spline_length=23.0374	converged=0
5	BSMPT_BOUNCE_CERT	path_deformation	T=172.949	best_relative_error=0.913598	iterations=21	converged_without_1d=0
5	BSMPT_BOUNCE_CERT	path_check	T=172.949	max_relative_error=0.99998	max_force=164.055	max_gradient=174.41	max_perpendicular_gradient=164.058	max_dldrho=29.3801	spline_length=23.0407	converged=0
5	BSMPT_BOUNCE_CERT	path_deformation	T=172.949	best_relative_error=0.904438	iterations=21	converged_without_1d=0
5	BSMPT_BOUNCE_CERT	path_check	T=172.949	max_relative_error=1.00002	max_force=1241.17	max_gradient=1242.26	max_perpendicular_gradient=1241.14	max_dldrho=29.3791	spline_length=23.0404	converged=0
5	BSMPT_BOUNCE_CERT	path_deformation	T=172.949	best_relative_error=0.995095	iterations=21	converged_without_1d=0
5	BSMPT_BOUNCE_CERT	path_check	T=172.949	max_relative_error=1.00002	max_force=1470.2	max_gradient=1471.11	max_perpendicular_gradient=1470.16	max_dldrho=29.4119	spline_length=23.0346	converged=0
5	BSMPT_BOUNCE_CERT	path_deformation	T=172.949	best_relative_error=0.990921	iterations=21	converged_without_1d=0
5	BSMPT_BOUNCE_CERT	path_check	T=172.949	max_relative_error=1.00002	max_force=717.243	max_gradient=719.201	max_perpendicular_gradient=717.219	max_dldrho=29.4261	spline_length=23.0389	converged=0
5	BSMPT_BOUNCE_CERT	path_check	T=172.94	max_relative_error=1	max_force=408.634	max_gradient=414.963	max_perpendicular_gradient=408.634	max_dldrho=30.2906	spline_length=23.6734	converged=0
5	BSMPT_BOUNCE_CERT	path_deformation	T=172.94	best_relative_error=0.134893	iterations=21	converged_without_1d=0
5	BSMPT_BOUNCE_CERT	path_check	T=172.94	max_relative_error=1.00004	max_force=178.858	max_gradient=195.366	max_perpendicular_gradient=178.847	max_dldrho=30.2906	spline_length=23.5637	converged=0
5	BSMPT_BOUNCE_CERT	path_deformation	T=172.94	best_relative_error=0.735166	iterations=21	converged_without_1d=0
5	BSMPT_BOUNCE_CERT	path_check	T=172.94	max_relative_error=1.00001	max_force=949.491	max_gradient=952.1	max_perpendicular_gradient=949.481	max_dldrho=30.2876	spline_length=23.5635	converged=0
5	BSMPT_BOUNCE_CERT	path_deformation	T=172.94	best_relative_error=0.983813	iterations=21	converged_without_1d=0
5	BSMPT_BOUNCE_CERT	path_check	T=172.94	max_relative_error=1.00002	max_force=689.167	max_gradient=692.784	max_perpendicular_gradient=689.146	max_dldrho=30.3066	spline_length=23.5641	converged=0
5	BSMPT_BOUNCE_CERT	path_deformation	T=172.94	best_relative_error=0.916457	iterations=21	converged_without_1d=0
5	BSMPT_BOUNCE_CERT	path_check	T=172.94	max_relative_error=1.00001	max_force=667.405	max_gradient=671.156	max_perpendicular_gradient=667.399	max_dldrho=30.2973	spline_length=23.564	converged=0
5	BSMPT_BOUNCE_CERT	path_deformation	T=172.94	best_relative_error=0.89899	iterations=21	converged_without_1d=0
5	BSMPT_BOUNCE_CERT	path_check	T=172.94	max_relative_error=1.00002	max_force=655.129	max_gradient=658.931	max_perpendicular_gradient=655.109	max_dldrho=30.2966	spline_length=23.564	converged=0
5	BSMPT_BOUNCE_CERT	path_deformation	T=172.94	best_relative_error=0.88661	iterations=21	converged_without_1d=0
5	BSMPT_BOUNCE_CERT	path_check	T=172.94	max_relative_error=1.00001	max_force=647.165	max_gradient=651.028	max_perpendicular_gradient=647.16	max_dldrho=30.2963	spline_length=23.5641	converged=0
5	BSMPT_BOUNCE_CERT	path_check	T=172.93	max_relative_error=1	max_force=439.507	max_gradient=448.545	max_perpendicular_gradient=439.507	max_dldrho=30.8574	spline_length=24.2557	converged=0
5	BSMPT_BOUNCE_CERT	path_deformation	T=172.93	best_relative_error=0.188423	iterations=21	converged_without_1d=0
5	BSMPT_BOUNCE_CERT	path_check	T=172.93	max_relative_error=1.00003	max_force=241.376	max_gradient=258.92	max_perpendicular_gradient=241.364	max_dldrho=30.8575	spline_length=23.7886	converged=0
5	BSMPT_BOUNCE_CERT	path_deformation	T=172.93	best_relative_error=0.211886	iterations=21	converged_without_1d=0
5	BSMPT_BOUNCE_CERT	path_check	T=172.93	max_relative_error=0.999994	max_force=290.883	max_gradient=305.198	max_perpendicular_gradient=290.886	max_dldrho=30.8544	spline_length=23.788	converged=0
5	BSMPT_BOUNCE_CERT	path_deformation	T=172.93	best_relative_error=0.0362676	iterations=0	converged_without_1d=1
5	BSMPT_BOUNCE_CERT	path_check	T=172.962	max_relative_error=1.00014	max_force=44.489	max_gradient=71.7112	max_perpendicular_gradient=44.4821	max_dldrho=27.7202	spline_length=22.1749	converged=0
5	BSMPT_BOUNCE_CERT	path_deformation	T=172.962	best_relative_error=0.620924	iterations=21	converged_without_1d=0
5	BSMPT_BOUNCE_CERT	path_check	T=172.962	max_relative_error=0.99998	max_force=153.308	max_gradient=157.663	max_perpendicular_gradient=153.311	max_dldrho=27.7202	spline_length=22.1758	converged=0
5	BSMPT_BOUNCE_CERT	path_deformation	T=172.962	best_relative_error=0.972391	iterations=21	converged_without_1d=0
5	BSMPT_BOUNCE_CERT	path_check	T=172.962	max_relative_error=1.00005	max_force=156.43	max_gradient=160.655	max_perpendicular_gradient=156.42	max_dldrho=27.7207	spline_length=22.1757	converged=0
5	BSMPT_BOUNCE_CERT	path_deformation	T=172.962	best_relative_error=0.971119	iterations=21	converged_without_1d=0
5	BSMPT_BOUNCE_CERT	path_check	T=172.962	max_relative_error=1.00001	max_force=1371.06	max_gradient=1371.41	max_perpendicular_gradient=1371.04	max_dldrho=27.7207	spline_length=22.1754	converged=0
5	BSMPT_BOUNCE_CERT	path_deformation	T=172.962	best_relative_error=0.996864	iterations=21	converged_without_1d=0
5	BSMPT_BOUNCE_CERT	path_check	T=172.962	max_relative_error=1.00001	max_force=808.691	max_gradient=809.335	max_perpendicular_gradient=808.681	max_dldrho=27.7641	spline_length=22.1764	converged=0
5	BSMPT_BOUNCE_CERT	path_deformation	T=172.962	best_relative_error=0.993886	iterations=21	converged_without_1d=0
5	BSMPT_BOUNCE_CERT	path_check	T=172.962	max_relative_error=1.00002	max_force=666.264	max_gradient=667.039	max_perpendicular_gradient=666.245	max_dldrho=27.7354	spline_length=22.176	converged=0
5	BSMPT_BOUNCE_CERT	path_deformation	T=172.962	best_relative_error=0.981416	iterations=21	converged_without_1d=0
5	BSMPT_BOUNCE_CERT	path_check	T=172.962	max_relative_error=1.00001	max_force=646.575	max_gradient=647.388	max_perpendicular_gradient=646.569	max_dldrho=27.7305	spline_length=22.1753	converged=0
5	BSMPT_BOUNCE_CERT	path_check	T=172.962	max_relative_error=1	max_force=335.553	max_gradient=337.212	max_perpendicular_gradient=335.553	max_dldrho=27.7228	spline_length=22.1672	converged=0
5	BSMPT_BOUNCE_CERT	path_deformation	T=172.962	best_relative_error=0.0169361	iterations=0	converged_without_1d=1
5	BSMPT_BOUNCE_CERT	path_check	T=172.934	max_relative_error=1.00009	max_force=63.8762	max_gradient=121.612	max_perpendicular_gradient=63.8667	max_dldrho=30.6512	spline_length=23.5486	converged=0
5	BSMPT_BOUNCE_CERT	path_deformation	T=172.934	best_relative_error=0.525739	iterations=21	converged_without_1d=0
5	BSMPT_BOUNCE_CERT	path_check	T=172.934	max_relative_error=0.999963	max_force=113.981	max_gradient=149.823	max_perpendicular_gradient=113.987	max_dldrho=30.6513	spline_length=23.7335	converged=0
5	BSMPT_BOUNCE_CERT	path_deformation	T=172.934	best_relative_error=0.760658	iterations=21	converged_without_1d=0
5	BSMPT_BOUNCE_CERT	path_check	T=172.934	max_relative_error=1.00005	max_force=145.415	max_gradient=172.974	max_perpendicular_gradient=145.404	max_dldrho=30.6515	spline_length=23.7334	converged=0
5	BSMPT_BOUNCE_CERT	path_deformation	T=172.934	best_relative_error=0.822769	iterations=21	converged_without_1d=0
5	BSMPT_BOUNCE_CERT	path_check	T=172.934	max_relative_error=1.00001	max_force=1240.45	max_gradient=1243.14	max_perpendicular_gradient=1240.44	max_dldrho=30.6517	spline_length=23.7332	converged=0
5	BSMPT_BOUNCE_CERT	path_deformation	T=172.934	best_relative_error=0.989534	iterations=21	converged_without_1d=0
5	BSMPT_BOUNCE_CERT	path_check	T=172.934	max_relative_error=1.00001	max_force=1669.05	max_gradient=1671.04	max_perpendicular_gradient=1669.02	max_dldrho=30.6841	spline_length=23.7371	converged=0
5	BSMPT_BOUNCE_CERT	path_deformation	T=172.934	best_relative_error=0.960407	iterations=21	converged_without_1d=0
5	BSMPT_BOUNCE_CERT	path_check	T=172.934	max_relative_error=0.999999	max_force=419.913	max_gradient=428.272	max_perpendicular_gradient=419.913	max_dldrho=30.7108	spline_length=23.7402	converged=0
5	BSMPT_BOUNCE_CERT	path_deformation	T=172.934	best_relative_error=0.160379	iterations=21	converged_without_1d=0
5	BSMPT_BOUNCE_CERT	path_check	T=172.934	max_relative_error=1.00004	max_force=206.969	max_gradient=225.352	max_perpendicular_gradient=206.957	max_dldrho=30.6549	spline_length=23.7336	converged=0
5	BSMPT_BOUNCE_CERT	path_check	T=172.938	max_relative_error=1.00008	max_force=72.021	max_gradient=119.088	max_perpendicular_gradient=72.0116	max_dldrho=30.3885	spline_length=23.3008	converged=0
5	BSMPT_BOUNCE_CERT	path_deformation	T=172.938	best_relative_error=0.604984	iterations=21	converged_without_1d=0
5	BSMPT_BOUNCE_CERT	path_check	T=172.938	max_relative_error=0.999968	max_force=130.433	max_gradient=156.832	max_perpendicular_gradient=130.439	max_dldrho=30.3884	spline_length=23.6159	converged=0
5	BSMPT_BOUNCE_CERT	path_deformation	T=172.938	best_relative_error=0.83168	iterations=21	converged_without_1d=0
5	BSMPT_BOUNCE_CERT	path_check	T=172.938	max_relative_error=1.00005	max_force=151.711	max_gradient=173.815	max_perpendicular_gradient=151.7	max_dldrho=30.3887	spline_length=23.6157	converged=0
5	BSMPT_BOUNCE_CERT	path_deformation	T=172.938	best_relative_error=0.846587	iterations=21	converged_without_1d=0
5	BSMPT_BOUNCE_CERT	path_check	T=172.938	max_relative_error=1.00001	max_force=1251.09	max_gradient=1253.29	max_perpendicular_gradient=1251.07	max_dldrho=30.3888	spline_length=23.616	converged=0
5	BSMPT_BOUNCE_CERT	path_deformation	T=172.938	best_relative_error=0.991335	iterations=21	converged_without_1d=0
5	BSMPT_BOUNCE_CERT	path_check	T=172.938	max_relative_error=1.00001	max_force=1590.46	max_gradient=1592.19	max_perpendicular_gradient=1590.44	max_dldrho=30.4218	spline_length=23.6178	converged=0
5	BSMPT_BOUNCE_CERT	path_deformation	T=172.938	best_relative_error=0.976231	iterations=21	converged_without_1d=0
5	BSMPT_BOUNCE_CERT	path_check	T=172.938	max_relative_error=1	max_force=548.858	max_gradient=554.058	max_perpendicular_gradient=548.856	max_dldrho=30.4424	spline_length=23.6198	converged=0
5	BSMPT_BOUNCE_CERT	path_deformation	T=172.938	best_relative_error=0.661242	iterations=21	converged_without_1d=0
5	BSMPT_BOUNCE_CERT	path_check	T=172.938	max_relative_error=1.00002	max_force=532.336	max_gradient=537.667	max_perpendicular_gradient=532.317	max_dldrho=30.3947	spline_length=23.6165	converged=0
5	BSMPT_BOUNCE_CERT	path_check	T=172.942	max_relative_error=1.00008	max_force=80.1258	max_gradient=117.464	max_perpendicular_gradient=80.1164	max_dldrho=30.0635	spline_length=23.0453	converged=0
5	BSMPT_BOUNCE_CERT	path_deformation	T=172.942	best_relative_error=0.682648	iterations=21	converged_without_1d=0
5	BSMPT_BOUNCE_CERT	path_check	T=172.942	max_relative_error=0.999973	max_force=145.798	max_gradient=164.929	max_perpendicular_gradient=145.803	max_dldrho=30.0636	spline_length=23.4397	converged=0
5	BSMPT_BOUNCE_CERT	path_deformation	T=172.942	best_relative_error=0.883966	iterations=21	converged_without_1d=0
5	BSMPT_BOUNCE_CERT	path_check	T=172.942	max_relative_error=1.00005	max_force=151.828	max_gradient=170.032	max_perpendicular_gradient=151.817	max_dldrho=30.0637	spline_length=23.4394	converged=0
5	BSMPT_BOUNCE_CERT	path_deformation	T=172.942	best_relative_error=0.883753	iterations=21	converged_without_1d=0
5	BSMPT_BOUNCE_CERT	path_check	T=172.942	max_relative_error=1.00001	max_force=1320.32	max_gradient=1321.99	max_perpendicular_gradient=1320.3	max_dldrho=30.0638	spline_length=23.4394	converged=0
5	BSMPT_BOUNCE_CERT	path_deformation	T=172.942	best_relative_error=0.991817	iterations=21	converged_without_1d=0
5	BSMPT_BOUNCE_CERT	path_check	T=172.942	max_relative_error=1.00001	max_force=1259.75	max_gradient=1261.52	max_perpendicular_gradient=1259.73	max_dldrho=30.1007	spline_length=23.4403	converged=0
5	BSMPT_BOUNCE_CERT	path_deformation	T=172.942	best_relative_error=0.992853	iterations=21	converged_without_1d=0
5	BSMPT_BOUNCE_CERT	path_check	T=172.942	max_relative_error=1.00001	max_force=1503.3	max_gradient=1504.79	max_perpendicular_gradient=1503.28	max_dldrho=30.0973	spline_length=23.4404	converged=0
5	BSMPT_BOUNCE_CERT	path_deformation	T=172.942	best_relative_error=0.985319	iterations=21	converged_without_1d=0
5	BSMPT_BOUNCE_CERT	path_check	T=172.942	max_relative_error=1.00001	max_force=710.66	max_gradient=713.886	max_perpendicular_gradient=710.654	max_dldrho=30.1116	spline_length=23.4409	converged=0
5	BSMPT_BOUNCE_CERT	path_check	T=172.947	max_relative_error=1.00042	max_force=12.2484	max_gradient=86.9226	max_perpendicular_gradient=12.2409	max_dldrho=29.6743	spline_length=23.2352	converged=0
5	BSMPT_BOUNCE_CERT	path_deformation	T=172.947	best_relative_error=0.141301	iterations=21	converged_without_1d=0
5	BSMPT_BOUNCE_CERT	path_check	T=172.947	max_relative_error=0.999844	max_force=34.8739	max_gradient=90.9849	max_perpendicular_gradient=34.8806	max_dldrho=29.6743	spline_length=23.2116	converged=0
5	BSMPT_BOUNCE_CERT	path_deformation	T=172.947	best_relative_error=0.382646	iterations=21	converged_without_1d=0
5	BSMPT_BOUNCE_CERT	path_check	T=172.947	max_relative_error=1.00007	max_force=92.8025	max_gradient=118.269	max_perpendicular_gradient=92.793	max_dldrho=29.6751	spline_length=23.2134	converged=0
5	BSMPT_BOUNCE_CERT	path_deformation	T=172.947	best_relative_error=0.784797	iterations=21	converged_without_1d=0
5	BSMPT_BOUNCE_CERT	path_check	T=172.947	max_relative_error=0.999982	max_force=168.895	max_gradient=180.078	max_perpendicular_gradient=168.899	max_dldrho=29.6748	spline_length=23.2134	converged=0
5	BSMPT_BOUNCE_CERT	path_deformation	T=172.947	best_relative_error=0.873809	iterations=21	converged_without_1d=0
5	BSMPT_BOUNCE_CERT	path_check	T=172.947	max_relative_error=1.00002	max_force=1170.71	max_gradient=1171.99	max_perpendicular_gradient=1170.67	max_dldrho=29.6749	spline_length=23.2105	converged=0
5	BSMPT_BOUNCE_CERT	path_deformation	T=172.947	best_relative_error=0.995601	iterations=21	converged_without_1d=0
5	BSMPT_BOUNCE_CERT	path_check	T=172.947	max_relative_error=1.00002	max_force=1863.8	max_gradient=1864.57	max_perpendicular_gradient=1863.75	max_dldrho=29.7043	spline_length=23.2066	converged=0
5	BSMPT_BOUNCE_CERT	path_deformation	T=172.947	best_relative_error=0.842127	iterations=21	converged_without_1d=0
5	BSMPT_BOUNCE_CERT	path_check	T=172.947	max_relative_error=1.00001	max_force=1283.51	max_gradient=1284.73	max_perpendicular_gradient=1283.49	max_dldrho=29.7515	spline_length=23.2088	converged=0
5	BSMPT_BOUNCE_CERT	path_check	T=172.951	max_relative_error=1.00021	max_force=21.2601	max_gradient=81.25	max_perpendicular_gradient=21.2527	max_dldrho=29.2189	spline_length=22.9539	converged=0
5	BSMPT_BOUNCE_CERT	path_deformation	T=172.951	best_relative_error=0.261742	iterations=21	converged_without_1d=0
5	BSMPT_BOUNCE_CERT	path_check	T=172.951	max_relative_error=0.999923	max_force=65.0497	max_gradient=96.7588	max_perpendicular_gradient=65.0554	max_dldrho=29.2189	spline_length=22.9489	converged=0
5	BSMPT_BOUNCE_CERT	path_deformation	T=172.951	best_relative_error=0.67218	iterations=21	converged_without_1d=0
5	BSMPT_BOUNCE_CERT	path_check	T=172.951	max_relative_error=1.00005	max_force=156.562	max_gradient=166.614	max_perpendicular_gradient=156.552	max_dldrho=29.2198	spline_length=22.9492	converged=0
5	BSMPT_BOUNCE_CERT	path_deformation	T=172.951	best_relative_error=0.933375	iterations=21	converged_without_1d=0
5	BSMPT_BOUNCE_CERT	path_check	T=172.951	max_relative_error=1.00001	max_force=1361.73	max_gradient=1362.62	max_perpendicular_gradient=1361.7	max_dldrho=29.2195	spline_length=22.949	converged=0
5	BSMPT_BOUNCE_CERT	path_deformation	T=172.951	best_relative_error=0.993955	iterations=21	converged_without_1d=0
5	BSMPT_BOUNCE_CERT	path_check	T=172.951	max_relative_error=1.00001	max_force=1001.95	max_gradient=1003.2	max_perpendicular_gradient=1001.94	max_dldrho=29.2601	spline_length=22.9489	converged=0
5	BSMPT_BOUNCE_CERT	path_deformation	T=172.951	best_relative_error=0.993552	iterations=21	converged_without_1d=0
5	BSMPT_BOUNCE_CERT	path_check	T=172.951	max_relative_error=1.00002	max_force=651.811	max_gradient=653.753	max_perpendicular_gradient=651.789	max_dldrho=29.2412	spline_length=22.9486	converged=0
5	BSMPT_BOUNCE_CERT	path_deformation	T=172.951	best_relative_error=0.942338	iterations=21	converged_without_1d=0
5	BSMPT_BOUNCE_CERT	path_check	T=172.951	max_relative_error=1.00001	max_force=646.888	max_gradient=648.861	max_perpendicular_gradient=646.881	max_dldrho=29.2283	spline_length=22.9487	converged=0
5	BSMPT_BOUNCE_CERT	path_check	T=172.955	max_relative_error=1.00019	max_force=30.3243	max_gradient=76.5557	max_perpendicular_gradient=30.317	max_dldrho=28.6924	spline_length=22.6598	converged=0
5	BSMPT_BOUNCE_CERT	path_deformation	T=172.955	best_relative_error=0.396231	iterations=21	converged_without_1d=0
5	BSMPT_BOUNCE_CERT	path_check	T=172.955	max_relative_error=0.999957	max_force=98.6413	max_gradient=113.777	max_perpendicular_gradient=98.6461	max_dldrho=28.6924	spline_length=22.659	converged=0
5	BSMPT_BOUNCE_CERT	path_deformation	T=172.955	best_relative_error=0.866802	iterations=21	converged_without_1d=0
5	BSMPT_BOUNCE_CERT	path_check	T=172.955	max_relative_error=1.00005	max_force=183.511	max_gradient=189.549	max_perpendicular_gradient=183.5	max_dldrho=28.6926	spline_length=22.6591	converged=0
5	BSMPT_BOUNCE_CERT	path_deformation	T=172.955	best_relative_error=0.85386	iterations=21	converged_without_1d=0
5	BSMPT_BOUNCE_CERT	path_check	T=172.955	max_relative_error=1.00001	max_force=992.472	max_gradient=993.401	max_perpendicular_gradient=992.458	max_dldrho=28.6931	spline_length=22.659	converged=0
5	BSMPT_BOUNCE_CERT	path_deformation	T=172.955	best_relative_error=0.995162	iterations=21	converged_without_1d=0
5	BSMPT_BOUNCE_CERT	path_check	T=172.955	max_relative_error=1.00002	max_force=643.169	max_gradient=644.618	max_perpendicular_gradient=643.149	max_dldrho=28.7145	spline_length=22.6594	converged=0
5	BSMPT_BOUNCE_CERT	path_deformation	T=172.955	best_relative_error=0.954456	iterations=21	converged_without_1d=0
5	BSMPT_BOUNCE_CERT	path_check	T=172.955	max_relative_error=1.00001	max_force=640.485	max_gradient=641.952	max_perpendicular_gradient=640.478	max_dldrho=28.7017	spline_length=22.6591	converged=0
5	BSMPT_BOUNCE_CERT	path_deformation	T=172.955	best_relative_error=0.953107	iterations=21	converged_without_1d=0
5	BSMPT_BOUNCE_CERT	path_check	T=172.955	max_relative_error=1.00002	max_force=638.922	max_gradient=640.381	max_perpendicular_gradient=638.902	max_dldrho=28.7016	spline_length=22.6592	converged=0
5	BSMPT_BOUNCE_CERT	path_check	T=172.96	max_relative_error=1.00014	max_force=40.4373	max_gradient=72.7351	max_perpendicular_gradient=40.4303	max_dldrho=28.0171	spline_length=22.317	converged=0
5	BSMPT_BOUNCE_CERT	path_deformation	T=172.96	best_relative_error=0.55641	iterations=21	converged_without_1d=0
5	BSMPT_BOUNCE_CERT	path_check	T=172.96	max_relative_error=0.999975	max_force=137.904	max_gradient=144.065	max_perpendicular_gradient=137.908	max_dldrho=28.0171	spline_length=22.317	converged=0
5	BSMPT_BOUNCE_CERT	path_deformation	T=172.96	best_relative_error=0.957472	iterations=21	converged_without_1d=0
5	BSMPT_BOUNCE_CERT	path_check	T=172.96	max_relative_error=1.00005	max_force=169.052	max_gradient=173.596	max_perpendicular_gradient=169.042	max_dldrho=28.0175	spline_length=22.3168	converged=0
5	BSMPT_BOUNCE_CERT	path_deformation	T=172.96	best_relative_error=0.940737	iterations=21	converged_without_1d=0
5	BSMPT_BOUNCE_CERT	path_check	T=172.96	max_relative_error=1.00001	max_force=1183.12	max_gradient=1183.63	max_perpendicular_gradient=1183.11	max_dldrho=28.0177	spline_length=22.317	converged=0
5	BSMPT_BOUNCE_CERT	path_deformation	T=172.96	best_relative_error=0.997775	iterations=21	converged_without_1d=0
5	BSMPT_BOUNCE_CERT	path_check	T=172.96	max_relative_error=1.00001	max_force=1516.3	max_gradient=1516.68	max_perpendicular_gradient=1516.27	max_dldrho=28.0493	spline_length=22.3174	converged=0
5	BSMPT_BOUNCE_CERT	path_deformation	T=172.96	best_relative_error=0.993698	iterations=21	converged_without_1d=0
5	BSMPT_BOUNCE_CERT	path_check	T=172.96	max_relative_error=1	max_force=495.625	max_gradient=496.937	max_perpendicular_gradient=495.622	max_dldrho=28.07	spline_length=22.3177	converged=0
5	BSMPT_BOUNCE_CERT	path_deformation	T=172.96	best_relative_error=0.747077	iterations=21	converged_without_1d=0
5	BSMPT_BOUNCE_CERT	path_check	T=172.96	max_relative_error=1.00003	max_force=492.854	max_gradient=494.155	max_perpendicular_gradient=492.838	max_dldrho=28.0227	spline_length=22.3171	converged=0
5	BSMPT_BOUNCE_CERT	path_check	T=172.96	max_relative_error=1.00015	max_force=41.4439	max_gradient=72.4518	max_perpendicular_gradient=41.4368	max_dldrho=27.9445	spline_length=22.282	converged=0
5	BSMPT_BOUNCE_CERT	path_deformation	T=172.96	best_relative_error=0.572596	iterations=21	converged_without_1d=0
5	BSMPT_BOUNCE_CERT	path_check	T=172.96	max_relative_error=0.999977	max_force=141.797	max_gradient=147.443	max_perpendicular_gradient=141.801	max_dldrho=27.9445	spline_length=22.282	converged=0
5	BSMPT_BOUNCE_CERT	path_deformation	T=172.96	best_relative_error=0.961734	iterations=21	converged_without_1d=0
5	BSMPT_BOUNCE_CERT	path_check	T=172.96	max_relative_error=1.00005	max_force=166.02	max_gradient=170.476	max_perpendicular_gradient=166.011	max_dldrho=27.9449	spline_length=22.282	converged=0
5	BSMPT_BOUNCE_CERT	path_deformation	T=172.96	best_relative_error=0.950072	iterations=21	converged_without_1d=0
5	BSMPT_BOUNCE_CERT	path_check	T=172.96	max_relative_error=1.00001	max_force=1226.07	max_gradient=1226.53	max_perpendicular_gradient=1226.05	max_dldrho=27.9451	spline_length=22.282	converged=0
5	BSMPT_BOUNCE_CERT	path_deformation	T=172.96	best_relative_error=0.997644	iterations=21	converged_without_1d=0
5	BSMPT_BOUNCE_CERT	path_check	T=172.96	max_relative_error=1.00001	max_force=1320.69	max_gradient=1321.13	max_perpendicular_gradient=1320.67	max_dldrho=27.9792	spline_length=22.2823	converged=0
5	BSMPT_BOUNCE_CERT	path_deformation	T=172.96	best_relative_error=0.996992	iterations=21	converged_without_1d=0
5	BSMPT_BOUNCE_CERT	path_check	T=172.96	max_relative_error=1.00001	max_force=980.348	max_gradient=980.957	max_perpendicular_gradient=980.334	max_dldrho=27.9847	spline_length=22.2824	converged=0
5	BSMPT_BOUNCE_CERT	path_deformation	T=172.96	best_relative_error=0.996849	iterations=21	converged_without_1d=0
5	BSMPT_BOUNCE_CERT	path_check	T=172.96	max_relative_error=1.00002	max_force=631.604	max_gradient=632.56	max_perpendicular_gradient=631.585	max_dldrho=27.9666	spline_length=22.2823	converged=0
5	BSMPT_BOUNCE_CERT	path_check	T=172.961	max_relative_error=1.00027	max_force=23.0819	max_gradient=65.8355	max_perpendicular_gradient=23.0745	max_dldrho=27.8708	spline_length=22.2476	converged=0
5	BSMPT_BOUNCE_CERT	path_deformation	T=172.961	best_relative_error=0.35049	iterations=21	converged_without_1d=0
5	BSMPT_BOUNCE_CERT	path_check	T=172.961	max_relative_error=0.999952	max_force=88.9431	max_gradient=100.444	max_perpendicular_gradient=88.9475	max_dldrho=27.8708	spline_length=22.2466	converged=0
5	BSMPT_BOUNCE_CERT	path_deformation	T=172.961	best_relative_error=0.885196	iterations=21	converged_without_1d=0
5	BSMPT_BOUNCE_CERT	path_check	T=172.961	max_relative_error=1.00004	max_force=193.983	max_gradient=197.303	max_perpendicular_gradient=193.973	max_dldrho=27.871	spline_length=22.2467	converged=0
5	BSMPT_BOUNCE_CERT	path_deformation	T=172.961	best_relative_error=0.828528	iterations=21	converged_without_1d=0
5	BSMPT_BOUNCE_CERT	path_check	T=172.961	max_relative_error=1.00001	max_force=861.416	max_gradient=862.053	max_perpendicular_gradient=861.404	max_dldrho=27.8716	spline_length=22.2466	converged=0
5	BSMPT_BOUNCE_CERT	path_deformation	T=172.961	best_relative_error=0.994884	iterations=21	converged_without_1d=0
5	BSMPT_BOUNCE_CERT	path_check	T=172.961	max_relative_error=1.00002	max_force=662.361	max_gradient=663.194	max_perpendicular_gradient=662.341	max_dldrho=27.888	spline_length=22.2466	converged=0
5	BSMPT_BOUNCE_CERT	path_deformation	T=172.961	best_relative_error=0.979075	iterations=21	converged_without_1d=0
5	BSMPT_BOUNCE_CERT	path_check	T=172.961	max_relative_error=1.00001	max_force=645.988	max_gradient=646.858	max_perpendicular_gradient=645.981	max_dldrho=27.8809	spline_length=22.2467	converged=0
5	BSMPT_BOUNCE_CERT	path_deformation	T=172.961	best_relative_error=0.975425	iterations=21	converged_without_1d=0
5	BSMPT_BOUNCE_CERT	path_check	T=172.961	max_relative_error=1.00002	max_force=638.678	max_gradient=639.548	max_perpendicular_gradient=638.659	max_dldrho=27.8804	spline_length=22.2467	converged=0
5	BSMPT_BOUNCE_CERT	path_check	T=172.961	max_relative_error=1.00025	max_force=24.1431	max_gradient=65.3533	max_perpendicular_gradient=24.1358	max_dldrho=27.796	spline_length=22.2114	converged=0
5	BSMPT_BOUNCE_CERT	path_deformation	T=172.961	best_relative_error=0.369286	iterations=21	converged_without_1d=0
5	BSMPT_BOUNCE_CERT	path_check	T=172.961	max_relative_error=0.999956	max_force=93.6927	max_gradient=103.832	max_perpendicular_gradient=93.6972	max_dldrho=27.796	spline_length=22.2114	converged=0
5	BSMPT_BOUNCE_CERT	path_deformation	T=172.961	best_relative_error=0.902436	iterations=21	converged_without_1d=0
5	BSMPT_BOUNCE_CERT	path_check	T=172.961	max_relative_error=1.00004	max_force=194.238	max_gradient=197.42	max_perpendicular_gradient=194.228	max_dldrho=27.7962	spline_length=22.2111	converged=0
5	BSMPT_BOUNCE_CERT	path_deformation	T=172.961	best_relative_error=0.82971	iterations=21	converged_without_1d=0
5	BSMPT_BOUNCE_CERT	path_check	T=172.961	max_relative_error=1.00001	max_force=856.821	max_gradient=857.438	max_perpendicular_gradient=856.809	max_dldrho=27.7969	spline_length=22.2114	converged=0
5	BSMPT_BOUNCE_CERT	path_deformation	T=172.961	best_relative_error=0.995023	iterations=21	converged_without_1d=0
5	BSMPT_BOUNCE_CERT	path_check	T=172.961	max_relative_error=1.00002	max_force=661.917	max_gradient=662.716	max_perpendicular_gradient=661.897	max_dldrho=27.8131	spline_length=22.2114	converged=0
5	BSMPT_BOUNCE_CERT	path_deformation	T=172.961	best_relative_error=0.979997	iterations=21	converged_without_1d=0
5	BSMPT_BOUNCE_CERT	path_check	T=172.961	max_relative_error=1.00001	max_force=645.363	max_gradient=646.196	max_perpendicular_gradient=645.356	max_dldrho=27.8062	spline_length=22.2113	converged=0
5	BSMPT_BOUNCE_CERT	path_deformation	T=172.961	best_relative_error=0.976441	iterations=21	converged_without_1d=0
5	BSMPT_BOUNCE_CERT	path_check	T=172.961	max_relative_error=1.00002	max_force=638.006	max_gradient=638.837	max_perpendicular_gradient=637.986	max_dldrho=27.8057	spline_length=22.211	converged=0
6	BSMPT_BOUNCE_CERT	path_check	T=172.955	max_relative_error=1	max_force=343.393	max_gradient=345.438	max_perpendicular_gradient=343.393	max_dldrho=28.0928	spline_length=22.3451	converged=0
6	BSMPT_BOUNCE_CERT	path_deformation	T=172.955	best_relative_error=0.0262556	iterations=0	converged_without_1d=1
6	BSMPT_BOUNCE_CERT	path_check	T=172.945	max_relative_error=1.00029	max_force=17.4306	max_gradient=82.9282	max_perpendicular_gradient=17.4225	max_dldrho=29.3799	spline_length=23.0494	converged=0
6	BSMPT_BOUNCE_CERT	path_deformation	T=172.945	best_relative_error=0.210599	iterations=21	converged_without_1d=0
6	BSMPT_BOUNCE_CERT	path_check	T=172.945	max_relative_error=0.999902	max_force=52.2812	max_gradient=92.6862	max_perpendicular_gradient=52.2873	max_dldrho=29.3799	spline_length=23.0415	converged=0
6	BSMPT_BOUNCE_CERT	path_deformation	T=172.945	best_relative_error=0.564044	iterations=21	converged_without_1d=0
6	BSMPT_BOUNCE_CERT	path_check	T=172.945	max_relative_error=1.00006	max_force=134.447	max_gradient=147.873	max_perpendicular_gradient=134.437	max_dldrho=29.3812	spline_length=23.0418	converged=0
6	BSMPT_BOUNCE_CERT	path_deformation	T=172.945	best_relative_error=0.908892	iterations=21	converged_without_1d=0
6	BSMPT_BOUNCE_CERT	path_check	T=172.945	max_relative_error=0.999981	max_force=166.488	max_gradient=176.492	max_perpendicular_gradient=166.491	max_dldrho=29.3806	spline_length=23.0417	converged=0
6	BSMPT_BOUNCE_CERT	path_deformation	T=172.945	best_relative_error=0.897634	iterations=21	converged_without_1d=0
6	BSMPT_BOUNCE_CERT	path_check	T=172.945	max_relative_error=1.00002	max_force=1210.33	max_gradient=1211.42	max_perpendicular_gradient=1210.29	max_dldrho=29.3809	spline_length=23.0417	converged=0
6	BSMPT_BOUNCE_CERT	path_deformation	T=172.945	best_relative_error=0.995424	iterations=21	converged_without_1d=0
6	BSMPT_BOUNCE_CERT	path_check	T=172.945	max_relative_error=1.00002	max_force=1611.12	max_gradient=1611.93	max_perpendicular_gradient=1611.08	max_dldrho=29.4135	spline_length=23.0416	converged=0
6	BSMPT_BOUNCE_CERT	path_deformation	T=172.945	best_relative_error=0.983771	iterations=21	converged_without_1d=0
6	BSMPT_BOUNCE_CERT	path_check	T=172.945	max_relative_error=1.00003	max_force=426.034	max_gradient=429.382	max_perpendicular_gradient=426.017	max_dldrho=29.4374	spline_length=23.0394	converged=0
6	BSMPT_BOUNCE_CERT	path_check	T=172.935	max_relative_error=1	max_force=408.334	max_gradient=414.669	max_perpendicular_gradient=408.334	max_dldrho=30.292	spline_length=23.6744	converged=0
6	BSMPT_BOUNCE_CERT	path_deformation	T=172.935	best_relative_error=0.13377	iterations=21	converged_without_1d=0
6	BSMPT_BOUNCE_CERT	path_check	T=172.935	max_relative_error=1.00005	max_force=177.624	max_gradient=194.36	max_perpendicular_gradient=177.613	max_dldrho=30.292	spline_length=23.564	converged=0
6	BSMPT_BOUNCE_CERT	path_deformation	T=172.935	best_relative_error=0.742195	iterations=21	converged_without_1d=0
6	BSMPT_BOUNCE_CERT	path_check	T=172.935	max_relative_error=1.00001	max_force=962.734	max_gradient=965.31	max_perpendicular_gradient=962.723	max_dldrho=30.2891	spline_length=23.5645	converged=0
6	BSMPT_BOUNCE_CERT	path_deformation	T=172.935	best_relative_error=0.984783	iterations=21	converged_without_1d=0
6	BSMPT_BOUNCE_CERT	path_check	T=172.935	max_relative_error=1.00002	max_force=686.144	max_gradient=689.782	max_perpendicular_gradient=686.123	max_dldrho=30.3085	spline_length=23.5652	converged=0
6	BSMPT_BOUNCE_CERT	path_deformation	T=172.935	best_relative_error=0.914191	iterations=21	converged_without_1d=0
6	BSMPT_BOUNCE_CERT	path_check	T=172.935	max_relative_error=1.00001	max_force=665.836	max_gradient=669.6	max_perpendicular_gradient=665.831	max_dldrho=30.2986	spline_length=23.565	converged=0
6	BSMPT_BOUNCE_CERT	path_deformation	T=172.935	best_relative_error=0.897517	iterations=21	converged_without_1d=0
6	BSMPT_BOUNCE_CERT	path_check	T=172.935	max_relative_error=1.00002	max_force=654.144	max_gradient=657.958	max_perpendicular_gradient=654.123	max_dldrho=30.298	spline_length=23.5643	converged=0
6	BSMPT_BOUNCE_CERT	path_deformation	T=172.935	best_relative_error=0.885544	iterations=21	converged_without_1d=0
6	BSMPT_BOUNCE_CERT	path_check	T=172.935	max_relative_error=1.00001	max_force=646.504	max_gradient=650.374	max_perpendicular_gradient=646.499	max_dldrho=30.2977	spline_length=23.565	converged=0
6	BSMPT_BOUNCE_CERT	path_check	T=172.925	max_relative_error=1	max_force=439.185	max_gradient=448.231	max_perpendicular_gradient=439.185	max_dldrho=30.8588	spline_length=24.2568	converged=0
6	BSMPT_BOUNCE_CERT	path_deformation	T=172.925	best_relative_error=0.187307	iterations=21	converged_without_1d=0
6	BSMPT_BOUNCE_CERT	path_check	T=172.925	max_relative_error=1.00004	max_force=240.269	max_gradient=257.909	max_perpendicular_gradient=240.257	max_dldrho=30.8588	spline_length=23.7893	converged=0
6	BSMPT_BOUNCE_CERT	path_deformation	T=172.925	best_relative_error=0.217567	iterations=21	converged_without_1d=0
6	BSMPT_BOUNCE_CERT	path_check	T=172.925	max_relative_error=0.999995	max_force=297.952	max_gradient=311.885	max_perpendicular_gradient=297.954	max_dldrho=30.8558	spline_length=23.7889	converged=0
6	BSMPT_BOUNCE_CERT	path_deformation	T=172.925	best_relative_error=0.0237738	iterations=0	converged_without_1d=1
6	BSMPT_BOUNCE_CERT	path_check	T=172.957	max_relative_error=1.00013	max_force=43.6534	max_gradient=71.3652	max_perpendicular_gradient=43.6464	max_dldrho=27.7216	spline_length=22.1755	converged=0
6	BSMPT_BOUNCE_CERT	path_deformation	T=172.957	best_relative_error=0.613046	iterations=21	converged_without_1d=0
6	BSMPT_BOUNCE_CERT	path_check	T=172.957	max_relative_error=0.999978	max_force=151.53	max_gradient=155.945	max_perpendicular_gradient=151.533	max_dldrho=27.7216	spline_length=22.1767	converged=0
6	BSMPT_BOUNCE_CERT	path_deformation	T=172.957	best_relative_error=0.971639	iterations=21	converged_without_1d=0
6	BSMPT_BOUNCE_CERT	path_check	T=172.957	max_relative_error=1.00005	max_force=157.994	max_gradient=162.141	max_perpendicular_gradient=157.985	max_dldrho=27.7221	spline_length=22.1767	converged=0
6	BSMPT_BOUNCE_CERT	path_deformation	T=172.957	best_relative_error=0.969226	iterations=21	converged_without_1d=0
6	BSMPT_BOUNCE_CERT	path_check	T=172.957	max_relative_error=1.00001	max_force=1346.56	max_gradient=1346.92	max_perpendicular_gradient=1346.54	max_dldrho=27.7221	spline_length=22.176	converged=0
6	BSMPT_BOUNCE_CERT	path_deformation	T=172.957	best_relative_error=0.997097	iterations=21	converged_without_1d=0
6	BSMPT_BOUNCE_CERT	path_check	T=172.957	max_relative_error=1.00001	max_force=878.489	max_gradient=879.076	max_perpendicular_gradient=878.478	max_dldrho=27.7639	spline_length=22.1767	converged=0
6	BSMPT_BOUNCE_CERT	path_deformation	T=172.957	best_relative_error=0.995745	iterations=21	converged_without_1d=0
6	BSMPT_BOUNCE_CERT	path_check	T=172.957	max_relative_error=1.00002	max_force=656.651	max_gradient=657.435	max_perpendicular_gradient=656.632	max_dldrho=27.7396	spline_length=22.1762	converged=0
6	BSMPT_BOUNCE_CERT	path_deformation	T=172.957	best_relative_error=0.979686	iterations=21	converged_without_1d=0
6	BSMPT_BOUNCE_CERT	path_check	T=172.957	max_relative_error=1.00001	max_force=642.697	max_gradient=643.512	max_perpendicular_gradient=642.69	max_dldrho=27.7316	spline_length=22.1768	converged=0
6	BSMPT_BOUNCE_CERT	path_check	T=172.957	max_relative_error=1	max_force=335.304	max_gradient=336.966	max_perpendicular_gradient=335.304	max_dldrho=27.7242	spline_length=22.1682	converged=0
6	BSMPT_BOUNCE_CERT	path_deformation	T=172.957	best_relative_error=0.0164145	iterations=0	converged_without_1d=1
6	BSMPT_BOUNCE_CERT	path_check	T=172.929	max_relative_error=1.00012	max_force=45.293	max_gradient=114.724	max_perpendicular_gradient=45.2838	max_dldrho=30.6527	spline_length=23.5497	converged=0
6	BSMPT_BOUNCE_CERT	path_deformation	T=172.929	best_relative_error=0.394633	iterations=21	converged_without_1d=0
6	BSMPT_BOUNCE_CERT	path_check	T=172.929	max_relative_error=0.999948	max_force=88.2539	max_gradient=133.78	max_perpendicular_gradient=88.2604	max_dldrho=30.6527	spline_length=23.7343	converged=0
6	BSMPT_BOUNCE_CERT	path_deformation	T=172.929	best_relative_error=0.65959	iterations=21	converged_without_1d=0
6	BSMPT_BOUNCE_CERT	path_check	T=172.929	max_relative_error=1.00005	max_force=136.704	max_gradient=166.284	max_perpendicular_gradient=136.694	max_dldrho=30.6528	spline_length=23.7342	converged=0
6	BSMPT_BOUNCE_CERT	path_deformation	T=172.929	best_relative_error=0.82182	iterations=21	converged_without_1d=0
6	BSMPT_BOUNCE_CERT	path_check	T=172.929	max_relative_error=0.999973	max_force=143.58	max_gradient=171.623	max_perpendicular_gradient=143.585	max_dldrho=30.653	spline_length=23.7344	converged=0
6	BSMPT_BOUNCE_CERT	path_deformation	T=172.929	best_relative_error=0.82819	iterations=21	converged_without_1d=0
6	BSMPT_BOUNCE_CERT	path_check	T=172.929	max_relative_error=1.00002	max_force=1260.98	max_gradient=1263.63	max_perpendicular_gradient=1260.95	max_dldrho=30.6531	spline_length=23.7345	converged=0
6	BSMPT_BOUNCE_CERT	path_deformation	T=172.929	best_relative_error=0.989096	iterations=21	converged_without_1d=0
6	BSMPT_BOUNCE_CERT	path_check	T=172.929	max_relative_error=1.00002	max_force=1575.66	max_gradient=1577.77	max_perpendicular_gradient=1575.62	max_dldrho=30.6866	spline_length=23.7384	converged=0
6	BSMPT_BOUNCE_CERT	path_deformation	T=172.929	best_relative_error=0.974234	iterations=21	converged_without_1d=0
6	BSMPT_BOUNCE_CERT	path_check	T=172.929	max_relative_error=1.00002	max_force=596.985	max_gradient=602.76	max_perpendicular_gradient=596.965	max_dldrho=30.7056	spline_length=23.7406	converged=0
6	BSMPT_BOUNCE_CERT	path_check	T=172.933	max_relative_error=1.00009	max_force=53.6263	max_gradient=110.946	max_perpendicular_gradient=53.6172	max_dldrho=30.3898	spline_length=23.3018	converged=0
6	BSMPT_BOUNCE_CERT	path_deformation	T=172.933	best_relative_error=0.483419	iterations=21	converged_without_1d=0
6	BSMPT_BOUNCE_CERT	path_check	T=172.933	max_relative_error=0.999958	max_force=108.207	max_gradient=140.69	max_perpendicular_gradient=108.213	max_dldrho=30.3898	spline_length=23.6167	converged=0
6	BSMPT_BOUNCE_CERT	path_deformation	T=172.933	best_relative_error=0.769182	iterations=21	converged_without_1d=0
6	BSMPT_BOUNCE_CERT	path_check	T=172.933	max_relative_error=1.00005	max_force=152.762	max_gradient=174.699	max_perpendicular_gradient=152.751	max_dldrho=30.39	spline_length=23.6167	converged=0
6	BSMPT_BOUNCE_CERT	path_deformation	T=172.933	best_relative_error=0.842548	iterations=21	converged_without_1d=0
6	BSMPT_BOUNCE_CERT	path_check	T=172.933	max_relative_error=1.00001	max_force=1237.39	max_gradient=1239.61	max_perpendicular_gradient=1237.37	max_dldrho=30.3903	spline_length=23.6163	converged=0
6	BSMPT_BOUNCE_CERT	path_deformation	T=172.933	best_relative_error=0.991582	iterations=21	converged_without_1d=0
6	BSMPT_BOUNCE_CERT	path_check	T=172.933	max_relative_error=1.00001	max_force=1653.85	max_gradient=1655.5	max_perpendicular_gradient=1653.82	max_dldrho=30.4225	spline_length=23.6192	converged=0
6	BSMPT_BOUNCE_CERT	path_deformation	T=172.933	best_relative_error=0.968229	iterations=21	converged_without_1d=0
6	BSMPT_BOUNCE_CERT	path_check	T=172.933	max_relative_error=0.999999	max_force=430.845	max_gradient=437.569	max_perpendicular_gradient=430.845	max_dldrho=30.4482	spline_length=23.6213	converged=0
6	BSMPT_BOUNCE_CERT	path_deformation	T=172.933	best_relative_error=0.212685	iterations=21	converged_without_1d=0
6	BSMPT_BOUNCE_CERT	path_check	T=172.933	max_relative_error=1.00003	max_force=254.864	max_gradient=266.846	max_perpendicular_gradient=254.851	max_dldrho=30.3937	spline_length=23.6168	converged=0
6	BSMPT_BOUNCE_CERT	path_check	T=172.938	max_relative_error=1.00009	max_force=61.9249	max_gradient=108.03	max_perpendicular_gradient=61.9159	max_dldrho=30.0648	spline_length=23.0463	converged=0
6	BSMPT_BOUNCE_CERT	path_deformation	T=172.938	best_relative_error=0.573455	iterations=21	converged_without_1d=0
6	BSMPT_BOUNCE_CERT	path_check	T=172.938	max_relative_error=0.999967	max_force=127.924	max_gradient=150.438	max_perpendicular_gradient=127.929	max_dldrho=30.065	spline_length=23.4408	converged=0
6	BSMPT_BOUNCE_CERT	path_deformation	T=172.938	best_relative_error=0.850659	iterations=21	converged_without_1d=0
6	BSMPT_BOUNCE_CERT	path_check	T=172.938	max_relative_error=1.00005	max_force=158.487	max_gradient=175.735	max_perpendicular_gradient=158.476	max_dldrho=30.0651	spline_length=23.4408	converged=0
6	BSMPT_BOUNCE_CERT	path_deformation	T=172.938	best_relative_error=0.861328	iterations=21	converged_without_1d=0
6	BSMPT_BOUNCE_CERT	path_check	T=172.938	max_relative_error=1.00001	max_force=1229.31	max_gradient=1231.11	max_perpendicular_gradient=1229.29	max_dldrho=30.0653	spline_length=23.4408	converged=0
6	BSMPT_BOUNCE_CERT	path_deformation	T=172.938	best_relative_error=0.993448	iterations=21	converged_without_1d=0
6	BSMPT_BOUNCE_CERT	path_check	T=172.938	max_relative_error=1.00001	max_force=1640.27	max_gradient=1641.61	max_perpendicular_gradient=1640.25	max_dldrho=30.0972	spline_length=23.4411	converged=0
6	BSMPT_BOUNCE_CERT	path_deformation	T=172.938	best_relative_error=0.973923	iterations=21	converged_without_1d=0
6	BSMPT_BOUNCE_CERT	path_check	T=172.938	max_relative_error=1	max_force=430.033	max_gradient=435.491	max_perpendicular_gradient=430.033	max_dldrho=30.1225	spline_length=23.4433	converged=0
6	BSMPT_BOUNCE_CERT	path_deformation	T=172.938	best_relative_error=0.232042	iterations=21	converged_without_1d=0
6	BSMPT_BOUNCE_CERT	path_check	T=172.938	max_relative_error=1.00003	max_force=267.675	max_gradient=276.908	max_perpendicular_gradient=267.662	max_dldrho=30.0687	spline_length=23.4399	converged=0
6	BSMPT_BOUNCE_CERT	path_check	T=172.942	max_relative_error=1.00043	max_force=11.4215	max_gradient=86.8552	max_perpendicular_gradient=11.4132	max_dldrho=29.676	spline_length=23.2359	converged=0
6	BSMPT_BOUNCE_CERT	path_deformation	T=172.942	best_relative_error=0.131842	iterations=21	converged_without_1d=0
6	BSMPT_BOUNCE_CERT	path_check	T=172.942	max_relative_error=0.999835	max_force=32.5652	max_gradient=90.3813	max_perpendicular_gradient=32.5719	max_dldrho=29.6761	spline_length=23.2145	converged=0
6	BSMPT_BOUNCE_CERT	path_deformation	T=172.942	best_relative_error=0.360528	iterations=21	converged_without_1d=0
6	BSMPT_BOUNCE_CERT	path_check	T=172.942	max_relative_error=1.00008	max_force=87.6772	max_gradient=114.802	max_perpendicular_gradient=87.6678	max_dldrho=29.6761	spline_length=23.2145	converged=0
6	BSMPT_BOUNCE_CERT	path_deformation	T=172.942	best_relative_error=0.763606	iterations=21	converged_without_1d=0
6	BSMPT_BOUNCE_CERT	path_check	T=172.942	max_relative_error=0.999983	max_force=167.017	max_gradient=178.476	max_perpendicular_gradient=167.02	max_dldrho=29.6761	spline_length=23.214	converged=0
6	BSMPT_BOUNCE_CERT	path_deformation	T=172.942	best_relative_error=0.881513	iterations=21	converged_without_1d=0
6	BSMPT_BOUNCE_CERT	path_check	T=172.942	max_relative_error=1.00002	max_force=1195.29	max_gradient=1196.57	max_perpendicular_gradient=1195.25	max_dldrho=29.6766	spline_length=23.2145	converged=0
6	BSMPT_BOUNCE_CERT	path_deformation	T=172.942	best_relative_error=0.994897	iterations=21	converged_without_1d=0
6	BSMPT_BOUNCE_CERT	path_check	T=172.942	max_relative_error=1.00002	max_force=1738.48	max_gradient=1739.35	max_perpendicular_gradient=1738.43	max_dldrho=29.7077	spline_length=23.2118	converged=0
6	BSMPT_BOUNCE_CERT	path_deformation	T=172.942	best_relative_error=0.960257	iterations=21	converged_without_1d=0
6	BSMPT_BOUNCE_CERT	path_check	T=172.942	max_relative_error=1.00004	max_force=252.654	max_gradient=259.633	max_perpendicular_gradient=252.641	max_dldrho=29.7421	spline_length=23.2014	converged=0
6	BSMPT_BOUNCE_CERT	path_check	T=172.946	max_relative_error=1.00025	max_force=20.4259	max_gradient=81.1117	max_perpendicular_gradient=20.4178	max_dldrho=29.22	spline_length=22.9547	converged=0
6	BSMPT_BOUNCE_CERT	path_deformation	T=172.946	best_relative_error=0.252619	iterations=21	converged_without_1d=0
6	BSMPT_BOUNCE_CERT	path_check	T=172.946	max_relative_error=0.999916	max_force=62.8118	max_gradient=95.5062	max_perpendicular_gradient=62.8175	max_dldrho=29.2199	spline_length=22.9474	converged=0
6	BSMPT_BOUNCE_CERT	path_deformation	T=172.946	best_relative_error=0.656249	iterations=21	converged_without_1d=0
6	BSMPT_BOUNCE_CERT	path_check	T=172.946	max_relative_error=1.00005	max_force=153.805	max_gradient=163.897	max_perpendicular_gradient=153.795	max_dldrho=29.2205	spline_length=22.9499	converged=0
6	BSMPT_BOUNCE_CERT	path_deformation	T=172.946	best_relative_error=0.938422	iterations=21	converged_without_1d=0
6	BSMPT_BOUNCE_CERT	path_check	T=172.946	max_relative_error=0.999978	max_force=155.661	max_gradient=165.622	max_perpendicular_gradient=155.665	max_dldrho=29.2214	spline_length=22.9502	converged=0
6	BSMPT_BOUNCE_CERT	path_deformation	T=172.946	best_relative_error=0.937	iterations=21	converged_without_1d=0
6	BSMPT_BOUNCE_CERT	path_check	T=172.946	max_relative_error=1.00002	max_force=1380.51	max_gradient=1381.35	max_perpendicular_gradient=1380.48	max_dldrho=29.221	spline_length=22.9498	converged=0
6	BSMPT_BOUNCE_CERT	path_deformation	T=172.946	best_relative_error=0.9936	iterations=21	converged_without_1d=0
6	BSMPT_BOUNCE_CERT	path_check	T=172.946	max_relative_error=1.00002	max_force=945.771	max_gradient=947.037	max_perpendicular_gradient=945.744	max_dldrho=29.2629	spline_length=22.9497	converged=0
6	BSMPT_BOUNCE_CERT	path_deformation	T=172.946	best_relative_error=0.991879	iterations=21	converged_without_1d=0
6	BSMPT_BOUNCE_CERT	path_check	T=172.946	max_relative_error=1.00001	max_force=669.215	max_gradient=671.049	max_perpendicular_gradient=669.207	max_dldrho=29.2402	spline_length=22.9476	converged=0
6	BSMPT_BOUNCE_CERT	path_check	T=172.95	max_relative_error=1.00018	max_force=29.4873	max_gradient=76.3392	max_perpendicular_gradient=29.4796	max_dldrho=28.6939	spline_length=22.6606	converged=0
6	BSMPT_BOUNCE_CERT	path_deformation	T=172.95	best_relative_error=0.38686	iterations=21	converged_without_1d=0
6	BSMPT_BOUNCE_CERT	path_check	T=172.95	max_relative_error=0.999956	max_force=96.4038	max_gradient=112.021	max_perpendicular_gradient=96.4086	max_dldrho=28.6939	spline_length=22.66	converged=0
6	BSMPT_BOUNCE_CERT	path_deformation	T=172.95	best_relative_error=0.860459	iterations=21	converged_without_1d=0
6	BSMPT_BOUNCE_CERT	path_check	T=172.95	max_relative_error=1.00005	max_force=183.7	max_gradient=189.709	max_perpendicular_gradient=183.69	max_dldrho=28.6941	spline_length=22.6601	converged=0
6	BSMPT_BOUNCE_CERT	path_deformation	T=172.95	best_relative_error=0.853432	iterations=21	converged_without_1d=0
6	BSMPT_BOUNCE_CERT	path_check	T=172.95	max_relative_error=1.00001	max_force=991.035	max_gradient=991.963	max_perpendicular_gradient=991.021	max_dldrho=28.6946	spline_length=22.6602	converged=0
6	BSMPT_BOUNCE_CERT	path_deformation	T=172.95	best_relative_error=0.995132	iterations=21	converged_without_1d=0
6	BSMPT_BOUNCE_CERT	path_check	T=172.95	max_relative_error=1.00002	max_force=643.755	max_gradient=645.201	max_perpendicular_gradient=643.735	max_dldrho=28.716	spline_length=22.6602	converged=0
6	BSMPT_BOUNCE_CERT	path_deformation	T=172.95	best_relative_error=0.954857	iterations=21	converged_without_1d=0
6	BSMPT_BOUNCE_CERT	path_check	T=172.95	max_relative_error=1.00001	max_force=640.83	max_gradient=642.295	max_perpendicular_gradient=640.824	max_dldrho=28.7032	spline_length=22.6602	converged=0
6	BSMPT_BOUNCE_CERT	path_deformation	T=172.95	best_relative_error=0.953414	iterations=21	converged_without_1d=0
6	BSMPT_BOUNCE_CERT	path_check	T=172.95	max_relative_error=1.00002	max_force=639.161	max_gradient=640.617	max_perpendicular_gradient=639.141	max_dldrho=28.7031	spline_length=22.66	converged=0
6	BSMPT_BOUNCE_CERT	path_check	T=172.955	max_relative_error=1.00015	max_force=39.5996	max_gradient=72.4299	max_perpendicular_gradient=39.5924	max_dldrho=28.0186	spline_length=22.3177	converged=0
6	BSMPT_BOUNCE_CERT	path_deformation	T=172.955	best_relative_error=0.547732	iterations=21	converged_without_1d=0
6	BSMPT_BOUNCE_CERT	path_check	T=172.955	max_relative_error=0.999974	max_force=135.936	max_gradient=142.229	max_perpendicular_gradient=135.94	max_dldrho=28.0186	spline_length=22.318	converged=0
6	BSMPT_BOUNCE_CERT	path_deformation	T=172.955	best_relative_error=0.956064	iterations=21	converged_without_1d=0
6	BSMPT_BOUNCE_CERT	path_check	T=172.955	max_relative_error=1.00005	max_force=170.574	max_gradient=175.042	max_perpendicular_gradient=170.565	max_dldrho=28.0189	spline_length=22.318	converged=0
6	BSMPT_BOUNCE_CERT	path_deformation	T=172.955	best_relative_error=0.937033	iterations=21	converged_without_1d=0
6	BSMPT_BOUNCE_CERT	path_check	T=172.955	max_relative_error=1.00001	max_force=1162.4	max_gradient=1162.92	max_perpendicular_gradient=1162.39	max_dldrho=28.0192	spline_length=22.318	converged=0
6	BSMPT_BOUNCE_CERT	path_deformation	T=172.955	best_relative_error=0.997867	iterations=21	converged_without_1d=0
6	BSMPT_BOUNCE_CERT	path_check	T=172.955	max_relative_error=1.00001	max_force=1614.65	max_gradient=1615.01	max_perpendicular_gradient=1614.62	max_dldrho=28.0497	spline_length=22.3184	converged=0
6	BSMPT_BOUNCE_CERT	path_deformation	T=172.955	best_relative_error=0.988809	iterations=21	converged_without_1d=0
6	BSMPT_BOUNCE_CERT	path_check	T=172.955	max_relative_error=0.999998	max_force=325.035	max_gradient=327.111	max_perpendicular_gradient=325.035	max_dldrho=28.0786	spline_length=22.3187	converged=0
6	BSMPT_BOUNCE_CERT	path_deformation	T=172.955	best_relative_error=0.00202816	iterations=0	converged_without_1d=1
6	BSMPT_BOUNCE_CERT	path_check	T=172.956	max_relative_error=1.00108	max_force=4.08849	max_gradient=64.0348	max_perpendicular_gradient=4.08207	max_dldrho=27.9459	spline_length=22.2828	converged=0
6	BSMPT_BOUNCE_CERT	path_deformation	T=172.956	best_relative_error=0.0646334	iterations=21	converged_without_1d=0
6	BSMPT_BOUNCE_CERT	path_check	T=172.956	max_relative_error=0.999648	max_force=16.5518	max_gradient=65.2079	max_perpendicular_gradient=16.5575	max_dldrho=27.9459	spline_length=22.283	converged=0
6	BSMPT_BOUNCE_CERT	path_deformation	T=172.956	best_relative_error=0.254181	iterations=21	converged_without_1d=0
6	BSMPT_BOUNCE_CERT	path_check	T=172.956	max_relative_error=1.00009	max_force=64.7992	max_gradient=82.7369	max_perpendicular_gradient=64.7911	max_dldrho=27.9459	spline_length=22.2828	converged=0
6	BSMPT_BOUNCE_CERT	path_deformation	T=172.956	best_relative_error=0.783911	iterations=21	converged_without_1d=0
6	BSMPT_BOUNCE_CERT	path_check	T=172.956	max_relative_error=0.999974	max_force=185.991	max_gradient=189.807	max_perpendicular_gradient=185.991	max_dldrho=27.946	spline_length=22.2828	converged=0
6	BSMPT_BOUNCE_CERT	path_deformation	T=172.956	best_relative_error=0.888522	iterations=21	converged_without_1d=0
6	BSMPT_BOUNCE_CERT	path_check	T=172.956	max_relative_error=1.00001	max_force=958.964	max_gradient=959.611	max_perpendicular_gradient=958.927	max_dldrho=27.9465	spline_length=22.2818	converged=0
6	BSMPT_BOUNCE_CERT	path_deformation	T=172.956	best_relative_error=0.996658	iterations=21	converged_without_1d=0
6	BSMPT_BOUNCE_CERT	path_check	T=172.956	max_relative_error=0.999995	max_force=639.095	max_gradient=640.111	max_perpendicular_gradient=639.08	max_dldrho=27.9643	spline_length=22.2484	converged=0
6	BSMPT_BOUNCE_CERT	path_deformation	T=172.956	best_relative_error=0.97201	iterations=21	converged_without_1d=0
6	BSMPT_BOUNCE_CERT	path_check	T=172.956	max_relative_error=1.00001	max_force=635.465	max_gradient=636.476	max_perpendicular_gradient=635.436	max_dldrho=27.9535	spline_length=22.2631	converged=0
6	BSMPT_BOUNCE_CERT	path_check	T=172.956	max_relative_error=1.00103	max_force=5.15395	max_gradient=63.3255	max_perpendicular_gradient=5.1476	max_dldrho=27.8722	spline_length=22.2475	converged=0
6	BSMPT_BOUNCE_CERT	path_deformation	T=172.956	best_relative_error=0.0821932	iterations=21	converged_without_1d=0
6	BSMPT_BOUNCE_CERT	path_check	T=172.956	max_relative_error=0.999747	max_force=21.064	max_gradient=65.2878	max_perpendicular_gradient=21.0698	max_dldrho=27.8722	spline_length=22.2476	converged=0
6	BSMPT_BOUNCE_CERT	path_deformation	T=172.956	best_relative_error=0.323035	iterations=21	converged_without_1d=0
6	BSMPT_BOUNCE_CERT	path_check	T=172.956	max_relative_error=1.00007	max_force=82.1545	max_gradient=94.2649	max_perpendicular_gradient=82.1456	max_dldrho=27.8722	spline_length=22.2478	converged=0
6	BSMPT_BOUNCE_CERT	path_deformation	T=172.956	best_relative_error=0.871832	iterations=21	converged_without_1d=0
6	BSMPT_BOUNCE_CERT	path_check	T=172.956	max_relative_error=0.999978	max_force=196.389	max_gradient=199.795	max_perpendicular_gradient=196.39	max_dldrho=27.8724	spline_length=22.2475	converged=0
6	BSMPT_BOUNCE_CERT	path_deformation	T=172.956	best_relative_error=0.819978	iterations=21	converged_without_1d=0
6	BSMPT_BOUNCE_CERT	path_check	T=172.956	max_relative_error=1.00001	max_force=835.057	max_gradient=835.758	max_perpendicular_gradient=835.026	max_dldrho=27.873	spline_length=22.2467	converged=0
6	BSMPT_BOUNCE_CERT	path_deformation	T=172.956	best_relative_error=0.994257	iterations=21	converged_without_1d=0
6	BSMPT_BOUNCE_CERT	path_check	T=172.956	max_relative_error=0.999996	max_force=666.246	max_gradient=667.163	max_perpendicular_gradient=666.232	max_dldrho=27.9816	spline_length=22.2326	converged=0
6	BSMPT_BOUNCE_CERT	path_deformation	T=172.956	best_relative_error=0.979329	iterations=21	converged_without_1d=0
6	BSMPT_BOUNCE_CERT	path_check	T=172.956	max_relative_error=1.00001	max_force=647.579	max_gradient=648.519	max_perpendicular_gradient=647.553	max_dldrho=27.8812	spline_length=22.2344	converged=0
6	BSMPT_BOUNCE_CERT	path_check	T=172.957	max_relative_error=1.00024	max_force=23.3252	max_gradient=65.1897	max_perpendicular_gradient=23.3186	max_dldrho=27.7974	spline_length=22.2126	converged=0
6	BSMPT_BOUNCE_CERT	path_deformation	T=172.957	best_relative_error=0.359897	iterations=21	converged_without_1d=0
6	BSMPT_BOUNCE_CERT	path_check	T=172.957	max_relative_error=0.999954	max_force=91.3741	max_gradient=101.962	max_perpendicular_gradient=91.3785	max_dldrho=27.7974	spline_length=22.2123	converged=0
6	BSMPT_BOUNCE_CERT	path_deformation	T=172.957	best_relative_error=0.896211	iterations=21	converged_without_1d=0
6	BSMPT_BOUNCE_CERT	path_check	T=172.957	max_relative_error=1.00004	max_force=194.563	max_gradient=197.784	max_perpendicular_gradient=194.552	max_dldrho=27.7977	spline_length=22.2122	converged=0
6	BSMPT_BOUNCE_CERT	path_deformation	T=172.957	best_relative_error=0.827382	iterations=21	converged_without_1d=0
6	BSMPT_BOUNCE_CERT	path_check	T=172.957	max_relative_error=1.00001	max_force=852.492	max_gradient=853.126	max_perpendicular_gradient=852.481	max_dldrho=27.7984	spline_length=22.2119	converged=0
6	BSMPT_BOUNCE_CERT	path_deformation	T=172.957	best_relative_error=0.994912	iterations=21	converged_without_1d=0
6	BSMPT_BOUNCE_CERT	path_check	T=172.957	max_relative_error=1.00002	max_force=662.601	max_gradient=663.416	max_perpendicular_gradient=662.581	max_dldrho=27.8143	spline_length=22.2122	converged=0
6	BSMPT_BOUNCE_CERT	path_deformation	T=172.957	best_relative_error=0.979936	iterations=21	converged_without_1d=0
6	BSMPT_BOUNCE_CERT	path_check	T=172.957	max_relative_error=1.00001	max_force=645.658	max_gradient=646.51	max_perpendicular_gradient=645.651	max_dldrho=27.8076	spline_length=22.2121	converged=0
6	BSMPT_BOUNCE_CERT	path_deformation	T=172.957	best_relative_error=0.976319	iterations=21	converged_without_1d=0
6	BSMPT_BOUNCE_CERT	path_check	T=172.957	max_relative_error=1.00002	max_force=638.149	max_gradient=638.999	max_perpendicular_gradient=638.129	max_dldrho=27.8071	spline_length=22.2118	converged=0
6	BSMPT_BOUNCE_CERT	path_check	T=172.929	max_relative_error=1.00012	max_force=45.293	max_gradient=114.724	max_perpendicular_gradient=45.2838	max_dldrho=30.6527	spline_length=23.5497	converged=0
6	BSMPT_BOUNCE_CERT	path_deformation	T=172.929	best_relative_error=0.394633	iterations=21	converged_without_1d=0
6	BSMPT_BOUNCE_CERT	path_check	T=172.929	max_relative_error=0.999948	max_force=88.2539	max_gradient=133.78	max_perpendicular_gradient=88.2604	max_dldrho=30.6527	spline_length=23.7343	converged=0
6	BSMPT_BOUNCE_CERT	path_deformation	T=172.929	best_relative_error=0.65959	iterations=21	converged_without_1d=0
6	BSMPT_BOUNCE_CERT	path_check	T=172.929	max_relative_error=1.00005	max_force=136.704	max_gradient=166.284	max_perpendicular_gradient=136.694	max_dldrho=30.6528	spline_length=23.7342	converged=0
6	BSMPT_BOUNCE_CERT	path_deformation	T=172.929	best_relative_error=0.82182	iterations=21	converged_without_1d=0
6	BSMPT_BOUNCE_CERT	path_check	T=172.929	max_relative_error=0.999973	max_force=143.58	max_gradient=171.623	max_perpendicular_gradient=143.585	max_dldrho=30.653	spline_length=23.7344	converged=0
6	BSMPT_BOUNCE_CERT	path_deformation	T=172.929	best_relative_error=0.82819	iterations=21	converged_without_1d=0
6	BSMPT_BOUNCE_CERT	path_check	T=172.929	max_relative_error=1.00002	max_force=1260.98	max_gradient=1263.63	max_perpendicular_gradient=1260.95	max_dldrho=30.6531	spline_length=23.7345	converged=0
6	BSMPT_BOUNCE_CERT	path_deformation	T=172.929	best_relative_error=0.989096	iterations=21	converged_without_1d=0
6	BSMPT_BOUNCE_CERT	path_check	T=172.929	max_relative_error=1.00002	max_force=1575.66	max_gradient=1577.77	max_perpendicular_gradient=1575.62	max_dldrho=30.6866	spline_length=23.7384	converged=0
6	BSMPT_BOUNCE_CERT	path_deformation	T=172.929	best_relative_error=0.974234	iterations=21	converged_without_1d=0
6	BSMPT_BOUNCE_CERT	path_check	T=172.929	max_relative_error=1.00002	max_force=596.985	max_gradient=602.76	max_perpendicular_gradient=596.965	max_dldrho=30.7056	spline_length=23.7406	converged=0
6	BSMPT_BOUNCE_CERT	path_check	T=172.933	max_relative_error=1.00009	max_force=53.6263	max_gradient=110.946	max_perpendicular_gradient=53.6172	max_dldrho=30.3898	spline_length=23.3018	converged=0
6	BSMPT_BOUNCE_CERT	path_deformation	T=172.933	best_relative_error=0.483419	iterations=21	converged_without_1d=0
6	BSMPT_BOUNCE_CERT	path_check	T=172.933	max_relative_error=0.999958	max_force=108.207	max_gradient=140.69	max_perpendicular_gradient=108.213	max_dldrho=30.3898	spline_length=23.6167	converged=0
6	BSMPT_BOUNCE_CERT	path_deformation	T=172.933	best_relative_error=0.769182	iterations=21	converged_without_1d=0
6	BSMPT_BOUNCE_CERT	path_check	T=172.933	max_relative_error=1.00005	max_force=152.762	max_gradient=174.699	max_perpendicular_gradient=152.751	max_dldrho=30.39	spline_length=23.6167	converged=0
6	BSMPT_BOUNCE_CERT	path_deformation	T=172.933	best_relative_error=0.842548	iterations=21	converged_without_1d=0
6	BSMPT_BOUNCE_CERT	path_check	T=172.933	max_relative_error=1.00001	max_force=1237.39	max_gradient=1239.61	max_perpendicular_gradient=1237.37	max_dldrho=30.3903	spline_length=23.6163	converged=0
6	BSMPT_BOUNCE_CERT	path_deformation	T=172.933	best_relative_error=0.991582	iterations=21	converged_without_1d=0
6	BSMPT_BOUNCE_CERT	path_check	T=172.933	max_relative_error=1.00001	max_force=1653.85	max_gradient=1655.5	max_perpendicular_gradient=1653.82	max_dldrho=30.4225	spline_length=23.6192	converged=0
6	BSMPT_BOUNCE_CERT	path_deformation	T=172.933	best_relative_error=0.968229	iterations=21	converged_without_1d=0
6	BSMPT_BOUNCE_CERT	path_check	T=172.933	max_relative_error=0.999999	max_force=430.845	max_gradient=437.569	max_perpendicular_gradient=430.845	max_dldrho=30.4482	spline_length=23.6213	converged=0
6	BSMPT_BOUNCE_CERT	path_deformation	T=172.933	best_relative_error=0.212685	iterations=21	converged_without_1d=0
6	BSMPT_BOUNCE_CERT	path_check	T=172.933	max_relative_error=1.00003	max_force=254.864	max_gradient=266.846	max_perpendicular_gradient=254.851	max_dldrho=30.3937	spline_length=23.6168	converged=0
6	BSMPT_BOUNCE_CERT	path_check	T=172.938	max_relative_error=1.00009	max_force=61.9249	max_gradient=108.03	max_perpendicular_gradient=61.9159	max_dldrho=30.0648	spline_length=23.0463	converged=0
6	BSMPT_BOUNCE_CERT	path_deformation	T=172.938	best_relative_error=0.573455	iterations=21	converged_without_1d=0
6	BSMPT_BOUNCE_CERT	path_check	T=172.938	max_relative_error=0.999967	max_force=127.924	max_gradient=150.438	max_perpendicular_gradient=127.929	max_dldrho=30.065	spline_length=23.4408	converged=0
6	BSMPT_BOUNCE_CERT	path_deformation	T=172.938	best_relative_error=0.850659	iterations=21	converged_without_1d=0
6	BSMPT_BOUNCE_CERT	path_check	T=172.938	max_relative_error=1.00005	max_force=158.487	max_gradient=175.735	max_perpendicular_gradient=158.476	max_dldrho=30.0651	spline_length=23.4408	converged=0
6	BSMPT_BOUNCE_CERT	path_deformation	T=172.938	best_relative_error=0.861328	iterations=21	converged_without_1d=0
6	BSMPT_BOUNCE_CERT	path_check	T=172.938	max_relative_error=1.00001	max_force=1229.31	max_gradient=1231.11	max_perpendicular_gradient=1229.29	max_dldrho=30.0653	spline_length=23.4408	converged=0
6	BSMPT_BOUNCE_CERT	path_deformation	T=172.938	best_relative_error=0.993448	iterations=21	converged_without_1d=0
6	BSMPT_BOUNCE_CERT	path_check	T=172.938	max_relative_error=1.00001	max_force=1640.27	max_gradient=1641.61	max_perpendicular_gradient=1640.25	max_dldrho=30.0972	spline_length=23.4411	converged=0
6	BSMPT_BOUNCE_CERT	path_deformation	T=172.938	best_relative_error=0.973923	iterations=21	converged_without_1d=0
6	BSMPT_BOUNCE_CERT	path_check	T=172.938	max_relative_error=1	max_force=430.033	max_gradient=435.491	max_perpendicular_gradient=430.033	max_dldrho=30.1225	spline_length=23.4433	converged=0
6	BSMPT_BOUNCE_CERT	path_deformation	T=172.938	best_relative_error=0.232042	iterations=21	converged_without_1d=0
6	BSMPT_BOUNCE_CERT	path_check	T=172.938	max_relative_error=1.00003	max_force=267.675	max_gradient=276.908	max_perpendicular_gradient=267.662	max_dldrho=30.0687	spline_length=23.4399	converged=0
6	BSMPT_BOUNCE_CERT	path_check	T=172.942	max_relative_error=1.00043	max_force=11.4215	max_gradient=86.8552	max_perpendicular_gradient=11.4132	max_dldrho=29.676	spline_length=23.2359	converged=0
6	BSMPT_BOUNCE_CERT	path_deformation	T=172.942	best_relative_error=0.131842	iterations=21	converged_without_1d=0
6	BSMPT_BOUNCE_CERT	path_check	T=172.942	max_relative_error=0.999835	max_force=32.5652	max_gradient=90.3813	max_perpendicular_gradient=32.5719	max_dldrho=29.6761	spline_length=23.2145	converged=0
6	BSMPT_BOUNCE_CERT	path_deformation	T=172.942	best_relative_error=0.360528	iterations=21	converged_without_1d=0
6	BSMPT_BOUNCE_CERT	path_check	T=172.942	max_relative_error=1.00008	max_force=87.6772	max_gradient=114.802	max_perpendicular_gradient=87.6678	max_dldrho=29.6761	spline_length=23.2145	converged=0
6	BSMPT_BOUNCE_CERT	path_deformation	T=172.942	best_relative_error=0.763606	iterations=21	converged_without_1d=0
6	BSMPT_BOUNCE_CERT	path_check	T=172.942	max_relative_error=0.999983	max_force=167.017	max_gradient=178.476	max_perpendicular_gradient=167.02	max_dldrho=29.6761	spline_length=23.214	converged=0
6	BSMPT_BOUNCE_CERT	path_deformation	T=172.942	best_relative_error=0.881513	iterations=21	converged_without_1d=0
6	BSMPT_BOUNCE_CERT	path_check	T=172.942	max_relative_error=1.00002	max_force=1195.29	max_gradient=1196.57	max_perpendicular_gradient=1195.25	max_dldrho=29.6766	spline_length=23.2145	converged=0
6	BSMPT_BOUNCE_CERT	path_deformation	T=172.942	best_relative_error=0.994897	iterations=21	converged_without_1d=0
6	BSMPT_BOUNCE_CERT	path_check	T=172.942	max_relative_error=1.00002	max_force=1738.48	max_gradient=1739.35	max_perpendicular_gradient=1738.43	max_dldrho=29.7077	spline_length=23.2118	converged=0
6	BSMPT_BOUNCE_CERT	path_deformation	T=172.942	best_relative_error=0.960257	iterations=21	converged_without_1d=0
6	BSMPT_BOUNCE_CERT	path_check	T=172.942	max_relative_error=1.00004	max_force=252.654	max_gradient=259.633	max_perpendicular_gradient=252.641	max_dldrho=29.7421	spline_length=23.2014	converged=0
6	BSMPT_BOUNCE_CERT	path_check	T=172.946	max_relative_error=1.00025	max_force=20.4259	max_gradient=81.1117	max_perpendicular_gradient=20.4178	max_dldrho=29.22	spline_length=22.9547	converged=0
6	BSMPT_BOUNCE_CERT	path_deformation	T=172.946	best_relative_error=0.252619	iterations=21	converged_without_1d=0
6	BSMPT_BOUNCE_CERT	path_check	T=172.946	max_relative_error=0.999916	max_force=62.8118	max_gradient=95.5062	max_perpendicular_gradient=62.8175	max_dldrho=29.2199	spline_length=22.9474	converged=0
6	BSMPT_BOUNCE_CERT	path_deformation	T=172.946	best_relative_error=0.656249	iterations=21	converged_without_1d=0
6	BSMPT_BOUNCE_CERT	path_check	T=172.946	max_relative_error=1.00005	max_force=153.805	max_gradient=163.897	max_perpendicular_gradient=153.795	max_dldrho=29.2205	spline_length=22.9499	converged=0
6	BSMPT_BOUNCE_CERT	path_deformation	T=172.946	best_relative_error=0.938422	iterations=21	converged_without_1d=0
6	BSMPT_BOUNCE_CERT	path_check	T=172.946	max_relative_error=0.999978	max_force=155.661	max_gradient=165.622	max_perpendicular_gradient=155.665	max_dldrho=29.2214	spline_length=22.9502	converged=0
6	BSMPT_BOUNCE_CERT	path_deformation	T=172.946	best_relative_error=0.937	iterations=21	converged_without_1d=0
6	BSMPT_BOUNCE_CERT	path_check	T=172.946	max_relative_error=1.00002	max_force=1380.51	max_gradient=1381.35	max_perpendicular_gradient=1380.48	max_dldrho=29.221	spline_length=22.9498	converged=0
6	BSMPT_BOUNCE_CERT	path_deformation	T=172.946	best_relative_error=0.9936	iterations=21	converged_without_1d=0
6	BSMPT_BOUNCE_CERT	path_check	T=172.946	max_relative_error=1.00002	max_force=945.771	max_gradient=947.037	max_perpendicular_gradient=945.744	max_dldrho=29.2629	spline_length=22.9497	converged=0
6	BSMPT_BOUNCE_CERT	path_deformation	T=172.946	best_relative_error=0.991879	iterations=21	converged_without_1d=0
6	BSMPT_BOUNCE_CERT	path_check	T=172.946	max_relative_error=1.00001	max_force=669.215	max_gradient=671.049	max_perpendicular_gradient=669.207	max_dldrho=29.2402	spline_length=22.9476	converged=0
6	BSMPT_BOUNCE_CERT	path_check	T=172.95	max_relative_error=1.00018	max_force=29.4873	max_gradient=76.3392	max_perpendicular_gradient=29.4796	max_dldrho=28.6939	spline_length=22.6606	converged=0
6	BSMPT_BOUNCE_CERT	path_deformation	T=172.95	best_relative_error=0.38686	iterations=21	converged_without_1d=0
6	BSMPT_BOUNCE_CERT	path_check	T=172.95	max_relative_error=0.999956	max_force=96.4038	max_gradient=112.021	max_perpendicular_gradient=96.4086	max_dldrho=28.6939	spline_length=22.66	converged=0
6	BSMPT_BOUNCE_CERT	path_deformation	T=172.95	best_relative_error=0.860459	iterations=21	converged_without_1d=0
6	BSMPT_BOUNCE_CERT	path_check	T=172.95	max_relative_error=1.00005	max_force=183.7	max_gradient=189.709	max_perpendicular_gradient=183.69	max_dldrho=28.6941	spline_length=22.6601	converged=0
6	BSMPT_BOUNCE_CERT	path_deformation	T=172.95	best_relative_error=0.853432	iterations=21	converged_without_1d=0
6	BSMPT_BOUNCE_CERT	path_check	T=172.95	max_relative_error=1.00001	max_force=991.035	max_gradient=991.963	max_perpendicular_gradient=991.021	max_dldrho=28.6946	spline_length=22.6602	converged=0
6	BSMPT_BOUNCE_CERT	path_deformation	T=172.95	best_relative_error=0.995132	iterations=21	converged_without_1d=0
6	BSMPT_BOUNCE_CERT	path_check	T=172.95	max_relative_error=1.00002	max_force=643.755	max_gradient=645.201	max_perpendicular_gradient=643.735	max_dldrho=28.716	spline_length=22.6602	converged=0
6	BSMPT_BOUNCE_CERT	path_deformation	T=172.95	best_relative_error=0.954857	iterations=21	converged_without_1d=0
6	BSMPT_BOUNCE_CERT	path_check	T=172.95	max_relative_error=1.00001	max_force=640.83	max_gradient=642.295	max_perpendicular_gradient=640.824	max_dldrho=28.7032	spline_length=22.6602	converged=0
6	BSMPT_BOUNCE_CERT	path_deformation	T=172.95	best_relative_error=0.953414	iterations=21	converged_without_1d=0
6	BSMPT_BOUNCE_CERT	path_check	T=172.95	max_relative_error=1.00002	max_force=639.161	max_gradient=640.617	max_perpendicular_gradient=639.141	max_dldrho=28.7031	spline_length=22.66	converged=0
6	BSMPT_BOUNCE_CERT	path_check	T=172.956	max_relative_error=1.00108	max_force=4.08849	max_gradient=64.0348	max_perpendicular_gradient=4.08207	max_dldrho=27.9459	spline_length=22.2828	converged=0
6	BSMPT_BOUNCE_CERT	path_deformation	T=172.956	best_relative_error=0.0646334	iterations=21	converged_without_1d=0
6	BSMPT_BOUNCE_CERT	path_check	T=172.956	max_relative_error=0.999648	max_force=16.5518	max_gradient=65.2079	max_perpendicular_gradient=16.5575	max_dldrho=27.9459	spline_length=22.283	converged=0
6	BSMPT_BOUNCE_CERT	path_deformation	T=172.956	best_relative_error=0.254181	iterations=21	converged_without_1d=0
6	BSMPT_BOUNCE_CERT	path_check	T=172.956	max_relative_error=1.00009	max_force=64.7992	max_gradient=82.7369	max_perpendicular_gradient=64.7911	max_dldrho=27.9459	spline_length=22.2828	converged=0
6	BSMPT_BOUNCE_CERT	path_deformation	T=172.956	best_relative_error=0.783911	iterations=21	converged_without_1d=0
6	BSMPT_BOUNCE_CERT	path_check	T=172.956	max_relative_error=0.999974	max_force=185.991	max_gradient=189.807	max_perpendicular_gradient=185.991	max_dldrho=27.946	spline_length=22.2828	converged=0
6	BSMPT_BOUNCE_CERT	path_deformation	T=172.956	best_relative_error=0.888522	iterations=21	converged_without_1d=0
6	BSMPT_BOUNCE_CERT	path_check	T=172.956	max_relative_error=1.00001	max_force=958.964	max_gradient=959.611	max_perpendicular_gradient=958.927	max_dldrho=27.9465	spline_length=22.2818	converged=0
6	BSMPT_BOUNCE_CERT	path_deformation	T=172.956	best_relative_error=0.996658	iterations=21	converged_without_1d=0
6	BSMPT_BOUNCE_CERT	path_check	T=172.956	max_relative_error=0.999995	max_force=639.095	max_gradient=640.111	max_perpendicular_gradient=639.08	max_dldrho=27.9643	spline_length=22.2484	converged=0
6	BSMPT_BOUNCE_CERT	path_deformation	T=172.956	best_relative_error=0.97201	iterations=21	converged_without_1d=0
6	BSMPT_BOUNCE_CERT	path_check	T=172.956	max_relative_error=1.00001	max_force=635.465	max_gradient=636.476	max_perpendicular_gradient=635.436	max_dldrho=27.9535	spline_length=22.2631	converged=0
6	BSMPT_BOUNCE_CERT	path_check	T=172.956	max_relative_error=1.00026	max_force=22.2853	max_gradient=65.6864	max_perpendicular_gradient=22.2787	max_dldrho=27.8722	spline_length=22.248	converged=0
6	BSMPT_BOUNCE_CERT	path_deformation	T=172.956	best_relative_error=0.341358	iterations=21	converged_without_1d=0
6	BSMPT_BOUNCE_CERT	path_check	T=172.956	max_relative_error=0.999951	max_force=86.6723	max_gradient=98.6932	max_perpendicular_gradient=86.6768	max_dldrho=27.8722	spline_length=22.2477	converged=0
6	BSMPT_BOUNCE_CERT	path_deformation	T=172.956	best_relative_error=0.87826	iterations=21	converged_without_1d=0
6	BSMPT_BOUNCE_CERT	path_check	T=172.956	max_relative_error=1.00004	max_force=193.995	max_gradient=197.382	max_perpendicular_gradient=193.985	max_dldrho=27.8724	spline_length=22.2476	converged=0
6	BSMPT_BOUNCE_CERT	path_deformation	T=172.956	best_relative_error=0.828246	iterations=21	converged_without_1d=0
6	BSMPT_BOUNCE_CERT	path_check	T=172.956	max_relative_error=1.00001	max_force=860.312	max_gradient=860.968	max_perpendicular_gradient=860.3	max_dldrho=27.8731	spline_length=22.2478	converged=0
6	BSMPT_BOUNCE_CERT	path_deformation	T=172.956	best_relative_error=0.994857	iterations=21	converged_without_1d=0
6	BSMPT_BOUNCE_CERT	path_check	T=172.956	max_relative_error=1.00002	max_force=662.556	max_gradient=663.411	max_perpendicular_gradient=662.535	max_dldrho=27.8893	spline_length=22.2474	converged=0
6	BSMPT_BOUNCE_CERT	path_deformation	T=172.956	best_relative_error=0.978882	iterations=21	converged_without_1d=0
6	BSMPT_BOUNCE_CERT	path_check	T=172.956	max_relative_error=1.00001	max_force=646.084	max_gradient=646.976	max_perpendicular_gradient=646.076	max_dldrho=27.8824	spline_length=22.2476	converged=0
6	BSMPT_BOUNCE_CERT	path_deformation	T=172.956	best_relative_error=0.975211	iterations=21	converged_without_1d=0
6	BSMPT_BOUNCE_CERT	path_check	T=172.956	max_relative_error=1.00002	max_force=638.732	max_gradient=639.623	max_perpendicular_gradient=638.711	max_dldrho=27.8818	spline_length=22.2474	converged=0
6	BSMPT_BOUNCE_CERT	path_check	T=172.957	max_relative_error=1.00024	max_force=23.3252	max_gradient=65.1897	max_perpendicular_gradient=23.3186	max_dldrho=27.7974	spline_length=22.2126	converged=0
6	BSMPT_BOUNCE_CERT	path_deformation	T=172.957	best_relative_error=0.359897	iterations=21	converged_without_1d=0
6	BSMPT_BOUNCE_CERT	path_check	T=172.957	max_relative_error=0.999954	max_force=91.3741	max_gradient=101.962	max_perpendicular_gradient=91.3785	max_dldrho=27.7974	spline_length=22.2123	converged=0
6	BSMPT_BOUNCE_CERT	path_deformation	T=172.957	best_relative_error=0.896211	iterations=21	converged_without_1d=0
6	BSMPT_BOUNCE_CERT	path_check	T=172.957	max_relative_error=1.00004	max_force=194.563	max_gradient=197.784	max_perpendicular_gradient=194.552	max_dldrho=27.7977	spline_length=22.2122	converged=0
6	BSMPT_BOUNCE_CERT	path_deformation	T=172.957	best_relative_error=0.827382	iterations=21	converged_without_1d=0
6	BSMPT_BOUNCE_CERT	path_check	T=172.957	max_relative_error=1.00001	max_force=852.492	max_gradient=853.126	max_perpendicular_gradient=852.481	max_dldrho=27.7984	spline_length=22.2119	converged=0
6	BSMPT_BOUNCE_CERT	path_deformation	T=172.957	best_relative_error=0.994912	iterations=21	converged_without_1d=0
6	BSMPT_BOUNCE_CERT	path_check	T=172.957	max_relative_error=1.00002	max_force=662.601	max_gradient=663.416	max_perpendicular_gradient=662.581	max_dldrho=27.8143	spline_length=22.2122	converged=0
6	BSMPT_BOUNCE_CERT	path_deformation	T=172.957	best_relative_error=0.979936	iterations=21	converged_without_1d=0
6	BSMPT_BOUNCE_CERT	path_check	T=172.957	max_relative_error=1.00001	max_force=645.658	max_gradient=646.51	max_perpendicular_gradient=645.651	max_dldrho=27.8076	spline_length=22.2121	converged=0
6	BSMPT_BOUNCE_CERT	path_deformation	T=172.957	best_relative_error=0.976319	iterations=21	converged_without_1d=0
6	BSMPT_BOUNCE_CERT	path_check	T=172.957	max_relative_error=1.00002	max_force=638.149	max_gradient=638.999	max_perpendicular_gradient=638.129	max_dldrho=27.8071	spline_length=22.2118	converged=0
6	BSMPT_BOUNCE_CERT	path_check	T=172.94	max_relative_error=1.00049	max_force=6.92856	max_gradient=90.0371	max_perpendicular_gradient=6.92018	max_dldrho=29.8785	spline_length=23.3725	converged=0
6	BSMPT_BOUNCE_CERT	path_deformation	T=172.94	best_relative_error=0.0773085	iterations=21	converged_without_1d=0
6	BSMPT_BOUNCE_CERT	path_check	T=172.94	max_relative_error=0.999679	max_force=18.9973	max_gradient=91.1341	max_perpendicular_gradient=19.0044	max_dldrho=29.8785	spline_length=23.333	converged=0
6	BSMPT_BOUNCE_CERT	path_deformation	T=172.94	best_relative_error=0.208658	iterations=21	converged_without_1d=0
6	BSMPT_BOUNCE_CERT	path_check	T=172.94	max_relative_error=1.00012	max_force=50.938	max_gradient=98.9198	max_perpendicular_gradient=50.9291	max_dldrho=29.8786	spline_length=23.3332	converged=0
6	BSMPT_BOUNCE_CERT	path_deformation	T=172.94	best_relative_error=0.515018	iterations=21	converged_without_1d=0
6	BSMPT_BOUNCE_CERT	path_check	T=172.94	max_relative_error=0.999973	max_force=121.679	max_gradient=140.476	max_perpendicular_gradient=121.684	max_dldrho=29.8787	spline_length=23.3332	converged=0
6	BSMPT_BOUNCE_CERT	path_deformation	T=172.94	best_relative_error=0.866541	iterations=21	converged_without_1d=0
6	BSMPT_BOUNCE_CERT	path_check	T=172.94	max_relative_error=1.00005	max_force=168.784	max_gradient=180.858	max_perpendicular_gradient=168.772	max_dldrho=29.8786	spline_length=23.3314	converged=0
6	BSMPT_BOUNCE_CERT	path_deformation	T=172.94	best_relative_error=0.868921	iterations=21	converged_without_1d=0
6	BSMPT_BOUNCE_CERT	path_check	T=172.94	max_relative_error=1.00001	max_force=1172.72	max_gradient=1174.15	max_perpendicular_gradient=1172.7	max_dldrho=29.8792	spline_length=23.3331	converged=0
6	BSMPT_BOUNCE_CERT	path_deformation	T=172.94	best_relative_error=0.995253	iterations=21	converged_without_1d=0
6	BSMPT_BOUNCE_CERT	path_check	T=172.94	max_relative_error=1.00001	max_force=1895	max_gradient=1895.87	max_perpendicular_gradient=1894.96	max_dldrho=29.9092	spline_length=23.3242	converged=0
6	BSMPT_BOUNCE_CERT	path_check	T=172.94	max_relative_error=1.00049	max_force=6.92856	max_gradient=90.0371	max_perpendicular_gradient=6.92018	max_dldrho=29.8785	spline_length=23.3725	converged=0
6	BSMPT_BOUNCE_CERT	path_deformation	T=172.94	best_relative_error=0.0773085	iterations=21	converged_without_1d=0
6	BSMPT_BOUNCE_CERT	path_check	T=172.94	max_relative_error=0.999679	max_force=18.9973	max_gradient=91.1341	max_perpendicular_gradient=19.0044	max_dldrho=29.8785	spline_length=23.333	converged=0
6	BSMPT_BOUNCE_CERT	path_deformation	T=172.94	best_relative_error=0.208658	iterations=21	converged_without_1d=0
6	BSMPT_BOUNCE_CERT	path_check	T=172.94	max_relative_error=1.00012	max_force=50.938	max_gradient=98.9198	max_perpendicular_gradient=50.9291	max_dldrho=29.8786	spline_length=23.3332	converged=0
6	BSMPT_BOUNCE_CERT	path_deformation	T=172.94	best_relative_error=0.515018	iterations=21	converged_without_1d=0
6	BSMPT_BOUNCE_CERT	path_check	T=172.94	max_relative_error=0.999973	max_force=121.679	max_gradient=140.476	max_perpendicular_gradient=121.684	max_dldrho=29.8787	spline_length=23.3332	converged=0
6	BSMPT_BOUNCE_CERT	path_deformation	T=172.94	best_relative_error=0.866541	iterations=21	converged_without_1d=0
6	BSMPT_BOUNCE_CERT	path_check	T=172.94	max_relative_error=1.00005	max_force=168.784	max_gradient=180.858	max_perpendicular_gradient=168.772	max_dldrho=29.8786	spline_length=23.3314	converged=0
6	BSMPT_BOUNCE_CERT	path_deformation	T=172.94	best_relative_error=0.868921	iterations=21	converged_without_1d=0
6	BSMPT_BOUNCE_CERT	path_check	T=172.94	max_relative_error=1.00001	max_force=1172.72	max_gradient=1174.15	max_perpendicular_gradient=1172.7	max_dldrho=29.8792	spline_length=23.3331	converged=0
6	BSMPT_BOUNCE_CERT	path_deformation	T=172.94	best_relative_error=0.995253	iterations=21	converged_without_1d=0
6	BSMPT_BOUNCE_CERT	path_check	T=172.94	max_relative_error=1.00001	max_force=1895	max_gradient=1895.87	max_perpendicular_gradient=1894.96	max_dldrho=29.9092	spline_length=23.3242	converged=0
7	BSMPT_BOUNCE_CERT	path_check	T=172.958	max_relative_error=1	max_force=343.632	max_gradient=345.675	max_perpendicular_gradient=343.632	max_dldrho=28.0919	spline_length=22.3445	converged=0
7	BSMPT_BOUNCE_CERT	path_deformation	T=172.958	best_relative_error=0.0268366	iterations=0	converged_without_1d=1
7	BSMPT_BOUNCE_CERT	path_check	T=172.948	max_relative_error=1.00026	max_force=18.2303	max_gradient=83.0394	max_perpendicular_gradient=18.2223	max_dldrho=29.3791	spline_length=23.0491	converged=0
7	BSMPT_BOUNCE_CERT	path_deformation	T=172.948	best_relative_error=0.219479	iterations=21	converged_without_1d=0
7	BSMPT_BOUNCE_CERT	path_check	T=172.948	max_relative_error=0.99991	max_force=54.4564	max_gradient=93.6596	max_perpendicular_gradient=54.4625	max_dldrho=29.3791	spline_length=23.0408	converged=0
7	BSMPT_BOUNCE_CERT	path_deformation	T=172.948	best_relative_error=0.581528	iterations=21	converged_without_1d=0
7	BSMPT_BOUNCE_CERT	path_check	T=172.948	max_relative_error=1.00006	max_force=138.049	max_gradient=151.012	max_perpendicular_gradient=138.039	max_dldrho=29.38	spline_length=23.0413	converged=0
7	BSMPT_BOUNCE_CERT	path_deformation	T=172.948	best_relative_error=0.914726	iterations=21	converged_without_1d=0
7	BSMPT_BOUNCE_CERT	path_check	T=172.948	max_relative_error=0.999979	max_force=164.563	max_gradient=174.61	max_perpendicular_gradient=164.566	max_dldrho=29.3774	spline_length=23.0354	converged=0
7	BSMPT_BOUNCE_CERT	path_deformation	T=172.948	best_relative_error=0.904292	iterations=21	converged_without_1d=0
7	BSMPT_BOUNCE_CERT	path_check	T=172.948	max_relative_error=1.00002	max_force=1239.03	max_gradient=1240.08	max_perpendicular_gradient=1239	max_dldrho=29.3791	spline_length=23.0366	converged=0
7	BSMPT_BOUNCE_CERT	path_deformation	T=172.948	best_relative_error=0.995121	iterations=21	converged_without_1d=0
7	BSMPT_BOUNCE_CERT	path_check	T=172.948	max_relative_error=1.00002	max_force=1479.17	max_gradient=1480.04	max_perpendicular_gradient=1479.13	max_dldrho=29.4129	spline_length=23.0371	converged=0
7	BSMPT_BOUNCE_CERT	path_deformation	T=172.948	best_relative_error=0.990644	iterations=21	converged_without_1d=0
7	BSMPT_BOUNCE_CERT	path_check	T=172.948	max_relative_error=1.00002	max_force=696.89	max_gradient=698.843	max_perpendicular_gradient=696.868	max_dldrho=29.4275	spline_length=23.0398	converged=0
7	BSMPT_BOUNCE_CERT	path_check	T=172.938	max_relative_error=1	max_force=408.62	max_gradient=414.95	max_perpendicular_gradient=408.62	max_dldrho=30.2911	spline_length=23.6738	converged=0
7	BSMPT_BOUNCE_CERT	path_deformation	T=172.938	best_relative_error=0.134769	iterations=21	converged_without_1d=0
7	BSMPT_BOUNCE_CERT	path_check	T=172.938	max_relative_error=1.00005	max_force=178.702	max_gradient=195.307	max_perpendicular_gradient=178.691	max_dldrho=30.2911	spline_length=23.5633	converged=0
7	BSMPT_BOUNCE_CERT	path_deformation	T=172.938	best_relative_error=0.735509	iterations=21	converged_without_1d=0
7	BSMPT_BOUNCE_CERT	path_check	T=172.938	max_relative_error=1.00001	max_force=949.996	max_gradient=952.607	max_perpendicular_gradient=949.985	max_dldrho=30.2883	spline_length=23.5638	converged=0
7	BSMPT_BOUNCE_CERT	path_deformation	T=172.938	best_relative_error=0.983828	iterations=21	converged_without_1d=0
7	BSMPT_BOUNCE_CERT	path_check	T=172.938	max_relative_error=1.00002	max_force=689.054	max_gradient=692.677	max_perpendicular_gradient=689.032	max_dldrho=30.3072	spline_length=23.5647	converged=0
7	BSMPT_BOUNCE_CERT	path_deformation	T=172.938	best_relative_error=0.916337	iterations=21	converged_without_1d=0
7	BSMPT_BOUNCE_CERT	path_check	T=172.938	max_relative_error=1.00001	max_force=667.319	max_gradient=671.076	max_perpendicular_gradient=667.314	max_dldrho=30.2978	spline_length=23.5644	converged=0
7	BSMPT_BOUNCE_CERT	path_deformation	T=172.938	best_relative_error=0.898869	iterations=21	converged_without_1d=0
7	BSMPT_BOUNCE_CERT	path_check	T=172.938	max_relative_error=1.00002	max_force=655.045	max_gradient=658.858	max_perpendicular_gradient=655.024	max_dldrho=30.2972	spline_length=23.5638	converged=0
7	BSMPT_BOUNCE_CERT	path_deformation	T=172.938	best_relative_error=0.88662	iterations=21	converged_without_1d=0
7	BSMPT_BOUNCE_CERT	path_check	T=172.938	max_relative_error=1.00001	max_force=647.119	max_gradient=650.983	max_perpendicular_gradient=647.114	max_dldrho=30.2968	spline_length=23.564	converged=0
7	BSMPT_BOUNCE_CERT	path_check	T=172.928	max_relative_error=1	max_force=439.492	max_gradient=448.529	max_perpendicular_gradient=439.492	max_dldrho=30.8579	spline_length=24.2561	converged=0
7	BSMPT_BOUNCE_CERT	path_deformation	T=172.928	best_relative_error=0.188368	iterations=21	converged_without_1d=0
7	BSMPT_BOUNCE_CERT	path_check	T=172.928	max_relative_error=1.00004	max_force=241.31	max_gradient=258.869	max_perpendicular_gradient=241.298	max_dldrho=30.858	spline_length=23.7888	converged=0
7	BSMPT_BOUNCE_CERT	path_deformation	T=172.928	best_relative_error=0.212074	iterations=21	converged_without_1d=0
7	BSMPT_BOUNCE_CERT	path_check	T=172.928	max_relative_error=0.999995	max_force=291.117	max_gradient=305.412	max_perpendicular_gradient=291.12	max_dldrho=30.855	spline_length=23.7884	converged=0
7	BSMPT_BOUNCE_CERT	path_deformation	T=172.928	best_relative_error=0.0357966	iterations=0	converged_without_1d=1
7	BSMPT_BOUNCE_CERT	path_check	T=172.96	max_relative_error=1.00013	max_force=44.4577	max_gradient=71.6972	max_perpendicular_gradient=44.4502	max_dldrho=27.7208	spline_length=22.1752	converged=0
7	BSMPT_BOUNCE_CERT	path_deformation	T=172.96	best_relative_error=0.620459	iterations=21	converged_without_1d=0
7	BSMPT_BOUNCE_CERT	path_check	T=172.96	max_relative_error=0.99998	max_force=153.197	max_gradient=157.529	max_perpendicular_gradient=153.2	max_dldrho=27.7208	spline_length=22.1761	converged=0
7	BSMPT_BOUNCE_CERT	path_deformation	T=172.96	best_relative_error=0.972454	iterations=21	converged_without_1d=0
7	BSMPT_BOUNCE_CERT	path_check	T=172.96	max_relative_error=1.00005	max_force=156.577	max_gradient=160.774	max_perpendicular_gradient=156.567	max_dldrho=27.7213	spline_length=22.1761	converged=0
7	BSMPT_BOUNCE_CERT	path_deformation	T=172.96	best_relative_error=0.971074	iterations=21	converged_without_1d=0
7	BSMPT_BOUNCE_CERT	path_check	T=172.96	max_relative_error=1.00001	max_force=1369.22	max_gradient=1369.58	max_perpendicular_gradient=1369.2	max_dldrho=27.7213	spline_length=22.1755	converged=0
7	BSMPT_BOUNCE_CERT	path_deformation	T=172.96	best_relative_error=0.996879	iterations=21	converged_without_1d=0
7	BSMPT_BOUNCE_CERT	path_check	T=172.96	max_relative_error=1.00001	max_force=813.828	max_gradient=814.46	max_perpendicular_gradient=813.818	max_dldrho=27.7646	spline_length=22.176	converged=0
7	BSMPT_BOUNCE_CERT	path_deformation	T=172.96	best_relative_error=0.994058	iterations=21	converged_without_1d=0
7	BSMPT_BOUNCE_CERT	path_check	T=172.96	max_relative_error=1.00002	max_force=665.888	max_gradient=666.659	max_perpendicular_gradient=665.868	max_dldrho=27.7362	spline_length=22.1764	converged=0
7	BSMPT_BOUNCE_CERT	path_deformation	T=172.96	best_relative_error=0.981428	iterations=21	converged_without_1d=0
7	BSMPT_BOUNCE_CERT	path_check	T=172.96	max_relative_error=1.00001	max_force=646.433	max_gradient=647.242	max_perpendicular_gradient=646.427	max_dldrho=27.7311	spline_length=22.1757	converged=0
7	BSMPT_BOUNCE_CERT	path_check	T=172.96	max_relative_error=1	max_force=335.539	max_gradient=337.2	max_perpendicular_gradient=335.539	max_dldrho=27.7234	spline_length=22.1676	converged=0
7	BSMPT_BOUNCE_CERT	path_deformation	T=172.96	best_relative_error=0.0169074	iterations=0	converged_without_1d=1
7	BSMPT_BOUNCE_CERT	path_check	T=172.933	max_relative_error=1.00009	max_force=63.1814	max_gradient=121.319	max_perpendicular_gradient=63.172	max_dldrho=30.6518	spline_length=23.549	converged=0
7	BSMPT_BOUNCE_CERT	path_deformation	T=172.933	best_relative_error=0.521185	iterations=21	converged_without_1d=0
7	BSMPT_BOUNCE_CERT	path_check	T=172.933	max_relative_error=0.999962	max_force=113.15	max_gradient=149.279	max_perpendicular_gradient=113.156	max_dldrho=30.6519	spline_length=23.7338	converged=0
7	BSMPT_BOUNCE_CERT	path_deformation	T=172.933	best_relative_error=0.757836	iterations=21	converged_without_1d=0
7	BSMPT_BOUNCE_CERT	path_check	T=172.933	max_relative_error=1.00005	max_force=145.283	max_gradient=172.9	max_perpendicular_gradient=145.272	max_dldrho=30.652	spline_length=23.7338	converged=0
7	BSMPT_BOUNCE_CERT	path_deformation	T=172.933	best_relative_error=0.822861	iterations=21	converged_without_1d=0
7	BSMPT_BOUNCE_CERT	path_check	T=172.933	max_relative_error=1.00001	max_force=1241.2	max_gradient=1243.9	max_perpendicular_gradient=1241.18	max_dldrho=30.6522	spline_length=23.7339	converged=0
7	BSMPT_BOUNCE_CERT	path_deformation	T=172.933	best_relative_error=0.989517	iterations=21	converged_without_1d=0
7	BSMPT_BOUNCE_CERT	path_check	T=172.933	max_relative_error=1.00001	max_force=1665.16	max_gradient=1667.17	max_perpendicular_gradient=1665.13	max_dldrho=30.6847	spline_length=23.7374	converged=0
7	BSMPT_BOUNCE_CERT	path_deformation	T=172.933	best_relative_error=0.961095	iterations=21	converged_without_1d=0
7	BSMPT_BOUNCE_CERT	path_check	T=172.933	max_relative_error=1	max_force=426.407	max_gradient=434.651	max_perpendicular_gradient=426.407	max_dldrho=30.711	spline_length=23.7404	converged=0
7	BSMPT_BOUNCE_CERT	path_deformation	T=172.933	best_relative_error=0.181586	iterations=21	converged_without_1d=0
7	BSMPT_BOUNCE_CERT	path_check	T=172.933	max_relative_error=1.00004	max_force=228.377	max_gradient=244.798	max_perpendicular_gradient=228.364	max_dldrho=30.6557	spline_length=23.734	converged=0
7	BSMPT_BOUNCE_CERT	path_check	T=172.937	max_relative_error=1.00008	max_force=71.3339	max_gradient=118.75	max_perpendicular_gradient=71.3245	max_dldrho=30.389	spline_length=23.3011	converged=0
7	BSMPT_BOUNCE_CERT	path_deformation	T=172.937	best_relative_error=0.600863	iterations=21	converged_without_1d=0
7	BSMPT_BOUNCE_CERT	path_check	T=172.937	max_relative_error=0.999967	max_force=129.752	max_gradient=156.331	max_perpendicular_gradient=129.758	max_dldrho=30.3889	spline_length=23.6163	converged=0
7	BSMPT_BOUNCE_CERT	path_deformation	T=172.937	best_relative_error=0.829929	iterations=21	converged_without_1d=0
7	BSMPT_BOUNCE_CERT	path_check	T=172.937	max_relative_error=1.00005	max_force=151.803	max_gradient=173.917	max_perpendicular_gradient=151.792	max_dldrho=30.3893	spline_length=23.616	converged=0
7	BSMPT_BOUNCE_CERT	path_deformation	T=172.937	best_relative_error=0.845905	iterations=21	converged_without_1d=0
7	BSMPT_BOUNCE_CERT	path_check	T=172.937	max_relative_error=1.00001	max_force=1249.15	max_gradient=1251.36	max_perpendicular_gradient=1249.14	max_dldrho=30.3894	spline_length=23.6164	converged=0
7	BSMPT_BOUNCE_CERT	path_deformation	T=172.937	best_relative_error=0.991301	iterations=21	converged_without_1d=0
7	BSMPT_BOUNCE_CERT	path_check	T=172.937	max_relative_error=1.00001	max_force=1599.14	max_gradient=1600.86	max_perpendicular_gradient=1599.11	max_dldrho=30.4223	spline_length=23.6188	converged=0
7	BSMPT_BOUNCE_CERT	path_deformation	T=172.937	best_relative_error=0.975307	iterations=21	converged_without_1d=0
7	BSMPT_BOUNCE_CERT	path_check	T=172.937	max_relative_error=1	max_force=531.74	max_gradient=537.127	max_perpendicular_gradient=531.737	max_dldrho=30.4435	spline_length=23.6203	converged=0
7	BSMPT_BOUNCE_CERT	path_deformation	T=172.937	best_relative_error=0.604883	iterations=21	converged_without_1d=0
7	BSMPT_BOUNCE_CERT	path_check	T=172.937	max_relative_error=1.00002	max_force=504.361	max_gradient=510.025	max_perpendicular_gradient=504.343	max_dldrho=30.3949	spline_length=23.6168	converged=0
7	BSMPT_BOUNCE_CERT	path_check	T=172.941	max_relative_error=1.00007	max_force=79.4462	max_gradient=117.086	max_perpendicular_gradient=79.437	max_dldrho=30.064	spline_length=23.0456	converged=0
7	BSMPT_BOUNCE_CERT	path_deformation	T=172.941	best_relative_error=0.678997	iterations=21	converged_without_1d=0
7	BSMPT_BOUNCE_CERT	path_check	T=172.941	max_relative_error=0.999972	max_force=145.272	max_gradient=164.501	max_perpendicular_gradient=145.277	max_dldrho=30.0641	spline_length=23.4397	converged=0
7	BSMPT_BOUNCE_CERT	path_deformation	T=172.941	best_relative_error=0.883035	iterations=21	converged_without_1d=0
7	BSMPT_BOUNCE_CERT	path_check	T=172.941	max_relative_error=1.00005	max_force=152.044	max_gradient=170.232	max_perpendicular_gradient=152.033	max_dldrho=30.0643	spline_length=23.4402	converged=0
7	BSMPT_BOUNCE_CERT	path_deformation	T=172.941	best_relative_error=0.8828	iterations=21	converged_without_1d=0
7	BSMPT_BOUNCE_CERT	path_check	T=172.941	max_relative_error=1.00001	max_force=1316.71	max_gradient=1318.4	max_perpendicular_gradient=1316.69	max_dldrho=30.0644	spline_length=23.4401	converged=0
7	BSMPT_BOUNCE_CERT	path_deformation	T=172.941	best_relative_error=0.991833	iterations=21	converged_without_1d=0
7	BSMPT_BOUNCE_CERT	path_check	T=172.941	max_relative_error=1.00001	max_force=1273.17	max_gradient=1274.93	max_perpendicular_gradient=1273.15	max_dldrho=30.1012	spline_length=23.4419	converged=0
7	BSMPT_BOUNCE_CERT	path_deformation	T=172.941	best_relative_error=0.992572	iterations=21	converged_without_1d=0
7	BSMPT_BOUNCE_CERT	path_check	T=172.941	max_relative_error=1.00001	max_force=1446.37	max_gradient=1447.92	max_perpendicular_gradient=1446.35	max_dldrho=30.0986	spline_length=23.4416	converged=0
7	BSMPT_BOUNCE_CERT	path_deformation	T=172.941	best_relative_error=0.987864	iterations=21	converged_without_1d=0
7	BSMPT_BOUNCE_CERT	path_check	T=172.941	max_relative_error=1.00001	max_force=856.804	max_gradient=859.472	max_perpendicular_gradient=856.795	max_dldrho=30.1086	spline_length=23.4415	converged=0
7	BSMPT_BOUNCE_CERT	path_check	T=172.945	max_relative_error=1.00046	max_force=12.2159	max_gradient=86.9237	max_perpendicular_gradient=12.2078	max_dldrho=29.675	spline_length=23.2356	converged=0
7	BSMPT_BOUNCE_CERT	path_deformation	T=172.945	best_relative_error=0.140669	iterations=21	converged_without_1d=0
7	BSMPT_BOUNCE_CERT	path_check	T=172.945	max_relative_error=0.999845	max_force=34.7272	max_gradient=90.9669	max_perpendicular_gradient=34.7339	max_dldrho=29.6751	spline_length=23.2128	converged=0
7	BSMPT_BOUNCE_CERT	path_deformation	T=172.945	best_relative_error=0.38155	iterations=21	converged_without_1d=0
7	BSMPT_BOUNCE_CERT	path_check	T=172.945	max_relative_error=1.00007	max_force=92.5409	max_gradient=118.081	max_perpendicular_gradient=92.5314	max_dldrho=29.6751	spline_length=23.2137	converged=0
7	BSMPT_BOUNCE_CERT	path_deformation	T=172.945	best_relative_error=0.78379	iterations=21	converged_without_1d=0
7	BSMPT_BOUNCE_CERT	path_check	T=172.945	max_relative_error=0.999982	max_force=168.84	max_gradient=180.062	max_perpendicular_gradient=168.844	max_dldrho=29.6754	spline_length=23.2138	converged=0
7	BSMPT_BOUNCE_CERT	path_deformation	T=172.945	best_relative_error=0.873826	iterations=21	converged_without_1d=0
7	BSMPT_BOUNCE_CERT	path_check	T=172.945	max_relative_error=1.00002	max_force=1170.86	max_gradient=1172.15	max_perpendicular_gradient=1170.83	max_dldrho=29.6756	spline_length=23.2118	converged=0
7	BSMPT_BOUNCE_CERT	path_deformation	T=172.945	best_relative_error=0.995278	iterations=21	converged_without_1d=0
7	BSMPT_BOUNCE_CERT	path_check	T=172.945	max_relative_error=1.00002	max_force=1864.01	max_gradient=1864.8	max_perpendicular_gradient=1863.96	max_dldrho=29.7056	spline_length=23.2121	converged=0
7	BSMPT_BOUNCE_CERT	path_deformation	T=172.945	best_relative_error=0.843006	iterations=21	converged_without_1d=0
7	BSMPT_BOUNCE_CERT	path_check	T=172.945	max_relative_error=1.00001	max_force=1285.05	max_gradient=1286.28	max_perpendicular_gradient=1285.03	max_dldrho=29.752	spline_length=23.2086	converged=0
7	BSMPT_BOUNCE_CERT	path_check	T=172.95	max_relative_error=1.0002	max_force=21.2286	max_gradient=81.2462	max_perpendicular_gradient=21.2206	max_dldrho=29.2196	spline_length=22.9544	converged=0
7	BSMPT_BOUNCE_CERT	path_deformation	T=172.95	best_relative_error=0.261203	iterations=21	converged_without_1d=0
7	BSMPT_BOUNCE_CERT	path_check	T=172.95	max_relative_error=0.999926	max_force=64.9177	max_gradient=96.7075	max_perpendicular_gradient=64.9235	max_dldrho=29.2196	spline_length=22.9494	converged=0
7	BSMPT_BOUNCE_CERT	path_deformation	T=172.95	best_relative_error=0.670923	iterations=21	converged_without_1d=0
7	BSMPT_BOUNCE_CERT	path_check	T=172.95	max_relative_error=1.00005	max_force=156.333	max_gradient=166.46	max_perpendicular_gradient=156.323	max_dldrho=29.2191	spline_length=22.9463	converged=0
7	BSMPT_BOUNCE_CERT	path_deformation	T=172.95	best_relative_error=0.934705	iterations=21	converged_without_1d=0
7	BSMPT_BOUNCE_CERT	path_check	T=172.95	max_relative_error=1.00001	max_force=1365.45	max_gradient=1366.34	max_perpendicular_gradient=1365.42	max_dldrho=29.2177	spline_length=22.9396	converged=0
7	BSMPT_BOUNCE_CERT	path_deformation	T=172.95	best_relative_error=0.993893	iterations=21	converged_without_1d=0
7	BSMPT_BOUNCE_CERT	path_check	T=172.95	max_relative_error=1.00001	max_force=991.514	max_gradient=992.757	max_perpendicular_gradient=991.5	max_dldrho=29.261	spline_length=22.9495	converged=0
7	BSMPT_BOUNCE_CERT	path_deformation	T=172.95	best_relative_error=0.993279	iterations=21	converged_without_1d=0
7	BSMPT_BOUNCE_CERT	path_check	T=172.95	max_relative_error=1.00002	max_force=655.387	max_gradient=657.294	max_perpendicular_gradient=655.366	max_dldrho=29.2414	spline_length=22.9492	converged=0
7	BSMPT_BOUNCE_CERT	path_deformation	T=172.95	best_relative_error=0.944584	iterations=21	converged_without_1d=0
7	BSMPT_BOUNCE_CERT	path_check	T=172.95	max_relative_error=1.00001	max_force=648.907	max_gradient=650.849	max_perpendicular_gradient=648.9	max_dldrho=29.2291	spline_length=22.9491	converged=0
7	BSMPT_BOUNCE_CERT	path_check	T=172.954	max_relative_error=1.00018	max_force=30.2914	max_gradient=76.5473	max_perpendicular_gradient=30.2836	max_dldrho=28.693	spline_length=22.6603	converged=0
7	BSMPT_BOUNCE_CERT	path_deformation	T=172.954	best_relative_error=0.395714	iterations=21	converged_without_1d=0
7	BSMPT_BOUNCE_CERT	path_check	T=172.954	max_relative_error=0.999956	max_force=98.5255	max_gradient=113.671	max_perpendicular_gradient=98.5302	max_dldrho=28.693	spline_length=22.6594	converged=0
7	BSMPT_BOUNCE_CERT	path_deformation	T=172.954	best_relative_error=0.866535	iterations=21	converged_without_1d=0
7	BSMPT_BOUNCE_CERT	path_check	T=172.954	max_relative_error=1.00005	max_force=183.552	max_gradient=189.559	max_perpendicular_gradient=183.541	max_dldrho=28.6932	spline_length=22.6595	converged=0
7	BSMPT_BOUNCE_CERT	path_deformation	T=172.954	best_relative_error=0.853938	iterations=21	converged_without_1d=0
7	BSMPT_BOUNCE_CERT	path_check	T=172.954	max_relative_error=1.00001	max_force=992.636	max_gradient=993.558	max_perpendicular_gradient=992.622	max_dldrho=28.6938	spline_length=22.6594	converged=0
7	BSMPT_BOUNCE_CERT	path_deformation	T=172.954	best_relative_error=0.995163	iterations=21	converged_without_1d=0
7	BSMPT_BOUNCE_CERT	path_check	T=172.954	max_relative_error=1.00002	max_force=643.127	max_gradient=644.57	max_perpendicular_gradient=643.107	max_dldrho=28.7152	spline_length=22.6596	converged=0
7	BSMPT_BOUNCE_CERT	path_deformation	T=172.954	best_relative_error=0.954559	iterations=21	converged_without_1d=0
7	BSMPT_BOUNCE_CERT	path_check	T=172.954	max_relative_error=1.00001	max_force=640.458	max_gradient=641.914	max_perpendicular_gradient=640.452	max_dldrho=28.7023	spline_length=22.6595	converged=0
7	BSMPT_BOUNCE_CERT	path_deformation	T=172.954	best_relative_error=0.953235	iterations=21	converged_without_1d=0
7	BSMPT_BOUNCE_CERT	path_check	T=172.954	max_relative_error=1.00002	max_force=638.914	max_gradient=640.364	max_perpendicular_gradient=638.894	max_dldrho=28.7022	spline_length=22.6593	converged=0
7	BSMPT_BOUNCE_CERT	path_check	T=172.959	max_relative_error=1.00015	max_force=40.4045	max_gradient=72.7245	max_perpendicular_gradient=40.3969	max_dldrho=28.0177	spline_length=22.3174	converged=0
7	BSMPT_BOUNCE_CERT	path_deformation	T=172.959	best_relative_error=0.555856	iterations=21	converged_without_1d=0
7	BSMPT_BOUNCE_CERT	path_check	T=172.959	max_relative_error=0.999975	max_force=137.792	max_gradient=143.955	max_perpendicular_gradient=137.796	max_dldrho=28.0177	spline_length=22.3174	converged=0
7	BSMPT_BOUNCE_CERT	path_deformation	T=172.959	best_relative_error=0.957491	iterations=21	converged_without_1d=0
7	BSMPT_BOUNCE_CERT	path_check	T=172.959	max_relative_error=1.00005	max_force=169.15	max_gradient=173.669	max_perpendicular_gradient=169.14	max_dldrho=28.0181	spline_length=22.3174	converged=0
7	BSMPT_BOUNCE_CERT	path_deformation	T=172.959	best_relative_error=0.94069	iterations=21	converged_without_1d=0
7	BSMPT_BOUNCE_CERT	path_check	T=172.959	max_relative_error=1.00001	max_force=1182.27	max_gradient=1182.78	max_perpendicular_gradient=1182.25	max_dldrho=28.0183	spline_length=22.3173	converged=0
7	BSMPT_BOUNCE_CERT	path_deformation	T=172.959	best_relative_error=0.997778	iterations=21	converged_without_1d=0
7	BSMPT_BOUNCE_CERT	path_check	T=172.959	max_relative_error=1.00001	max_force=1520.35	max_gradient=1520.73	max_perpendicular_gradient=1520.32	max_dldrho=28.0499	spline_length=22.3177	converged=0
7	BSMPT_BOUNCE_CERT	path_deformation	T=172.959	best_relative_error=0.99358	iterations=21	converged_without_1d=0
7	BSMPT_BOUNCE_CERT	path_check	T=172.959	max_relative_error=1	max_force=487.77	max_gradient=489.098	max_perpendicular_gradient=487.767	max_dldrho=28.0709	spline_length=22.3181	converged=0
7	BSMPT_BOUNCE_CERT	path_deformation	T=172.959	best_relative_error=0.715141	iterations=21	converged_without_1d=0
7	BSMPT_BOUNCE_CERT	path_check	T=172.959	max_relative_error=1.00003	max_force=479.627	max_gradient=480.959	max_perpendicular_gradient=479.611	max_dldrho=28.0231	spline_length=22.3175	converged=0
7	BSMPT_BOUNCE_CERT	path_check	T=172.959	max_relative_error=1.00015	max_force=41.4122	max_gradient=72.4384	max_perpendicular_gradient=41.4046	max_dldrho=27.9451	spline_length=22.2824	converged=0
7	BSMPT_BOUNCE_CERT	path_deformation	T=172.959	best_relative_error=0.572051	iterations=21	converged_without_1d=0
7	BSMPT_BOUNCE_CERT	path_check	T=172.959	max_relative_error=0.999976	max_force=141.691	max_gradient=147.331	max_perpendicular_gradient=141.694	max_dldrho=27.9451	spline_length=22.2823	converged=0
7	BSMPT_BOUNCE_CERT	path_deformation	T=172.959	best_relative_error=0.961771	iterations=21	converged_without_1d=0
7	BSMPT_BOUNCE_CERT	path_check	T=172.959	max_relative_error=1.00005	max_force=166.138	max_gradient=170.571	max_perpendicular_gradient=166.128	max_dldrho=27.9455	spline_length=22.2824	converged=0
7	BSMPT_BOUNCE_CERT	path_deformation	T=172.959	best_relative_error=0.950046	iterations=21	converged_without_1d=0
7	BSMPT_BOUNCE_CERT	path_check	T=172.959	max_relative_error=1.00001	max_force=1224.96	max_gradient=1225.42	max_perpendicular_gradient=1224.94	max_dldrho=27.9457	spline_length=22.282	converged=0
7	BSMPT_BOUNCE_CERT	path_deformation	T=172.959	best_relative_error=0.99765	iterations=21	converged_without_1d=0
7	BSMPT_BOUNCE_CERT	path_check	T=172.959	max_relative_error=1.00001	max_force=1325.38	max_gradient=1325.8	max_perpendicular_gradient=1325.36	max_dldrho=27.9798	spline_length=22.2825	converged=0
7	BSMPT_BOUNCE_CERT	path_deformation	T=172.959	best_relative_error=0.99695	iterations=21	converged_without_1d=0
7	BSMPT_BOUNCE_CERT	path_check	T=172.959	max_relative_error=1.00001	max_force=965.644	max_gradient=966.261	max_perpendicular_gradient=965.631	max_dldrho=27.9857	spline_length=22.2825	converged=0
7	BSMPT_BOUNCE_CERT	path_deformation	T=172.959	best_relative_error=0.996654	iterations=21	converged_without_1d=0
7	BSMPT_BOUNCE_CERT	path_check	T=172.959	max_relative_error=1.00002	max_force=636.705	max_gradient=637.65	max_perpendicular_gradient=636.686	max_dldrho=27.9666	spline_length=22.2826	converged=0
7	BSMPT_BOUNCE_CERT	path_check	T=172.96	max_relative_error=1.00028	max_force=23.0396	max_gradient=65.8301	max_perpendicular_gradient=23.0324	max_dldrho=27.8714	spline_length=22.248	converged=0
7	BSMPT_BOUNCE_CERT	path_deformation	T=172.96	best_relative_error=0.34996	iterations=21	converged_without_1d=0
7	BSMPT_BOUNCE_CERT	path_check	T=172.96	max_relative_error=0.999953	max_force=88.8096	max_gradient=100.367	max_perpendicular_gradient=88.8142	max_dldrho=27.8714	spline_length=22.247	converged=0
7	BSMPT_BOUNCE_CERT	path_deformation	T=172.96	best_relative_error=0.88468	iterations=21	converged_without_1d=0
7	BSMPT_BOUNCE_CERT	path_check	T=172.96	max_relative_error=1.00004	max_force=193.93	max_gradient=197.27	max_perpendicular_gradient=193.92	max_dldrho=27.8716	spline_length=22.2471	converged=0
7	BSMPT_BOUNCE_CERT	path_deformation	T=172.96	best_relative_error=0.828619	iterations=21	converged_without_1d=0
7	BSMPT_BOUNCE_CERT	path_check	T=172.96	max_relative_error=1.00001	max_force=861.787	max_gradient=862.431	max_perpendicular_gradient=861.775	max_dldrho=27.8722	spline_length=22.2471	converged=0
7	BSMPT_BOUNCE_CERT	path_deformation	T=172.96	best_relative_error=0.994895	iterations=21	converged_without_1d=0
7	BSMPT_BOUNCE_CERT	path_check	T=172.96	max_relative_error=1.00002	max_force=662.285	max_gradient=663.12	max_perpendicular_gradient=662.265	max_dldrho=27.8886	spline_length=22.2472	converged=0
7	BSMPT_BOUNCE_CERT	path_deformation	T=172.96	best_relative_error=0.979049	iterations=21	converged_without_1d=0
7	BSMPT_BOUNCE_CERT	path_check	T=172.96	max_relative_error=1.00001	max_force=645.97	max_gradient=646.844	max_perpendicular_gradient=645.963	max_dldrho=27.8815	spline_length=22.2471	converged=0
7	BSMPT_BOUNCE_CERT	path_deformation	T=172.96	best_relative_error=0.97538	iterations=21	converged_without_1d=0
7	BSMPT_BOUNCE_CERT	path_check	T=172.96	max_relative_error=1.00002	max_force=638.657	max_gradient=639.529	max_perpendicular_gradient=638.638	max_dldrho=27.881	spline_length=22.2468	converged=0
7	BSMPT_BOUNCE_CERT	path_check	T=172.96	max_relative_error=1.00026	max_force=24.079	max_gradient=65.343	max_perpendicular_gradient=24.0719	max_dldrho=27.7966	spline_length=22.2125	converged=0
7	BSMPT_BOUNCE_CERT	path_deformation	T=172.96	best_relative_error=0.368475	iterations=21	converged_without_1d=0
7	BSMPT_BOUNCE_CERT	path_check	T=172.96	max_relative_error=0.999955	max_force=93.4998	max_gradient=103.678	max_perpendicular_gradient=93.5043	max_dldrho=27.7966	spline_length=22.2115	converged=0
7	BSMPT_BOUNCE_CERT	path_deformation	T=172.96	best_relative_error=0.901776	iterations=21	converged_without_1d=0
7	BSMPT_BOUNCE_CERT	path_check	T=172.96	max_relative_error=1.00004	max_force=194.234	max_gradient=197.415	max_perpendicular_gradient=194.224	max_dldrho=27.7968	spline_length=22.2117	converged=0
7	BSMPT_BOUNCE_CERT	path_deformation	T=172.96	best_relative_error=0.828845	iterations=21	converged_without_1d=0
7	BSMPT_BOUNCE_CERT	path_check	T=172.96	max_relative_error=1.00001	max_force=856.311	max_gradient=856.93	max_perpendicular_gradient=856.3	max_dldrho=27.8441	spline_length=22.2156	converged=0
7	BSMPT_BOUNCE_CERT	path_deformation	T=172.96	best_relative_error=0.995019	iterations=21	converged_without_1d=0
7	BSMPT_BOUNCE_CERT	path_check	T=172.96	max_relative_error=1.00002	max_force=662.158	max_gradient=662.961	max_perpendicular_gradient=662.138	max_dldrho=27.8137	spline_length=22.2117	converged=0
7	BSMPT_BOUNCE_CERT	path_deformation	T=172.96	best_relative_error=0.979982	iterations=21	converged_without_1d=0
7	BSMPT_BOUNCE_CERT	path_check	T=172.96	max_relative_error=1.00001	max_force=645.462	max_gradient=646.302	max_perpendicular_gradient=645.455	max_dldrho=27.8068	spline_length=22.2115	converged=0
7	BSMPT_BOUNCE_CERT	path_deformation	T=172.96	best_relative_error=0.97639	iterations=21	converged_without_1d=0
7	BSMPT_BOUNCE_CERT	path_check	T=172.96	max_relative_error=1.00002	max_force=638.033	max_gradient=638.872	max_perpendicular_gradient=638.014	max_dldrho=27.8063	spline_length=22.2117	converged=0
8	BSMPT_BOUNCE_CERT	path_check	T=172.955	max_relative_error=1	max_force=343.573	max_gradient=345.615	max_perpendicular_gradient=343.573	max_dldrho=28.0925	spline_length=22.345	converged=0
8	BSMPT_BOUNCE_CERT	path_deformation	T=172.955	best_relative_error=0.0266808	iterations=0	converged_without_1d=1
8	BSMPT_BOUNCE_CERT	path_check	T=172.945	max_relative_error=1.00026	max_force=18.0324	max_gradient=83.0085	max_perpendicular_gradient=18.0246	max_dldrho=29.3795	spline_length=23.0495	converged=0
8	BSMPT_BOUNCE_CERT	path_deformation	T=172.945	best_relative_error=0.217028	iterations=21	converged_without_1d=0
8	BSMPT_BOUNCE_CERT	path_check	T=172.945	max_relative_error=0.999897	max_force=53.8627	max_gradient=93.4071	max_perpendicular_gradient=53.8688	max_dldrho=29.3797	spline_length=23.0407	converged=0
8	BSMPT_BOUNCE_CERT	path_deformation	T=172.945	best_relative_error=0.57608	iterations=21	converged_without_1d=0
8	BSMPT_BOUNCE_CERT	path_check	T=172.945	max_relative_error=1.00006	max_force=136.919	max_gradient=150.185	max_perpendicular_gradient=136.909	max_dldrho=29.3793	spline_length=23.039	converged=0
8	BSMPT_BOUNCE_CERT	path_deformation	T=172.945	best_relative_error=0.9123	iterations=21	converged_without_1d=0
8	BSMPT_BOUNCE_CERT	path_check	T=172.945	max_relative_error=0.999979	max_force=164.93	max_gradient=175.082	max_perpendicular_gradient=164.933	max_dldrho=29.3794	spline_length=23.0384	converged=0
8	BSMPT_BOUNCE_CERT	path_deformation	T=172.945	best_relative_error=0.902185	iterations=21	converged_without_1d=0
8	BSMPT_BOUNCE_CERT	path_check	T=172.945	max_relative_error=1.00002	max_force=1231.13	max_gradient=1232.2	max_perpendicular_gradient=1231.1	max_dldrho=29.38	spline_length=23.0389	converged=0
8	BSMPT_BOUNCE_CERT	path_deformation	T=172.945	best_relative_error=0.995209	iterations=21	converged_without_1d=0
8	BSMPT_BOUNCE_CERT	path_check	T=172.945	max_relative_error=1.00002	max_force=1514.42	max_gradient=1515.28	max_perpendicular_gradient=1514.38	max_dldrho=29.4132	spline_length=23.0388	converged=0
8	BSMPT_BOUNCE_CERT	path_deformation	T=172.945	best_relative_error=0.989365	iterations=21	converged_without_1d=0
8	BSMPT_BOUNCE_CERT	path_check	T=172.945	max_relative_error=1.00002	max_force=615.852	max_gradient=618.105	max_perpendicular_gradient=615.831	max_dldrho=29.4317	spline_length=23.0409	converged=0
8	BSMPT_BOUNCE_CERT	path_check	T=172.935	max_relative_error=1	max_force=408.548	max_gradient=414.877	max_perpendicular_gradient=408.548	max_dldrho=30.2918	spline_length=23.6742	converged=0
8	BSMPT_BOUNCE_CERT	path_deformation	T=172.935	best_relative_error=0.134579	iterations=21	converged_without_1d=0
8	BSMPT_BOUNCE_CERT	path_check	T=172.935	max_relative_error=1.00005	max_force=178.527	max_gradient=195.035	max_perpendicular_gradient=178.515	max_dldrho=30.2918	spline_length=23.5645	converged=0
8	BSMPT_BOUNCE_CERT	path_deformation	T=172.935	best_relative_error=0.737601	iterations=21	converged_without_1d=0
8	BSMPT_BOUNCE_CERT	path_check	T=172.935	max_relative_error=1.00001	max_force=953.854	max_gradient=956.449	max_perpendicular_gradient=953.843	max_dldrho=30.2888	spline_length=23.5637	converged=0
8	BSMPT_BOUNCE_CERT	path_deformation	T=172.935	best_relative_error=0.984169	iterations=21	converged_without_1d=0
8	BSMPT_BOUNCE_CERT	path_check	T=172.935	max_relative_error=1.00002	max_force=688.197	max_gradient=691.815	max_perpendicular_gradient=688.175	max_dldrho=30.308	spline_length=23.5654	converged=0
8	BSMPT_BOUNCE_CERT	path_deformation	T=172.935	best_relative_error=0.915805	iterations=21	converged_without_1d=0
8	BSMPT_BOUNCE_CERT	path_check	T=172.935	max_relative_error=1.00001	max_force=666.961	max_gradient=670.71	max_perpendicular_gradient=666.956	max_dldrho=30.2984	spline_length=23.5644	converged=0
8	BSMPT_BOUNCE_CERT	path_deformation	T=172.935	best_relative_error=0.898618	iterations=21	converged_without_1d=0
8	BSMPT_BOUNCE_CERT	path_check	T=172.935	max_relative_error=1.00002	max_force=654.861	max_gradient=658.658	max_perpendicular_gradient=654.84	max_dldrho=30.2978	spline_length=23.5649	converged=0
8	BSMPT_BOUNCE_CERT	path_deformation	T=172.935	best_relative_error=0.886339	iterations=21	converged_without_1d=0
8	BSMPT_BOUNCE_CERT	path_check	T=172.935	max_relative_error=1.00001	max_force=647.023	max_gradient=650.881	max_perpendicular_gradient=647.018	max_dldrho=30.2975	spline_length=23.5649	converged=0
8	BSMPT_BOUNCE_CERT	path_check	T=172.925	max_relative_error=1	max_force=439.414	max_gradient=448.454	max_perpendicular_gradient=439.414	max_dldrho=30.8586	spline_length=24.2566	converged=0
8	BSMPT_BOUNCE_CERT	path_deformation	T=172.925	best_relative_error=0.188052	iterations=21	converged_without_1d=0
8	BSMPT_BOUNCE_CERT	path_check	T=172.925	max_relative_error=1.00004	max_force=241.003	max_gradient=258.611	max_perpendicular_gradient=240.99	max_dldrho=30.8587	spline_length=23.7892	converged=0
8	BSMPT_BOUNCE_CERT	path_deformation	T=172.925	best_relative_error=0.213569	iterations=21	converged_without_1d=0
8	BSMPT_BOUNCE_CERT	path_check	T=172.925	max_relative_error=0.999993	max_force=292.984	max_gradient=307.2	max_perpendicular_gradient=292.987	max_dldrho=30.8556	spline_length=23.7889	converged=0
8	BSMPT_BOUNCE_CERT	path_deformation	T=172.925	best_relative_error=0.0322446	iterations=0	converged_without_1d=1
8	BSMPT_BOUNCE_CERT	path_check	T=172.957	max_relative_error=1.00013	max_force=44.2567	max_gradient=71.6024	max_perpendicular_gradient=44.2494	max_dldrho=27.7214	spline_length=22.1757	converged=0
8	BSMPT_BOUNCE_CERT	path_deformation	T=172.957	best_relative_error=0.618283	iterations=21	converged_without_1d=0
8	BSMPT_BOUNCE_CERT	path_check	T=172.957	max_relative_error=0.999978	max_force=152.759	max_gradient=157.139	max_perpendicular_gradient=152.762	max_dldrho=27.7214	spline_length=22.1766	converged=0
8	BSMPT_BOUNCE_CERT	path_deformation	T=172.957	best_relative_error=0.972092	iterations=21	converged_without_1d=0
8	BSMPT_BOUNCE_CERT	path_check	T=172.957	max_relative_error=1.00005	max_force=156.9	max_gradient=161.109	max_perpendicular_gradient=156.891	max_dldrho=27.7219	spline_length=22.1764	converged=0
8	BSMPT_BOUNCE_CERT	path_deformation	T=172.957	best_relative_error=0.970425	iterations=21	converged_without_1d=0
8	BSMPT_BOUNCE_CERT	path_check	T=172.957	max_relative_error=1.00001	max_force=1363.21	max_gradient=1363.56	max_perpendicular_gradient=1363.19	max_dldrho=27.7219	spline_length=22.1767	converged=0
8	BSMPT_BOUNCE_CERT	path_deformation	T=172.957	best_relative_error=0.996943	iterations=21	converged_without_1d=0
8	BSMPT_BOUNCE_CERT	path_check	T=172.957	max_relative_error=1.00001	max_force=830.587	max_gradient=831.212	max_perpendicular_gradient=830.577	max_dldrho=27.7648	spline_length=22.1772	converged=0
8	BSMPT_BOUNCE_CERT	path_deformation	T=172.957	best_relative_error=0.994578	iterations=21	converged_without_1d=0
8	BSMPT_BOUNCE_CERT	path_check	T=172.957	max_relative_error=1.00002	max_force=664.361	max_gradient=665.138	max_perpendicular_gradient=664.341	max_dldrho=27.7375	spline_length=22.1768	converged=0
8	BSMPT_BOUNCE_CERT	path_deformation	T=172.957	best_relative_error=0.981068	iterations=21	converged_without_1d=0
8	BSMPT_BOUNCE_CERT	path_check	T=172.957	max_relative_error=1.00001	max_force=645.853	max_gradient=646.666	max_perpendicular_gradient=645.846	max_dldrho=27.7316	spline_length=22.1762	converged=0
8	BSMPT_BOUNCE_CERT	path_check	T=172.957	max_relative_error=1	max_force=335.48	max_gradient=337.141	max_perpendicular_gradient=335.48	max_dldrho=27.724	spline_length=22.168	converged=0
8	BSMPT_BOUNCE_CERT	path_deformation	T=172.957	best_relative_error=0.0167762	iterations=0	converged_without_1d=1
8	BSMPT_BOUNCE_CERT	path_check	T=172.929	max_relative_error=1.0001	max_force=57.9358	max_gradient=119.166	max_perpendicular_gradient=57.9265	max_dldrho=30.6524	spline_length=23.5496	converged=0
8	BSMPT_BOUNCE_CERT	path_deformation	T=172.929	best_relative_error=0.486179	iterations=21	converged_without_1d=0
8	BSMPT_BOUNCE_CERT	path_check	T=172.929	max_relative_error=0.99996	max_force=106.587	max_gradient=144.926	max_perpendicular_gradient=106.593	max_dldrho=30.6525	spline_length=23.7343	converged=0
8	BSMPT_BOUNCE_CERT	path_deformation	T=172.929	best_relative_error=0.735202	iterations=21	converged_without_1d=0
8	BSMPT_BOUNCE_CERT	path_check	T=172.929	max_relative_error=1.00005	max_force=144.149	max_gradient=172.027	max_perpendicular_gradient=144.138	max_dldrho=30.6526	spline_length=23.7342	converged=0
8	BSMPT_BOUNCE_CERT	path_deformation	T=172.929	best_relative_error=0.826679	iterations=21	converged_without_1d=0
8	BSMPT_BOUNCE_CERT	path_check	T=172.929	max_relative_error=1.00001	max_force=1254.81	max_gradient=1257.48	max_perpendicular_gradient=1254.79	max_dldrho=30.6528	spline_length=23.7344	converged=0
8	BSMPT_BOUNCE_CERT	path_deformation	T=172.929	best_relative_error=0.989249	iterations=21	converged_without_1d=0
8	BSMPT_BOUNCE_CERT	path_check	T=172.929	max_relative_error=1.00001	max_force=1602.95	max_gradient=1605.04	max_perpendicular_gradient=1602.93	max_dldrho=30.686	spline_length=23.738	converged=0
8	BSMPT_BOUNCE_CERT	path_deformation	T=172.929	best_relative_error=0.971053	iterations=21	converged_without_1d=0
8	BSMPT_BOUNCE_CERT	path_check	T=172.929	max_relative_error=1	max_force=541.127	max_gradient=547.539	max_perpendicular_gradient=541.125	max_dldrho=30.7073	spline_length=23.7403	converged=0
8	BSMPT_BOUNCE_CERT	path_deformation	T=172.929	best_relative_error=0.602123	iterations=21	converged_without_1d=0
8	BSMPT_BOUNCE_CERT	path_check	T=172.929	max_relative_error=1.00002	max_force=511.997	max_gradient=518.76	max_perpendicular_gradient=511.979	max_dldrho=30.6586	spline_length=23.7349	converged=0
8	BSMPT_BOUNCE_CERT	path_check	T=172.933	max_relative_error=1.00008	max_force=66.1408	max_gradient=116.243	max_perpendicular_gradient=66.1316	max_dldrho=30.3896	spline_length=23.3017	converged=0
8	BSMPT_BOUNCE_CERT	path_deformation	T=172.933	best_relative_error=0.569131	iterations=21	converged_without_1d=0
8	BSMPT_BOUNCE_CERT	path_check	T=172.933	max_relative_error=0.999965	max_force=124.366	max_gradient=152.259	max_perpendicular_gradient=124.371	max_dldrho=30.3896	spline_length=23.6164	converged=0
8	BSMPT_BOUNCE_CERT	path_deformation	T=172.933	best_relative_error=0.816614	iterations=21	converged_without_1d=0
8	BSMPT_BOUNCE_CERT	path_check	T=172.933	max_relative_error=1.00005	max_force=152.7	max_gradient=174.664	max_perpendicular_gradient=152.689	max_dldrho=30.3899	spline_length=23.6166	converged=0
8	BSMPT_BOUNCE_CERT	path_deformation	T=172.933	best_relative_error=0.842508	iterations=21	converged_without_1d=0
8	BSMPT_BOUNCE_CERT	path_check	T=172.933	max_relative_error=1.00001	max_force=1237.59	max_gradient=1239.82	max_perpendicular_gradient=1237.57	max_dldrho=30.39	spline_length=23.6165	converged=0
8	BSMPT_BOUNCE_CERT	path_deformation	T=172.933	best_relative_error=0.991516	iterations=21	converged_without_1d=0
8	BSMPT_BOUNCE_CERT	path_check	T=172.933	max_relative_error=1.00001	max_force=1652.7	max_gradient=1654.37	max_perpendicular_gradient=1652.68	max_dldrho=30.4223	spline_length=23.6193	converged=0
8	BSMPT_BOUNCE_CERT	path_deformation	T=172.933	best_relative_error=0.96833	iterations=21	converged_without_1d=0
8	BSMPT_BOUNCE_CERT	path_check	T=172.933	max_relative_error=1	max_force=432.839	max_gradient=439.545	max_perpendicular_gradient=432.839	max_dldrho=30.4479	spline_length=23.6212	converged=0
8	BSMPT_BOUNCE_CERT	path_deformation	T=172.933	best_relative_error=0.220104	iterations=21	converged_without_1d=0
8	BSMPT_BOUNCE_CERT	path_check	T=172.933	max_relative_error=1.00003	max_force=261.389	max_gradient=273.025	max_perpendicular_gradient=261.376	max_dldrho=30.3935	spline_length=23.6166	converged=0
8	BSMPT_BOUNCE_CERT	path_check	T=172.938	max_relative_error=1.00008	max_force=74.3083	max_gradient=114.217	max_perpendicular_gradient=74.2992	max_dldrho=30.0646	spline_length=23.0462	converged=0
8	BSMPT_BOUNCE_CERT	path_deformation	T=172.938	best_relative_error=0.650557	iterations=21	converged_without_1d=0
8	BSMPT_BOUNCE_CERT	path_check	T=172.938	max_relative_error=0.999971	max_force=141.061	max_gradient=161.034	max_perpendicular_gradient=141.066	max_dldrho=30.0647	spline_length=23.4406	converged=0
8	BSMPT_BOUNCE_CERT	path_deformation	T=172.938	best_relative_error=0.87601	iterations=21	converged_without_1d=0
8	BSMPT_BOUNCE_CERT	path_check	T=172.938	max_relative_error=1.00005	max_force=153.886	max_gradient=171.811	max_perpendicular_gradient=153.875	max_dldrho=30.0649	spline_length=23.4406	converged=0
8	BSMPT_BOUNCE_CERT	path_deformation	T=172.938	best_relative_error=0.876808	iterations=21	converged_without_1d=0
8	BSMPT_BOUNCE_CERT	path_check	T=172.938	max_relative_error=1.00001	max_force=1290.98	max_gradient=1292.7	max_perpendicular_gradient=1290.96	max_dldrho=30.065	spline_length=23.4407	converged=0
8	BSMPT_BOUNCE_CERT	path_deformation	T=172.938	best_relative_error=0.992314	iterations=21	converged_without_1d=0
8	BSMPT_BOUNCE_CERT	path_check	T=172.938	max_relative_error=1.00001	max_force=1373.13	max_gradient=1374.76	max_perpendicular_gradient=1373.11	max_dldrho=30.1003	spline_length=23.4422	converged=0
8	BSMPT_BOUNCE_CERT	path_deformation	T=172.938	best_relative_error=0.990355	iterations=21	converged_without_1d=0
8	BSMPT_BOUNCE_CERT	path_check	T=172.938	max_relative_error=1.00001	max_force=1076.36	max_gradient=1078.46	max_perpendicular_gradient=1076.34	max_dldrho=30.1048	spline_length=23.4417	converged=0
8	BSMPT_BOUNCE_CERT	path_deformation	T=172.938	best_relative_error=0.991226	iterations=21	converged_without_1d=0
8	BSMPT_BOUNCE_CERT	path_check	T=172.938	max_relative_error=1.00002	max_force=644.345	max_gradient=647.902	max_perpendicular_gradient=644.325	max_dldrho=30.0892	spline_length=23.4409	converged=0
8	BSMPT_BOUNCE_CERT	path_check	T=172.942	max_relative_error=1.00042	max_force=12.0214	max_gradient=86.9049	max_perpendicular_gradient=12.0134	max_dldrho=29.6751	spline_length=23.236	converged=0
8	BSMPT_BOUNCE_CERT	path_deformation	T=172.942	best_relative_error=0.138555	iterations=21	converged_without_1d=0
8	BSMPT_BOUNCE_CERT	path_check	T=172.942	max_relative_error=0.999848	max_force=34.181	max_gradient=90.8209	max_perpendicular_gradient=34.1875	max_dldrho=29.6751	spline_length=23.2115	converged=0
8	BSMPT_BOUNCE_CERT	path_deformation	T=172.942	best_relative_error=0.375178	iterations=21	converged_without_1d=0
8	BSMPT_BOUNCE_CERT	path_check	T=172.942	max_relative_error=1.00008	max_force=91.044	max_gradient=117.271	max_perpendicular_gradient=91.0347	max_dldrho=29.6754	spline_length=23.2122	converged=0
8	BSMPT_BOUNCE_CERT	path_deformation	T=172.942	best_relative_error=0.777539	iterations=21	converged_without_1d=0
8	BSMPT_BOUNCE_CERT	path_check	T=172.942	max_relative_error=0.999982	max_force=167.968	max_gradient=179.164	max_perpendicular_gradient=167.972	max_dldrho=29.6757	spline_length=23.2131	converged=0
8	BSMPT_BOUNCE_CERT	path_deformation	T=172.942	best_relative_error=0.878456	iterations=21	converged_without_1d=0
8	BSMPT_BOUNCE_CERT	path_check	T=172.942	max_relative_error=1.00002	max_force=1185.39	max_gradient=1186.62	max_perpendicular_gradient=1185.35	max_dldrho=29.6765	spline_length=23.2145	converged=0
8	BSMPT_BOUNCE_CERT	path_deformation	T=172.942	best_relative_error=0.995757	iterations=21	converged_without_1d=0
8	BSMPT_BOUNCE_CERT	path_check	T=172.942	max_relative_error=1.00002	max_force=1789.5	max_gradient=1790.3	max_perpendicular_gradient=1789.45	max_dldrho=29.7067	spline_length=23.2096	converged=0
8	BSMPT_BOUNCE_CERT	path_deformation	T=172.942	best_relative_error=0.938195	iterations=21	converged_without_1d=0
8	BSMPT_BOUNCE_CERT	path_check	T=172.942	max_relative_error=1.00004	max_force=189.113	max_gradient=198.876	max_perpendicular_gradient=189.101	max_dldrho=29.7469	spline_length=23.2102	converged=0
8	BSMPT_BOUNCE_CERT	path_check	T=172.946	max_relative_error=1.00022	max_force=21.0291	max_gradient=81.2082	max_perpendicular_gradient=21.0213	max_dldrho=29.2202	spline_length=22.9548	converged=0
8	BSMPT_BOUNCE_CERT	path_deformation	T=172.946	best_relative_error=0.258676	iterations=21	converged_without_1d=0
8	BSMPT_BOUNCE_CERT	path_check	T=172.946	max_relative_error=0.999919	max_force=64.2993	max_gradient=96.4099	max_perpendicular_gradient=64.3051	max_dldrho=29.2201	spline_length=22.9498	converged=0
8	BSMPT_BOUNCE_CERT	path_deformation	T=172.946	best_relative_error=0.666956	iterations=21	converged_without_1d=0
8	BSMPT_BOUNCE_CERT	path_check	T=172.946	max_relative_error=1.00005	max_force=155.591	max_gradient=165.755	max_perpendicular_gradient=155.581	max_dldrho=29.2202	spline_length=22.9497	converged=0
8	BSMPT_BOUNCE_CERT	path_deformation	T=172.946	best_relative_error=0.935498	iterations=21	converged_without_1d=0
8	BSMPT_BOUNCE_CERT	path_check	T=172.946	max_relative_error=1.00001	max_force=1376.27	max_gradient=1377.15	max_perpendicular_gradient=1376.24	max_dldrho=29.2207	spline_length=22.9498	converged=0
8	BSMPT_BOUNCE_CERT	path_deformation	T=172.946	best_relative_error=0.993708	iterations=21	converged_without_1d=0
8	BSMPT_BOUNCE_CERT	path_check	T=172.946	max_relative_error=1.00001	max_force=957.102	max_gradient=958.41	max_perpendicular_gradient=957.089	max_dldrho=29.2635	spline_length=22.9506	converged=0
8	BSMPT_BOUNCE_CERT	path_deformation	T=172.946	best_relative_error=0.992259	iterations=21	converged_without_1d=0
8	BSMPT_BOUNCE_CERT	path_check	T=172.946	max_relative_error=1.00002	max_force=665.905	max_gradient=667.808	max_perpendicular_gradient=665.883	max_dldrho=29.2405	spline_length=22.9496	converged=0
8	BSMPT_BOUNCE_CERT	path_deformation	T=172.946	best_relative_error=0.94968	iterations=21	converged_without_1d=0
8	BSMPT_BOUNCE_CERT	path_check	T=172.946	max_relative_error=1.00001	max_force=654.444	max_gradient=656.393	max_perpendicular_gradient=654.437	max_dldrho=29.23	spline_length=22.9497	converged=0
8	BSMPT_BOUNCE_CERT	path_check	T=172.95	max_relative_error=1.00018	max_force=30.0917	max_gradient=76.4912	max_perpendicular_gradient=30.0841	max_dldrho=28.6936	spline_length=22.6607	converged=0
8	BSMPT_BOUNCE_CERT	path_deformation	T=172.95	best_relative_error=0.393189	iterations=21	converged_without_1d=0
8	BSMPT_BOUNCE_CERT	path_check	T=172.95	max_relative_error=0.999956	max_force=97.9191	max_gradient=113.253	max_perpendicular_gradient=97.9239	max_dldrho=28.6936	spline_length=22.66	converged=0
8	BSMPT_BOUNCE_CERT	path_deformation	T=172.95	best_relative_error=0.864478	iterations=21	converged_without_1d=0
8	BSMPT_BOUNCE_CERT	path_check	T=172.95	max_relative_error=1.00005	max_force=183.482	max_gradient=189.53	max_perpendicular_gradient=183.472	max_dldrho=28.6938	spline_length=22.6599	converged=0
8	BSMPT_BOUNCE_CERT	path_deformation	T=172.95	best_relative_error=0.853753	iterations=21	converged_without_1d=0
8	BSMPT_BOUNCE_CERT	path_check	T=172.95	max_relative_error=1.00001	max_force=992.647	max_gradient=993.576	max_perpendicular_gradient=992.633	max_dldrho=28.6943	spline_length=22.6599	converged=0
8	BSMPT_BOUNCE_CERT	path_deformation	T=172.95	best_relative_error=0.995164	iterations=21	converged_without_1d=0
8	BSMPT_BOUNCE_CERT	path_check	T=172.95	max_relative_error=1.00002	max_force=643.144	max_gradient=644.594	max_perpendicular_gradient=643.124	max_dldrho=28.7158	spline_length=22.6602	converged=0
8	BSMPT_BOUNCE_CERT	path_deformation	T=172.95	best_relative_error=0.954378	iterations=21	converged_without_1d=0
8	BSMPT_BOUNCE_CERT	path_check	T=172.95	max_relative_error=1.00001	max_force=640.478	max_gradient=641.947	max_perpendicular_gradient=640.472	max_dldrho=28.7029	spline_length=22.6599	converged=0
8	BSMPT_BOUNCE_CERT	path_deformation	T=172.95	best_relative_error=0.953055	iterations=21	converged_without_1d=0
8	BSMPT_BOUNCE_CERT	path_check	T=172.95	max_relative_error=1.00002	max_force=638.936	max_gradient=640.394	max_perpendicular_gradient=638.916	max_dldrho=28.7028	spline_length=22.6601	converged=0
8	BSMPT_BOUNCE_CERT	path_check	T=172.955	max_relative_error=1.00014	max_force=40.2044	max_gradient=72.641	max_perpendicular_gradient=40.1971	max_dldrho=28.0182	spline_length=22.3179	converged=0
8	BSMPT_BOUNCE_CERT	path_deformation	T=172.955	best_relative_error=0.553526	iterations=21	converged_without_1d=0
8	BSMPT_BOUNCE_CERT	path_check	T=172.955	max_relative_error=0.999975	max_force=137.264	max_gradient=143.486	max_perpendicular_gradient=137.268	max_dldrho=28.0182	spline_length=22.3178	converged=0
8	BSMPT_BOUNCE_CERT	path_deformation	T=172.955	best_relative_error=0.95696	iterations=21	converged_without_1d=0
8	BSMPT_BOUNCE_CERT	path_check	T=172.955	max_relative_error=1.00005	max_force=169.51	max_gradient=174.039	max_perpendicular_gradient=169.5	max_dldrho=28.0187	spline_length=22.3177	converged=0
8	BSMPT_BOUNCE_CERT	path_deformation	T=172.955	best_relative_error=0.939456	iterations=21	converged_without_1d=0
8	BSMPT_BOUNCE_CERT	path_check	T=172.955	max_relative_error=1.00001	max_force=1176.61	max_gradient=1177.12	max_perpendicular_gradient=1176.59	max_dldrho=28.0189	spline_length=22.3179	converged=0
8	BSMPT_BOUNCE_CERT	path_deformation	T=172.955	best_relative_error=0.997804	iterations=21	converged_without_1d=0
8	BSMPT_BOUNCE_CERT	path_check	T=172.955	max_relative_error=1.00001	max_force=1546.73	max_gradient=1547.11	max_perpendicular_gradient=1546.71	max_dldrho=28.0502	spline_length=22.318	converged=0
8	BSMPT_BOUNCE_CERT	path_deformation	T=172.955	best_relative_error=0.992721	iterations=21	converged_without_1d=0
8	BSMPT_BOUNCE_CERT	path_check	T=172.955	max_relative_error=1	max_force=438.382	max_gradient=439.877	max_perpendicular_gradient=438.38	max_dldrho=28.0734	spline_length=22.3185	converged=0
8	BSMPT_BOUNCE_CERT	path_deformation	T=172.955	best_relative_error=0.461701	iterations=21	converged_without_1d=0
8	BSMPT_BOUNCE_CERT	path_check	T=172.955	max_relative_error=1.00003	max_force=375.321	max_gradient=377.064	max_perpendicular_gradient=375.307	max_dldrho=28.0227	spline_length=22.3179	converged=0
8	BSMPT_BOUNCE_CERT	path_check	T=172.955	max_relative_error=1.00015	max_force=41.2122	max_gradient=72.351	max_perpendicular_gradient=41.2048	max_dldrho=27.9457	spline_length=22.2828	converged=0
8	BSMPT_BOUNCE_CERT	path_deformation	T=172.955	best_relative_error=0.569748	iterations=21	converged_without_1d=0
8	BSMPT_BOUNCE_CERT	path_check	T=172.955	max_relative_error=0.999976	max_force=141.168	max_gradient=146.862	max_perpendicular_gradient=141.172	max_dldrho=27.9457	spline_length=22.2828	converged=0
8	BSMPT_BOUNCE_CERT	path_deformation	T=172.955	best_relative_error=0.9613	iterations=21	converged_without_1d=0
8	BSMPT_BOUNCE_CERT	path_check	T=172.955	max_relative_error=1.00005	max_force=166.532	max_gradient=170.973	max_perpendicular_gradient=166.523	max_dldrho=27.9461	spline_length=22.2828	converged=0
8	BSMPT_BOUNCE_CERT	path_deformation	T=172.955	best_relative_error=0.948829	iterations=21	converged_without_1d=0
8	BSMPT_BOUNCE_CERT	path_check	T=172.955	max_relative_error=1.00001	max_force=1218.63	max_gradient=1219.1	max_perpendicular_gradient=1218.61	max_dldrho=27.9463	spline_length=22.2829	converged=0
8	BSMPT_BOUNCE_CERT	path_deformation	T=172.955	best_relative_error=0.997685	iterations=21	converged_without_1d=0
8	BSMPT_BOUNCE_CERT	path_check	T=172.955	max_relative_error=1.00001	max_force=1351.53	max_gradient=1351.95	max_perpendicular_gradient=1351.51	max_dldrho=27.98	spline_length=22.2833	converged=0
8	BSMPT_BOUNCE_CERT	path_deformation	T=172.955	best_relative_error=0.996704	iterations=21	converged_without_1d=0
8	BSMPT_BOUNCE_CERT	path_check	T=172.955	max_relative_error=1.00001	max_force=886.468	max_gradient=887.145	max_perpendicular_gradient=886.457	max_dldrho=27.9878	spline_length=22.2831	converged=0
8	BSMPT_BOUNCE_CERT	path_deformation	T=172.955	best_relative_error=0.995249	iterations=21	converged_without_1d=0
8	BSMPT_BOUNCE_CERT	path_check	T=172.955	max_relative_error=1.00002	max_force=658.752	max_gradient=659.667	max_perpendicular_gradient=658.733	max_dldrho=27.9638	spline_length=22.2831	converged=0
8	BSMPT_BOUNCE_CERT	path_check	T=172.956	max_relative_error=1.00025	max_force=22.8551	max_gradient=65.7904	max_perpendicular_gradient=22.8477	max_dldrho=27.872	spline_length=22.2484	converged=0
8	BSMPT_BOUNCE_CERT	path_deformation	T=172.956	best_relative_error=0.347412	iterations=21	converged_without_1d=0
8	BSMPT_BOUNCE_CERT	path_check	T=172.956	max_relative_error=0.999953	max_force=88.1921	max_gradient=99.8636	max_perpendicular_gradient=88.1967	max_dldrho=27.872	spline_length=22.2474	converged=0
8	BSMPT_BOUNCE_CERT	path_deformation	T=172.956	best_relative_error=0.882921	iterations=21	converged_without_1d=0
8	BSMPT_BOUNCE_CERT	path_check	T=172.956	max_relative_error=1.00004	max_force=194.011	max_gradient=197.325	max_perpendicular_gradient=194.001	max_dldrho=27.8721	spline_length=22.2475	converged=0
8	BSMPT_BOUNCE_CERT	path_deformation	T=172.956	best_relative_error=0.828397	iterations=21	converged_without_1d=0
8	BSMPT_BOUNCE_CERT	path_check	T=172.956	max_relative_error=1.00001	max_force=861.395	max_gradient=862.032	max_perpendicular_gradient=861.383	max_dldrho=27.8728	spline_length=22.2476	converged=0
8	BSMPT_BOUNCE_CERT	path_deformation	T=172.956	best_relative_error=0.994881	iterations=21	converged_without_1d=0
8	BSMPT_BOUNCE_CERT	path_check	T=172.956	max_relative_error=1.00002	max_force=662.411	max_gradient=663.24	max_perpendicular_gradient=662.391	max_dldrho=27.8892	spline_length=22.2474	converged=0
8	BSMPT_BOUNCE_CERT	path_deformation	T=172.956	best_relative_error=0.979138	iterations=21	converged_without_1d=0
8	BSMPT_BOUNCE_CERT	path_check	T=172.956	max_relative_error=1.00001	max_force=646.031	max_gradient=646.898	max_perpendicular_gradient=646.023	max_dldrho=27.8821	spline_length=22.2476	converged=0
8	BSMPT_BOUNCE_CERT	path_deformation	T=172.956	best_relative_error=0.975465	iterations=21	converged_without_1d=0
8	BSMPT_BOUNCE_CERT	path_check	T=172.956	max_relative_error=1.00002	max_force=638.703	max_gradient=639.569	max_perpendicular_gradient=638.684	max_dldrho=27.8816	spline_length=22.2474	converged=0
8	BSMPT_BOUNCE_CERT	path_check	T=172.956	max_relative_error=1.00023	max_force=23.8958	max_gradient=65.3003	max_perpendicular_gradient=23.8885	max_dldrho=27.7972	spline_length=22.2129	converged=0
8	BSMPT_BOUNCE_CERT	path_deformation	T=172.956	best_relative_error=0.365942	iterations=21	converged_without_1d=0
8	BSMPT_BOUNCE_CERT	path_check	T=172.956	max_relative_error=0.999956	max_force=92.8836	max_gradient=103.168	max_perpendicular_gradient=92.888	max_dldrho=27.7972	spline_length=22.2121	converged=0
8	BSMPT_BOUNCE_CERT	path_deformation	T=172.956	best_relative_error=0.900299	iterations=21	converged_without_1d=0
8	BSMPT_BOUNCE_CERT	path_check	T=172.956	max_relative_error=1.00004	max_force=194.377	max_gradient=197.539	max_perpendicular_gradient=194.367	max_dldrho=27.7974	spline_length=22.2121	converged=0
8	BSMPT_BOUNCE_CERT	path_deformation	T=172.956	best_relative_error=0.828932	iterations=21	converged_without_1d=0
8	BSMPT_BOUNCE_CERT	path_check	T=172.956	max_relative_error=1.00001	max_force=855.709	max_gradient=856.326	max_perpendicular_gradient=855.697	max_dldrho=27.7981	spline_length=22.2122	converged=0
8	BSMPT_BOUNCE_CERT	path_deformation	T=172.956	best_relative_error=0.994994	iterations=21	converged_without_1d=0
8	BSMPT_BOUNCE_CERT	path_check	T=172.956	max_relative_error=1.00002	max_force=662.135	max_gradient=662.93	max_perpendicular_gradient=662.115	max_dldrho=27.8142	spline_length=22.2123	converged=0
8	BSMPT_BOUNCE_CERT	path_deformation	T=172.956	best_relative_error=0.980096	iterations=21	converged_without_1d=0
8	BSMPT_BOUNCE_CERT	path_check	T=172.956	max_relative_error=1.00001	max_force=645.47	max_gradient=646.299	max_perpendicular_gradient=645.462	max_dldrho=27.8074	spline_length=22.2122	converged=0
8	BSMPT_BOUNCE_CERT	path_deformation	T=172.956	best_relative_error=0.976513	iterations=21	converged_without_1d=0
8	BSMPT_BOUNCE_CERT	path_check	T=172.956	max_relative_error=1.00002	max_force=638.076	max_gradient=638.907	max_perpendicular_gradient=638.057	max_dldrho=27.8069	spline_length=22.2122	converged=0
